,author_id,text,username,retweet,reply,like,quote,bookmark
0,1338187778593525762,"Im Live!!!
https://t.co/cpec4daOM4
#razerebellion #razeenergy #CallofDuty #DMZ #smallstreamer",**this tweet had been deleted or hidden**,0,0,2,0,0
1,4295240540,"RT @ScufGaming: The LAST SCUF giveaway for the #CDL2023 season...you know what to do. 🫡 👇

🔁 RT + Like
✅ Follow @CODLeague &amp; @SCUFGaming
⬇️…",ScufGaming,1105,0,0,0,0
2,967084780222337027,"RT @LasVegasLegion: Good luck to all the teams at Champs this weekend.

June 15-18
https://t.co/bc24I2ItZE

#LVLup👑 #CDL2023👑#NoFleursGiven…",LasVegasLegion,11,0,0,0,0
3,1631507125758316546,"RT @Rock_Mask7: #König #Konig #MW2 #CallofDuty

찾았다. https://t.co/C7a7JuqaJX",Rock_Mask7,27,0,0,0,0
4,125465481,Dear @RavenSoftware &amp; @CallofDuty it’s taking forever to find a game of plunder because there’s not enough players!! Please do something lower the number of players or make it quads again because trios isn’t it. #MW2 #Warzone #CallOfDuty,RavenSoftware,0,0,1,0,0
5,1020319891,@CallofDuty @Activision  y’all are dumb and clearly haven’t learned from @budlight @Target go woke go broke🤷‍♂️ good thing I didn’t waste my money on MW2 because  everyone is saying it is trash and I believe it. #IstandwithNickmercs @NICKMERCS @timthetatman,CallofDuty,0,0,0,0,0
6,1457999869113733125,"Let’s Make Star Wars Great Again.🤟

@Nerdrotics @TheDenofNerds @MelonieMac @thatstarwarsgrl @TheCriticalDri2 @realswtheory 

#azizthehobbit #entertainment 
#games #usa #america #fortnite #callofduty #spiderman #chatting #gaming #live #gameplay #livegaming #exclusive #livestream… https://t.co/OMod7k78BA https://t.co/sN5loy9F0l",Nerdrotics,0,0,1,0,0
7,1623376169369481218,"RT @BettyBRenders: At last… Graves… 🦅

Thank you to everyone! 🙏🏻 It was a fun week making these 😁💙

#Graves #PhillipGraves #GravesMW2 #MW2…",BettyBRenders,90,0,0,0,0
8,4727717845,"RT @LasVegasLegion: Good luck to all the teams at Champs this weekend.

June 15-18
https://t.co/bc24I2ItZE

#LVLup👑 #CDL2023👑#NoFleursGiven…",LasVegasLegion,11,0,0,0,0
9,967084780222337027,"RT @ScufGaming: The LAST SCUF giveaway for the #CDL2023 season...you know what to do. 🫡 👇

🔁 RT + Like
✅ Follow @CODLeague &amp; @SCUFGaming
⬇️…",ScufGaming,1105,0,0,0,0
10,957058114255245312,"RT @TheFlank: Making the king proud. 🥹

#CDL2023 | #TheFlank📢 https://t.co/45CIc1obN0",TheFlank,31,0,0,0,0
11,1353039737884446720,https://t.co/TPKry5ELh9 New Warzone Map Vondel | Call of Duty Season 4 Livestream Gameplay #callofduty #warzone #Vondel https://t.co/28C3zAhfue,**this tweet had been deleted or hidden**,0,0,1,1,0
12,1512158323864338436,"RT @loneghostwolf88: Soap's claiming what's his 💀🧼💞
#CallofDutyModernWarfare2 #CodGhost #CodSoap #CallofDuty #3DRender #Rendering #MWII htt…",loneghostwolf88,245,0,0,0,0
13,53577984,@CallofDuty PS5 can't change insured weapon in DMZ. Multiple reports of same issue.,CallofDuty,0,1,4,0,0
14,1612289183942578178,"RT @BettyBRenders: At last… Graves… 🦅

Thank you to everyone! 🙏🏻 It was a fun week making these 😁💙

#Graves #PhillipGraves #GravesMW2 #MW2…",BettyBRenders,90,0,0,0,0
15,1396687748300374017,1v3 attempt #uplinkwithus #gaming #gamingcommunity #gamingpc #Warzone2 #Rebirth #Vondel #Contentcreater #CallofDuty #fyp https://t.co/0bK7r4VlwJ,**this tweet had been deleted or hidden**,0,0,1,0,0
16,2997800602,"RT @azucarera_art: of all the people to fall for... smh 😔

#CallofDuty #MW2 #ModernWarfare2 #FarahKarim #AlexKeller #faralex https://t.co/j…",azucarera_art,498,0,0,0,0
17,982212089669283843,"RT @CODLeague: Presenting your #CDL2023 All-Star Team #2 

🔴 @OctaneSam
🟢 @DashySZN 
🟢 @Shotzzy 
🔵 @Pred https://t.co/3PKrwka0lQ",CODLeague,119,0,0,0,0
18,1171793195597885440,"RT @loneghostwolf88: Soap's claiming what's his 💀🧼💞
#CallofDutyModernWarfare2 #CodGhost #CodSoap #CallofDuty #3DRender #Rendering #MWII htt…",loneghostwolf88,245,0,0,0,0
19,176733425,"RT @ATLFaZe: FULL CIRCLE 😈

#CDL2023 | #WeTheA https://t.co/7csNvfaPx6",ATLFaZe,109,0,0,0,0
20,40562100,RT @ZdawgYT: I am switching over to Kick Now I had 5 or 8 people in my Twitch stream today and it still said I had 2 viewers I don’t get it…,ZdawgYT,12,0,0,0,0
21,1457999869113733125,"The Star Wars Fix  

 https://t.co/2i4tDiDLlK

#azizthehobbit #entertainment 
#games #usa #america #fortnite #callofduty #spiderman #chatting #gaming #live #gameplay #livegaming #exclusive #livestream #trending #trend #trends #tiktok #views #shorts #story #stories #twitter… https://t.co/TOQcZwwTGG",**this tweet had been deleted or hidden**,0,0,1,0,0
22,2705960809,"RT @ScufGaming: The LAST SCUF giveaway for the #CDL2023 season...you know what to do. 🫡 👇

🔁 RT + Like
✅ Follow @CODLeague &amp; @SCUFGaming
⬇️…",ScufGaming,1105,0,0,0,0
23,1414751176952852483,"RT @IntelOpTicTexas: Time to close it out boys! #OpTicTexas 3-0 #BostonBreach on Hotel Control. 

Next Map:  Fortress - HP
Tune in: https:/…",IntelOpTicTexas,1,0,0,0,0
24,1457999869113733125,"Sign the Petition to bring Ben 10 back.🤟

https://t.co/PUE1InMwPe

#azizthehobbit #entertainment 
#games #usa #america #fortnite #callofduty #spiderman  #chatting #gaming #live #gameplay #livegaming #exclusive #livestream #trending #trend #trends #tiktok #views #shorts #story… https://t.co/EmKm4HRMzm https://t.co/CQ7Uzws5Gw",**this tweet had been deleted or hidden**,0,0,1,0,0
25,980750348,"RT @Roots_esports: 🏆ROOTS  SUMMER🏆

新たな大会組織の立ち上げとROOTS SUMMERの大会開催決定🔥

ビギナーからトッププレイヤーまでが多くの試合を体験できる
リーグ戦(4チーム×8ブロック)+各順位トーナメント方式

🗓スケジュール
7…",Roots_esports,94,0,0,0,0
26,1454809926380007426,"RT @ScufGaming: The LAST SCUF giveaway for the #CDL2023 season...you know what to do. 🫡 👇

🔁 RT + Like
✅ Follow @CODLeague &amp; @SCUFGaming
⬇️…",ScufGaming,1105,0,0,0,0
27,2585616691,"RT @ScufGaming: The LAST SCUF giveaway for the #CDL2023 season...you know what to do. 🫡 👇

🔁 RT + Like
✅ Follow @CODLeague &amp; @SCUFGaming
⬇️…",ScufGaming,1105,0,0,0,0
28,1149771356520820737,"RT @TheFlank: Making the king proud. 🥹

#CDL2023 | #TheFlank📢 https://t.co/45CIc1obN0",TheFlank,31,0,0,0,0
29,2238617096,"RT @ScufGaming: OpTic move on through Winners 😤

#CDLChamps | #CDL2023 https://t.co/V3DL1ukBSu",ScufGaming,22,0,0,0,0
30,1268510412,"I love competitive CoD, but more importantly, I love #OpTicTexas 
#GreenWall #CDL2023 #CDLChamps",**this tweet had been deleted or hidden**,0,0,1,0,0
31,1293222511186976771,"🔥🔥 FIRST WIN of Warzone Season 4 on NEW Vondel Resurgence MAP!! - Solo's

#Vondel #Resurgence #VondelResurgence #Warzone #Warzone2 #CallOfDuty #CoD #MWII #MW2 #ModernWarfare2 https://t.co/S6WHhsTpzi",**this tweet had been deleted or hidden**,1,0,3,0,0
32,1589630733257162752,"🇺🇸 CDL COD CHAMPS 🇺🇸

Victoire très importante de @OpticTexas  qui commencent ce tournoi sur le bon pied ! 💪

🏅 MVP pour @Huke , 80 kills et un 1.04 de ratio sur tout le match. Très clutch en Contrôle pour OpTic 🔥

#CDL2023 #BrickByBrick https://t.co/MaMgiqREMG https://t.co/ARW0FVajrC",OpTicTexas,0,0,2,0,0
33,1077977684125368320,"RT @ScufGaming: OpTic move on through Winners 😤

#CDLChamps | #CDL2023 https://t.co/V3DL1ukBSu",ScufGaming,22,0,0,0,0
34,1347245588258172932,#CDL2023 #CDLChamps #GreenWall https://t.co/quM8sYY9sK,**this tweet had been deleted or hidden**,0,0,1,0,0
35,4885321229,"@ViciousValent9 @CallofDuty Probably. Heh, I doubt they’d say anything. Would be funny if they thought ah yes, another MW2 we won’t be able to get rid of lol",ViciousValent9,0,0,1,0,0
36,1589630733257162752,"🇺🇸 CDL COD CHAMPS 🇺🇸

Victoire très important de @OpticTexas  qui commencent ce tournoi sur le bon pied ! 💪

🏅 MVP pour @Huke , 80 kills et un 1.04 de ratio sur tout le match. Très clutch en Contrôle pour OpTic 🔥

#CDL2023 #BrickByBrick https://t.co/1tYEw29y0n https://t.co/mzN52boLqf",OpTicTexas,0,0,0,0,0
37,1077977684125368320,"RT @ScufGaming: The LAST SCUF giveaway for the #CDL2023 season...you know what to do. 🫡 👇

🔁 RT + Like
✅ Follow @CODLeague &amp; @SCUFGaming
⬇️…",ScufGaming,1105,0,0,0,0
38,2238617096,"RT @TheFlank: Making the king proud. 🥹

#CDL2023 | #TheFlank📢 https://t.co/45CIc1obN0",TheFlank,31,0,0,0,0
39,1288591306269368321,Me sitting on top of the roofs in Vondel  shooting down at the people complaining about the camping and whining about how awful the map is. #mw2 #ModernWarfare2 #Warzone #Warzone2 #ModernWarfareII #CallofDuty #Season4 #vondel https://t.co/imcywippL8,**this tweet had been deleted or hidden**,0,0,0,0,0
40,861881014833958912,"RT @ScufGaming: OpTic move on through Winners 😤

#CDLChamps | #CDL2023 https://t.co/V3DL1ukBSu",ScufGaming,22,0,0,0,0
41,1457999869113733125,"Fortnite should allow players to play the zero-build game mode Solo and Trio and Quad in ranked play. Right now, there’s only Duo. 

@FortniteGame @EpicGames 

#azizthehobbit #entertainment #games #usa #america #fortnite #callofduty #spiderman #chatting #gaming #live #gameplay… https://t.co/tMRSzPzd0R",FortniteGame,0,0,2,0,0
42,825411680284729344,"RT @TheFlank: Making the king proud. 🥹

#CDL2023 | #TheFlank📢 https://t.co/45CIc1obN0",TheFlank,31,0,0,0,0
43,1200172304837120001,"RT @LasVegasLegion: Good luck to all the teams at Champs this weekend.

June 15-18
https://t.co/bc24I2ItZE

#LVLup👑 #CDL2023👑#NoFleursGiven…",LasVegasLegion,11,0,0,0,0
44,741673114543738880,"RT @LasVegasLegion: Good luck to all the teams at Champs this weekend.

June 15-18
https://t.co/bc24I2ItZE

#LVLup👑 #CDL2023👑#NoFleursGiven…",LasVegasLegion,11,0,0,0,0
45,994155425665765376,"RT @azucarera_art: of all the people to fall for... smh 😔

#CallofDuty #MW2 #ModernWarfare2 #FarahKarim #AlexKeller #faralex https://t.co/j…",azucarera_art,498,0,0,0,0
46,1279567739833782272,"NaDeSHoT is here.

☞ GET IN HERE https://t.co/1CGsOpgJ4Y

LOS ANGELES THIEVES VS TORONTO ULTRA
 
#CDLChamps | #LAThieves | #StrengthInTheNorth | #CDL2023 https://t.co/OfSIAEiaxt",**this tweet had been deleted or hidden**,0,0,0,0,0
47,1546867341048283138,"@jtacnz @sweety_eternity @CallofDuty People that call others sheep are usually the biggest sheep of all. Especially when you’re in the dog whistling group mentality that everyone at Activision is a bunch of pedos, everyone that plays is a pedo, EVERYONE is a pedo!! Y’all are a joke and don’t ACTUALLY care about kids",jtacnz,0,1,0,0,0
48,1659195277528424448,"3-0 so far in CDL…

Need Ultra ML to cash our parlay☘️🤞

#GamblingTwitter #CDLChamps #CDL2023 #Ultra",**this tweet had been deleted or hidden**,0,0,1,0,0
49,162150175,"Round of applause for the rookies stepping into the @CODLeague and making some serious noise for themselves this season! They have been really showing out this season. Some were given opportunities to shine and they have been shining bright!
#CDLChamps    #CDL2023 https://t.co/PecosRc1lV",CODLeague,0,0,0,0,0
50,2349676676,"寝坊したけどこんな感じなんか今

あついわー

#CDL2023 
#CDLChamps https://t.co/42BagStX76",**this tweet had been deleted or hidden**,0,0,0,0,0
51,1013938344470990848,Back to winning ways #OpTic #CDL2023 https://t.co/QpMuQ3uZGP,**this tweet had been deleted or hidden**,0,0,0,0,0
52,1643662136,#CDLChamps #CDL2023 https://t.co/sbhSzICDVS,**this tweet had been deleted or hidden**,0,0,1,0,0
53,1389799050,LOVED TO SEE IT. LET’S CONTINUE TO LOOK LIKE THIS ALL WEEKEND BOYS! #CDLChamps #CDL2023 #BrickByBrick #GreenWall https://t.co/PpASv0ccrm,**this tweet had been deleted or hidden**,0,0,0,0,0
54,1291924601002500096,"RT @ATLFaZe: FULL CIRCLE 😈

#CDL2023 | #WeTheA https://t.co/7csNvfaPx6",ATLFaZe,109,0,0,0,0
55,957439361162891264,"RT @LasVegasLegion: Good luck to all the teams at Champs this weekend.

June 15-18
https://t.co/bc24I2ItZE

#LVLup👑 #CDL2023👑#NoFleursGiven…",LasVegasLegion,11,0,0,0,0
56,314347371,RT @IntelOpTicTexas: #OpTicTexas take the W 3-1 against #BostonBreach what a great match though shoutout @Snzopy what a match for the kid f…,IntelOpTicTexas,2,0,0,0,0
57,1287115946231029760,"#OpTicTexas take the W 3-1 against #BostonBreach what a great match though shoutout @Snzopy what a match for the kid first time at a CDL Event! 

#OpTic #GreenWall #BrickByBrick #CDLChamps #CDL2023 https://t.co/tuXUAdr8Lg",Snzopy,2,0,27,0,1
58,1574655949809324034,"RT @PapiGing: ROKKR got reverse swept their first series at champs, yeah they’ll forever be frauds LMFAOOO
#CDL2023",PapiGing,3,0,0,0,0
59,1612535094400385026,"RT @loneghostwolf88: Soap's claiming what's his 💀🧼💞
#CallofDutyModernWarfare2 #CodGhost #CodSoap #CallofDuty #3DRender #Rendering #MWII htt…",loneghostwolf88,245,0,0,0,0
60,1414751176952852483,"RT @TheFlank: Making the king proud. 🥹

#CDL2023 | #TheFlank📢 https://t.co/45CIc1obN0",TheFlank,31,0,0,0,0
61,729005777948651521,"RT @ScufGaming: OpTic move on through Winners 😤

#CDLChamps | #CDL2023 https://t.co/V3DL1ukBSu",ScufGaming,22,0,0,0,0
62,729005777948651521,"RT @TheFlank: Making the king proud. 🥹

#CDL2023 | #TheFlank📢 https://t.co/45CIc1obN0",TheFlank,31,0,0,0,0
63,1577589057449824256,@HawksNest @PlayCODMobile Tried both hitmarker the main issue for koshka althugh a better ads time but Dlq still a beast hands down🙌,HawksNest,0,0,3,0,0
64,1377281960603742209,"everytime I close MW2, I get this. Anyone else experiencing this? After season 4 update it started #Warzone #mw2 #CallofDuty https://t.co/t38u2Z68QF",**this tweet had been deleted or hidden**,0,1,1,1,0
65,1041377980935622657,"RT @LasVegasLegion: Good luck to all the teams at Champs this weekend.

June 15-18
https://t.co/bc24I2ItZE

#LVLup👑 #CDL2023👑#NoFleursGiven…",LasVegasLegion,11,0,0,0,0
66,1268510412,Nadeshot!!! Love it. #OpTicTexas #GreenWall #CDL2023 #CDLChamps,**this tweet had been deleted or hidden**,0,0,1,0,0
67,1418935080655933450,@HawksNest @PlayCODMobile Free dlq bass booster,HawksNest,0,0,1,0,0
68,756739346762313728,"RT @TheFlank: Making the king proud. 🥹

#CDL2023 | #TheFlank📢 https://t.co/45CIc1obN0",TheFlank,31,0,0,0,0
69,1669160747241455619,"RT @ScufGaming: OpTic move on through Winners 😤

#CDLChamps | #CDL2023 https://t.co/V3DL1ukBSu",ScufGaming,22,0,0,0,0
70,2798570940,"RT @ScufGaming: OpTic move on through Winners 😤

#CDLChamps | #CDL2023 https://t.co/V3DL1ukBSu",ScufGaming,22,0,0,0,0
71,406550646,"RT @ScufGaming: OpTic move on through Winners 😤

#CDLChamps | #CDL2023 https://t.co/V3DL1ukBSu",ScufGaming,22,0,0,0,0
72,717691705533792256,Why keep removing shipment in #ModernWarfareII @CallofDuty @RavenSoftware @Activision could we have it back plz?,CallofDuty,0,0,1,0,0
73,1639737404633370626,"RT @SixScope_: #SooUltra and #LAThieves have spawned in together five times this season.

-Ultra are 4-1

-3/5 have been sweeps

-13/17 Map…",SixScope_,1,0,0,0,0
74,1124132804919304192,"Good luck to all the teams at Champs this weekend.

June 15-18
https://t.co/bc24I2ItZE

#LVLup👑 #CDL2023👑#NoFleursGiven 👑 https://t.co/h9L9Mdpvtc",**this tweet had been deleted or hidden**,11,8,586,0,0
75,1655264942470361091,"RT @BettyBRenders: At last… Graves… 🦅

Thank you to everyone! 🙏🏻 It was a fun week making these 😁💙

#Graves #PhillipGraves #GravesMW2 #MW2…",BettyBRenders,90,0,0,0,0
76,377798768,"RT @ScufGaming: OpTic move on through Winners 😤

#CDLChamps | #CDL2023 https://t.co/V3DL1ukBSu",ScufGaming,22,0,0,0,0
77,1239410326967386114,"RT @TorontoUltra: It may be the first but it’s not the last! Congrats to @ScrappyNJ on becoming a @CODLeague All-Star ⭐️ 

#StrengthInTheNo…",TorontoUltra,50,0,0,0,0
78,393594056,"RT @TheFlank: Making the king proud. 🥹

#CDL2023 | #TheFlank📢 https://t.co/45CIc1obN0",TheFlank,31,0,0,0,0
79,1511445037707583492,RT @ZdawgYT: I am switching over to Kick Now I had 5 or 8 people in my Twitch stream today and it still said I had 2 viewers I don’t get it…,ZdawgYT,12,0,0,0,0
80,1279567739833782272,"Shotzzy Interview. Dudes looking CHILL.

BOSTON BREACH VS OPTIC TEXAS
 
#CDLChamps | #BrickByBrick | #OpTicTexas | #GreenWall | #IntoTheBreach | #CDL2023 https://t.co/vitKzjpxEY",**this tweet had been deleted or hidden**,0,0,0,0,0
81,2444642444,Optic won 3-1 but it didn’t feel super convincing. It’s hard to have confidence in them winning Champs #CDL2023 #CDLChamps,**this tweet had been deleted or hidden**,0,1,0,1,0
82,3127840646,"COD Champs - Winners Round 1  

🟣Toronto Ultra vs LA Thieves🔴

Vote now!  

#CDLChamps #CDL2023",**this tweet had been deleted or hidden**,0,0,0,0,0
83,1521118785259851776,"RT @electrotom_: #warzone2 #season4 - W or L? …live on https://t.co/2gt1l50F3z  #cod #callofduty  #codwarzone #callofdutywarzone #warzone
#…",electrotom_,5,0,0,0,0
84,1020341728958533632,"RT @TheFlank: Making the king proud. 🥹

#CDL2023 | #TheFlank📢 https://t.co/45CIc1obN0",TheFlank,31,0,0,0,0
85,974308274987134976,@hojacks_ @CallofDuty @Activision All Hail King Jacks https://t.co/V6HKlcUMCR,hojacks_,0,0,0,0,0
86,762971396578287616,"RT @TheFlank: Making the king proud. 🥹

#CDL2023 | #TheFlank📢 https://t.co/45CIc1obN0",TheFlank,31,0,0,0,0
87,898250123683262466,"RT @TheFlank: Making the king proud. 🥹

#CDL2023 | #TheFlank📢 https://t.co/45CIc1obN0",TheFlank,31,0,0,0,0
88,2292198483,"RT @TheFlank: Making the king proud. 🥹

#CDL2023 | #TheFlank📢 https://t.co/45CIc1obN0",TheFlank,31,0,0,0,0
89,377798768,"RT @TheFlank: Making the king proud. 🥹

#CDL2023 | #TheFlank📢 https://t.co/45CIc1obN0",TheFlank,31,0,0,0,0
90,1495335617202249729,"RT @ScufGaming: OpTic move on through Winners 😤

#CDLChamps | #CDL2023 https://t.co/V3DL1ukBSu",ScufGaming,22,0,0,0,0
91,3558766413,Mw2 Streamer Hit's Insane 360 silent Shot on Call of Duty Modern Warfare 2 ! Gaming or Anime ? #cod #gaming #nfl #mw2 #ModernWarfare2 #CallofDuty https://t.co/8UTZKVMlBa,**this tweet had been deleted or hidden**,0,0,5,0,0
92,1202896985864523777,"RT @ScufGaming: OpTic move on through Winners 😤

#CDLChamps | #CDL2023 https://t.co/V3DL1ukBSu",ScufGaming,22,0,0,0,0
93,995756364701097990,"RT @ScufGaming: OpTic move on through Winners 😤

#CDLChamps | #CDL2023 https://t.co/V3DL1ukBSu",ScufGaming,22,0,0,0,0
94,1167811221086711808,I WAS EXPECTING GHOSTY TO SAID”YOU GUYS ARE MY CHILDREN!” But LFG OPTIC BABY! #GreenWall #BrickByBrick #CDL2023 #CDLChamps,**this tweet had been deleted or hidden**,0,0,1,0,0
95,1421645364919156737,"RT @BettyBRenders: At last… Graves… 🦅

Thank you to everyone! 🙏🏻 It was a fun week making these 😁💙

#Graves #PhillipGraves #GravesMW2 #MW2…",BettyBRenders,90,0,0,0,0
96,1622159153140482048,"say what you want, snoopy held his own. rocky s&amp;d but he showed he can at least keep up with the pros. good shit #CDL2023 #CDLChamps",**this tweet had been deleted or hidden**,0,0,0,0,0
