,author_id,text,username,retweet,reply,like,quote,bookmark
0,55258498,"Jim I confirmed cheating in challengers all season pretty much  COMFIRMED by the team l/org his was playing for. Jimbo has been Sus all year and now Karma hits. 
#CDL2023 | #CallofDuty | #MWII | #CDLChamps https://t.co/pmbb7tgE5y https://t.co/BEt9ilHS6V",**this tweet had been deleted or hidden**,0,0,2,0,0
1,705036171,"@joaopjl @CallofDutyBR @charlieINTEL @CallofDuty @ATVIAssist @Activision I think their support system is out of service because I also tried all platforms to contact them to resolve same issue and it was of no use, I will advise you check this guy on Instagram @aaronfix01 am sure he can fix the issue because he also fixed mine",joaopjl,0,0,1,0,0
2,1641098892212342786,"RT @SapienAssassin: I'm amending my rules of
engagement from earlier:

1) If you don't engage me you're safe (unless I see an immediate exf…",SapienAssassin,2,0,0,0,0
3,1174583662349828096,"😆 JUST TRYING TO PLAY... THEN THIS HAPPENS🤣 
Before Warzone went bad. this is gaming LMAO  
 #Warzone2   #CallofDuty #CallofDutyModernWarfare2 
#Gamingcommunity

https://t.co/1NFUqq0UWN via @YouTube",YouTube,0,0,0,0,0
4,450642401,"@picklejucie105 @johntoyxx @PlayCODMobile I never  had the chance to get a mythic before or legendary before, recently got my first legendary Ak117 Aessir then when I saw this character from the season 5 trailer i loved it, so i saw the mythic FFAR 1 and couldn't resist. I bought it as well very nice weapon.",picklejucie105,0,0,1,0,0
5,1478868453360553984,"RT @LG2076News: We’ll be live at 8pm EST/ 5pm PT!
@las_protege @GamerHijabi @hentai_surprise @nomiwithoutyou @LeKnight22 @UmbralRaptor 

To…",LG2076News,9,0,0,0,0
6,1967732990,"RT @Marndraws: Vampire gloves 😈

#ghost #mw2 #mw2ghost #simonriley #CallofDuty https://t.co/cKBK6k50Uc",Marndraws,183,0,0,0,0
7,1437630318232678400,https://t.co/lhd2MkNBT5 #callofduty #warzone2 #elimination #stepontop #videogames #gamingcommunity #gamerlife #winning #victory #gamingclips #gamingmoments #letsplay #gameon #takedown #fpsgames https://t.co/8PbpVspiOs,**this tweet had been deleted or hidden**,0,0,3,1,0
8,1648871132496371714,RT @NadoNico: the one and only las vegas legion are your 2023 world champions mark my words 🤝 #CDL2023 #CDLChamps,NadoNico,2,0,0,0,0
9,2889305749,RT @MeliSueBee: Let’s go Subliners!! #CDL2023 @Swishem https://t.co/lBq7u4Ykmq,MeliSueBee,1,0,0,0,0
10,1042388458772283392,"RT @HellishDraws: After 22 hours.. My commission for @vedettare based off of their fic Exfil is DONE HEHEHEH *barking*
#GhostSoap #CallOfDu…",HellishDraws,274,0,0,0,0
11,209784337,"@Activision @CallofDuty No matter how you play, leave kids alone !!! Fuck you and your fucking pride !!!",Activision,0,0,0,0,0
12,1630840433910902785,"RT @HellishDraws: After 22 hours.. My commission for @vedettare based off of their fic Exfil is DONE HEHEHEH *barking*
#GhostSoap #CallOfDu…",HellishDraws,274,0,0,0,0
13,1531756816060669952,"I found a thing in vondel

I have absolutely no idea what is at those coordinates
#cod #CallofDuty #Warzone2 https://t.co/OklrRkte1N",**this tweet had been deleted or hidden**,0,0,1,0,0
14,702575534417399809,We love you Paco! #CDL2023 #CDLChamps @HyDrAnml,HyDrAnml,0,0,1,0,0
15,78291993,"@CallofDuty It's great having all this free space on my hard drive without the trash #CallofGroomers. I'm done with Activision.
#LeaveTheKidsAlone https://t.co/nAbOZjfZ5D",CallofDuty,0,0,0,0,0
16,55258498,"Jim I confirmed cheating in challengers all season pretty much  by the team l/org his was playing for. Jimbo has been Sus all year and now Karma hits. 
#CDL2023 | #CallofDuty | #MWII | #CDLChamps https://t.co/kX0W06pPT7 https://t.co/BEt9ilHS6V",**this tweet had been deleted or hidden**,0,1,0,0,0
17,450642401,"@nyxicant_CODM @PlayCODMobile I bought it, since i saw the leaks i loved it.. my first mythic ever.",nyxicant_CODM,0,0,0,0,0
18,1614954079557386241,This is my husband ! https://t.co/qtYVEOm8Xo https://t.co/J2Nii33fch,**this tweet had been deleted or hidden**,0,0,0,0,0
19,1469608422228492291,RT @b1inkinTV: The NEW ISO 45 is NICE! #CallofDuty #cod #gaming #mw2 #warzone https://t.co/lEgAKPiYvN,b1inkinTV,3,0,0,0,0
20,973666901296582656,@CODUpdates @RavenSoftware CAN WE PLAY NOW ON STEAM OS CAN TEAM RICOCHET TAKE OFF ANTI CHEAT SO WE CAN PLAY 🫡 MW2 without windows installed . @Steam @CallofDuty,CODUpdates,0,1,0,0,0
21,1557611926028517376,RT @661ave: 🩸#CallofDuty #MWII #König #Konig https://t.co/fUiRxZM54F,661ave,178,0,0,0,0
22,1287115946231029760,"#NYSL just come out on fire. The boys will bounce back here. Lets go #OpTicTexas!!!

Next Map:  Hotel - SND
Tune In: https://t.co/HaudtPPIXU

#GreenWall #BrickByBrick #CDLChamps #CDL2023 https://t.co/U69mnQHpmg",**this tweet had been deleted or hidden**,0,2,23,0,0
23,897912003855085570,"RT @intelCDL: SEASON OVER FOR @LAThieves ❌

The defending World Champs are the first team to be ELIMINATED from #CDL2023 

7th-8th / $40,00…",intelCDL,245,0,0,0,0
24,1459678602073710601,RT @ttv_Matsou1903: Any #ModernWarfareII players that think they have what it takes to go pro? @TeamNVSgg is recruiting! We have an EU and…,ttv_Matsou1903,2,0,0,0,0
25,450642401,@Bulgaa0327 @PlayCODMobile Ikr! That's my first mythic and I'm loving it. Feels so nice in gameplay and the Nice effects and sounds are 🔥🔥🔥 looks even better with their own character skin 👌🏽,Bulgaa0327,0,0,1,0,0
26,1407814505787277317,"Any #ModernWarfareII players that think they have what it takes to go pro? @TeamNVSgg is recruiting! We have an EU and a NA team, Just shoot me or them a DM! 

#CDLChamps #CDL2023 #eSports #CallofDutyModernWarfare2 #codmw2 #CallofDuty",**this tweet had been deleted or hidden**,2,0,4,0,0
27,1071978665020395520,"RT @loneghostwolf88: Jawbone Ghost 💀
#CallofDutyModernWarfare2 #simonghostriley #CoDGhost #CallofDuty #3DRender #Rendering #Daz3D #MWII htt…",loneghostwolf88,96,0,0,0,0
28,1608529197068058624,Let’s go Subliners!! #CDL2023 @Swishem https://t.co/lBq7u4Ykmq,Swishem,1,1,10,0,0
29,1005759336,"RT @notmrbigantlers: I PRESENT TO YOU YOUR MW2 CHAMPS THE NY @Subliners !!!!!!

#CDL2023 https://t.co/Q3gW16sQ45",notmrbigantlers,1,0,0,0,0
30,1658125947361525762,@Sootyyy @ATVIAssist @Activision @CallofDuty I think you should contact #brand_tracer on Instagram he will surely assist you on this issues and you will never be shadow banned,Sootyyy,0,0,0,0,0
31,1463398779315384324,"I PRESENT TO YOU YOUR MW2 CHAMPS THE NY @Subliners !!!!!!

#CDL2023 https://t.co/Q3gW16sQ45",Subliners,1,0,0,0,0
32,1279567739833782272,"Well..

New York Subliners take Breenburgh Hotel Hardpoint (250-130) In Game 4, Map 1 at the CDL CHAMPIONSHIP WEEKEND (1-0).

NEW YORK SUBLINERS VS OPTIC TEXAS
 
#CDLChamps | #BrickByBrick | #OpTicTexas | #GreenWall | #NYSL | #StandClear | #CDL2023 https://t.co/RnEI1zbl4w",**this tweet had been deleted or hidden**,0,0,0,0,0
33,1268510412,"Too many hills getting broken 😭
Ugh I'm stressed. Come OpTic!!!
#OpTicTexas    #GreenWall    #CDL2023    #CDLChamps",**this tweet had been deleted or hidden**,0,0,1,0,0
34,1269705005096976386,Optic are so shit all 4 of them need to be dropped going into the new game #CDL2023,**this tweet had been deleted or hidden**,0,0,0,0,0
35,976319342538260480,"Unpopular opinion, @Shotzzy playing with @CesarSkyz every other day definitely doesn’t help when playing against subliners #CDLChamps #CDL2023",Shotzzy,0,0,0,0,0
36,560000048,"@CallofDuty Won't play until you #LeaveChildrenAlone and stop defending #Groomers
Until then I will remain #Uninstalled
@Activision",CallofDuty,0,0,0,0,0
37,389086321,"There are 50 @CallofDuty titles, from the main series to the spinoffs. They may need to start using the Final Fantasy numbering system of Roman numerals. Guess you could say they've finally reach the big L. 

#CallofDuty #Activision #CallofDutyWarzone https://t.co/zZuu08wkKQ",CallofDuty,0,0,0,0,0
38,45478683,"DOMINANT MAP 1!!
#NYSL #CDLChamps #CDL2023",**this tweet had been deleted or hidden**,0,0,0,0,0
39,901850043551932416,"RT @loneghostwolf88: just Ghost staring into your soul
#CallofDutyModernWarfare2 #simonghostriley #CoDGhost #CallofDuty #3DRender #Renderin…",loneghostwolf88,84,0,0,0,0
40,930364562767073280,"RT @esports: The King is coming for his crown 👑

#CDL2023 | @Subliners https://t.co/jmfN8lrm2y",esports,3,0,0,0,0
41,1682496764,"RT @SapienAssassin: I'm amending my rules of
engagement from earlier:

1) If you don't engage me you're safe (unless I see an immediate exf…",SapienAssassin,2,0,0,0,0
42,1262132714179833856,"RT @HeyAtomz: Now you know I had to pull up to champs with my guy @oSyniical 

@DevilizedGG is in the building 👹

#CDLChamps #CDL2023 https…",HeyAtomz,5,0,0,0,0
43,1124173475311177733,"RT @HellishDraws: After 22 hours.. My commission for @vedettare based off of their fic Exfil is DONE HEHEHEH *barking*
#GhostSoap #CallOfDu…",HellishDraws,274,0,0,0,0
44,1299106289755226112,"@ImSeekingHope @SLubeherville14 @thatstarwarsgrl @CallofDuty @Activision Well, that’s patently and demonstrably false.",ImSeekingHope,0,1,0,0,0
45,1051586459889631232,NY looking scary rn #CDL2023 #CDLChamps,**this tweet had been deleted or hidden**,0,0,2,0,0
46,450642401,"@mizutsune535th @PlayCODMobile I got that one as well, my first mythic and first time i spend money on cod mobile, i just love everything about that lucky draw.",mizutsune535th,0,1,0,0,0
47,1645888486778753024,"Remember when @CallofDuty announced the anti-cheat feature that would make legit players invisible to cheaters or have cheaters weapons disappear? Lol, yeah, that was a lie, they never implemented it.

Listen @Activision stop with the stupid anti cheat garbage. Fact is, the only… https://t.co/FKEx0f18MI",CallofDuty,0,4,9,0,0
48,1502454642160058370,@CallofDuty COD activision has to be the dumbest studio in history for banning Nick and they keep doubling down. Explain to me how leave kids alone is a statement that goes against lgbt? How about you stay out of politics and leave kids alone. Try making a finished game for once instead.,CallofDuty,0,0,0,0,0
49,450642401,"@Obaidur102 @PlayCODMobile My favorite gun have been Ak117 for years, recently i got my first legendary Ak117 Aessir and love it, then when i saw the mythic FFAR 1 i loved everything about it even the character skin..so i got it a few days ago my first mythic as well, so I'll be fine with these two.",Obaidur102,0,0,0,0,0
50,1486810562499645443,"New York Subliners playing like they've already been here. Say hello to the bad guys

OpticTexas vs. New York Subliners 
#CDLChamps      
#CDL2023      
#BrickByBrick       
#standclear",**this tweet had been deleted or hidden**,0,0,0,0,0
51,55258498,"🧐🤯🫣
#CallofDuty | #MWII | #XDefiant https://t.co/KDxZHo2hA2",**this tweet had been deleted or hidden**,0,0,0,0,0
52,1666981972252696576,"I'm amending my rules of
engagement from earlier:

1) If you don't engage me you're safe (unless I see an immediate exfil, which might mean a GPU was found).

2) If you take a single shot at me, you become my mission.
#amwriting #CallofDuty
#DMZ #gamer #gamergirl https://t.co/Bj51MEJh9V",**this tweet had been deleted or hidden**,2,0,2,0,0
53,994723537645719552,"@CallofDuty meet @budlight - @budlight meet @Activision , welcome to being dumbasses!!! 🤣 https://t.co/GaAZJOj5qT",CallofDuty,0,0,0,0,0
54,524941998,RT @NettyHD: Day 2 of asking to be unshadow banned @Activision @ATVIAssist @ATVI_AB @RavenSoftware @CallofDuty,NettyHD,1,0,0,0,0
55,1268510412,This series is going to stress me out 😭😭 #OpTicTexas #GreenWall #CDL2023 #CDLChamps,**this tweet had been deleted or hidden**,0,0,1,0,0
56,1279567739833782272,"Not a great start for OpTic 23-65 HP

NEW YORK SUBLINERS VS OPTIC TEXAS
 
#CDLChamps | #BrickByBrick | #OpTicTexas | #GreenWall | #NYSL | #StandClear | #CDL2023 https://t.co/pNjfQXQgrw",**this tweet had been deleted or hidden**,0,0,0,0,0
57,55258498,"Everyone is opening up about Jimbo cheating. People who’s played &amp; teamed with him lol. Look at Joe’s response and OJonny’s response below that 😅
#CDL2023 | #CDLChamps https://t.co/t1grzkUcpc",**this tweet had been deleted or hidden**,0,2,1,0,0
58,1648145083877949440,LET’S GO @OpTicTexas #Optic #OpticTexas #CDL2023 #CDLChamps,OpTicTexas,0,0,0,0,0
59,1498400989413625860,Encontré la mejor configuración para consolas 😈 #warzone #warzoneclips #CallofDuty #MW2 #Xbox https://t.co/dKIAXLyzT0,**this tweet had been deleted or hidden**,0,0,0,0,0
60,2723551382,RT @661ave: 🩸#CallofDuty #MWII #König #Konig https://t.co/fUiRxZM54F,661ave,178,0,0,0,0
61,1381257664185958400,"Optic 3-0, I got confidence in those maps.
#CDLChamps #CDL2023",**this tweet had been deleted or hidden**,0,0,0,1,0
62,788400536,"@CallofDuty You guys seem to have a fetish for massive controversy over at Activi$ion Blizzard/Infinity Ward. The ratio will continue unless you block us. Seems you'd rather block the competition than those telling you to Leave Children Alone.

With that, LEAVE CHILDREN ALONE!",CallofDuty,0,0,0,0,0
63,1486810562499645443,"Here We GOOOOO!!! 
OpticTexas vs NY Subliners 

#CDLChamps   
#CDL2023   
#BrickByBrick    
#standclear",**this tweet had been deleted or hidden**,0,0,0,0,0
64,637353112,Petition to have champs every month so that we can watch @Praagy08 on our screens more often🥹👑 #CallofDuty #CDLChamps #CDL2023,Praagy08,0,0,1,0,0
65,1159280081849790464,RT @Allycxt: HAHAHAHAHAH #CDL2023,Allycxt,4,0,0,0,0
66,708224414584868864,We owe so much to @H3CZ. One day I hope to work in call of duty esport and this man with others have built such an amazing world for us to enjoy. #CallofDuty #CDLChamps #CDL2023 #eSports,H3CZ,0,0,0,0,0
67,1654245818478493698,"@OxyOxc @Activision @ATVIAssist @CallofDuty Reach out to  eazy_techs  on Instagram he is a Genius when it comes to Hacked, Banned, Suspend and Disabled Account.",OxyOxc,0,0,0,0,0
68,1547247179336646656,RT @Allycxt: HAHAHAHAHAH #CDL2023,Allycxt,4,0,0,0,0
69,1451652038866182151,@Activision @CallofDuty add shipment 24/7 back in,Activision,0,0,0,0,0
70,466891902,RT @661ave: 🩸#CallofDuty #MWII #König #Konig https://t.co/fUiRxZM54F,661ave,178,0,0,0,0
71,55258498,"Green! ….. WALL!!! 

#CDL2023 | #CDLChamps | #CallofDuty | #MWII | #BrickByBrick https://t.co/2397pY4nAH",**this tweet had been deleted or hidden**,0,0,0,0,0
72,375974373,RT @Bo5hGaming: Nadeshot and Scump respond to the video of a CDL challengers player having their account banned in the middle of a LAN matc…,Bo5hGaming,15,0,0,0,0
73,41392672,"Honestly, gutted for the other players disqualified because of the actions of this spineless individual. 

You don’t get ahead in anything in life by cheating. 

Glad that the #CDL2023 addressed the issue. https://t.co/SpZk7e3Otm",**this tweet had been deleted or hidden**,0,0,0,0,0
74,890928796752384000,"RT @JumpShotMedia_: 🇺🇸 CHALLENGERS FINALS 🇺🇸

Nos francophones sont qualifiés pour demain ! 🇫🇷🇧🇪

@Aw0babobs et @ClutchRayn à vous de jouer…",JumpShotMedia_,5,0,0,0,0
75,1323088632627011584,"RT @loneghostwolf88: Jawbone Ghost 💀
#CallofDutyModernWarfare2 #simonghostriley #CoDGhost #CallofDuty #3DRender #Rendering #Daz3D #MWII htt…",loneghostwolf88,96,0,0,0,0
76,1346922446960676872,@RavenSoftware @InfinityWard @CallofDuty @CallofDutyUK @COD_Esports @Activision @ATVI_AB @ATVIAssist @Treyarch @HighMoonStudios @BeenoxCODPC @iw_miked @SteveH_ @kcaaj @ShanieceSaysHey @JoeCecot @ThisIsMumen @PhakzMachine @eyyohbee @FoxhoundFPS @songbirdGG @SHGames @MaTtKs https://t.co/YUHcpOIdXr,RavenSoftware,0,0,0,0,0
77,55258498,"Thank you for all who stop bye the watch party tonight, I hopped off &amp; gonna watch the OpTic match off stream and lay down. Going into to work for 4am til 8am ET. Stream around 10-10:30am ET for #RankedPlay vibes before #CDLChamps day 3
#EnduranceEsports | #CallofDuty | #MWII",**this tweet had been deleted or hidden**,1,0,1,0,0
78,1559392604478787585,"@darklord_slays @kingtreski @PlayCODMobile @K2_CoD XD 

9 bots, 1 real.",darklord_slays,0,1,1,0,0
79,1323088632627011584,RT @661ave: 🩸#CallofDuty #MWII #König #Konig https://t.co/fUiRxZM54F,661ave,178,0,0,0,0
80,44718303,"@Activision @CallofDuty Not matter how you play, just leave the kids alone!!!",Activision,0,0,0,0,0
81,1596202407481864192,"Going ghost 🤫🫣
#CDL2023 
#ghosty",**this tweet had been deleted or hidden**,0,0,0,0,0
82,2735104711,"RT @loneghostwolf88: Jawbone Ghost 💀
#CallofDutyModernWarfare2 #simonghostriley #CoDGhost #CallofDuty #3DRender #Rendering #Daz3D #MWII htt…",loneghostwolf88,96,0,0,0,0
83,3558766413,Call Of Duty Mw2 Streamer Hit's Insane Random Wallbang With a Sniper #cod #mw2 #gaming #nfl #anime #CallofDuty #ModernWarfareII https://t.co/knhBh7N08c,**this tweet had been deleted or hidden**,0,0,2,0,0
84,1156757083586465792,RT @DPGhittmann: LETS GOOO OPTIC!!! #CDL2023 #CDLChamps https://t.co/C6fKEPdY7n,DPGhittmann,1,0,0,0,0
85,1583233798627475456,"Optic vs NYSL #CDL2023 
let’s go boys @OpTicTexas",OpTicTexas,0,0,0,0,0
86,985046050946867200,"RT @loneghostwolf88: just Ghost staring into your soul
#CallofDutyModernWarfare2 #simonghostriley #CoDGhost #CallofDuty #3DRender #Renderin…",loneghostwolf88,84,0,0,0,0
87,1372472135885725698,RT @661ave: 🩸#CallofDuty #MWII #König #Konig https://t.co/fUiRxZM54F,661ave,178,0,0,0,0
88,1500492114999709696,"@n2Ocreates @Activision @CallofDuty Call of Duty thinks the saying ""Leave children alone"" is bad...Yelp, I guess Call of Duty supports PEDOPHILIA.",n2Ocreates,0,0,0,0,0
89,755391063276318721,Let's for optic! Win this for us boys then win the championship it's been a long road you can do it! #OpTic  #opticgaming #CDL2023 #CDLChamps #bestcdlteam #Champs #CallofDuty #CallofDutyModernWarfare2 #GreenWall https://t.co/nBcvwiuXww,**this tweet had been deleted or hidden**,0,0,0,0,0
90,1279567739833782272,"👀 Scump's got New York Subliners winning this series. 👀

NEW YORK SUBLINERS VS OPTIC TEXAS
 
#CDLChamps | #BrickByBrick | #OpTicTexas | #GreenWall | #NYSL | #StandClear | #CDL2023 https://t.co/VRpcxv3bMV",**this tweet had been deleted or hidden**,0,0,0,0,0
91,758806021749952512,@ATVIAssist i keep getting WOLTER - JOAQUIN error guys come on 😑. #MW2 #cheaters #CallofDuty #Vondel,ATVIAssist,0,10,3,0,0
92,1323009549809442817,"Lets lock and load We are dropping into a hot L.Z so keep your eyes up Going for some dubs in #CallofDuty #Warzone2 live in a few mins click those links and watch the action #teamb42 #b42empire @B42community @Team_B42 @KickStreaming
https://t.co/8S3LxPJ9Ut
https://t.co/TdDSX3NYbD",B42community,0,0,4,0,0
93,1518365849954009088,@PlayCODNews @CallofDuty @Activision you will NEVER get away from this! Y'all did it to yourselves! #LeaveTheKidsAlone #LeaveKidsAlone #leavelittlekidsalone #LeaveOurKidsAlone https://t.co/KPilbQZdhk,PlayCODNews,0,0,0,0,0
