,text,author_id,username,retweet,reply,like,quote,bookmark
0,"@engineowningto I have seen the video of the trick and it works very well, I think I should have bought the trick and not the Warzone 2.0 MW2 WZ2 game, these tricksters have me sick @CallofDuty @CODLeague",57520697,engineowningto,0,0,2,0,0
1,Had fun putting together a few clips for a TikTok video today! Sometimes the CoD gods just aren’t in your favor.. #CallofDuty #MWII https://t.co/ak2fWRjuHl,1559290434865823744,**this tweet had been deleted or hidden**,0,0,0,0,0
2,"RT @ScufGaming: The LAST SCUF giveaway for the #CDL2023 season...you know what to do. 🫡 👇

🔁 RT + Like
✅ Follow @CODLeague &amp; @SCUFGaming
⬇️…",722413595758305282,ScufGaming,1105,0,0,0,0
3,"RT @CDLFrance: HyDra 🇫🇷 devient le PREMIER JOUEUR FRANÇAIS de l'histoire de Call of Duty à remporter le COD CHAMPS ! 🏆

#CDLChamps | #CDL20…",1062351508375851010,CDLFrance,486,0,0,0,0
4,"Hey @Activision @InfinityWard @CallofDuty 
Do ANY of you EVEN care about going after these clowns? https://t.co/nZsstH7Ohi",1488253007628161025,Activision,0,0,1,0,0
5,"RT @CODLeague: STAND CLEAR OF THE GREATEST COD PLAYERS IN THE WORLD 🏆

@Subliners ARE YOUR #CDL2023 CHAMPIONS!

@CesarSkyz | @HyDrAnml | @P…",1005430040,CODLeague,1081,0,0,0,0
6,"RT @CODLeague: STAND CLEAR OF THE GREATEST COD PLAYERS IN THE WORLD 🏆

@Subliners ARE YOUR #CDL2023 CHAMPIONS!

@CesarSkyz | @HyDrAnml | @P…",1399036592,CODLeague,1081,0,0,0,0
7,"#kickstream will be from midday monday 19th June https://t.co/tKvC02DAZO playing - first time on stream - @CallofDuty #MWII 

Can you keep count of the number of times I will die?? Come and find out https://t.co/sJB63SkI4A",1084149132221181952,CallofDuty,2,1,3,0,0
8,"RT @CDLFrance: HyDra 🇫🇷 devient le PREMIER JOUEUR FRANÇAIS de l'histoire de Call of Duty à remporter le COD CHAMPS ! 🏆

#CDLChamps | #CDL20…",2451738326,CDLFrance,486,0,0,0,0
9,@ModernWarzone @CallofDuty @Activision ?,952244088484573190,ModernWarzone,0,0,0,0,0
10,"RT @CODLeague: STAND CLEAR OF THE GREATEST COD PLAYERS IN THE WORLD 🏆

@Subliners ARE YOUR #CDL2023 CHAMPIONS!

@CesarSkyz | @HyDrAnml | @P…",2417923796,CODLeague,1081,0,0,0,0
11,"RT @CDLFrance: HyDra 🇫🇷 devient le PREMIER JOUEUR FRANÇAIS de l'histoire de Call of Duty à remporter le COD CHAMPS ! 🏆

#CDLChamps | #CDL20…",1441099826343469072,CDLFrance,486,0,0,0,0
12,"RT @CODLeague: STAND CLEAR OF THE GREATEST COD PLAYERS IN THE WORLD 🏆

@Subliners ARE YOUR #CDL2023 CHAMPIONS!

@CesarSkyz | @HyDrAnml | @P…",2557339346,CODLeague,1081,0,0,0,0
13,"RT @loneghostwolf88: beach boy Gaz 😎☀️🏝️
#CallofDutyModernWarfare2 #CoDGaz #CallofDuty #3DRender #Daz3D #MWII https://t.co/kVw0Wad5il",1657958318998970368,loneghostwolf88,171,0,0,0,0
14,"RT @CDLFrance: HyDra 🇫🇷 devient le PREMIER JOUEUR FRANÇAIS de l'histoire de Call of Duty à remporter le COD CHAMPS ! 🏆

#CDLChamps | #CDL20…",1284586020068110337,CDLFrance,486,0,0,0,0
15,"RT @CODLeague: STAND CLEAR OF THE GREATEST COD PLAYERS IN THE WORLD 🏆

@Subliners ARE YOUR #CDL2023 CHAMPIONS!

@CesarSkyz | @HyDrAnml | @P…",3300594994,CODLeague,1081,0,0,0,0
16,"RT @_HEELBOI: 2023 CHAMPS MVP - @KiSMET6_ 🐶

#NYSL #STANDCLEAR #CDLChamps #CDL2023 https://t.co/M9nyLCALOh",2809614216,_HEELBOI,1,0,0,0,0
17,"RT @ScufGaming: The LAST SCUF giveaway for the #CDL2023 season...you know what to do. 🫡 👇

🔁 RT + Like
✅ Follow @CODLeague &amp; @SCUFGaming
⬇️…",3126794369,ScufGaming,1105,0,0,0,0
18,"RT @ScufGaming: The LAST SCUF giveaway for the #CDL2023 season...you know what to do. 🫡 👇

🔁 RT + Like
✅ Follow @CODLeague &amp; @SCUFGaming
⬇️…",1180031985575706625,ScufGaming,1105,0,0,0,0
19,"RT @loneghostwolf88: Soap's claiming what's his 💀🧼💞
#CallofDutyModernWarfare2 #CodGhost #CodSoap #CallofDuty #3DRender #Rendering #MWII htt…",1367298348030558211,loneghostwolf88,245,0,0,0,0
20,"RT @AmikoRoyAi: Soap and Ghost as Jedi Knights🔥
Making them human was too boring so have Togruta Ghost and Zabrak Soap 

#CallofDuty #MWII…",268643079,AmikoRoyAi,268,0,0,0,0
21,"@CODLeague @CallofDuty @OMiTGG @GODRX @GwinnWRLD @YeezCF @Purjxng Leave children alone!!!!
This from the same disgusting company that harrassed their female employees to the point where one committed suicide. Activision is clearly a company of predators against females and children!

#CallofPedophiles
#CallofGroomers
#BoycottActivision https://t.co/YOTV3FJJoj",1336797406319366144,CODLeague,0,0,0,0,0
22,"RT @loneghostwolf88: beach boy Gaz 😎☀️🏝️
#CallofDutyModernWarfare2 #CoDGaz #CallofDuty #3DRender #Daz3D #MWII https://t.co/kVw0Wad5il",1416922100133105669,loneghostwolf88,171,0,0,0,0
23,"@COD_Esports @CallofDuty @primegaming Leave children alone!!!!
This from the same disgusting company that harrassed their female employees to the point where one committed suicide. Activision is clearly a company of predators against females and children!

#CallofPedophiles
#CallofGroomers
#BoycottActivision https://t.co/usYK7FoBIH",1336797406319366144,COD_Esports,0,0,0,0,0
24,Dropping the final 7 people for the dub 🎉 Song is Take me back to Eden by Sleep Token #PS5 #HyperX #CallofDuty #MW2 #battleroyale https://t.co/1fEau7v4Sy,1054328622612406272,**this tweet had been deleted or hidden**,0,1,2,1,1
25,"@LifeisChill yikes brotha 😬😬😬
#PS5Share, #CallofDutyModernWarfareII #trending #Ranked #MW2 #CallofDuty #CDL #rip #SnDClapper #twitch #tiktok #Worldstar https://t.co/CGlfb6E0oH",3018441213,lifeischill,0,1,3,0,0
26,"RT @_ChristopherM: Joe Robert Cole, who was a screenwriter on the #BlackPanther films was apparently was hired to write a #CallOfDuty scrip…",193743738,_ChristopherM,1,0,0,0,0
27,"RT @CODLeague: STAND CLEAR OF THE GREATEST COD PLAYERS IN THE WORLD 🏆

@Subliners ARE YOUR #CDL2023 CHAMPIONS!

@CesarSkyz | @HyDrAnml | @P…",1358884544083091456,CODLeague,1081,0,0,0,0
28,"LIVE NOW ON @KickStreaming✅ 

K I C K . C O M / I N S P I T H

https://t.co/NEQHoE2Nyx

#warzone #warzone2 #ashikaisland #mw2 #callofduty #gaming #streamer #streamerthings #inspith

@KickStreamers @Trainwreckstv @StakeEddie https://t.co/3ZtqTdGyQv",1191170971249590273,KickStreaming,0,0,3,0,0
29,"Whoever leaves OpTic is getting a ring next season
#CDL2023",1430385059983286280,**this tweet had been deleted or hidden**,0,0,0,0,0
30,"RT @loneghostwolf88: beach boy Gaz 😎☀️🏝️
#CallofDutyModernWarfare2 #CoDGaz #CallofDuty #3DRender #Daz3D #MWII https://t.co/kVw0Wad5il",1429231230738862080,loneghostwolf88,171,0,0,0,0
31,"RT @CODLeague: STAND CLEAR OF THE GREATEST COD PLAYERS IN THE WORLD 🏆

@Subliners ARE YOUR #CDL2023 CHAMPIONS!

@CesarSkyz | @HyDrAnml | @P…",1070880788495900673,CODLeague,1081,0,0,0,0
32,"RT @PlayCODNews: Do you like the new Armada Strike map?

https://t.co/kctFex3Qyt",1243830658176172033,PlayCODNews,21,0,0,0,0
33,"RT @aqvette: revenge.

@Subliners @KiSMET6_ @HyDrAnml @CesarSkyz @Priestahh @DREAL_JE | #NYSL #StandClear #CDL2023 https://t.co/TxoP4YBkJq",1330398951607066625,aqvette,5,0,0,0,0
34,"RT @Enviovs: The 4 rookies @Clayster recruited to his teams have all won a ring so far 👏🏽

Simp 💍 💍 
Shotzzy 💍
Illey 💍
Hydra 💍 

Man knows…",793601173014011904,Enviovs,72,0,0,0,0
35,"Joe Robert Cole, who was a screenwriter on the #BlackPanther films was apparently was hired to write a #CallOfDuty script for Activision Blizzard. Looks like they passed on the SICARIO 2 director...might as well bring in Sam Hargrave. 

https://t.co/pUw6FEBwrl",21132805,**this tweet had been deleted or hidden**,1,0,8,0,1
36,Dos⚡️ #noluv #mw2 #callofduty #snd https://t.co/khbvxYPY4F,1370830357227012102,**this tweet had been deleted or hidden**,0,0,1,0,0
37,"RT @yumecore: Reaper Ghost 💀
#CallofDuty #MWII #SimonGhostRiley 
If you look closely you can see his eyes :3  1/2 https://t.co/BprogxK1uo",1337873635093041152,yumecore,48,0,0,0,0
38,This still crazy too me that AI predicted that @TorontoUltra &amp; @Subliners would goo head too head in The Grand Finals Of #CDLChamps #CDL2023 &amp; predicted that Subliners would “WIN THE WHOLE DAMN THING” back on December 3rd 2022 like “THAT’S FUCKING INSANE” 😳😱🤯 !!!!!! https://t.co/B0SjJUBhVN,1046416209539944448,TorontoUltra,0,0,0,0,0
39,"RT @CODLeague: STAND CLEAR OF THE GREATEST COD PLAYERS IN THE WORLD 🏆

@Subliners ARE YOUR #CDL2023 CHAMPIONS!

@CesarSkyz | @HyDrAnml | @P…",188299409,CODLeague,1081,0,0,0,0
40,"RT @CODLeague: STAND CLEAR OF THE GREATEST COD PLAYERS IN THE WORLD 🏆

@Subliners ARE YOUR #CDL2023 CHAMPIONS!

@CesarSkyz | @HyDrAnml | @P…",1242506812756242432,CODLeague,1081,0,0,0,0
41,"RT @ScufGaming: The LAST SCUF giveaway for the #CDL2023 season...you know what to do. 🫡 👇

🔁 RT + Like
✅ Follow @CODLeague &amp; @SCUFGaming
⬇️…",1524595078475526145,ScufGaming,1105,0,0,0,0
42,"RT @CDLFrance: HyDra 🇫🇷 devient le PREMIER JOUEUR FRANÇAIS de l'histoire de Call of Duty à remporter le COD CHAMPS ! 🏆

#CDLChamps | #CDL20…",1441115021560344583,CDLFrance,486,0,0,0,0
43,"@callofduty @ATVIAssist yes would like to file a support ticket, as #activision and #CallofGroomers still need to leave kids alone.",1605563139210231809,CallofDuty,0,1,1,0,0
44,"RT @Huqum2: PKM Nuke in @PlayCODMobile, Gunsmith Included!
Underrated gun fr, not the best but mode defo not the worst!
Which gun next? Lem…",1385225023502249991,Huqum2,3,0,0,0,0
45,"@CallofDuty @TorontoUltra @Subliners Leave children alone!!!!
This from the same disgusting company that harrassed their female employees to the point where one committed suicide. Activision is clearly a company of predators against females and children!

#CallofPedophiles
#CallofGroomers
#BoycottActivision https://t.co/jhkHya0XFH",1336797406319366144,CallofDuty,0,0,0,0,0
46,RT @ScufGaming: Your #CDL2023 World Champions. 💍 https://t.co/vUr39zIu06,617835173,ScufGaming,22,0,0,0,0
47,"RT @MoneyHillStats: HP Ranking by win % - Full season

Close to 450 HPs were played this year and here are the final standings 

🥇 TEX 
🥈 N…",1414751176952852483,MoneyHillStats,5,0,0,0,0
48,i will do anything just to get into Call of Duty League my grind won’t stop! 🤲🏼 #cdl2023,1421250797015285762,**this tweet had been deleted or hidden**,0,0,0,0,0
49,"HP Ranking by win % - Full season

Close to 450 HPs were played this year and here are the final standings 

🥇 TEX 
🥈 NYSL
🥉 LAT
4. TOR
5. SEA
6. ATL
7. BOS
8. LVL
9. MIN
10. LRR
11. LAG
12. FLA

#CDL2023",1492914945188577289,**this tweet had been deleted or hidden**,5,9,160,0,0
50,Well then #CDLChamps #CDL2023 https://t.co/NGHimyoGTo,1430385059983286280,**this tweet had been deleted or hidden**,0,0,0,0,0
51,"RT @CODLeague: STAND CLEAR OF THE GREATEST COD PLAYERS IN THE WORLD 🏆

@Subliners ARE YOUR #CDL2023 CHAMPIONS!

@CesarSkyz | @HyDrAnml | @P…",238007862,CODLeague,1081,0,0,0,0
52,"RT @loneghostwolf88: beach boy Gaz 😎☀️🏝️
#CallofDutyModernWarfare2 #CoDGaz #CallofDuty #3DRender #Daz3D #MWII https://t.co/kVw0Wad5il",1337873635093041152,loneghostwolf88,171,0,0,0,0
53,"RT @CDLFrance: HyDra 🇫🇷 devient le PREMIER JOUEUR FRANÇAIS de l'histoire de Call of Duty à remporter le COD CHAMPS ! 🏆

#CDLChamps | #CDL20…",966687992873144320,CDLFrance,486,0,0,0,0
54,"TOUJOURS EN LIVE POUR GRIND LA NEW MAP RESURGENCE

#CallofDuty #MWII #Warzone2
#ModernwarfareII

#CristoEnLive #VtuberFr #streaming  #TwitchStreamers 
 
https://t.co/RGvhUxivr2 https://t.co/gyDtJIieqt",1331886471150759938,**this tweet had been deleted or hidden**,0,0,2,0,0
55,@Activision @CallofDuty Fuck you Activision,1661270767135227905,Activision,0,0,0,0,0
56,"RT @CODLeague: STAND CLEAR OF THE GREATEST COD PLAYERS IN THE WORLD 🏆

@Subliners ARE YOUR #CDL2023 CHAMPIONS!

@CesarSkyz | @HyDrAnml | @P…",1393526442,CODLeague,1081,0,0,0,0
57,"RT @aqvette: revenge.

@Subliners @KiSMET6_ @HyDrAnml @CesarSkyz @Priestahh @DREAL_JE | #NYSL #StandClear #CDL2023 https://t.co/TxoP4YBkJq",1262872446,aqvette,5,0,0,0,0
58,"@jrcurll @Author_JimGould @CODUpdates @CallofDuty Diablo 4 is from the same company of CoD, it's an Activision game bro.",1380844980533624832,jrcurll,0,1,4,0,0
59,"RT @ScufGaming: The LAST SCUF giveaway for the #CDL2023 season...you know what to do. 🫡 👇

🔁 RT + Like
✅ Follow @CODLeague &amp; @SCUFGaming
⬇️…",1264858860025757696,ScufGaming,1105,0,0,0,0
60,Now Introducing the best 250 in the game! @CallofDuty @Activision @CODLeague I have had atleast 1 this blatant every single game today. https://t.co/ajOnvOjefw,1059178925451042816,CallofDuty,0,0,0,0,0
61,"RT @aqvette: revenge.

@Subliners @KiSMET6_ @HyDrAnml @CesarSkyz @Priestahh @DREAL_JE | #NYSL #StandClear #CDL2023 https://t.co/TxoP4YBkJq",1396106621705760771,aqvette,5,0,0,0,0
62,If you play plunder and then load into DMZ menu it glitches your money and gives you a little heart attack with how much you have 😄 #DMZ #CallofDuty #MW2 #Plunder #Warzone https://t.co/p2D19WgmtK,2829748555,**this tweet had been deleted or hidden**,1,0,2,0,0
63,"RT @Enviovs: The 4 rookies @Clayster recruited to his teams have all won a ring so far 👏🏽

Simp 💍 💍 
Shotzzy 💍
Illey 💍
Hydra 💍 

Man knows…",3325416831,Enviovs,72,0,0,0,0
64,Buddy thinks she’s on the team 😂 congrats to @Subliners on winning #CDLChamps #CDL2023 https://t.co/a8hbv4s5qg,96278834,Subliners,0,0,8,0,0
65,"RT @Enviovs: The 4 rookies @Clayster recruited to his teams have all won a ring so far 👏🏽

Simp 💍 💍 
Shotzzy 💍
Illey 💍
Hydra 💍 

Man knows…",1400575267719028738,Enviovs,72,0,0,0,0
66,"revenge.

@Subliners @KiSMET6_ @HyDrAnml @CesarSkyz @Priestahh @DREAL_JE | #NYSL #StandClear #CDL2023 https://t.co/TxoP4YBkJq",1523450777561358337,Subliners,5,1,17,0,1
67,"Not only is this a groomer game but now they have a bug where people can spawn in multiple juggernauts, gunships, chopper gunners &amp; advanced uavs every round in the new 12v12 search &amp; destroy game mode. It’s ridiculously broken probably top 5 bugs of all time!! @CallofDuty #MW2",994272130647736320,CallofDuty,0,0,1,0,0
68,@HusKerrs @TrueGameData @art_is_war @JGODYT @RavenSoftware @InfinityWard @CallofDuty @CallofDutyUK @COD_Esports @Activision @ATVI_AB @ATVIAssist @Treyarch @HighMoonStudios @BeenoxCODPC @iw_miked @SteveH_ @kcaaj @ShanieceSaysHey @JoeCecot @ThisIsMumen @PhakzMachine @eyyohbee @FoxhoundFPS @songbirdGG @SHGames @MaTtKs,1346922446960676872,HusKerrs,0,0,0,0,0
69,"RT @samesquinho: i was reading this fanfic and i wanted to draw this specific scene ✨
https://t.co/GKNIpi2FJM… ~~~by @BluKrown
.
#MWII #MW2…",1655264942470361091,samesquinho,21,0,0,0,0
70,"RT @CDLFrance: HyDra 🇫🇷 devient le PREMIER JOUEUR FRANÇAIS de l'histoire de Call of Duty à remporter le COD CHAMPS ! 🏆

#CDLChamps | #CDL20…",2871807190,CDLFrance,486,0,0,0,0
71,@CallofDuty @TorontoUltra @Subliners #LeaveOurKidsAlone Activision is for pedos,1541845487376113667,CallofDuty,0,1,13,0,0
72,"RT @ScufGaming: The LAST SCUF giveaway for the #CDL2023 season...you know what to do. 🫡 👇

🔁 RT + Like
✅ Follow @CODLeague &amp; @SCUFGaming
⬇️…",1139012084648353792,ScufGaming,1105,0,0,0,0
73,"RT @BettyBRenders: 💀 I like him like that 👉🏻👈🏻

…and I might do a few other boys with their pants so looooow

#Ghost #SimonGhostRiley #ghos…",3263055998,BettyBRenders,917,0,0,0,0
74,"Climbing the ranks. 😈 

#Warzone #CallofDuty #Warzone2 https://t.co/Y8vwwu1DCA",3101856669,**this tweet had been deleted or hidden**,1,5,9,0,0
75,"RT @Subliners: The French Phenom goes global. 

Your 2023 Call of Duty League MVP @HyDrAnml

#StandClear | #CDL2023 https://t.co/U5kNsm3rlD",802856942,Subliners,138,0,0,0,0
76,"This CoD rookie's got game,
And Clayster's the one to blame.
With a ring on his hand,
He's the champ of this land.
Use TEMU app and get cash, not fame!
https://t.co/wuzgjJro0F 

#CDLChamps #CDL2023 https://t.co/Rhizk8FBS1",1651484342718275586,**this tweet had been deleted or hidden**,0,0,0,0,0
77,Hey everybody! I’ll be going live in a couple of hours! In the mean time check out First Vondel Win While LIVE and give me a follow on twitch so you can join in tonight! Many more to come! https://t.co/o10IIkCaAf #warzone2 #warzone #cod #CallofDuty #twitchstreamer #gaming #Vondel,1275936344091406336,**this tweet had been deleted or hidden**,0,1,4,0,0
78,"RT @Enviovs: The 4 rookies @Clayster recruited to his teams have all won a ring so far 👏🏽

Simp 💍 💍 
Shotzzy 💍
Illey 💍
Hydra 💍 

Man knows…",3431955100,Enviovs,72,0,0,0,0
79,"Subliners blank Ultra in grand final to win CDL championship #CDL2023 #CDL #CallofDuty
 #SooUltra #StrengthInTheNorth #NYSL  https://t.co/4cSTnOnoUD",844270018812493824,**this tweet had been deleted or hidden**,0,1,0,0,0
80,Who's watching @PlayCODMobile NA World Champs Stage 3 rn? https://t.co/SfV2JSCWxn,548221717,PlayCODMobile,0,5,49,0,0
81,"Playing warzone ranked with minimum 145ping and shitty fps from poorly optimized game . Aswell as loosing more fps from season 4 update .
Rebirth low ping 
Dmz low ping. 
Multiplayer low ping 
Mw2 ranked low ping
Warzone ranked HIGH PING  
@ATVI_AB  please explain 
@CallofDuty",1584481665208012802,ATVI_AB,0,0,0,0,0
82,"RT @yumecore: Reaper Ghost 💀
#CallofDuty #MWII #SimonGhostRiley 
If you look closely you can see his eyes :3  1/2 https://t.co/BprogxK1uo",2328978614,yumecore,48,0,0,0,0
83,"RT @Enviovs: The 4 rookies @Clayster recruited to his teams have all won a ring so far 👏🏽

Simp 💍 💍 
Shotzzy 💍
Illey 💍
Hydra 💍 

Man knows…",295616306,Enviovs,72,0,0,0,0
84,"finally after hours of watching CDL I got all rewards and have showcased them to these who might not have them, also congrats to the New York Subliners for that amazing flawless win #CDLChamps
#CDL2023
https://t.co/uzkBDD66JL",1243319981628108800,**this tweet had been deleted or hidden**,0,0,0,0,0
85,"💛What an event this was😮‍💨🌚🥂
-@HyDrAnml first EU player to win a ring 
-@KiSMET6_  winning the MVP title
#StandClear #CDL2023 https://t.co/o9b2g0MXoB",1656450705043996675,HyDrAnml,0,0,2,0,0
86,That's it #CDLChamps is over. I did shed a little tear but it was truly and amazing experience. Till next year baby 🔥💜 #CDL2023 https://t.co/tbaow1w3rR,1063572009894989834,**this tweet had been deleted or hidden**,1,1,17,0,0
87,"RT @Enviovs: The 4 rookies @Clayster recruited to his teams have all won a ring so far 👏🏽

Simp 💍 💍 
Shotzzy 💍
Illey 💍
Hydra 💍 

Man knows…",1359705527123599362,Enviovs,72,0,0,0,0
88,"@callofduty @Activision maybe you should like, leave the kids alone",1605563139210231809,CallofDuty,0,0,0,0,0
89,RT @RowdyRogan: Another awesome @CODLeague CHAMPS event! Super pumped on how the finals played out! Congrats @Priestahh couldn’t be happier…,290531627,RowdyRogan,4,0,0,0,0
90,RT @PressuredGYT: New YouTube Video is LIVE! The NEW ISO 45 SMG BEAMS in Season 4 MW2! (BEST CLASS/Loudout) Featuring @ZdawgYT https://t.co…,1582432045762060289,PressuredGYT,4,0,0,0,0
91,"RT @CODLeague: STAND CLEAR OF THE GREATEST COD PLAYERS IN THE WORLD 🏆

@Subliners ARE YOUR #CDL2023 CHAMPIONS!

@CesarSkyz | @HyDrAnml | @P…",872233560975044610,CODLeague,1081,0,0,0,0
92,"RT @CDLFrance: HyDra 🇫🇷 devient le PREMIER JOUEUR FRANÇAIS de l'histoire de Call of Duty à remporter le COD CHAMPS ! 🏆

#CDLChamps | #CDL20…",133698945,CDLFrance,486,0,0,0,0
93,"RT @AmikoRoyAi: I can't get them out of my head😩

#ghostsoap #soapghost #MWII #callofduty https://t.co/KfO5j9zulb",4180633240,AmikoRoyAi,585,0,0,0,0
