,author_id,text,username,retweet,reply,like,quote,bookmark
0,1127474287017783296,hey @CallofDuty @Activision @RavenSoftware @ATVI_AB thanks for the good times but I’m leaving the game. is so annoying that is still unplayable with all those cheaters and hackers. definitely you guys killed the best game ever.  #warzone #callofduty,CallofDuty,0,0,1,0,0
1,1660500181647753216,"RT @alexgscod: Ghost is so screaming under that mask 😊🧼💀❤️
#SoapGhost #GhostSoap 
#CallOfDuty #MW2 #MWII https://t.co/fbWskK1ly6",alexgscod,192,0,0,0,0
2,1235600986904973313,RT @RippedMinds: Finally Monday work day finished just about. I’ve turned into a goblin of some sorts. Stream around 5-5:30pm ET ish! #Rank…,RippedMinds,3,0,0,0,0
3,933438385225478144,"RT @Metronome_ny: Back LIVE doing this streaming Thanggg. Come hang!
https://t.co/TrHFNyhqcl

#ranked #rankedplay #mw2 #CallofDutyModernWar…",Metronome_ny,2,0,0,0,0
4,1630108155748204545,"RT @davidwasnothere: it's almost  3am my reaching is gonna be so baaad
anyway
#MW2 #CallofDutyModernWarfare2 #CallofDuty https://t.co/Vz1MW…",davidwasnothere,16,0,0,0,0
5,2618022340,Where will jimbo end up next! #CDL2023,**this tweet had been deleted or hidden**,0,0,0,0,0
6,833665663608696832,"RT @davidwasnothere: it's almost  3am my reaching is gonna be so baaad
anyway
#MW2 #CallofDutyModernWarfare2 #CallofDuty https://t.co/Vz1MW…",davidwasnothere,16,0,0,0,0
7,1550507738316283904,"RT @ZdawgYT: Snagged a couple dubs with the broskis today - still lovin' the new map! #mw2 #warzone2 #callofduty 
credit @iamkhaus 
Retweet…",ZdawgYT,5,0,0,0,0
8,4310614473,"RT @Talohns: I HIT THIS INSANE TRICKSHOT ON AHKDAR VILLAGE 12V12 S&amp;D!

#MWII #CODTOPPLAYS #CallofDuty 
@Activision @CallofDuty https://t.co…",Talohns,62,0,0,0,0
9,130044454,@NICKMERCS Cancel that ya buncha weirdos @CallofDuty @Activision #MFAM P&amp;L+P💥,NICKMERCS,0,0,1,0,0
10,1408969882247516170,#cod #squeaker #gta #gtav #blackops1 #COD #CallofDuty #MWII #Funny #Kid #Kids #Gaming #Gamer #Kidgaming #squeakergaming https://t.co/BCxyjDV1Yv,**this tweet had been deleted or hidden**,0,0,1,0,0
11,760633431537561600,"RT @ZdawgYT: Snagged a couple dubs with the broskis today - still lovin' the new map! #mw2 #warzone2 #callofduty 
credit @iamkhaus 
Retweet…",ZdawgYT,5,0,0,0,0
12,1661548542199050242,"RT @TarunKatneni: #PS5Share, #CallofDutyModernWarfareIIBETA, #MWII, #MW2, #CallofDuty | 1v5 LETS GET IT https://t.co/qVHvAgXIZK",TarunKatneni,2,0,0,0,0
13,809054334,@Talohns @Activision @CallofDuty Witnessed this banger on stream 👀🔥,Talohns,0,0,3,0,0
14,1622666614029123584,"CLUMSY ENEMY 🎯😎☠️⚰️ 
📌🔥👇Full Video 🎬👇🔥📌
📌https://t.co/lVVO0cXILL📌
 #mw2 #trending #callofduty #smii7y #penguinz0 #shorts #modernwarfare2 #viral #memes #MWII https://t.co/NMFtPCm9cd",**this tweet had been deleted or hidden**,0,0,5,0,0
15,1662533547322748930,RT @Kiel06411924: Activision admitting they support grooming your kids,Kiel06411924,1,0,0,0,0
16,1659962657615540226,RT @thatNiggacyrus4: #Warzone2 #ResurgenceReturns,thatNiggacyrus4,1,0,0,0,0
17,1399798440062824453,"RT @CDLFrance: HyDra 🇫🇷 devient le PREMIER JOUEUR FRANÇAIS de l'histoire de Call of Duty à remporter le COD CHAMPS ! 🏆

#CDLChamps | #CDL20…",CDLFrance,486,0,0,0,0
18,1660713547284750363,"RT @asdapalacesburn: Can I stop getting shot thru my Riot Shield please, @CallofDuty ?? I have to rank it up, also. #MW2 #ModernWarfare2",asdapalacesburn,1,0,0,0,0
19,1641098892212342786,"RT @SapienAssassin: Going to beat this horse to death because I see too many players relying on only an AR &amp; sniper rifle:

infil
kill an A…",SapienAssassin,1,0,0,0,0
20,1029774489591197697,"it's almost  3am my reaching is gonna be so baaad
anyway
#MW2 #CallofDutyModernWarfare2 #CallofDuty https://t.co/Vz1MWHjVN2",**this tweet had been deleted or hidden**,16,2,271,0,4
21,1666981972252696576,"Going to beat this horse to death because I see too many players relying on only an AR &amp; sniper rifle:

infil
kill an AI with a shotgun or SMG
sniper rifle in pack
shotty or SMG supports your AR

CQB's too fast for a sniper rifle
#amwriting #CallofDuty
#DMZ #gamer #gamergirl https://t.co/eY7Dqit4Jw",**this tweet had been deleted or hidden**,1,0,3,0,0
22,1573336685957599233,"*CRAZY* Vondel SOLO TRIO 25+ KILLS | New Vondel Resurgence Map https://t.co/8ujJvH9cV5 @YouTube  

#CallofDuty #cod #gaming #mw2 #warzone #vondel",YouTube,0,1,3,1,1
23,2858720781,"RT @iMrHopkins: We Live Baby 💚

Warzone with @ajgam3z_ then some Rustin 😘

RT's and Tabs Appreciated 💚💚

@TeamAvient

#KickArmy #KickAffili…",iMrHopkins,4,0,0,0,0
24,406755401,Check it out! I am #live on #twitch once again!! Stop by the #stream at https://t.co/4YLZ8jsGrm 😁 #callofduty #mw2 #resurgence #warzone #cdl #ranked #multiplayer #searchanddestroy #affiliate #victory #snd #cod #mwii #season2,**this tweet had been deleted or hidden**,0,0,1,0,0
25,1623632734437400577,"RT @chao_yi68132: 画了（背手离
#Konig #ghost #konighost
#König
#MW2 #CallofDuty https://t.co/5oX1VDncdZ",chao_yi68132,9,0,0,0,0
26,1221378777575374851,"RT @loneghostwolf88: Reaper of Hell💀
#CallofDutyModernWarfare2 #simonghostriley #CoDGhost #CallofDuty #3DRender #Rendering #Daz3D #MWII htt…",loneghostwolf88,131,0,0,0,0
27,1657377611419467776,RT @THIRDKINGIII: 🔴HOW TO WIPE RATS🐀🐁#WARZONE #warzoneclips #MW2 #CALLOFDUTY #COD https://t.co/aTmgJE6Uqn,THIRDKINGIII,2,0,0,0,0
28,2238617096,"RT @swgchckd: 😁

#BrickByBrick | #CDL2023 https://t.co/nFgEUoEdMt",swgchckd,3,0,0,0,0
29,955687617487552513,"RT @loneghostwolf88: Reaper of Hell💀
#CallofDutyModernWarfare2 #simonghostriley #CoDGhost #CallofDuty #3DRender #Rendering #Daz3D #MWII htt…",loneghostwolf88,131,0,0,0,0
30,1573336685957599233,"LOL hes hacking #CallofDuty #cod #gaming #mw2 #warzone #vondel 

FOLLOW MY TWITCH https://t.co/MYudnjopVq",**this tweet had been deleted or hidden**,0,0,1,0,0
31,3033683303,RT @CODLeague: Thank you everyone for an incredible #CDL2023 season 🤍 https://t.co/TChS96AzpS,CODLeague,170,0,0,0,0
32,1663145191459397635,RT @cmacsmallz1: https://t.co/SeRTh0k1oB going dumb in Ashika #Warzone2 #CallofDuty,cmacsmallz1,1,0,0,0,0
33,1281098104964603912,"RT @sirwilliam431: And just like that, the 2023 MW2 season for CDL is over. Went to my second ever event and met some amazing people. Gotta…",sirwilliam431,2,0,0,0,0
34,3902302217,"RT @CODLeague: Concrete jungle where dreams are made of 🗽

@Subliners | #CDL2023 Champions https://t.co/de8wqlWvzt",CODLeague,109,0,0,0,0
35,789973233294512128,@DDayCobra @CallofDuty Activision employees are too busy raping their coworkers to tweet right now,DDayCobra,0,0,4,0,0
36,1057028683385503744,"@Activision @CallofDuty This game is a waste of space, time &amp; money, the invitation don’t even work I can’t even play a game with people I want to. All y’all do is waste time and money(the consumers $) because stripping a game of its content and relabeling it as a new game, is like me polishing a 💩",Activision,0,0,0,0,0
37,1306414845676445696,"RT @DETONATEDcom: Anyone in need of #CDL2023 reward codes? We’re giving some away!

How to enter: 
💥Like + Retweet
💥Follow @DETONATEDcom 
💥…",DETONATEDcom,28,0,0,0,0
38,1347954156531642373,"RT @artimaaaeus: ""i long to be near you... but every road leads to an end.""
---
#CallofDuty #MWII #MW2 #FarahKarim #HadirKarim https://t.co…",artimaaaeus,16,0,0,0,0
39,1645408050680037378,"RT @loneghostwolf88: Reaper of Hell💀
#CallofDutyModernWarfare2 #simonghostriley #CoDGhost #CallofDuty #3DRender #Rendering #Daz3D #MWII htt…",loneghostwolf88,131,0,0,0,0
40,580353731,"RT @TaskForceNews: First images of ‘Terminal’ and ‘Scrapyard’ MP maps for Call of Duty: Modern Warfare 3 have allegedly leaked online.

#Ca…",TaskForceNews,7,0,0,0,0
41,1661365601221132293,🙊🙊🙊🙊🙊 #CallofDuty #NintendoSwitch #DMZ https://t.co/LYMi494jSy,**this tweet had been deleted or hidden**,0,0,0,0,0
42,741728321029996544,@CallofDuty @Activision go fuck yourselves and leave the kids alone! https://t.co/pPsroIuVf8,CallofDuty,0,0,0,0,0
43,1727577612,"RT @yumecore: Ghost 🔥
#CallofDuty #MWII #MW2 #SimonGhostRiley https://t.co/4zmPTugzTD",yumecore,64,0,0,0,0
44,1244438971335282689,"@CallofDuty is trash. Hasn’t been worthy in years. Please stay woke, we have zero use for you, or @Activision .",CallofDuty,0,0,0,0,0
45,1415879481378545665,"RT @loneghostwolf88: Reaper of Hell💀
#CallofDutyModernWarfare2 #simonghostriley #CoDGhost #CallofDuty #3DRender #Rendering #Daz3D #MWII htt…",loneghostwolf88,131,0,0,0,0
46,1439613427173974020,@Activision @CallofDuty leave kids alone,Activision,0,0,0,0,0
47,801584700292820992,"RT @sirwilliam431: And just like that, the 2023 MW2 season for CDL is over. Went to my second ever event and met some amazing people. Gotta…",sirwilliam431,2,0,0,0,0
48,1727577612,"RT @alexgscod: Konig👑 commission for @/ribbitary !
Thank you so much! ❤️✨

#Konig #Konigmw2 #König #CallOfDuty #MW2 https://t.co/7js5zSVQdK",alexgscod,44,0,0,0,0
49,1195060819031019520,"And just like that, the 2023 MW2 season for CDL is over. Went to my second ever event and met some amazing people. Gotta meet my boys after long awaited and gotta meet some new ones. I can’t wait for next year and hopefully attend every event. #CDL2023 #GreenWall https://t.co/raUYHs2DIo",**this tweet had been deleted or hidden**,2,5,14,0,0
50,1660030541628940290,RT @llsmith69: Why are there no country flags but several varieties of lgbtq+ flags? Players around the world like to be proud of their cou…,llsmith69,1,0,0,0,0
51,1385441858566852615,"he def prefers cats over dogs

#konig #konigcod #mw2 #modernwarfare2 #callofduty #konigmw2 #konigfanart #wip #wipart https://t.co/1wgvXymK42",**this tweet had been deleted or hidden**,0,0,10,0,0
52,1668399784326037506,@Jok3rzHotBox @CODUpdates @Activision @CallofDuty Leave children alone,Jok3rzHotBox,0,0,1,0,0
53,990304314202587136,"RT @Talohns: I HIT THIS INSANE TRICKSHOT ON AHKDAR VILLAGE 12V12 S&amp;D!

#MWII #CODTOPPLAYS #CallofDuty 
@Activision @CallofDuty https://t.co…",Talohns,62,0,0,0,0
54,3138155694,#soapmw2 #soapmactavish #johnmactavish #ModernWarfare2 #MW2 #JohnSoapMacTavish #CallofDuty #Callofdutycosplay #Soapcosplay #kafuckingboombaby #ghostsoap #soapghost https://t.co/6RvQFuDZgr,**this tweet had been deleted or hidden**,0,0,12,0,0
55,747689538,"Battle Rifles complete ✅️
Melee + Pistols this week to tick some more off. Then it's just SMG and AR and we are on to #polyatomic
#callofduty #modernwarfare2 #mw2 #camogrind #gaming #pcgaming https://t.co/7y6Lt2lN90",**this tweet had been deleted or hidden**,0,0,2,0,0
56,985046050946867200,"RT @yumecore: Ghost 🔥
#CallofDuty #MWII #MW2 #SimonGhostRiley https://t.co/4zmPTugzTD",yumecore,64,0,0,0,0
57,1068233827,Hey @CallofDuty Why does Infinity Ward have me Blocked? https://t.co/NPhhOx0vGw,CallofDuty,0,1,0,0,0
58,1660487623448621056,RT @OriginalLeche: EZ Dubz on Ashika Island 2.0 #live #warzone2 #Callofduty #modernwarfare2 https://t.co/YQ2h0kBNcD via @YouTube Join ya Bo…,OriginalLeche,1,0,0,0,0
59,1032138564908118016,"RT @loneghostwolf88: Reaper of Hell💀
#CallofDutyModernWarfare2 #simonghostriley #CoDGhost #CallofDuty #3DRender #Rendering #Daz3D #MWII htt…",loneghostwolf88,131,0,0,0,0
60,2783287969,"RT @loneghostwolf88: beach boy Gaz 😎☀️🏝️
#CallofDutyModernWarfare2 #CoDGaz #CallofDuty #3DRender #Daz3D #MWII https://t.co/kVw0Wad5il",loneghostwolf88,171,0,0,0,0
61,1667305391686811649,RT @KentC01467605: @CallofDuty @TorontoUltra @Subliners Pedophiles at Activision need to leave kids alone,KentC01467605,1,0,0,0,0
62,1549079735078031360,"Rumors say that mw3 will include fan favorite maps such as scrapyard and terminal 
#mw3 #MW2 #CallofDuty #CallofDutyModernWarfare2 #ModernWarfare2 #LEAKS https://t.co/i35tB6hUDl",**this tweet had been deleted or hidden**,0,0,0,0,0
63,1667305391686811649,"RT @Jok3rzHotBox: @SwyftEdge @CODUpdates We need to stand up as gamers, adults, parents and stop @Activision and @CallofDuty , they are gam…",Jok3rzHotBox,1,0,0,0,0
64,1440699372929372169,"PoV: 

Me not Being on a @CODLeague Team…@DashySZN when he gets Benched. #callofduty #cdl2023 https://t.co/7WuHzOe0aE",CODLeague,0,0,1,1,0
65,746137256,"@JustTeddii I’ve tweeted @Activision @RavenSoftware @InfinityWard @CODUpdates @CallofDuty and @BeenoxCODPC a few times already so as a last resort I’m coming to you.
We would like to see tempered vests and lootable perks as ground loot in vondel. Please. Please. Please. Begging u",JustTeddii,0,0,0,0,0
66,551375175,"RT @CODLeague: Concrete jungle where dreams are made of 🗽

@Subliners | #CDL2023 Champions https://t.co/de8wqlWvzt",CODLeague,109,0,0,0,0
67,1512743231922253828,"RT @loneghostwolf88: Reaper of Hell💀
#CallofDutyModernWarfare2 #simonghostriley #CoDGhost #CallofDuty #3DRender #Rendering #Daz3D #MWII htt…",loneghostwolf88,131,0,0,0,0
68,704583568316633088,"RT @Metronome_ny: Back LIVE doing this streaming Thanggg. Come hang!
https://t.co/TrHFNyhqcl

#ranked #rankedplay #mw2 #CallofDutyModernWar…",Metronome_ny,2,0,0,0,0
69,1415321455408123906,"Back LIVE doing this streaming Thanggg. Come hang!
https://t.co/TrHFNyhqcl

#ranked #rankedplay #mw2 #CallofDutyModernWarfare2 #callofduty #cod #lfg #lookingforgroup #gaming #gamer #streaming #streamer #smallstreamers #SmallStreamersConnect #SmallStreamersConnectRT #content… https://t.co/tqh47VQEMt",**this tweet had been deleted or hidden**,2,0,2,0,0
70,950952265095041024,@ladytataedits @PlayCODMobile Normal. 🗿,PlayCODMobile,0,0,1,0,0
71,1477601636184952832,"#livenow on #twitch 🟣🟣
#CallofDuty #MW2 #MWII #ranked #grind #season4 #follow #like #retweet 

ITS @ACE_GUCCIBAYN RANKED GRIND NEW SEASON🐮♥️ FOLLOW &amp; VIBE LETS GO! VIP/MOD 4 SUBS! | !discord !socials !kick !lurk 

https://t.co/XYwOIwzVoN 👈👈",**this tweet had been deleted or hidden**,0,0,4,0,0
72,2535219720,"Okay, hear me out @CallofDuty. Add Tyler Rake (Extraction’s Chris Hemsworth) as a bundle to #MWII",CallofDuty,0,1,1,0,0
73,3300113784,@Talohns @Activision @CallofDuty 🔥🔥🔥,Talohns,1,0,2,0,0
74,3300113784,"RT @Talohns: I HIT THIS INSANE TRICKSHOT ON AHKDAR VILLAGE 12V12 S&amp;D!

#MWII #CODTOPPLAYS #CallofDuty 
@Activision @CallofDuty https://t.co…",Talohns,62,0,0,0,0
75,1660526374975680514,"RT @I_am_Mustang_: Will #WarzoneMobile support the use of controllers? 

#CallofDuty #MW2",I_am_Mustang_,1,0,0,0,0
76,434726147,@Activision @CallofDuty You spelled pedovision wrong am I right fellas..fellas?,Activision,0,0,0,0,0
77,1658155386929655810,RT @_Lyn0_444: A little something ;)  #Ghost #Ghostriley #SimonGhostRiley #simonghost #cod #callofduty #mw2 #ghostfanart #codfanart #fanart…,_Lyn0_444,130,0,0,0,0
78,2593942183,"RT @loneghostwolf88: Reaper of Hell💀
#CallofDutyModernWarfare2 #simonghostriley #CoDGhost #CallofDuty #3DRender #Rendering #Daz3D #MWII htt…",loneghostwolf88,131,0,0,0,0
79,1389212696852193280,@Activision @CallofDuty Leave children alone!!!,Activision,0,0,0,0,0
80,1668693283357474816,@Activision @CallofDuty Leave children alone.,Activision,0,0,0,0,0
81,868975575565783040,"RT @CODLeague: Concrete jungle where dreams are made of 🗽

@Subliners | #CDL2023 Champions https://t.co/de8wqlWvzt",CODLeague,109,0,0,0,0
82,1395422430177468420,@Activision @CallofDuty Leave children alone!,Activision,0,0,0,0,0
83,956402256613552128,"『COD:MWⅡ』ヴォンデルでシークレットチャレンジ完了したらトンファーの設計図もらえるみたいだぞ。ショットガンはマジ使いやすさが向上したな。
https://t.co/cXMrFsqUFR

#COD #コールオブデューティ #callofduty #CODMW2 #MW2 #CoDMWII #DMZ #warzone2 #ニクト #Nikto #シーズン4 #トンファー https://t.co/bsvxuS74fr",**this tweet had been deleted or hidden**,0,0,2,0,0
84,803668074176118784,"RT @lazaruskiller: i lob them.

💗 #ghost #könig #simonriley #simonghostriley #konig #Koenigmw2 #ghostmw2 #MWII #mw2 #3drender #callofduty #…",lazaruskiller,74,0,0,0,0
85,1659124660229767170,RT @Diirtyducky: MWII beta Third Person Moshpit @CallofDuty @MWIIgaming #callofdutybeta #codbeta #mwii #mw2 https://t.co/qYglSmZTmW,Diirtyducky,4,0,0,0,0
86,1660288486027427842,RT @nolackin_armiig: Warzone 2 Longest Snipe EVER 😮‍💨 #callofduty #cod #warzone2 #warzone #ni... https://t.co/RMpXMuhby6 via @YouTube #Warz…,nolackin_armiig,1,0,0,0,0
87,168208793,"RT @VixensLeague: We have a couple of teams looking for Substitute Players to complete their rosters! 

Please contact us for more informat…",VixensLeague,3,0,0,0,0
88,1203592327970934784,"@HusKerrs I'm in disbelief.

I've preordered #MWII and THIS is how you treat the M&amp;K community?!

Say goodbye to me preordering OR BUYING MWIII untill you give M&amp;K players some ducking respect.

Enough is enough!

@Activision @CallofDuty @InfinityWard @RavenSoftware",HusKerrs,0,1,1,0,0
