,author_id,text,username,retweet,reply,like,quote,bookmark
0,1405063685064859650,RT @TheWeddeess: #Ghost #mw2 #CallofDuty https://t.co/XmRwan0G18,TheWeddeess,497,0,0,0,0
1,1481148343397101571,"RT @michelekoi: Kitty Ghost: ah mimir

#ghost #SimonGhostRiley #SimonRiley #cat #kitty #cod #codfanart #mw2 #mwii #callofduty #ModernWarfar…",michelekoi,43,0,0,0,0
2,1631170838350422016,"RT @AmikoRoyAi: I love the hc that Ghost is always cold and Soap is a living furnace 🥺

#soapghost #ghostsoap #MWII #callofduty https://t.c…",AmikoRoyAi,1313,0,0,0,0
3,1033905905170046976,"RT @AmikoRoyAi: Caught flirting on a mission 😮

#ghostsoap #soapghost #callofduty #MWII https://t.co/GzGu0N9vQL",AmikoRoyAi,475,0,0,0,0
4,284092127,RT @Journnen: Ghost and Soap on their drive to Alejandro’s safe house after the Alone mission. These two probably hadn’t gotten much sleep…,Journnen,661,0,0,0,0
5,1190416758492008449,"RT @WhosGat: NEW SHORT 😂

#CallofDuty
#Warzone2

https://t.co/Tc39VuJsyh",WhosGat,1,0,0,0,0
6,1633792798473220098,RT @TheWeddeess: #Ghost #mw2 #CallofDuty https://t.co/XmRwan0G18,TheWeddeess,497,0,0,0,0
7,1605352492455276545,"All bundles that only available/exclusive for Warzone Mobile.

#CallofDuty #CoDMobile #CODm #MWII #Warzone2 #DMZ #Activision #WarzoneMobile #Farlight84 #XDefiant #MobileGame #PUBGMOBILE https://t.co/x5zTuuiUnG",**this tweet had been deleted or hidden**,0,0,2,1,0
8,1098546303703879680,RT @TheWeddeess: #Ghost #mw2 #CallofDuty https://t.co/XmRwan0G18,TheWeddeess,497,0,0,0,0
9,896757855356932096,"RT @zpljajaja: #COD #MW2 #CallofDuty #Konig
🫰💕 https://t.co/gqCTBnpjCw",zpljajaja,230,0,0,0,0
10,1221908199164588032,"RT @GreyFromYoutube: 🚨NEW VIDEO! 
This Tracer Pack has a cool Reactive Effect when the trigger is held down
https://t.co/CeIzP3LX3w……",GreyFromYoutube,2,0,0,0,0
11,3302774738,"RT @CODLeague: STAND CLEAR OF THE GREATEST COD PLAYERS IN THE WORLD 🏆

@Subliners ARE YOUR #CDL2023 CHAMPIONS!

@CesarSkyz | @HyDrAnml | @P…",CODLeague,1081,0,0,0,0
12,1412316520802185217,"RT @KhaosCC: My preferred ROSTER for ATL FAZE

Celluim 
ABEZY
SIMP
gunless/DASHY(from OPTIC)/ Dan GHOSTY(from OPTIC)

#CDL2023",KhaosCC,1,0,0,0,0
13,284092127,"RT @AmikoRoyAi: I love the hc that Ghost is always cold and Soap is a living furnace 🥺

#soapghost #ghostsoap #MWII #callofduty https://t.c…",AmikoRoyAi,1313,0,0,0,0
14,1412591633032486921,"NEW SHORT 😂

#CallofDuty
#Warzone2

https://t.co/Tc39VuJsyh",**this tweet had been deleted or hidden**,1,0,4,0,0
15,1068525920,"RT @zpljajaja: #COD #MW2 #CallofDuty #Konig
🫰💕 https://t.co/gqCTBnpjCw",zpljajaja,230,0,0,0,0
16,1641830802542706688,"RT @zpljajaja: #COD #MW2 #CallofDuty #Konig
🫰💕 https://t.co/gqCTBnpjCw",zpljajaja,230,0,0,0,0
17,1604239631452700673,"RT @zpljajaja: #COD #MW2 #CallofDuty #Konig
🫰💕 https://t.co/gqCTBnpjCw",zpljajaja,230,0,0,0,0
18,1673464812280455171,#Gameplay #Warzone2 https://t.co/nCPUI1SX6c,**this tweet had been deleted or hidden**,0,0,1,0,0
19,2468213958,"@tennek127 @CallofDuty @PlayCODMobile @XboxP3 @Activision Honestly dude…if Fortnite, APEX and DOOM and other top tier shooters can be on Switch there’s no reason to put a fully fledged CoD game on Switch. Not CoD mobile…just put CoD or WZ on it. It could run it.",tennek127,0,2,0,0,0
20,1368349485647151111,@BradCha50678537 Aye that’s what’s up bro I been grinding DMZ on mw2 lmfao,BradCha50678537,0,0,0,0,0
21,1044880064490491905,"Come watch my stream if you enjoy watching call of duty ranked gameplay                                                  https://t.co/8sCSuNqNQY
#CallofDuty #smallstreamer #KickStreamer #FPS #Competitive #MWII
@CallofDuty
@CODUpdates
@Kick
@KickSdvertise
@TeamAdxptLLC",CallofDuty,0,0,0,0,0
22,1546356070557224962,@lojakk @PlayCODMobile @RealBobbyPlays @HawksNest @Ferg @TheNoahSunday I sent it Boss 👍,lojakk,0,0,2,0,0
23,1398898398200217600,"RT @loneghostwolf88: 4th entry of the beach boy series - König ☀️🏝️👑
#CallofDutyModernWarfare2 #CoDKönig #CallofDuty #3DRender #Rendering #…",loneghostwolf88,152,0,0,0,0
24,863280404043780096,IM LIVE ON MW II AND WARZONE2 ALMOST AT 806 / 850 LETS GET IT #MWII #ModernWarfare2 #CallofDuty #CallofDutyModernWarfareII #streamer #YouTube #YouTuber #youtubechannel #smallstreamer #CallofDutyModernWarfareII #CJ #YouTubeGaming https://t.co/8wtcTQxD0u,**this tweet had been deleted or hidden**,0,0,2,0,0
25,1479531028763103234,"RT @ToxicRoxic: Patiently* waiting for a blackcell König skin 🤔

*: frothing at mouth, chattering teeth, biting civilians
#CallofDuty #Köni…",ToxicRoxic,400,0,0,0,0
26,1619127870290366464,RT @TheWeddeess: #Ghost #mw2 #CallofDuty https://t.co/XmRwan0G18,TheWeddeess,497,0,0,0,0
27,1640114000728842240,"RT @Coruja3571: GHOST (Actual MW2 Outfit)

#garrysmod #gmod #digitalart #art #3drender #artwork #sourceart #military #tactical #CallofDuty…",Coruja3571,42,0,0,0,0
28,1542939170452213760,RT @Dougfunnnys: Slow &amp; STEADY! #CallofDuty #warzonemobile #Warzone2 #warzoneclips https://t.co/dkryCqjpiE,Dougfunnnys,4,0,0,0,0
29,1345117106996707328,solo queue Warzone ranked :) https://t.co/Tai1Mhd5nj via @YouTube #YouTube #fyp #Trending #Warzone2 #WarzoneRanked #CallofDuty #PS5 #Twitch #TwitchStreamers #warzonesemipro #JesusSaves ❤️ #gaming #youtubechannel #MW2,YouTube,0,0,3,1,0
30,1006679810221867008,RT @balisonqs: This dude is stealing people’s art. If you see your art on this profile feel free to DMCA it since they’re claiming they mad…,balisonqs,54,0,0,0,0
31,770262372,@PlayCODMobile y’all need to fix your game asap I’ve tried multiple guns &amp; none of my bullets are effective yet my opponent can kill me with 3 bullets,PlayCODMobile,0,0,0,0,0
32,1427171542534819842,"RT @michelekoi: MORE TREATS - by Kitty!Ghost

#Kitty #cat #ghost #SimonGhostRiley #SimonRiley #cod #fanart #funny #catmeme #food #mw2 #mwii…",michelekoi,9,0,0,0,0
33,1427697809327894535,"RT @zpljajaja: #COD #MW2 #CallofDuty #Konig
🫰💕 https://t.co/gqCTBnpjCw",zpljajaja,230,0,0,0,0
34,1640114000728842240,"RT @michelekoi: Kitty Ghost: ah mimir

#ghost #SimonGhostRiley #SimonRiley #cat #kitty #cod #codfanart #mw2 #mwii #callofduty #ModernWarfar…",michelekoi,43,0,0,0,0
35,2523688776,"RT @alexgscod: SoapGhost 🧼🖤💀 commission for @/s0aPING!
Thank you! ❤️

#SoapGhost #GhostSoap #CallOfDuty #MW2 https://t.co/4JxxtHXbeA",alexgscod,230,0,0,0,0
36,1191170971249590273,"LIVE NOW ON @KickStreaming✅ 

K I C K . C O M / I N S P I T H

https://t.co/NEQHoE2Nyx

#warzone #warzone2 #ashikaisland #mw2 #callofduty #gaming #streamer #streamerthings #inspith

@Trainwreckstv @StakeEddie https://t.co/2qIkuoSD11",KickStreaming,0,0,2,0,0
37,75226425,"If you want sweat city, crazy dance moves and all the vergas. Go watch this man's stream right here. Catch him on @KickStreaming tonight. #KickStreamers #KickStreaming #kick #live #MondayMotivation #CallofDuty #Warzone2 #StreamerCommunity #SubscribeNow https://t.co/iYw4Mqzv5p",KickStreaming,0,1,4,0,0
38,1370928439113482240,RT @TheWeddeess: #Ghost #mw2 #CallofDuty https://t.co/XmRwan0G18,TheWeddeess,497,0,0,0,0
39,1437560134151118848,"I have a mini obsession with them 

#soapghost #soapmw2 #mw2 #codmw2 #callofduty #modernwarfare2 #ghostsoap #simonriley #simonghostriley #fanart #sketch https://t.co/Smrx33wj7p",**this tweet had been deleted or hidden**,0,0,31,0,0
40,1246455816552509445,"RT @loneghostwolf88: Render nr. 2 👀
#CallofDutyModernWarfare2 #CodGhost #CodSoap #CallofDuty #3DRender #Rendering #MWII https://t.co/ftI5IW…",loneghostwolf88,180,0,0,0,0
41,1479531028763103234,"RT @zpljajaja: #COD #MW2 #CallofDuty #Konig
🫰💕 https://t.co/gqCTBnpjCw",zpljajaja,230,0,0,0,0
42,1536103298415075328,"RT @loneghostwolf88: Inspired by the movie Braveheart , I made this render of Soap 👀 
(render nr. 1) 
#CallofDutyModernWarfare2 #CodGhost #…",loneghostwolf88,178,0,0,0,0
43,1231158146330062848,RT @TheWeddeess: #Ghost #mw2 #CallofDuty https://t.co/XmRwan0G18,TheWeddeess,497,0,0,0,0
44,1606453263028592640,"Money Nade 💰

NEW VIDEO OUT NOW LINK IN BIO‼
.
.
.
.
.
#explore #explorepage #cod #callofduty #modernwarfare #modernwarfare2 #warzone #warzone2 https://t.co/44212bk7uE",**this tweet had been deleted or hidden**,0,0,0,0,0
45,866141814880956417,"RANKED CON USTEDES PAPITIN@S!!! 
.
.
.
#callofduty #callofdutymodernwarfare #warzone2 #bigpapaupa #nasstplays #nasstclips #twitch #twitchtv #twitchaffiliates #twitchstreamer #facebookgaming #kick #ticktok #ig #discord #chef #chefgamer 

https://t.co/tdpmVKZkHN",**this tweet had been deleted or hidden**,0,0,0,0,0
46,1436147072001089540,"#live #Cod #warzone2 #mw2 #Resurgence #fps #squads or #solo #multiplayer #gameplay
#Show #support by #Follow #Subscribe to my #twitch #youtube
Much Appreciated!
https://t.co/pMD5D2n9rx

https://t.co/9ORFycJ0ID",**this tweet had been deleted or hidden**,0,0,0,0,0
47,2581121114,"RT @UpperDeckEsprts: The #CDL2023 Major V Game Dated Moments will be available on Upper Deck e-Pack tomorrow, June 27th at 12:00pm PT! 8 ne…",UpperDeckEsprts,3,0,0,0,0
48,1235271677593784320,"My preferred ROSTER for ATL FAZE

Celluim 
ABEZY
SIMP
gunless/DASHY(from OPTIC)/ Dan GHOSTY(from OPTIC)

#CDL2023",**this tweet had been deleted or hidden**,1,2,3,0,0
49,2331336396,"The perfect map for #zombies definitely would be #building21 in #warzone2 #DMZ. Imagine the map with rubble/debris/crates blocking pathways and doors. Flickering lights, with blood stained walls, pitch black areas you need NVG's for. Having to look for viral samples, the ""cure""-",**this tweet had been deleted or hidden**,0,1,0,0,0
50,788162726925185024,"RT @MrXylax: 💀🧼
#MW2 #MWII #ghost #soap #ghostsoap #callofduty https://t.co/4k5UeK0Tfx",MrXylax,844,0,0,0,0
51,1615108067867361282,"RT @michelekoi: Kitty Ghost: ah mimir

#ghost #SimonGhostRiley #SimonRiley #cat #kitty #cod #codfanart #mw2 #mwii #callofduty #ModernWarfar…",michelekoi,43,0,0,0,0
52,1586117373244882944,"RT @FlickiTuts: Izanami's alt skin lookin hella 😳

#izanami #MWII #ModernWarfare2 #Warzone2 #warzone #CallofDutyModernWarfare2 #CallofDuty…",FlickiTuts,24,0,0,0,0
53,2783287969,"RT @loneghostwolf88: Inspired by the movie Braveheart , I made this render of Soap 👀 
(render nr. 1) 
#CallofDutyModernWarfare2 #CodGhost #…",loneghostwolf88,178,0,0,0,0
54,1407861361607073793,"RT @MrXylax: 💀🧼
#MW2 #MWII #ghost #soap #ghostsoap #callofduty https://t.co/4k5UeK0Tfx",MrXylax,844,0,0,0,0
55,1231999108619083776,"RT @zpljajaja: #COD #MW2 #CallofDuty #Konig
🫰💕 https://t.co/gqCTBnpjCw",zpljajaja,230,0,0,0,0
56,956402256613552128,"『COD:MWⅡ』クンストナー・ディストリクトはシュートに並ぶ神マップ！ロックウッド300はちゃんと狙えば強いな。ハンドガンのロングショット。
https://t.co/akuZ99JF6i

#COD #コールオブデューティ #callofduty #CODMW2 #MW2 #CoDMWII #DMZ #warzone2 #ニクト #クンストナー https://t.co/suPdgQLa38",**this tweet had been deleted or hidden**,0,0,0,0,0
57,1239084959706439685,RT @balisonqs: This dude is stealing people’s art. If you see your art on this profile feel free to DMCA it since they’re claiming they mad…,balisonqs,54,0,0,0,0
58,2328978614,"RT @zpljajaja: #COD #MW2 #CallofDuty #Konig
🫰💕 https://t.co/gqCTBnpjCw",zpljajaja,230,0,0,0,0
59,1254019203398602753,"RT @zpljajaja: #COD #MW2 #CallofDuty #Konig
🫰💕 https://t.co/gqCTBnpjCw",zpljajaja,230,0,0,0,0
60,1546213014357016577,"RT @zpljajaja: #COD #MW2 #CallofDuty #Konig
🫰💕 https://t.co/gqCTBnpjCw",zpljajaja,230,0,0,0,0
61,1284767465906548741,RT @CODE4Vets: Dropping into @CallofDuty #MW2 Season 4? Show your support for veterans by picking up the #CODEValkyriePack. Proceeds go dir…,CODE4Vets,9,0,0,0,0
62,2783287969,"RT @loneghostwolf88: Render nr. 2 👀
#CallofDutyModernWarfare2 #CodGhost #CodSoap #CallofDuty #3DRender #Rendering #MWII https://t.co/ftI5IW…",loneghostwolf88,180,0,0,0,0
63,845230021241270273,"MW2はShipment とDMZくらいしか
まともにやって無いから
通常マップの立ち回り方忘れた。",**this tweet had been deleted or hidden**,0,1,1,0,0
64,978753396743208960,Activision is trying literally every way to get people on MW2 https://t.co/FdcwGDHS4h,**this tweet had been deleted or hidden**,0,0,0,0,0
65,1200676600808923136,RT @TheWeddeess: #Ghost #mw2 #CallofDuty https://t.co/XmRwan0G18,TheWeddeess,497,0,0,0,0
66,1216916899851853826,Give me that ace!#mw2 #rankedplay #gaming #cdl #CallofDuty https://t.co/v8h3txfdwl,**this tweet had been deleted or hidden**,0,0,2,0,0
67,1010847187675295744,"RT @MrXylax: 💀🧼
#MW2 #MWII #ghost #soap #ghostsoap #callofduty https://t.co/4k5UeK0Tfx",MrXylax,844,0,0,0,0
68,831525224839467008,"RT @zpljajaja: #COD #MW2 #CallofDuty #Konig
🫰💕 https://t.co/gqCTBnpjCw",zpljajaja,230,0,0,0,0
69,1567299066350161921,"RT @michelekoi: Kitty Ghost: ah mimir

#ghost #SimonGhostRiley #SimonRiley #cat #kitty #cod #codfanart #mw2 #mwii #callofduty #ModernWarfar…",michelekoi,43,0,0,0,0
70,755614008107859968,"RT @MrXylax: 💀🧼
#MW2 #MWII #ghost #soap #ghostsoap #callofduty https://t.co/4k5UeK0Tfx",MrXylax,844,0,0,0,0
71,777568333537345537,"RT @UpperDeckEsprts: The #CDL2023 Major V Game Dated Moments will be available on Upper Deck e-Pack tomorrow, June 27th at 12:00pm PT! 8 ne…",UpperDeckEsprts,3,0,0,0,0
72,1013415203374010368,"@vanessa_step @BlazedRTs @sme_rt @TTVPromo @KickStreamsLive @rtsmallstreams @SupStreamersRt @promo_streams @StreamersRT1 ☢️🎥🕹️My COD sniping montage Mikedasniper Ep.3 is out on @YouTube click this link ➡️ https://t.co/aUNmKv5ZnT
  ⬅️ check it out🔥#Subscribe  #Like #warzone2 #MWII #Gameplay #CallOfDutyWarzone2 #Resurgence   #Ashikalsland #LinkinBio 🔗",vanessa_step,0,0,0,0,0
73,82881285,"THIS 1V1 IN RESURGENCE WAS FUNNY HE WAS TOO COCKY (Call Of Duty Warzone ... https://t.co/SugTJF0dGe via @YouTube #CallofDutyModernWarfare2 #CallofDuty #Warzone2 #MW2 #ContentCreator #YouTube
https://t.co/T3Ig0rPJ0a",YouTube,0,0,0,0,0
74,4101108675,RT @ZdawgYT: what time should i post on youtube? #mw2 #callofduty,ZdawgYT,3,0,0,0,0
75,1500832762353311744,"🔴RANKED PLAY TIME!
https://t.co/RWdWdqN3Sp

@KickStreaming @KickStreamsLive

#KickAffiliate #kickstream #KickStreamers #KickStreaming
#STREAMER #LiveStreaming #callofduty #ModernWarfare2 #MW2",KickStreaming,0,0,2,0,0
76,1186119574669942784,"RT @HellishDraws: In honour of pride month and brainrot… Here is some Trans Soap 🧼🏳️‍⚧️ sending some.. photos to a certain someone 🫦
#Ghost…",HellishDraws,527,0,0,0,0
77,1022141717787504640,"RT @loneghostwolf88: Render nr. 2 👀
#CallofDutyModernWarfare2 #CodGhost #CodSoap #CallofDuty #3DRender #Rendering #MWII https://t.co/ftI5IW…",loneghostwolf88,180,0,0,0,0
78,1614954079557386241,@AliasSoHotFr @PlayCODMobile Same LMAO 💀💀,AliasSoHotFr,0,0,0,0,0
79,1091685721914564608,RT @GhostSimon2040: 💀🧼 #MW2 #MWII #ghost #soap #ghostsoap #callofduty https://t.co/KcRpE2qf9v,GhostSimon2040,149,0,0,0,0
80,2328978614,"RT @loneghostwolf88: Render nr. 2 👀
#CallofDutyModernWarfare2 #CodGhost #CodSoap #CallofDuty #3DRender #Rendering #MWII https://t.co/ftI5IW…",loneghostwolf88,180,0,0,0,0
81,947012264636309504,"RT @Roots_esports: 🏆ROOTS  SUMMER🏆

第２報チェックしてください🔥

📆スケジュール    7/21～23 

💡エントリー期間  7/14 23:59迄  

✍大会概要・規約・エントリー等https://t.co/AkI5inTWJZ…",Roots_esports,63,0,0,0,0
82,1553921054476832769,RT @GhostSimon2040: 💀🧼 #MW2 #MWII #ghost #soap #ghostsoap #callofduty https://t.co/KcRpE2qf9v,GhostSimon2040,149,0,0,0,0
83,1443767646655336449,RT @RealHamOnWry: When you spent way too much time looting and didn't pay attention to the storm. #CallofDuty #WarZone2 https://t.co/l7J6TN…,RealHamOnWry,5,0,0,0,0
84,1493370268294680577,"RT @loneghostwolf88: Inspired by the movie Braveheart , I made this render of Soap 👀 
(render nr. 1) 
#CallofDutyModernWarfare2 #CodGhost #…",loneghostwolf88,178,0,0,0,0
85,1105571764665548800,"MWII 
Weapon Mastery Challenge 
66/67    
ISO-45 ✅ 
#MW2 #Callofduty #Ao1Squad #Ao1 #Orion #WeaponMastery #Grandmastery #callofdutyes #ISO45 https://t.co/p4USPOnFrm",**this tweet had been deleted or hidden**,0,0,0,0,0
86,1509801200648359938,@LadyTataQueen @PlayCODMobile I really thought that it was Cipher at first place because its more suitable as him in that skin 💀,LadyTataQueen,0,1,1,0,0
87,1564553863335743490,"RT @FlickiTuts: Izanami's alt skin lookin hella 😳

#izanami #MWII #ModernWarfare2 #Warzone2 #warzone #CallofDutyModernWarfare2 #CallofDuty…",FlickiTuts,24,0,0,0,0
88,1260811586236633088,"RT @loneghostwolf88: Inspired by the movie Braveheart , I made this render of Soap 👀 
(render nr. 1) 
#CallofDutyModernWarfare2 #CodGhost #…",loneghostwolf88,178,0,0,0,0
89,1298846831183450112,"The #CDL2023 Major V Game Dated Moments will be available on Upper Deck e-Pack tomorrow, June 27th at 12:00pm PT! 8 new moments, plus a new Achievement Auto if you collect and redeem all 8 moments!
More information here: https://t.co/4ceAafVs0l https://t.co/BdC9LUXov1",**this tweet had been deleted or hidden**,3,1,12,1,1
90,1673453607553998848,"RT @aceCIT0: 12 piece win on #Vondel w/ randoms &amp; somebody else's guns. Time to play Diablo 4.

#COD #CODWZ #CODWZ2 #CallOfDuty #ModernWarf…",aceCIT0,2,0,0,0,0
91,1376964570569408519,RT @TheWeddeess: #Ghost #mw2 #CallofDuty https://t.co/XmRwan0G18,TheWeddeess,497,0,0,0,0
92,2959045650,".@CrashBandicoot [ESRB: EVERYONE 10+] is back with #CrashTeamRumble, featuring all-new 4v4 online multiplayer rumble. See all the action to come in Season 1! Available now! @Activision 

Don’t forget to pick up the new Crash Team Rumble bundle in Call of Duty #MWII &amp; #Warzone. https://t.co/dEffDEFfBj",CrashBandicoot,0,0,0,0,0
93,1111451705642647553,"RT @alexgscod: Oral fixation is so real between these two 😊💀🧼
(NSFW + variants: ✨ https://t.co/hR07OfXbF3 ✨)

#GhostSoap #SoapGhost #CallOf…",alexgscod,73,0,0,0,0
94,1493370268294680577,"RT @loneghostwolf88: Render nr. 2 👀
#CallofDutyModernWarfare2 #CodGhost #CodSoap #CallofDuty #3DRender #Rendering #MWII https://t.co/ftI5IW…",loneghostwolf88,180,0,0,0,0
95,989845448922820609,"RT @loneghostwolf88: Render nr. 2 👀
#CallofDutyModernWarfare2 #CodGhost #CodSoap #CallofDuty #3DRender #Rendering #MWII https://t.co/ftI5IW…",loneghostwolf88,180,0,0,0,0
96,1282211960453398528,"RT @Roots_esports: 🏆ROOTS  SUMMER🏆

第２報チェックしてください🔥

📆スケジュール    7/21～23 

💡エントリー期間  7/14 23:59迄  

✍大会概要・規約・エントリー等https://t.co/AkI5inTWJZ…",Roots_esports,63,0,0,0,0
97,732749402419417088,"RT @alexgscod: Oral fixation is so real between these two 😊💀🧼
(NSFW + variants: ✨ https://t.co/hR07OfXbF3 ✨)

#GhostSoap #SoapGhost #CallOf…",alexgscod,73,0,0,0,0
98,1629260531365466112,RT @TheWeddeess: #Ghost #mw2 #CallofDuty https://t.co/XmRwan0G18,TheWeddeess,497,0,0,0,0
99,1597584191201619968,RT @TheWeddeess: #Ghost #mw2 #CallofDuty https://t.co/XmRwan0G18,TheWeddeess,497,0,0,0,0
