,text,author_id,username,retweet,reply,like,quote,bookmark
0,"RT @alexgscod: SoapGhost 🧼🖤💀 commission for @/s0aPING!
Thank you! ❤️

#SoapGhost #GhostSoap #CallOfDuty #MW2 https://t.co/4JxxtHXbeA",1619721033153662976,alexgscod,230,0,0,0,0
1,"RT @a_secret_mf: Twitter Fics Pt. 8

Pretty perfect Simon Riley is a barracks bunny during his sergeant days

Part Two

⚠️NSFW⚠️

tags: #so…",4881635013,a_secret_mf,15,0,0,0,0
2,RT @MrTLexify: Favela Coming to MWII Leaked Gameplay https://t.co/N0G3FPG63I,742224117470896129,MrTLexify,1324,0,0,0,0
3,@MushySoul @PlayCODMobile @ATVIAssist It's not easy waiting for developers for over 2 months without getting any fix why not send a direct message  to zenith_fixx1 on Instagram for help they helped me fixed mine thank me later,1670951787103133697,MushySoul,0,0,0,0,0
4,RT @MrTLexify: Favela Coming to MWII Leaked Gameplay https://t.co/N0G3FPG63I,3078963011,MrTLexify,1324,0,0,0,0
5,"RT @Pooch3255: Tonight’s HYPE!!!
2v2’sDay time, 2v2 Tourney stream starts at 6p central exclusively at:
https://t.co/Qky7A8X6Ug
Let’s Get i…",717487503373107201,Pooch3255,4,0,0,0,0
6,"RT @Pooch3255: Tonight’s HYPE!!!
2v2’sDay time, 2v2 Tourney stream starts at 6p central exclusively at:
https://t.co/Qky7A8X6Ug
Let’s Get i…",36015370,Pooch3255,4,0,0,0,0
7,The boys chat after a Vondel sesh: #vondel #warzone #warzone2 #callofduty https://t.co/5raHTj78RA,1362779599864819715,**this tweet had been deleted or hidden**,0,0,2,0,0
8,RT @MrTLexify: Favela Coming to MWII Leaked Gameplay https://t.co/N0G3FPG63I,430790089,MrTLexify,1324,0,0,0,0
9,"RT @itsamustikas: He drinks Bourbon.. 
(you know how this goes)
#MW2 #MWII #CallofDuty #Ghost #SimonRiley #Kentucky https://t.co/QdHdYdoA6Q",1375819838740955137,itsamustikas,559,0,0,0,0
10,RT @MrTLexify: Favela Coming to MWII Leaked Gameplay https://t.co/N0G3FPG63I,967055547659931648,MrTLexify,1324,0,0,0,0
11,RT @MrTLexify: Favela Coming to MWII Leaked Gameplay https://t.co/N0G3FPG63I,946789444744384513,MrTLexify,1324,0,0,0,0
12,"RT @FatKidDeals: Giveaway Time!!

We are giving away a copy of Call of Duty MW2 for either PS5/Xbox AND a 1 Year subscription Xbox/PSN!

Ru…",780809515,FatKidDeals,5146,0,0,0,0
13,"RT @yumecore: Eyes edited by Pogidoow on Tumblr *-* 
Check her out for more!
https://t.co/tQgyrX9tEk
#CallofDuty #König #MWII #MW2 https://…",2328978614,yumecore,34,0,0,0,0
14,RT @661ave: 👑 #CallofDuty #MWII #König #Konig https://t.co/XUd07qUbHq,1156445527577260038,661ave,472,0,0,0,0
15,"RT @CallofDuty: SEASON 04 IS HERE. Vondel, increased health in Warzone, new MP maps, Battle Pass and so much more 🔥 

Stand above the rest…",3369164157,CallofDuty,312,0,0,0,0
16,RT @MrTLexify: Favela Coming to MWII Leaked Gameplay https://t.co/N0G3FPG63I,1233930948812693505,MrTLexify,1324,0,0,0,0
17,RT @MrTLexify: Favela Coming to MWII Leaked Gameplay https://t.co/N0G3FPG63I,1525530696319655938,MrTLexify,1324,0,0,0,0
18,RT @MrTLexify: Favela Coming to MWII Leaked Gameplay https://t.co/N0G3FPG63I,1250022962293542913,MrTLexify,1324,0,0,0,0
19,RT @MrTLexify: Favela Coming to MWII Leaked Gameplay https://t.co/N0G3FPG63I,1011526537,MrTLexify,1324,0,0,0,0
20,RT @MrTLexify: Favela Coming to MWII Leaked Gameplay https://t.co/N0G3FPG63I,1084504032,MrTLexify,1324,0,0,0,0
21,RT @CoDIntelES: El paquete temático de Crash Bandicoot ya está disponible en #MWII &amp; #Warzone — en festejo del lanzamiento de Team Rumble.…,1357261634637615105,CoDIntelES,18,0,0,0,0
22,RT @MrTLexify: Favela Coming to MWII Leaked Gameplay https://t.co/N0G3FPG63I,1053425718733033474,MrTLexify,1324,0,0,0,0
23,"RT @CallofDuty: An action-packed weekend featuring new Season 04 maps is ahead. Enjoy #MWII Multiplayer for free starting June 22 📆 

Get t…",1670689688108277761,CallofDuty,241,0,0,0,0
24,"RT @CallofDuty: The writing is on the walls - 2XP is coming 🎨

Earn Double Player, Weapon, and Battle Pass XP in Call of Duty #Warzone and…",1017690546301816832,CallofDuty,185,0,0,0,0
25,RT @MrTLexify: Favela Coming to MWII Leaked Gameplay https://t.co/N0G3FPG63I,553454267,MrTLexify,1324,0,0,0,0
26,RT @MrTLexify: Favela Coming to MWII Leaked Gameplay https://t.co/N0G3FPG63I,1567022112,MrTLexify,1324,0,0,0,0
27,RT @MrTLexify: Favela Coming to MWII Leaked Gameplay https://t.co/N0G3FPG63I,911352486660853762,MrTLexify,1324,0,0,0,0
28,RT @MrTLexify: Favela Coming to MWII Leaked Gameplay https://t.co/N0G3FPG63I,1184906736395796480,MrTLexify,1324,0,0,0,0
29,RT @MrTLexify: Favela Coming to MWII Leaked Gameplay https://t.co/N0G3FPG63I,1462145408717623298,MrTLexify,1324,0,0,0,0
30,RT @MrTLexify: Favela Coming to MWII Leaked Gameplay https://t.co/N0G3FPG63I,1585052250270998529,MrTLexify,1324,0,0,0,0
31,3️⃣6️⃣💣 #warzone2 #callofduty https://t.co/tZ6wFDpimG,61913549,**this tweet had been deleted or hidden**,0,1,2,0,0
32,RT @661ave: 👑 #CallofDuty #MWII #König #Konig https://t.co/XUd07qUbHq,1645370110910287874,661ave,472,0,0,0,0
33,new wendigoon video to play in the backround of my MW2 gameplay like subway surfers on tiktok,1493047656452706306,**this tweet had been deleted or hidden**,0,0,0,0,0
34,RT @661ave: 👑 #CallofDuty #MWII #König #Konig https://t.co/XUd07qUbHq,1645912886085025792,661ave,472,0,0,0,0
35,RT @MrTLexify: Favela Coming to MWII Leaked Gameplay https://t.co/N0G3FPG63I,2824849974,MrTLexify,1324,0,0,0,0
36,RT @MrTLexify: Favela Coming to MWII Leaked Gameplay https://t.co/N0G3FPG63I,1062841288641392641,MrTLexify,1324,0,0,0,0
37,RT @MrTLexify: Favela Coming to MWII Leaked Gameplay https://t.co/N0G3FPG63I,1438268071492395020,MrTLexify,1324,0,0,0,0
38,RT @MrTLexify: Favela Coming to MWII Leaked Gameplay https://t.co/N0G3FPG63I,365926391,MrTLexify,1324,0,0,0,0
39,RT @NMStateEsports: This past weekend the Aggies made an appearance at #CDLChamps in Las Vegas! It was an amazing event and a great time se…,1559978832,NMStateEsports,5,0,0,0,0
40,RT @661ave: 👑 #CallofDuty #MWII #König #Konig https://t.co/XUd07qUbHq,626009950,661ave,472,0,0,0,0
41,"Day #24 of asking @Activision and @ATVIAssist to look into the mass spam reports causing shadowbans in MWII and warzone 2. @CODUpdates  @RavenSoftware @InfinityWard @CallofDuty @CallofDutyUK @COD_Esports @Activision
@ATVI_AB @ATVIAssist @Treyarch @HighMoonStudios @BeenoxCODPC… https://t.co/NxaEBA6uap",2400957103,Activision,0,11,2,7,0
42,RT @MrTLexify: Favela Coming to MWII Leaked Gameplay https://t.co/N0G3FPG63I,937488617571868673,MrTLexify,1324,0,0,0,0
43,RT @MrTLexify: Favela Coming to MWII Leaked Gameplay https://t.co/N0G3FPG63I,1167309807008673792,MrTLexify,1324,0,0,0,0
44,"Got the opps upset in Warzone! 😂

#explore #explorepage #viral #gaming #gamer #cod #callofduty #mw2 #modernwarfare2 #ranked #rankedplay #warzone #wz #clips #twitchstreamer #streamer

Instagram: iDamajae
Tik Tok: iDamajae
Youtube: iDamajae
Twitch: iDamajae https://t.co/zKyS7vPaRo",1415590785215500290,**this tweet had been deleted or hidden**,0,0,0,0,0
45,@ModernWarzone Oh right but they couldn't do it for the mw2 of 2022. Pathetic? Or lazy? Just plain old Activision trying to force you to buy the next one. Greedy ducks,18291982,ModernWarzone,0,0,0,0,0
46,"RT @CallofDuty: An action-packed weekend featuring new Season 04 maps is ahead. Enjoy #MWII Multiplayer for free starting June 22 📆 

Get t…",1240900080338718720,CallofDuty,241,0,0,0,0
47,@OptronYT @PlayCODMobile Might come next season 👀,1418935080655933450,OptronYT,0,1,2,0,0
48,RT @MrTLexify: Favela Coming to MWII Leaked Gameplay https://t.co/N0G3FPG63I,289041254,MrTLexify,1324,0,0,0,0
49,"Team up!! I'm now streaming on Twitch, YouTube and TikTok! Playing Modern Warfare 2 #PathtoAffiliate #MW2 #CallofDuty #CallofDutyWarzone #Vanguard #BattleRoyale #WarzonePacific #Streaming 
https://t.co/a36dbu8KtE",14199030,**this tweet had been deleted or hidden**,0,0,0,0,0
50,RT @CoDIntelES: El paquete temático de Crash Bandicoot ya está disponible en #MWII &amp; #Warzone — en festejo del lanzamiento de Team Rumble.…,1229213393648803841,CoDIntelES,18,0,0,0,0
51,RT @MrTLexify: Favela Coming to MWII Leaked Gameplay https://t.co/N0G3FPG63I,2596927622,MrTLexify,1324,0,0,0,0
52,RT @661ave: 👑 #CallofDuty #MWII #König #Konig https://t.co/XUd07qUbHq,1412546766684266502,661ave,472,0,0,0,0
53,RT @MrTLexify: Favela Coming to MWII Leaked Gameplay https://t.co/N0G3FPG63I,381720458,MrTLexify,1324,0,0,0,0
54,RT @MrTLexify: Favela Coming to MWII Leaked Gameplay https://t.co/N0G3FPG63I,875783844472868864,MrTLexify,1324,0,0,0,0
55,RT @MrTLexify: Favela Coming to MWII Leaked Gameplay https://t.co/N0G3FPG63I,862455738152751105,MrTLexify,1324,0,0,0,0
56,RT @MrTLexify: Favela Coming to MWII Leaked Gameplay https://t.co/N0G3FPG63I,1361684873967067139,MrTLexify,1324,0,0,0,0
57,RT @MrTLexify: Favela Coming to MWII Leaked Gameplay https://t.co/N0G3FPG63I,738805922,MrTLexify,1324,0,0,0,0
58,RT @MrTLexify: Favela Coming to MWII Leaked Gameplay https://t.co/N0G3FPG63I,1535521220,MrTLexify,1324,0,0,0,0
59,"Fed up with @CallofDuty and @Activision. #MW2 is just full of bugs, it’s getting beyond a joke now!!",45329931,CallofDuty,0,0,1,0,0
60,"RT @CallofDuty: An action-packed weekend featuring new Season 04 maps is ahead. Enjoy #MWII Multiplayer for free starting June 22 📆 

Get t…",721459901013311489,CallofDuty,241,0,0,0,0
61,RT @661ave: 👑 #CallofDuty #MWII #König #Konig https://t.co/XUd07qUbHq,1632110693506744320,661ave,472,0,0,0,0
62,RT @MrTLexify: Favela Coming to MWII Leaked Gameplay https://t.co/N0G3FPG63I,3364734532,MrTLexify,1324,0,0,0,0
63,RT @MrTLexify: Favela Coming to MWII Leaked Gameplay https://t.co/N0G3FPG63I,897139036720181248,MrTLexify,1324,0,0,0,0
64,RT @MrTLexify: Favela Coming to MWII Leaked Gameplay https://t.co/N0G3FPG63I,1692602905,MrTLexify,1324,0,0,0,0
65,@PlayCODMobile @ATVIAssist AND WHAT ABOUT A FIX FOR VIEWERSHIP REWARDS NOT BEING DELIVERED AFTER WATCHING CDL MATCHES AFTER HOURS ON END😩🤔,2273243766,PlayCODMobile,0,1,0,0,0
66,RT @MrTLexify: Favela Coming to MWII Leaked Gameplay https://t.co/N0G3FPG63I,2525709294,MrTLexify,1324,0,0,0,0
67,RT @661ave: 👑 #CallofDuty #MWII #König #Konig https://t.co/XUd07qUbHq,2328978614,661ave,472,0,0,0,0
68,RT @MrTLexify: Favela Coming to MWII Leaked Gameplay https://t.co/N0G3FPG63I,977650037118271488,MrTLexify,1324,0,0,0,0
69,RT @MrTLexify: Favela Coming to MWII Leaked Gameplay https://t.co/N0G3FPG63I,284498104,MrTLexify,1324,0,0,0,0
70,RT @MrTLexify: Favela Coming to MWII Leaked Gameplay https://t.co/N0G3FPG63I,1432148936366624768,MrTLexify,1324,0,0,0,0
71,RT @MrTLexify: Favela Coming to MWII Leaked Gameplay https://t.co/N0G3FPG63I,3342742995,MrTLexify,1324,0,0,0,0
72,"RT @CallofDuty: An action-packed weekend featuring new Season 04 maps is ahead. Enjoy #MWII Multiplayer for free starting June 22 📆 

Get t…",3357904161,CallofDuty,241,0,0,0,0
73,RT @MrTLexify: Favela Coming to MWII Leaked Gameplay https://t.co/N0G3FPG63I,1430575306146996224,MrTLexify,1324,0,0,0,0
74,"@charlieINTEL That's cool. While mw2 isn't as perfect of a game I still enjoy it for the most part. Infected, gun game, 10v10 moshpit, 3rd person moshpit &amp; my favorite modes dropzone and grind all being added to quickplay in mp as permanent modes is the best thing IW &amp; activision have done.",1316215991953747969,charlieINTEL,0,1,0,0,0
75,RT @MrTLexify: Favela Coming to MWII Leaked Gameplay https://t.co/N0G3FPG63I,1379031687343001600,MrTLexify,1324,0,0,0,0
76,"RT @CallofDuty: An action-packed weekend featuring new Season 04 maps is ahead. Enjoy #MWII Multiplayer for free starting June 22 📆 

Get t…",1667155397277519872,CallofDuty,241,0,0,0,0
77,RT @MrTLexify: Favela Coming to MWII Leaked Gameplay https://t.co/N0G3FPG63I,1456587129107226626,MrTLexify,1324,0,0,0,0
78,"RT @loneghostwolf88: Soap for the beach boy series 🧼☀️🏝️
#CallofDutyModernWarfare2 #CodGhost #CodSoap #CallofDuty #3DRender #Rendering #MWI…",1162992508244070403,loneghostwolf88,227,0,0,0,0
79,"RT @loneghostwolf88: Soap for the beach boy series 🧼☀️🏝️
#CallofDutyModernWarfare2 #CodGhost #CodSoap #CallofDuty #3DRender #Rendering #MWI…",732832467481198592,loneghostwolf88,227,0,0,0,0
80,RT @MrTLexify: Favela Coming to MWII Leaked Gameplay https://t.co/N0G3FPG63I,1068962889501937664,MrTLexify,1324,0,0,0,0
81,Hey @CDLHypeSquad @itsmoneybagmont @DaBOOZER1 are the champ codes working you guys? Nothing works for me #CDLChamps #CDL2023 @ATVIAssist @CODLeague,907917218859634688,CDLHypeSquad,0,3,1,0,0
82,"LIVE NOW ON @KickStreaming✅ 

K I C K . C O M / I N S P I T H

https://t.co/NEQHoE2Nyx

#warzone #warzone2 #ashikaisland #mw2 #callofduty #gaming #streamer #streamerthings #inspith

@Trainwreckstv @StakeEddie https://t.co/2JlVOOJAhe",1191170971249590273,KickStreaming,0,0,1,0,0
83,RT @MrTLexify: Favela Coming to MWII Leaked Gameplay https://t.co/N0G3FPG63I,799799940943843329,MrTLexify,1324,0,0,0,0
84,RT @MrTLexify: Favela Coming to MWII Leaked Gameplay https://t.co/N0G3FPG63I,1070735124294176771,MrTLexify,1324,0,0,0,0
85,RT @MrTLexify: Favela Coming to MWII Leaked Gameplay https://t.co/N0G3FPG63I,1327040532,MrTLexify,1324,0,0,0,0
86,RT @MrTLexify: Favela Coming to MWII Leaked Gameplay https://t.co/N0G3FPG63I,1251996861960990721,MrTLexify,1324,0,0,0,0
87,RT @MrTLexify: Favela Coming to MWII Leaked Gameplay https://t.co/N0G3FPG63I,2492023705,MrTLexify,1324,0,0,0,0
88,RT @MrTLexify: Favela Coming to MWII Leaked Gameplay https://t.co/N0G3FPG63I,1217241862320414723,MrTLexify,1324,0,0,0,0
89,RT @MrTLexify: Favela Coming to MWII Leaked Gameplay https://t.co/N0G3FPG63I,2881526120,MrTLexify,1324,0,0,0,0
90,RT @MrTLexify: Favela Coming to MWII Leaked Gameplay https://t.co/N0G3FPG63I,1007677282205487104,MrTLexify,1324,0,0,0,0
91,RT @MrTLexify: Favela Coming to MWII Leaked Gameplay https://t.co/N0G3FPG63I,2918677564,MrTLexify,1324,0,0,0,0
92,RT @MrTLexify: Favela Coming to MWII Leaked Gameplay https://t.co/N0G3FPG63I,758976600163528705,MrTLexify,1324,0,0,0,0
93,RT @MrTLexify: Favela Coming to MWII Leaked Gameplay https://t.co/N0G3FPG63I,2321458362,MrTLexify,1324,0,0,0,0
94,RT @MrTLexify: Favela Coming to MWII Leaked Gameplay https://t.co/N0G3FPG63I,898705731620290560,MrTLexify,1324,0,0,0,0
95,RT @MrTLexify: Favela Coming to MWII Leaked Gameplay https://t.co/N0G3FPG63I,550793538,MrTLexify,1324,0,0,0,0
96,"RT @CallofDuty: The writing is on the walls - 2XP is coming 🎨

Earn Double Player, Weapon, and Battle Pass XP in Call of Duty #Warzone and…",349780600,CallofDuty,185,0,0,0,0
