,author_id,text,username,retweet,reply,like,quote,bookmark
0,772012789883809794,"@TripleStrucK @gedjesis @YeetingNoodle -plug in a controller
-load up mw2
-turn off aim assist
-live stream your gameplay missing 90% of your shots
-cry and uninstall the game because you're rat shit without soft aimbot",TripleStrucK,0,0,1,0,0
1,1637044857867993090,"RT @artimaaaeus: ghost and cpt mactavish but it's that one scene from cpt 'merica
---
#CallofDuty #MWII #MW2 #GhostSoap https://t.co/GEf4bR…",artimaaaeus,207,0,0,0,0
2,948001724387782657,"RT @loneghostwolf88: 4th entry of the beach boy series - König ☀️🏝️👑
#CallofDutyModernWarfare2 #CoDKönig #CallofDuty #3DRender #Rendering #…",loneghostwolf88,152,0,0,0,0
3,1624236141103796226,"RT @AmikoRoyAi: Caught flirting on a mission 😮

#ghostsoap #soapghost #callofduty #MWII https://t.co/GzGu0N9vQL",AmikoRoyAi,475,0,0,0,0
4,1237432588081541120,🔴 LIVE - CALL OF DUTY: MODERN WARFARE II Season 4 Warzone 2 SMACKING HAC... https://t.co/42Rx8KUUtI via @YouTube #live #Warzone2 #CallofDuty #livestreaming,YouTube,0,0,0,0,0
5,1221767930653872128,"DMZ LIVE - Sunday Shenanigans...

https://t.co/sZuNYCkEpq

#MW2 #MWII #DMZ #FYP https://t.co/llO1qj2PEj",**this tweet had been deleted or hidden**,1,0,1,0,0
6,1389717174735020034,Sleep Is The Cousin Of Death #F4F #twitchaffiliate #CallofDuty #Warzone2 https://t.co/RIf72ZLBta,**this tweet had been deleted or hidden**,0,0,0,0,0
7,1188244454685184000,"RT @AmikoRoyAi: Caught flirting on a mission 😮

#ghostsoap #soapghost #callofduty #MWII https://t.co/GzGu0N9vQL",AmikoRoyAi,475,0,0,0,0
8,1159956934759501824,"RT @AmikoRoyAi: Caught flirting on a mission 😮

#ghostsoap #soapghost #callofduty #MWII https://t.co/GzGu0N9vQL",AmikoRoyAi,475,0,0,0,0
9,1169308072726188037,RT @661ave: #MWII #MW2 #CallofDuty #Ghost #SimonGhostRiley #König #Konig https://t.co/ccH1WC6wCN,661ave,356,0,0,0,0
10,1495192898341646337,"RT @CODLeague: It has been one week since we crowned @Subliners as our #CDL2023 World Champs 🏆

What was your favorite moment from the even…",CODLeague,37,0,0,0,0
11,794082253404073984,"RT @BeautyAnBeast_: live now for Vondel! come chill with me! 💗
-
🦋 https://t.co/0OlMKhUwGn
🦋 https://t.co/hgnUP40uje
-
#gamergirl #twitchst…",BeautyAnBeast_,1,0,0,0,0
12,1251702392183238659,"RT @AmikoRoyAi: Caught flirting on a mission 😮

#ghostsoap #soapghost #callofduty #MWII https://t.co/GzGu0N9vQL",AmikoRoyAi,475,0,0,0,0
13,950555521412714496,"RT @ToxicRoxic: Patiently* waiting for a blackcell König skin 🤔

*: frothing at mouth, chattering teeth, biting civilians
#CallofDuty #Köni…",ToxicRoxic,400,0,0,0,0
14,2328978614,"RT @artimaaaeus: ghost and cpt mactavish but it's that one scene from cpt 'merica
---
#CallofDuty #MWII #MW2 #GhostSoap https://t.co/GEf4bR…",artimaaaeus,207,0,0,0,0
15,2328978614,"RT @loneghostwolf88: Aaaand another one of Alex because I can💞😎
#CallofDutyModernWarfare2 #CodAlexKeller #alexkeller #CallofDuty #MWII #daz…",loneghostwolf88,123,0,0,0,0
16,1124173475311177733,"RT @AmikoRoyAi: Caught flirting on a mission 😮

#ghostsoap #soapghost #callofduty #MWII https://t.co/GzGu0N9vQL",AmikoRoyAi,475,0,0,0,0
17,2328978614,"RT @AmikoRoyAi: Caught flirting on a mission 😮

#ghostsoap #soapghost #callofduty #MWII https://t.co/GzGu0N9vQL",AmikoRoyAi,475,0,0,0,0
18,1201162020596400129,"RT @yumecore: #CallofDuty #MWII #MW2 #SimonGhostRiley
Full shots below  1/2
POV↓  (I'm smol like that :3) https://t.co/WLjLK4214R",yumecore,103,0,0,0,0
19,1382971523326181376,Having so much fun streaming at the min playing @CallofDuty warzone vondel with the change in health now the outplay ability is so much better #KickStreaming #warzone2 #vondel #tiktok https://t.co/BX9lszpGl8,CallofDuty,3,1,14,0,0
20,14199030,"Team up!! I'm now streaming on Twitch, YouTube and TikTok! Playing Modern Warfare 2 #PathtoAffiliate #MW2 #CallofDuty #CallofDutyWarzone #Vanguard #BattleRoyale #WarzonePacific #Streaming 
https://t.co/a36dbu8KtE",**this tweet had been deleted or hidden**,0,0,0,0,0
21,1458562238508199936,"RT @CraftyReacts: 🟢 LIVE

Playing #Warzone with the boys 💪🏽

https://t.co/APBRbBSS5b

#CallofDuty #CallofDutyModernWarfare2 #CallofDutyMode…",CraftyReacts,1,0,0,0,0
22,1615108067867361282,"RT @AmikoRoyAi: Modern Warfare II 09 in nutshell

#callofduty #MWII https://t.co/3MaOhB66Rh",AmikoRoyAi,1727,0,0,0,0
23,1582094653,"RT @TheFlank: Carrying the king’s legacy further. 🥹

#CDL2023 | #TheFlank📢 https://t.co/4Z2ccNcN07",TheFlank,2151,0,0,0,0
24,1458562238508199936,RT @AntMan3378: LIVE on KICK w Warzone w/ Sunday Night Duos! 20 Followers away from Affiliate! Stop by &amp; say HI! #Warzone2 #CallofDuty #Kic…,AntMan3378,2,0,0,0,0
25,1437162126959906822,"LIVE on KICK w Warzone w/ Sunday Night Duos! 20 Followers away from Affiliate! Stop by &amp; say HI! #Warzone2 #CallofDuty #KickStreamer #kick #KickStreaming @KickStreamsLive @KickLiveNow @rtsmallstreams @GamerGrowth @SupportStreamz @promo_streams @TheBroTv00 
https://t.co/eIJOQBiKds",KickStreamsLive,2,0,4,0,0
26,2783287969,"RT @loneghostwolf88: Aaaand another one of Alex because I can💞😎
#CallofDutyModernWarfare2 #CodAlexKeller #alexkeller #CallofDuty #MWII #daz…",loneghostwolf88,123,0,0,0,0
27,110848991,"RT @TaskForceNews: Red or Blue Pill? 

#MWII #ModernWarfareII #Warzone2 #CallofDuty https://t.co/hxmGS8E7SY",TaskForceNews,310,0,0,0,0
28,1407861361607073793,"RT @AmikoRoyAi: Modern Warfare II 09 in nutshell

#callofduty #MWII https://t.co/3MaOhB66Rh",AmikoRoyAi,1727,0,0,0,0
29,2783287969,"RT @loneghostwolf88: 4th entry of the beach boy series - König ☀️🏝️👑
#CallofDutyModernWarfare2 #CoDKönig #CallofDuty #3DRender #Rendering #…",loneghostwolf88,152,0,0,0,0
30,1478566759913467904,4 Piece Sniper in ranked. First 3 got worked.... #ranked #rankedplay #MWII #MW2 #callofduty https://t.co/ddTKWlBl5q,**this tweet had been deleted or hidden**,0,0,4,0,0
31,1055077578216820738,"RT @TaskForceNews: He’s Alive 👀

#CallofDuty #MWII #ModernWarfareII #Warzone https://t.co/Z4piby2dTj",TaskForceNews,74,0,0,0,0
32,1653749079900291074,"RT @yumecore: Captain Price
#CallofDuty #MWII #MW2 #CaptainJohnPrice
1/2 https://t.co/SAMvCLdCxm",yumecore,63,0,0,0,0
33,1115595727751733248,"RT @artimaaaeus: ghost and cpt mactavish but it's that one scene from cpt 'merica
---
#CallofDuty #MWII #MW2 #GhostSoap https://t.co/GEf4bR…",artimaaaeus,207,0,0,0,0
34,1221378777575374851,"RT @artimaaaeus: ghost and cpt mactavish but it's that one scene from cpt 'merica
---
#CallofDuty #MWII #MW2 #GhostSoap https://t.co/GEf4bR…",artimaaaeus,207,0,0,0,0
35,1325762117941780484,"@videotechx @ProRebornYT Do you for real think COD's communication will improve? 

Or that the games it selfs will improve massively?

Nah my man, Activision is broken and last Xbox's 1st person shooter did way worse than MW2, I wouldn't get any hopes tbh",videotechx,0,0,0,0,0
36,1601516980091047936,"RT @AmikoRoyAi: Caught flirting on a mission 😮

#ghostsoap #soapghost #callofduty #MWII https://t.co/GzGu0N9vQL",AmikoRoyAi,475,0,0,0,0
37,965741969204043777,WELCOME TO MY PFG STREAM!! COD MWII GAMEPLAY!! https://t.co/a7Jx5NbQVd,**this tweet had been deleted or hidden**,0,0,0,0,0
38,1347069165677383685,"RT @loneghostwolf88: Aaaand another one of Alex because I can💞😎
#CallofDutyModernWarfare2 #CodAlexKeller #alexkeller #CallofDuty #MWII #daz…",loneghostwolf88,123,0,0,0,0
39,735348413412315141,"RT @artimaaaeus: ghost and cpt mactavish but it's that one scene from cpt 'merica
---
#CallofDuty #MWII #MW2 #GhostSoap https://t.co/GEf4bR…",artimaaaeus,207,0,0,0,0
40,3952072093,"RT @Note_g_beatz: Who plays @PlayCODMobile ? 🤔 

Y'all mfs only on xbox &amp; playstation or what? 🤣",Note_g_beatz,1,0,0,0,0
41,34235457,"Gold #49- JOKR

Gold grind done on the HC Shipment 24/7 playlist.

#MWII #ModernWarfare2 #MW2 #callofduty #ModernWarfareII #CallofDutyModernWarfareII https://t.co/8bqAATCW2V https://t.co/JlBFfYWsSS",**this tweet had been deleted or hidden**,0,0,0,0,0
42,34235457,"Gold #489- JOKR

Gold grind done on the HC Shipment 24/7 playlist.

#MWII #ModernWarfare2 #MW2 #callofduty #ModernWarfareII #CallofDutyModernWarfareII https://t.co/QubRyIYMvR https://t.co/gIbuw3VMa8",**this tweet had been deleted or hidden**,0,0,0,0,0
43,952292559723868160,"RT @AmikoRoyAi: Caught flirting on a mission 😮

#ghostsoap #soapghost #callofduty #MWII https://t.co/GzGu0N9vQL",AmikoRoyAi,475,0,0,0,0
44,1624943408140754946,"RT @AmikoRoyAi: Caught flirting on a mission 😮

#ghostsoap #soapghost #callofduty #MWII https://t.co/GzGu0N9vQL",AmikoRoyAi,475,0,0,0,0
45,1613363724152094722,"RT @AmikoRoyAi: Caught flirting on a mission 😮

#ghostsoap #soapghost #callofduty #MWII https://t.co/GzGu0N9vQL",AmikoRoyAi,475,0,0,0,0
46,1619721033153662976,"RT @michelekoi: Congrats. Kitty!Ghost!!!

#kitty #cat #ghost #SimonGhostRiley #cod #mwii #mw2 #CallofDuty #ModernWarfare2 #ModernWarfareII…",michelekoi,23,0,0,0,0
47,1254019203398602753,"RT @artimaaaeus: ghost and cpt mactavish but it's that one scene from cpt 'merica
---
#CallofDuty #MWII #MW2 #GhostSoap https://t.co/GEf4bR…",artimaaaeus,207,0,0,0,0
48,1246455816552509445,"RT @loneghostwolf88: Aaaand another one of Alex because I can💞😎
#CallofDutyModernWarfare2 #CodAlexKeller #alexkeller #CallofDuty #MWII #daz…",loneghostwolf88,123,0,0,0,0
49,1080905222938087424,"RT @AmikoRoyAi: Caught flirting on a mission 😮

#ghostsoap #soapghost #callofduty #MWII https://t.co/GzGu0N9vQL",AmikoRoyAi,475,0,0,0,0
50,1246455816552509445,"RT @loneghostwolf88: 4th entry of the beach boy series - König ☀️🏝️👑
#CallofDutyModernWarfare2 #CoDKönig #CallofDuty #3DRender #Rendering #…",loneghostwolf88,152,0,0,0,0
51,2856778420,That had to hurt!! #callofduty #gaming #gaming #mw2 #tiktok https://t.co/VEron8hGMj via @YouTube #mw2 #mw #cod #clip #clips,YouTube,0,0,0,0,0
52,1544614760553095168,RT @661ave: #MWII #MW2 #CallofDuty #Ghost #SimonGhostRiley #König #Konig https://t.co/ccH1WC6wCN,661ave,356,0,0,0,0
53,1545604396884557824,@Shober56_ i may or may not be watching gameplay of the entirety of mw2,Shober56_,0,0,0,0,0
54,2150249967,"🟢 LIVE

Playing #Warzone with the boys 💪🏽

https://t.co/APBRbBSS5b

#CallofDuty #CallofDutyModernWarfare2 #CallofDutyModernWarfareII #CallofDutyWarzone #ModernWarfare #ModernWarfare2 #ModernWarfareII #mw2 #MWII #warzone2 #kick #KickAffiliate #kickstream #KickStreaming #Gaming",**this tweet had been deleted or hidden**,1,0,2,0,0
55,1435662327404240899,"RT @loneghostwolf88: Aaaand another one of Alex because I can💞😎
#CallofDutyModernWarfare2 #CodAlexKeller #alexkeller #CallofDuty #MWII #daz…",loneghostwolf88,123,0,0,0,0
56,1612289183942578178,"RT @AmikoRoyAi: Caught flirting on a mission 😮

#ghostsoap #soapghost #callofduty #MWII https://t.co/GzGu0N9vQL",AmikoRoyAi,475,0,0,0,0
57,76331713,"RT @AmikoRoyAi: Caught flirting on a mission 😮

#ghostsoap #soapghost #callofduty #MWII https://t.co/GzGu0N9vQL",AmikoRoyAi,475,0,0,0,0
58,1449059909723574273,"cod mw2 DMZ募集
@2
ptvc有りでseason4楽しくやりましょう
(PS5,PS4の方)

バンザイ突撃しても許してくれる方
おなしゃす
#DMZ募集

2ヶ月ぶりなのと初PS5なのでエイムとか終わってると思いますがそれでもいいよって方",2,0,1,0,0,0
59,1967732990,"RT @AmikoRoyAi: Caught flirting on a mission 😮

#ghostsoap #soapghost #callofduty #MWII https://t.co/GzGu0N9vQL",AmikoRoyAi,475,0,0,0,0
60,1060118237264760836,"RT @AmikoRoyAi: Caught flirting on a mission 😮

#ghostsoap #soapghost #callofduty #MWII https://t.co/GzGu0N9vQL",AmikoRoyAi,475,0,0,0,0
61,2957781803,"RT @AmikoRoyAi: Caught flirting on a mission 😮

#ghostsoap #soapghost #callofduty #MWII https://t.co/GzGu0N9vQL",AmikoRoyAi,475,0,0,0,0
62,3020997356,طور DMZ في MWII ممتع 🔥 https://t.co/dB24LfAJhz,**this tweet had been deleted or hidden**,0,3,1,0,0
63,1350599035598614534,"RT @AmikoRoyAi: Caught flirting on a mission 😮

#ghostsoap #soapghost #callofduty #MWII https://t.co/GzGu0N9vQL",AmikoRoyAi,475,0,0,0,0
64,956402256613552128,"PS PLUS加入者限定！COD MW2 シーズン04を記念した戦闘パック無料バンドルを入手可能。オニのオペレータースキンを忘れずにゲットしよう。
https://t.co/pAVfwUdgcT

#COD #コールオブデューティ #callofduty #CODMW2 #MW2 #CoDMWII #DMZ #warzone2 #ニクト #オニ #戦闘パック #PSPLUS #PSプラス https://t.co/F8vQeCvn6E",**this tweet had been deleted or hidden**,0,0,1,0,0
65,182327966,"32歳土方のちんちん、イライラしすぎて心の声が勝手に漏れる(別マッチでも永遠にキレ続けてた)
#CoD #CoDmw2 #mw2 #CallOfDuty #PS5Share #ps5clips #ps5live https://t.co/7QxoooWPsK https://t.co/qleKSZLQxM",**this tweet had been deleted or hidden**,0,2,26,0,0
66,90641490,"Another cheater on Warzone! Fix this! Tommy#3183629 you are a prick. I hope you pay €100,- a day for your cheats! #vondel #warzone2 @ATVIAssist @CallofDuty @InfinityWard @RavenSoftware #callofduty https://t.co/jYfHuSU8Za",ATVIAssist,0,5,3,1,0
67,1612209983231254528,"RT @AmikoRoyAi: Caught flirting on a mission 😮

#ghostsoap #soapghost #callofduty #MWII https://t.co/GzGu0N9vQL",AmikoRoyAi,475,0,0,0,0
68,588474566,"RT @AmikoRoyAi: Caught flirting on a mission 😮

#ghostsoap #soapghost #callofduty #MWII https://t.co/GzGu0N9vQL",AmikoRoyAi,475,0,0,0,0
69,70811687,"Cat x Dog breeds
Kitty!Ghost Puppy!Soap

#cat #kitty #ghost #SimonGhostRiley #simonriley #soap #SoapMactavish #puppy #dog #cod #fanart #mwii #mw2 #ModernWarfareII #ModernWarfare2 #CallofDuty https://t.co/rynJHwTVpb",**this tweet had been deleted or hidden**,4,0,71,0,2
70,1254019203398602753,"RT @AmikoRoyAi: Caught flirting on a mission 😮

#ghostsoap #soapghost #callofduty #MWII https://t.co/GzGu0N9vQL",AmikoRoyAi,475,0,0,0,0
71,1533591907326214147,"live now for Vondel! come chill with me! 💗
-
🦋 https://t.co/0OlMKhUwGn
🦋 https://t.co/hgnUP40uje
-
#gamergirl #twitchstreamer #kick #callofduty #cod #mw2 #TikTokLIVE #twitchgamer #twitchtv #KickStreamer #livestreaming #gaminglife #twitchgirls #KickStreaming",**this tweet had been deleted or hidden**,1,0,4,0,0
72,1151366306551255040,"RT @loneghostwolf88: 4th entry of the beach boy series - König ☀️🏝️👑
#CallofDutyModernWarfare2 #CoDKönig #CallofDuty #3DRender #Rendering #…",loneghostwolf88,152,0,0,0,0
73,902338630420713473,"RT @AmikoRoyAi: Caught flirting on a mission 😮

#ghostsoap #soapghost #callofduty #MWII https://t.co/GzGu0N9vQL",AmikoRoyAi,475,0,0,0,0
74,2733333242,"RT @AmikoRoyAi: Caught flirting on a mission 😮

#ghostsoap #soapghost #callofduty #MWII https://t.co/GzGu0N9vQL",AmikoRoyAi,475,0,0,0,0
75,1415879481378545665,"RT @loneghostwolf88: 4th entry of the beach boy series - König ☀️🏝️👑
#CallofDutyModernWarfare2 #CoDKönig #CallofDuty #3DRender #Rendering #…",loneghostwolf88,152,0,0,0,0
76,324637422,"RT @CODLeague: It has been one week since we crowned @Subliners as our #CDL2023 World Champs 🏆

What was your favorite moment from the even…",CODLeague,37,0,0,0,0
77,872276440422600704,"RT @Roots_esports: 🏆ROOTS  SUMMER🏆

第２報チェックしてください🔥

📆スケジュール    7/21～23 

💡エントリー期間  7/14 23:59迄  

✍大会概要・規約・エントリー等https://t.co/AkI5inTWJZ…",Roots_esports,63,0,0,0,0
78,831845513276379136,"RT @AmikoRoyAi: Caught flirting on a mission 😮

#ghostsoap #soapghost #callofduty #MWII https://t.co/GzGu0N9vQL",AmikoRoyAi,475,0,0,0,0
79,1184184924305272833,"RT @ToxicRoxic: Patiently* waiting for a blackcell König skin 🤔

*: frothing at mouth, chattering teeth, biting civilians
#CallofDuty #Köni…",ToxicRoxic,400,0,0,0,0
80,1095983118622715905,"RT @AmikoRoyAi: Caught flirting on a mission 😮

#ghostsoap #soapghost #callofduty #MWII https://t.co/GzGu0N9vQL",AmikoRoyAi,475,0,0,0,0
81,759407891778445312,"RT @TaskForceNews: Red or Blue Pill? 

#MWII #ModernWarfareII #Warzone2 #CallofDuty https://t.co/hxmGS8E7SY",TaskForceNews,310,0,0,0,0
82,1066397792317440000,"RT @AmikoRoyAi: Caught flirting on a mission 😮

#ghostsoap #soapghost #callofduty #MWII https://t.co/GzGu0N9vQL",AmikoRoyAi,475,0,0,0,0
83,1466262835428614145,"RT @AmikoRoyAi: Caught flirting on a mission 😮

#ghostsoap #soapghost #callofduty #MWII https://t.co/GzGu0N9vQL",AmikoRoyAi,475,0,0,0,0
84,1253049322075291648,RT @electrotom_: Easy like a Sunday #warzone2 session… ahem!! …live on https://t.co/2gt1l50F3z  #cod #callofduty  #codwarzone #warzone #cal…,electrotom_,6,0,0,0,0
85,1432778191047905284,"RT @AmikoRoyAi: Caught flirting on a mission 😮

#ghostsoap #soapghost #callofduty #MWII https://t.co/GzGu0N9vQL",AmikoRoyAi,475,0,0,0,0
86,229579575,"RT @artimaaaeus: he just had to push that one last joke in 💀💀💀
—-
#CallofDuty #ghostsoap #MWII #MW2 https://t.co/rbhA3t66Kr",artimaaaeus,497,0,0,0,0
87,827614344666034176,"RT @artimaaaeus: ghost and cpt mactavish but it's that one scene from cpt 'merica
---
#CallofDuty #MWII #MW2 #GhostSoap https://t.co/GEf4bR…",artimaaaeus,207,0,0,0,0
88,1639066415645995008,RT @ozymandiasjesus: Live now! @CallofDuty #MW2  Season 4 MP! Get your asses in here and say hi! Link in bio! June follower goal 165/200 su…,ozymandiasjesus,2,0,0,0,0
89,3952072093,"Who plays @PlayCODMobile ? 🤔 

Y'all mfs only on xbox &amp; playstation or what? 🤣",PlayCODMobile,1,0,1,1,0
90,269271627,"RT @artimaaaeus: ghost and cpt mactavish but it's that one scene from cpt 'merica
---
#CallofDuty #MWII #MW2 #GhostSoap https://t.co/GEf4bR…",artimaaaeus,207,0,0,0,0
91,1552318939144851460,"https://t.co/64WkfepVuR
#sorteio @PlayCODMobile",PlayCODMobile,1,0,1,0,0
92,1643722152066134018,"@Dr_LAZARUS__YT @PlayCODMobile @ATVIAssist customer service is non existent, i waited on them for weeks and no response it was this @filla_cyber on instagram who recovered my account for me hit him up",Dr_LAZARUS__YT,0,0,0,0,0
