,text,author_id,username,retweet,reply,like,quote,bookmark
0,"RT @drea_fabz_za: When you got your teammate's back✨️🔥🔥

#Warzone2 #CallofDuty #MWII https://t.co/LhEflBldXq",1644968310570909697,drea_fabz_za,1,0,0,0,0
1,@Xtormiken @PlayCODMobile I’ll keep liking your comments and protesting for my BO2 season until they start making actually good seasons,1262362200162709506,Xtormiken,0,1,2,0,0
2,Lote MAGMAFLOW TRACER PACK ELEMENTALS para WARZONE y MW2 (TRAZADORAS de FUEGO REACTIVO) https://t.co/i4xM0XHAie #callofduty #warzone #mw2 #DMZ #EdelDistrict https://t.co/7zpUkvM1eC,1220074855971872770,**this tweet had been deleted or hidden**,0,0,3,0,0
3,"RT @BettyBRenders: 🦿Late but he‘s ready 🙌🏻

#Alex #AlexKeller #AlexMW2 #MW2 #MWII #CallofDutyModernWarfare2 #CallofDuty https://t.co/UY8PCb…",1600536418949939202,BettyBRenders,210,0,0,0,0
4,Spice of Life (SOLO) Tier 5 Phalanx Mission DMZ Warzone 2.0 https://t.co/UqjxKxd1RY via @YouTube #Warzone2 #ModernWarfare2 #MW2 #CallofDutyModernWarfare2,1046336065747877889,YouTube,0,0,0,0,0
5,Beamed with the Vaz? Quick 4 off start #ranked #rankedplay #CDL #CallofDuty #MWII https://t.co/l8XdWRl1GR,1478566759913467904,**this tweet had been deleted or hidden**,1,0,2,0,0
6,"RT @xbruised_peachx: it's horangi's time in the ringlight 🐯
#Horangi #HorangiMW2 #CallofDuty #MWII https://t.co/EOv6lamJ2k",1496083190850924547,xbruised_peachx,162,0,0,0,0
7,"RT @BettyBRenders: 🦿Late but he‘s ready 🙌🏻

#Alex #AlexKeller #AlexMW2 #MW2 #MWII #CallofDutyModernWarfare2 #CallofDuty https://t.co/UY8PCb…",1429231230738862080,BettyBRenders,210,0,0,0,0
8,"Im Currently At 37 Out Of 75 Followers To Hit Affiliate On @KickStreaming 

Going 🔴 Live Right Now Playing Some #Warzone 

Stop By, Show Some Love, And Join The Noob Army As We Stumble Into Battle! 

#Kick #KickStreamers #KickStreaming #Warzone2 #CallofDuty @KickGrower",942881692892753921,KickStreaming,0,0,5,1,0
9,"RT @GucciBaynGaming: #LIVENOW on #twitch 🟣
#CallofDuty #MWII #ranked #grind #SaturdayVibes #follow #like #retweet #support #daily #stream…",1190416758492008449,GucciBaynGaming,1,0,0,0,0
10,RT @ModenasHD: If you missed any of the Twitch drops from CDL Champs 2023 (including the exclusive camo) you can use the code CDLCHAMP23 on…,148490926,ModenasHD,231,0,0,0,0
11,"@PlayCODMobile STAY ? READY
https://t.co/gNRRMTJicY",129269243,PlayCODMobile,0,0,1,0,0
12,RT @jonesy3161993: I'm going live on call of duty MW2 for shooter Saturday live on twitch now @booststreamttv @Gamers_help_ @Retweelgend @T…,1190416758492008449,jonesy3161993,4,0,0,0,0
13,"I CAN HEAR EVERYTHING
Watch the full video here : https://t.co/neZ9wFHERh
https://t.co/EvvDGBKsgK

Follow my socials
Twitter: https://t.co/Vxc2i4OWGZ
Instagram: https://t.co/Dh8RpQsGSB
Tiktok: https://t.co/Qk9UUjruHG

#cod #callofduty #gaming #warzone2 #modernwarfare2 #warzone https://t.co/KJwaP5jFUb",1305735262031446016,**this tweet had been deleted or hidden**,1,0,1,0,0
14,RT @DaBigKatt244501: Let's go guys starting this Saturday off with some #Warzone2 Come show the love @CallMyHorse @ilikecheese3434 @Streame…,1190416758492008449,DaBigKatt244501,5,0,0,0,0
15,"Search and destroy sniping demon 😈
#CallofDuty #sniping #mw2 https://t.co/tBOQ7fPPuA",868316305,**this tweet had been deleted or hidden**,0,0,1,0,0
16,"RT @alexgscod: Oral fixation is so real between these two 😊💀🧼
(NSFW + variants: ✨ https://t.co/hR07OfXbF3 ✨)

#GhostSoap #SoapGhost #CallOf…",848327014595559424,alexgscod,73,0,0,0,0
17,"cod mw2 DMZ募集
@2
ptvc有りでseason3楽しくやりましょう
(PS5,PS4の方)

バンザイ突撃しても許してくれる方
おなしゃす
#DMZ募集

2ヶ月ぶりなのと初PS5なのでエイムとか終わってると思いますがそれでもいいよって方",1449059909723574273,2,0,2,3,0,0
18,"RT @BettyBRenders: 🦿Late but he‘s ready 🙌🏻

#Alex #AlexKeller #AlexMW2 #MW2 #MWII #CallofDutyModernWarfare2 #CallofDuty https://t.co/UY8PCb…",1636333187461959682,BettyBRenders,210,0,0,0,0
19,"RT @BettyBRenders: 🦿Late but he‘s ready 🙌🏻

#Alex #AlexKeller #AlexMW2 #MW2 #MWII #CallofDutyModernWarfare2 #CallofDuty https://t.co/UY8PCb…",1611272931362963456,BettyBRenders,210,0,0,0,0
20,"RT @Phixate: My Teammates Never Stopped Chasing the Boss...
#DMZ #Warzone2 

https://t.co/7X9qyBjMe6 https://t.co/3zGZuYNDUC",1468707599243624452,Phixate,3,0,0,0,0
21,"RT @BettyBRenders: 🦿Late but he‘s ready 🙌🏻

#Alex #AlexKeller #AlexMW2 #MW2 #MWII #CallofDutyModernWarfare2 #CallofDuty https://t.co/UY8PCb…",1412546766684266502,BettyBRenders,210,0,0,0,0
22,"RT @BettyBRenders: 🦿Late but he‘s ready 🙌🏻

#Alex #AlexKeller #AlexMW2 #MW2 #MWII #CallofDutyModernWarfare2 #CallofDuty https://t.co/UY8PCb…",366176947,BettyBRenders,210,0,0,0,0
23,RT @iScoobyLive: IT’S DEMON HOURS 🎯👹 #CallofDuty #MW2 #MWII #GoingGhost https://t.co/jE0pFNhqY7,99222248,iScoobyLive,7,0,0,0,0
24,@lojakk @PlayCODMobile @RealBobbyPlays @HawksNest @Ferg @TheNoahSunday How ab a 1v1,1519781357177774081,lojakk,0,1,2,0,0
25,"RT @BettyBRenders: 🦿Late but he‘s ready 🙌🏻

#Alex #AlexKeller #AlexMW2 #MW2 #MWII #CallofDutyModernWarfare2 #CallofDuty https://t.co/UY8PCb…",1667524025378119681,BettyBRenders,210,0,0,0,0
26,🚨Warzone KILL RACE dubs!!🚨  | 205/210 Followers https://t.co/xtDaE7Dfll @KickStreamsLive @KickLiveNow @KickLiveStreams @KickStreaming #KickStreamers #Jamaica #Warzone2 #CallofDuty #kick,334430506,KickStreamsLive,0,0,1,0,0
27,"RT @xbruised_peachx: it's horangi's time in the ringlight 🐯
#Horangi #HorangiMW2 #CallofDuty #MWII https://t.co/EOv6lamJ2k",2960331312,xbruised_peachx,162,0,0,0,0
28,"RT @xbruised_peachx: it's horangi's time in the ringlight 🐯
#Horangi #HorangiMW2 #CallofDuty #MWII https://t.co/EOv6lamJ2k",1546213014357016577,xbruised_peachx,162,0,0,0,0
29,"They called me a BadGirl😒 
I wanted to be a bad bitch 

⚠️ #TIKTOK #TREND #foryoupage #fyp #foryou #viral #love #influencer #tbt #love #gamer #gaming #callofduty #cod #GirlGamer #explore #worldwide #Modernwarfare2 #Mw2 #gamingonTikTok https://t.co/qhlmSNc1ty",1466627748114444294,**this tweet had been deleted or hidden**,1,1,5,1,0
30,"『COD:MWⅡ』レーザーは以前のアプデで青でも線が見えるようになったんだな。ショーダウンって当時は良マップ扱いだったの？
https://t.co/y2KP5s4kHY

#COD #コールオブデューティ #callofduty #CODMW2 #MW2 #CoDMWII #DMZ #warzone2 #ニクト #ショーダウン https://t.co/n5yRBotnvX",956402256613552128,**this tweet had been deleted or hidden**,0,0,0,0,0
31,"@PlayCODMobile They are cheat player
Need delete these accounts now in CoD mobile
#CoDMobile https://t.co/33OftfFFp7",1363110887175847942,PlayCODMobile,0,0,1,0,0
32,"RT @BettyBRenders: 🦿Late but he‘s ready 🙌🏻

#Alex #AlexKeller #AlexMW2 #MW2 #MWII #CallofDutyModernWarfare2 #CallofDuty https://t.co/UY8PCb…",529075154,BettyBRenders,210,0,0,0,0
33,"Stretch with me 😌 

⚠️ #TIKTOK #TREND #foryoupage #fyp #foryou #viral #love #influencer #tbt #love #gamer #gaming #callofduty #cod #GirlGamer #explore #worldwide #Modernwarfare2 #Mw2 #gamingonTikTok https://t.co/UcKnfn8dkC",1655197432932646913,**this tweet had been deleted or hidden**,3,2,37,0,3
34,RT @iScoobyLive: IT’S DEMON HOURS 🎯👹 #CallofDuty #MW2 #MWII #GoingGhost https://t.co/jE0pFNhqY7,4879311753,iScoobyLive,7,0,0,0,0
35,GET TURNT ON BOZO #CallofDuty #Warzone2 https://t.co/iqLHCWtSgK,1359159719621984268,**this tweet had been deleted or hidden**,0,2,7,0,0
36,Art block has been kicking the shit out of me but i had to put the pookie bears without their masks out🤩💖 #codmw2 #MW2 #mw2fanart #königmw2 #HorangiMW2 #CallofDuty #CallofDutyMW2 @nickjmartineau https://t.co/5BnGT32d2i,1183957492386058240,nickjmartineau,1,0,27,0,0
37,"@PlayCODMobile 

Day #1

Please bring back Undead Siege as a option for Zombies mode.
 
For those who need to finish camos.

And for those who just wants to avoid the toxic multiplayer and just wants to fight against Zombies.",796499614413230080,PlayCODMobile,0,0,2,0,0
38,"RT @lexiissgone: ""cry"" by cigarettes after sex started playing and i went crazy 🥹
i doodled it but idk should i finish...
[ #horangi #Konig…",2328978614,lexiissgone,55,0,0,0,0
39,RT @ModenasHD: If you missed any of the Twitch drops from CDL Champs 2023 (including the exclusive camo) you can use the code CDLCHAMP23 on…,1621563057766809600,ModenasHD,231,0,0,0,0
40,"More PvP tonight with Platinum Grinds and other stuff 

Trovo - https://t.co/jfPqXAfDCj
Kick - https://t.co/3yjr45Royp
YouTubes - https://t.co/SgmqPDKTeI

#MWII #ModernWarfare2 #MW2 #callofduty #ModernWarfareII https://t.co/iTRqajYYuB",34235457,**this tweet had been deleted or hidden**,0,0,0,0,0
41,Why have you yet again ruined #Warzone2 #plunder you morons? Leave the game mode alone and stop tinkering you useless wonkers! @ATVI_AB @CallofDuty @RavenSoftware who is making decisions there?? #idiots #morons,2513132562,ATVI_AB,0,0,0,0,0
42,"RT @alexgscod: Kyle~ 🧢

#kylegazgarrick #GazMW2 #Callofduty #mw2 https://t.co/Sk0lvijqzX",983941691542515716,alexgscod,35,0,0,0,0
43,"RT @cyrv17: макаров пацаны 

#makarov #cod #CallofDuty #MW2 https://t.co/i6zvnkrM5g",1436642759822102530,cyrv17,9,0,0,0,0
44,"RT @artimaaaeus: rudy dood? rudy dood 💙
---
#CallofDuty #MWII #MW2 #RodolfoParra https://t.co/M5d7KcWHQM",1377834282836750336,artimaaaeus,96,0,0,0,0
45,"RT @artbymyosotis: Partying with the 141 series - part 4: Valeria homophobic era /j 

#alerudy #alejandrovargas #rodolfoparra #rudymw2 #val…",1377834282836750336,artbymyosotis,204,0,0,0,0
46,"RT @PlayCODMobile: 🏃‍♂️Make sure to warm up and stretch before loading into Series 3!

Check out all the in-game rewards in the Ranked tab…",1312659847695888388,PlayCODMobile,42,0,0,0,0
47,"RT @loneghostwolf88: Big boy 
#CallofDutyModernWarfare2 #CoDKönig #CallofDuty #3DRender #Rendering #Daz3D #MWII https://t.co/9hAaK5VnGI",1513417657860513792,loneghostwolf88,167,0,0,0,0
48,La Nueva skin Esta Guapísima 🥰😍#Warzone2 #Warzone #CallofDuty #CallofDutyModernWarfareII https://t.co/eGdjR7ohpL,1588168930203504640,**this tweet had been deleted or hidden**,0,0,0,0,0
49,"RT @loneghostwolf88: Big boy 
#CallofDutyModernWarfare2 #CoDKönig #CallofDuty #3DRender #Rendering #Daz3D #MWII https://t.co/9hAaK5VnGI",387891802,loneghostwolf88,167,0,0,0,0
50,@abito971 @PriceMacTavis @Snapdragon_ID @POCO_ID @Snapdragon @BungAndiPOCO @PUBGMOBILE @PlayCODMobile Untung saya beli yg NFC 🤣 yg PRO banyak yg matot,1624750528948506624,abito971,0,0,1,0,0
51,RT @Dougfunnnys: JUMP START! #CallofDuty #Warzone2 #warzoneclips #warzonemobile https://t.co/orzd3nJawm,1626818814703968256,Dougfunnnys,8,0,0,0,0
52,"RT @BettyBRenders: 🦿Late but he‘s ready 🙌🏻

#Alex #AlexKeller #AlexMW2 #MW2 #MWII #CallofDutyModernWarfare2 #CallofDuty https://t.co/UY8PCb…",1607359832117346305,BettyBRenders,210,0,0,0,0
53,"What hurts more that breaking up with your duo partner!? 
#CallofDuty #MWII #Warzone",484317523,**this tweet had been deleted or hidden**,0,0,0,0,0
54,JUMP START! #CallofDuty #Warzone2 #warzoneclips #warzonemobile https://t.co/orzd3nJawm,1572952583509053442,**this tweet had been deleted or hidden**,8,2,16,0,0
55,"RT @BettyBRenders: 🦿Late but he‘s ready 🙌🏻

#Alex #AlexKeller #AlexMW2 #MW2 #MWII #CallofDutyModernWarfare2 #CallofDuty https://t.co/UY8PCb…",1246455816552509445,BettyBRenders,210,0,0,0,0
56,"RT @CallofDuty: Time to lock in 🤝

#MWII Free Access is live now until the 26th 🆓 https://t.co/04qHWo8fup",771343044444643328,CallofDuty,178,0,0,0,0
57,"RT @Conyalmendra11: Tequila?!🔥
#MWII #CallofDuty
#Alerudy #alejandrovargas #rodolfoparra #valeria https://t.co/fdsYtkiQ1B",1377834282836750336,Conyalmendra11,185,0,0,0,0
58,"RT @milomossy: uh um ok the first alerudy sketch and i hope not the last
they're so adorable... i love them

#alejandrovargas #rodolfoparra…",1377834282836750336,milomossy,413,0,0,0,0
59,"RT @Phixate: My Teammates Never Stopped Chasing the Boss...
#DMZ #Warzone2 

https://t.co/7X9qyBjMe6 https://t.co/3zGZuYNDUC",3240146472,Phixate,3,0,0,0,0
60,@CODMW2Informer couldnt give a fuck and anyone who buys it needs to smash themself in the face with a brick how a company can treat there fans like they have and still throw there money at them people are thick as shit @CallofDuty @Activision #warzone #MW2 #cod,1665085722775240707,CODMW2Informer,0,0,0,0,0
61,Hardcore Shipment 24/7 Double XP Weekend  and some other stuff #callofduty #modernwarfareII #MW2 #MWII #CallofdutyModernWarfareII #diabloIV https://t.co/jmRsgwczpI,34235457,**this tweet had been deleted or hidden**,0,0,0,0,0
62,"RT @xbruised_peachx: it's horangi's time in the ringlight 🐯
#Horangi #HorangiMW2 #CallofDuty #MWII https://t.co/EOv6lamJ2k",1008164159832199174,xbruised_peachx,162,0,0,0,0
63,"RT @StreySteal: tehee 🧼💀

#soapghost #GhostSoap #MWII #CallofDuty #soapmactavish  #ghostmw2  #shipart https://t.co/agydsUaBom",1368631583360614403,StreySteal,50,0,0,0,0
64,"RT @loneghostwolf88: Big boy 
#CallofDutyModernWarfare2 #CoDKönig #CallofDuty #3DRender #Rendering #Daz3D #MWII https://t.co/9hAaK5VnGI",1146198017571090434,loneghostwolf88,167,0,0,0,0
65,"RT @BettyBRenders: 🦿Late but he‘s ready 🙌🏻

#Alex #AlexKeller #AlexMW2 #MW2 #MWII #CallofDutyModernWarfare2 #CallofDuty https://t.co/UY8PCb…",2328978614,BettyBRenders,210,0,0,0,0
66,"RT @BettyBRenders: 🦿Late but he‘s ready 🙌🏻

#Alex #AlexKeller #AlexMW2 #MW2 #MWII #CallofDutyModernWarfare2 #CallofDuty https://t.co/UY8PCb…",473191701,BettyBRenders,210,0,0,0,0
67,"Aim bot #warzoneclips  #callofduty  #battleroyale  #Mw2  #warzoneclips  #ashikaisland  #rebirthisland  #battleroyale  #vondel  #Warzone2  #ttv    7_19illnever4get    #PS5Share, #CallofDutyModernWarfareII https://t.co/Zi41FqJcrf",144343413,**this tweet had been deleted or hidden**,0,0,0,0,0
68,#warzone2 is going pretty damn well today fam! #CallofDuty https://t.co/ZwtdxBsLkg,842500661069598721,**this tweet had been deleted or hidden**,0,0,0,0,0
69,"RT @loneghostwolf88: Big boy 
#CallofDutyModernWarfare2 #CoDKönig #CallofDuty #3DRender #Rendering #Daz3D #MWII https://t.co/9hAaK5VnGI",1246455816552509445,loneghostwolf88,167,0,0,0,0
70,"RT @BettyBRenders: 🦿Late but he‘s ready 🙌🏻

#Alex #AlexKeller #AlexMW2 #MW2 #MWII #CallofDutyModernWarfare2 #CallofDuty https://t.co/UY8PCb…",1282387407225184256,BettyBRenders,210,0,0,0,0
71,RT @Jzambardino41: 🚨LIVE NOW!🚨| Come through to the stream and vibe with me on some Warzone! https://t.co/yrRnk2Jfx6 | #Warzone #Warzone2 #…,1322703831667494913,Jzambardino41,3,0,0,0,0
72,"RT @xbruised_peachx: it's horangi's time in the ringlight 🐯
#Horangi #HorangiMW2 #CallofDuty #MWII https://t.co/EOv6lamJ2k",1618767450786635776,xbruised_peachx,162,0,0,0,0
73,"RT @TaskForce141GS: I can't believe Activision thought listening to sick, deranged, whining and delusional Graves fans was a good idea, but…",1103812852375343105,TaskForce141GS,3,0,0,0,0
74,"RT @BettyBRenders: 💀 You want it?

#Ghost #SimonGhostRiley #GhostMW2 #MW2 #MWII #CallofDutyModernWarfare2 #CallofDuty https://t.co/jTKVCs2P…",3124724512,BettyBRenders,320,0,0,0,0
75,"RT @xbruised_peachx: it's horangi's time in the ringlight 🐯
#Horangi #HorangiMW2 #CallofDuty #MWII https://t.co/EOv6lamJ2k",1640613686,xbruised_peachx,162,0,0,0,0
76,"RT @TaskForceNews: He’s Alive 👀

#CallofDuty #MWII #ModernWarfareII #Warzone https://t.co/Z4piby2dTj",933195078,TaskForceNews,74,0,0,0,0
77,"RT @makumakiti032: 【✅本日の最新動画💖📷YouTube限定動画👀】

VONDEL イースターエッグの限定武器設計図の入手方法解説  完全攻略

https://t.co/zVtiXY02ln

なんと25分の動画…。
完全攻略動画だからこうなった😂💖
これ…",1252911087743205376,makumakiti032,7,0,0,0,0
78,🚨LIVE NOW!🚨| Come through to the stream and vibe with me on some Warzone! https://t.co/yrRnk2Jfx6 | #Warzone #Warzone2 #CallofDuty #CallofDutyWarzone #MW2 #FPSgames #gamingcommunity #twitchtv,1480284877673189379,**this tweet had been deleted or hidden**,3,0,8,0,0
79,"RT @loneghostwolf88: Big boy 
#CallofDutyModernWarfare2 #CoDKönig #CallofDuty #3DRender #Rendering #Daz3D #MWII https://t.co/9hAaK5VnGI",2865342509,loneghostwolf88,167,0,0,0,0
80,"RT @lexiissgone: bro woke up and realized his bf isnt with him  
 [ #horangi #Konig #CallofDuty #MWII #Korangi #art ] https://t.co/O858tL8B…",1312750531673288704,lexiissgone,173,0,0,0,0
81,"RT @BettyBRenders: 🦿Late but he‘s ready 🙌🏻

#Alex #AlexKeller #AlexMW2 #MW2 #MWII #CallofDutyModernWarfare2 #CallofDuty https://t.co/UY8PCb…",1066397792317440000,BettyBRenders,210,0,0,0,0
82,"Even though the gameplay remains incredibly fun, #CallOfDuty #COD is not in a good place for a lot of reasons. #VideoGames #CODMW2 #Warzone2

 https://t.co/uS8hn02zWo",723532208179404800,**this tweet had been deleted or hidden**,0,0,0,0,0
83,"FIRST TIME ON VONDEL join up  #Warzone2 #CallofDuty #CodeOranje #twitch #streamer #Warzone #Join 

 https://t.co/CQqfgnwx1B",957714076939014145,**this tweet had been deleted or hidden**,0,0,3,0,0
84,"RT @loneghostwolf88: Big boy 
#CallofDutyModernWarfare2 #CoDKönig #CallofDuty #3DRender #Rendering #Daz3D #MWII https://t.co/9hAaK5VnGI",1296763392854765569,loneghostwolf88,167,0,0,0,0
85,"Here is how to easily complete the 'Icebreaker' mission of the Black Mous Tier 2 Faction missions in DMZ Season 4! 🐧🐯📩

📺 Video: https://t.co/BMHWsiqB6H

#Warzone  #MW2 #Season4 #DMZ https://t.co/ow7QpvHaPc",1426178713,**this tweet had been deleted or hidden**,0,0,0,0,0
86,"RT @BettyBRenders: 🦿Late but he‘s ready 🙌🏻

#Alex #AlexKeller #AlexMW2 #MW2 #MWII #CallofDutyModernWarfare2 #CallofDuty https://t.co/UY8PCb…",1904712674,BettyBRenders,210,0,0,0,0
87,"@mrtop42 @Ferg @PlayCODMobile can’t, u can’t transfer anything between accs unless u add urself and gift ur other acc weapons xp cards",1489130677110988801,mrtop42,0,0,0,0,0
88,"RT @xbruised_peachx: it's horangi's time in the ringlight 🐯
#Horangi #HorangiMW2 #CallofDuty #MWII https://t.co/EOv6lamJ2k",1594893139575115776,xbruised_peachx,162,0,0,0,0
89,"RT @BettyBRenders: 💀 You want it?

#Ghost #SimonGhostRiley #GhostMW2 #MW2 #MWII #CallofDutyModernWarfare2 #CallofDuty https://t.co/jTKVCs2P…",757768108849455104,BettyBRenders,320,0,0,0,0
90,"I can't believe Activision thought listening to sick, deranged, whining and delusional Graves fans was a good idea, but we can't thank them enough  #phillipgraves #ModernWarfare2 #MW2",1628647911167762433,**this tweet had been deleted or hidden**,3,1,20,0,0
91,This was too good 🤣🤣🤣👌🏾 #ModernWarfare2 #CallofDuty #MW2 #MWII https://t.co/r5nSHn1ZYT,1059205495754579968,**this tweet had been deleted or hidden**,0,1,1,0,0
92,@abito971 @PriceMacTavis @Snapdragon_ID @POCO_ID @Snapdragon @BungAndiPOCO @PUBGMOBILE @PlayCODMobile HP gatcha akaoakwoka,1219814731420028928,abito971,0,0,1,0,0
93,"RT @BettyBRenders: 🦿Late but he‘s ready 🙌🏻

#Alex #AlexKeller #AlexMW2 #MW2 #MWII #CallofDutyModernWarfare2 #CallofDuty https://t.co/UY8PCb…",1646011093289177089,BettyBRenders,210,0,0,0,0
94,"RT @BettyBRenders: 🦿Late but he‘s ready 🙌🏻

#Alex #AlexKeller #AlexMW2 #MW2 #MWII #CallofDutyModernWarfare2 #CallofDuty https://t.co/UY8PCb…",1251683967474053121,BettyBRenders,210,0,0,0,0
95,"FREE Mouse Aim Assist For Call of Duty Warzone 2! DMZ
~No Downloads ~~ In Game Settings!! ~~ No Joke! No Cronus!🤯🤯 Works on  CONSOLES with Mouse Too!!!!
Like and Follow on Youtube for More!! - Jchillz4o4
#CallofDuty #Activision #Warzone2 #warzoneclips
https://t.co/Hb956gvDep",1672688970747244544,**this tweet had been deleted or hidden**,0,0,0,0,0
