,author_id,text,username,retweet,reply,like,quote,bookmark
0,1110484090434654208,"RT @alexgscod: So, this is the senpai they're always talking about...💀
(NSFW+variants on patreon) 

#CallOfDuty #MW2 #MWII #SimonGhostRiley…",alexgscod,136,0,0,0,0
1,1641098892212342786,"RT @CallofDuty: Where are you loading in? 🎮

Shipment 24/7, Gunfight Blueprint and more in this week's #MWII Playlist update! https://t.co/…",CallofDuty,74,0,0,0,0
2,1397012747590668291,"🚨Live Now - Final Ganondorf Battle 🚀

🫡 Streaming On @Xeenon_xyz 🎮
@TroyMurs @transmental 

💬 Make An Account &amp; Join Me 👀

👇🏻 Xeenon Channel Link 👇🏻
https://t.co/xAh0xhx7gu

#Xeenon #TearsOfTheKingdom #TheLegendOfZelda #Zelda  #XeenonGamer #Ether #Warzone2 #CallOfDuty… https://t.co/ySTNch7f4w https://t.co/tgvpMu2d3L",Xeenon_xyz,2,0,6,0,0
3,771387172339539968,"RT @lilya_neko: I'm drawing again! I really like the idea of ​​this Johnny. Glad to have you back Neil and inspire the fans.
#CallofDutyMod…",lilya_neko,144,0,0,0,0
4,756563377820954625,@JHCGaming @PlayCODMobile 👀,JHCGaming,0,0,0,0,0
5,1969127310,"RT @FrexmanTv: vondel and ashika quads all night. stop in and chat! drop a follow! @KickStreaming @Twitch 
#100T #CallofDuty #FaZeUp #KickA…",FrexmanTv,2,0,0,0,0
6,756563377820954625,RT @JHCGaming: @PlayCODMobile 👀,JHCGaming,3,0,0,0,0
7,1643692291347865616,"RT @alexgscod: Oral fixation is so real between these two 😊💀🧼
(NSFW + variants: ✨ https://t.co/hR07OfXbF3 ✨)

#GhostSoap #SoapGhost #CallOf…",alexgscod,73,0,0,0,0
8,1509077111453401093,"RT @yumecore: Senpai Ghost  (Aaa!)
#CallofDuty #MWII #MW2 #SimonGhostRiley
Part 1 😇 https://t.co/oLss2iJBfp",yumecore,86,0,0,0,0
9,1190416758492008449,"RT @_xboxgamergirl: Underwater Beatdown👊
#CallofDuty #Warzone #Warzone2 #mw2 #xbox #ttv #warzoneclips #CallofDutyWarzone #smallstreamers #s…",_xboxgamergirl,6,0,0,0,0
10,1597584191201619968,"RT @yumecore: Senpai Ghost  (Aaa!)
#CallofDuty #MWII #MW2 #SimonGhostRiley
Part 1 😇 https://t.co/oLss2iJBfp",yumecore,86,0,0,0,0
11,1643692291347865616,"RT @alexgscod: NSFW GhostSoap 🧼💀commission for @/Fauxobsidian! Thank you so much!! 🥰❤️🙏

#SoapGhost #GhostSoap #CallOfDuty #MW2 https://t.c…",alexgscod,526,0,0,0,0
12,1322703831667494913,"RT @ImperiumReign: Working on thumbnails! Hit me up if needing anything.

#CallofDuty #Warzone #Warzone2 #ModernWarfare2 #Youtube #SmallStr…",ImperiumReign,3,0,0,0,0
13,1577771291565821974,RT @skull_pen: 👻🧼 #MWII #CallofDuty #Ghost https://t.co/cNszeUr9gF,skull_pen,491,0,0,0,0
14,1673814195324764162,MW2 - FTAC always for pubs SND Hyrdo #callofduty #cod #mw2 #gaming #gamer #modernwarfare #modernwarfare2 #games #FTAC #SND #searchanddestroy https://t.co/5yNl2f7QlA,**this tweet had been deleted or hidden**,0,0,0,0,0
15,1610075763998441473,RT @skull_pen: 👻🧼 #MWII #CallofDuty #Ghost https://t.co/cNszeUr9gF,skull_pen,491,0,0,0,0
16,1097569079496445955,"RT @GreyFromYoutube: 🚨NEW VIDEO! 
Animated Ghost Operator Skin and Weapon Blueprints
https://t.co/CeIzP3LX3w…                 
#CallofDuty…",GreyFromYoutube,2,0,0,0,0
17,1191170971249590273,"LIVE NOW ON @KickStreaming✅ 

K I C K . C O M / I N S P I T H

https://t.co/NEQHoE2Nyx

#warzone #warzone2 #ashikaisland #mw2 #callofduty #gaming #streamer #streamerthings #inspith

@Trainwreckstv @StakeEddie https://t.co/1znEIUzUXc",KickStreaming,0,0,1,0,0
18,1421250797015285762,"https://t.co/rrSnB5i0Gk

BEST BO4 PLAYER POV! 
#cdl2023 #EZAF #FaZeUp #WeTheA #twitch #twitchgamer #twitchtv #BO4 #blackops #gaming",**this tweet had been deleted or hidden**,0,0,0,0,0
19,1030586035208634370,RT @skull_pen: 👻🧼 #MWII #CallofDuty #Ghost https://t.co/cNszeUr9gF,skull_pen,491,0,0,0,0
20,949507114401128448,"RT @yumecore: Senpai Ghost  (Aaa!)
#CallofDuty #MWII #MW2 #SimonGhostRiley
Part 1 😇 https://t.co/oLss2iJBfp",yumecore,86,0,0,0,0
21,800357305443237889,"RT @Guiiiiigui_: Valeria Garza - Lewdy  

June is ending and none other than El Sin Nombre to close it in beauty 😳 😳

Hope you like it, dev…",Guiiiiigui_,6,0,0,0,0
22,1297618057934839809,"RT @AmikoRoyAi: Relationship status: it's complicated

Some Valejandro 🥰

#callofduty #MWII https://t.co/uRmEdtbfZy",AmikoRoyAi,231,0,0,0,0
23,244036544,"RT @PlayCODNews: Season 6: Templar's Oath Trailer 🔥

https://t.co/odQuJJkPvV",PlayCODNews,36,0,0,0,0
24,846902608967061504,"RT @yumecore: Dark Ghost 🖤
#CallofDuty #MWII #SimonGhostRiley https://t.co/H4dK6yWTml",yumecore,65,0,0,0,0
25,1655843680446566401,"RT @FrexmanTv: vondel and ashika quads all night. stop in and chat! drop a follow! @KickStreaming @Twitch 
#100T #CallofDuty #FaZeUp #KickA…",FrexmanTv,2,0,0,0,0
26,2980619243,"vondel and ashika quads all night. stop in and chat! drop a follow! @KickStreaming @Twitch 
#100T #CallofDuty #FaZeUp #KickAffiliate #KickStreamer #ModernWarfareII #MWII #NFT #pcgaming #TwitchAffilate #Warzone2 

https://t.co/WwrVxDYRDq

https://t.co/yZDvStgXv5",KickStreaming,2,2,6,0,0
27,1646431125663805440,"RT @PlayCODMobile: Bow down to the ruler or fight to become a legend. Check out the Season 6 Trailer now! 

Templar's Oath goes live on 7/5…",PlayCODMobile,134,0,0,0,0
28,1535530242,"""EVERYONE WHO PLAYS COD MW2!!"" 

I have a bug going on where even though I've bought NOTHING BUT GIFT PACKS since I bought the Blackcell Season 3 and Season 4 DLC, I have lost ALL of my cod points (about 5100 I believe)

@TheFlank @CallofDuty @Activision https://t.co/Hgl55PmaoU",TheFlank,0,0,0,0,0
29,1605352492455276545,"New Weekly Event ""Operation Red"" start in 18hr

#WarzoneMobile #Callofdutymobile #CoDMobile #Warzone2 #MWII #DMZ #CallofDuty #Activision #Farlight84 #PUBGMOBILE #Fornite #MobileGame #ApexLedgends https://t.co/jv6DSAsu38",**this tweet had been deleted or hidden**,0,0,1,0,0
30,1479634859433811969,"RT @yumecore: Senpai Ghost  (Aaa!)
#CallofDuty #MWII #MW2 #SimonGhostRiley
Part 1 😇 https://t.co/oLss2iJBfp",yumecore,86,0,0,0,0
31,1464959761,RT @Mr_Clasher_YT: Streaming @PlayCODMobile live on @trovolive FINAL DAYS OF A RANK AND PLATINUM PUSH https://t.co/rkhCm1vwSr 🔥🔥🔥 #CallofDu…,Mr_Clasher_YT,2,0,0,0,0
32,2398763586,RT @Mr_Clasher_YT: Streaming @PlayCODMobile live on @trovolive FINAL DAYS OF A RANK AND PLATINUM PUSH https://t.co/rkhCm1vwSr 🔥🔥🔥 #CallofDu…,Mr_Clasher_YT,2,0,0,0,0
33,2398763586,Streaming @PlayCODMobile live on @trovolive FINAL DAYS OF A RANK AND PLATINUM PUSH https://t.co/rkhCm1vwSr 🔥🔥🔥 #CallofDutyMobile #CODMobile #CallofDuty #COD #Trovo,PlayCODMobile,2,0,2,0,0
34,1314117431531655168,@PlayCODMobile @PlayCODMobile can you add purple diamond if your not bringing back the amethyst camo,PlayCODMobile,0,0,0,0,0
35,770703779184476160,"RT @PlayCODNews: Season 6: Templar's Oath Trailer 🔥

https://t.co/odQuJJkPvV",PlayCODNews,36,0,0,0,0
36,1568226387474923520,"RT @alexgscod: NSFW GhostSoap 🧼💀commission for @/Fauxobsidian! Thank you so much!! 🥰❤️🙏

#SoapGhost #GhostSoap #CallOfDuty #MW2 https://t.c…",alexgscod,526,0,0,0,0
37,1255630800252473345,"RT @alexgscod: NSFW GhostSoap 🧼💀commission for @/Fauxobsidian! Thank you so much!! 🥰❤️🙏

#SoapGhost #GhostSoap #CallOfDuty #MW2 https://t.c…",alexgscod,526,0,0,0,0
38,226328811,RT @skull_pen: 👻🧼 #MWII #CallofDuty #Ghost https://t.co/cNszeUr9gF,skull_pen,491,0,0,0,0
39,1215454622443343872,RT @661ave: #MWII #MW2 #CallofDuty #Ghost #SimonGhostRiley #König #Konig https://t.co/ccH1WC6wCN,661ave,356,0,0,0,0
40,1449059909723574273,"cod mw2 DMZ募集
@2
ptvc有りでseason4楽しくやりましょう
(PS5,PS4の方)

バンザイ突撃しても許してくれる方
おなしゃす
#DMZ募集

2ヶ月ぶりなのと初PS5なのでエイムとか終わってると思いますがそれでもいいよって方
足でまといになるかも",2,0,0,1,0,0
41,1269680584407867392,"RT @yumecore: Senpai Ghost  (Aaa!)
#CallofDuty #MWII #MW2 #SimonGhostRiley
Part 1 😇 https://t.co/oLss2iJBfp",yumecore,86,0,0,0,0
42,1601004042129317889,@PlayStation I'd love to play MWII 3rd Person but Infinity Ward are a bunch of groomer 3rd person hatin pedos,PlayStation,0,0,1,0,0
43,1377387799008043011,"RT @lilya_neko: I'm drawing again! I really like the idea of ​​this Johnny. Glad to have you back Neil and inspire the fans.
#CallofDutyMod…",lilya_neko,144,0,0,0,0
44,1521417890448420865,"RT @yumecore: Senpai Ghost  (Aaa!)
#CallofDuty #MWII #MW2 #SimonGhostRiley
Part 1 😇 https://t.co/oLss2iJBfp",yumecore,86,0,0,0,0
45,781913539799818240,"RT @CallofDuty: Where are you loading in? 🎮

Shipment 24/7, Gunfight Blueprint and more in this week's #MWII Playlist update! https://t.co/…",CallofDuty,74,0,0,0,0
46,1591261720156192771,"RT @PlayCODMobile: Bow down to the ruler or fight to become a legend. Check out the Season 6 Trailer now! 

Templar's Oath goes live on 7/5…",PlayCODMobile,134,0,0,0,0
47,1302781906828906496,"RT @yumecore: Senpai Ghost  (Aaa!)
#CallofDuty #MWII #MW2 #SimonGhostRiley
Part 1 😇 https://t.co/oLss2iJBfp",yumecore,86,0,0,0,0
48,1200220879902273538,"RT @PlayCODMobile: Bow down to the ruler or fight to become a legend. Check out the Season 6 Trailer now! 

Templar's Oath goes live on 7/5…",PlayCODMobile,134,0,0,0,0
49,1442806763032547333,RT @JSamulakCLE: Can y’all just remaster WaW or the OG MW2 already? Both preferably… @CallofDuty,JSamulakCLE,1,0,0,0,0
50,1650013981866614784,"💕💕💕💕💕 #gamephoto #game #Warzone #callofduty #Warcraft #ModernWarfare #Warzone2 #MWII  
Original: againstgrmrs https://t.co/z6pxmKUeXW",**this tweet had been deleted or hidden**,0,0,2,0,0
51,1029215816250580995,RT @TrustMyKnife: I outplayed the Enemy Team with this Ninja Defuse 💣 #CallOfDuty #ModernWarfare2 #MW2 #CODTopPlays https://t.co/FSriF373O2,TrustMyKnife,3,0,0,0,0
52,1118716394994978816,"RT @alexgscod: NSFW GhostSoap 🧼💀commission for @/Fauxobsidian! Thank you so much!! 🥰❤️🙏

#SoapGhost #GhostSoap #CallOfDuty #MW2 https://t.c…",alexgscod,526,0,0,0,0
53,1155417368069324801,"RT @ElijahCielle: #kylegarrick #gaz #KyleGazGarrick #CallofDuty #MW2 #TheWeeknd #kissland
Finally got a Gaz Model !!! 😭🫶(Inspired by Kiss L…",ElijahCielle,13,0,0,0,0
54,1667625113741557764,"RT @jonesy3161993: Check out my new twitch video ""Party Time Wednesday - Modern Warfare and MW2 playing with the viewers"" it was me and @bl…",jonesy3161993,5,0,0,0,0
55,956402256613552128,"『COD:MWⅡ』敵の視認性が悪いんだがモニターとか自身の環境によって結構変わるもの？
https://t.co/8itoETtIX2

#COD #コールオブデューティ #callofduty #CODMW2 #MW2 #CoDMWII #DMZ #warzone2 #ニクト https://t.co/4MWwJFuvJV",**this tweet had been deleted or hidden**,0,0,0,0,0
56,794837044665061376,"RT @yumecore: Senpai Ghost  (Aaa!)
#CallofDuty #MWII #MW2 #SimonGhostRiley
Part 1 😇 https://t.co/oLss2iJBfp",yumecore,86,0,0,0,0
57,1669880859489337346,"UN DIRECTO ENTRETENIDO!!!
DARLE APOYO AL PAPA Y SEGUIRME EN TWITCH (ES GRATIS😁) 👇👇👇👇👇👇👇👇
https://t.co/0uVpi3rNBB

#Tornado #Activision #Twitter #ultimahora #MWII #Warzone2",**this tweet had been deleted or hidden**,0,0,2,0,0
58,705338903209889792,@PlayCODMobile https://t.co/SyEpWn5KHI,PlayCODMobile,0,0,0,0,0
59,1070376427156054018,"RT @yumecore: Senpai Ghost  (Aaa!)
#CallofDuty #MWII #MW2 #SimonGhostRiley
Part 1 😇 https://t.co/oLss2iJBfp",yumecore,86,0,0,0,0
60,1022141717787504640,"RT @alexgscod: NSFW GhostSoap 🧼💀commission for @/Fauxobsidian! Thank you so much!! 🥰❤️🙏

#SoapGhost #GhostSoap #CallOfDuty #MW2 https://t.c…",alexgscod,526,0,0,0,0
61,1482066210627878913,@CallofDuty @lionbeard40 When are you guys fixing the reporting issue on mw2 people are getting  shadowban,CallofDuty,0,0,0,0,0
62,793313454190841856,"RT @alexgscod: NSFW GhostSoap 🧼💀commission for @/Fauxobsidian! Thank you so much!! 🥰❤️🙏

#SoapGhost #GhostSoap #CallOfDuty #MW2 https://t.c…",alexgscod,526,0,0,0,0
63,1605352492455276545,"New Exclusive bundle Warzone Mobile
Tracer Pack: MEDUSA

#WarzoneMobile #Callofdutymobile #CoDMobile #MWII #MobileGame #Activision https://t.co/r53jGTVljp",**this tweet had been deleted or hidden**,0,0,0,0,0
64,1556562581166477315,"RT @jonesy3161993: Check out my new twitch video ""Party Time Wednesday - Modern Warfare and MW2 playing with the viewers"" it was me and @bl…",jonesy3161993,5,0,0,0,0
65,1190416758492008449,"RT @TV_SmokinxSam: DROP LIKE 👍 COMMENT😁FOLLOW 

“THE MOMENTUM WAS CRAZY IN THIS VIDEO! I SMOKED THERE WHOLE TEAM IN ONE ROUND! 
#gaming #ga…",TV_SmokinxSam,2,0,0,0,0
66,1257445689866498053,"-

عجلات الموسم السادس + تريلر + معلومات حصريه عن الموسم 😨🔥|| ALL DRAWS SEASON6 &amp; TRAILER &amp; INFO CODM

-
🔴 YouTube.Enjoy ON
-

https://t.co/Z3gaZTDkGF

-
@CODMobileARA
@PlayCODMobile
@CallofDuty
-
#CoDMobile
#CODM 
#Callofdutymobile
#SNOOKA
#كود_موبايل
#season6 https://t.co/2PiDgCZKWk",CODMobileARA,0,0,0,0,0
67,1605352492455276545,"New bundles available in the store

#WarzoneMobile #Callofdutymobile #CoDMobile #MWII #MobileGame #Activision https://t.co/wHgPli6vn0",**this tweet had been deleted or hidden**,0,0,0,0,0
68,1924113181,"Working on thumbnails! Hit me up if needing anything.

#CallofDuty #Warzone #Warzone2 #ModernWarfare2 #Youtube #SmallStreamer #SmallYouTube #Thumbnail #TwitchStreamer #Kick #KickStreamer #KickStream #Twitch #MLBTheShow #MLBTheShow23 https://t.co/WpWsHrqcTQ",**this tweet had been deleted or hidden**,3,1,16,0,0
69,704583568316633088,"RT @jonesy3161993: Check out my new twitch video ""Party Time Wednesday - Modern Warfare and MW2 playing with the viewers"" it was me and @bl…",jonesy3161993,5,0,0,0,0
70,1212509646918864896,RT @TrustMyKnife: I outplayed the Enemy Team with this Ninja Defuse 💣 #CallOfDuty #ModernWarfare2 #MW2 #CODTopPlays https://t.co/FSriF373O2,TrustMyKnife,3,0,0,0,0
71,1190416758492008449,"RT @jonesy3161993: Check out my new twitch video ""Party Time Wednesday - Modern Warfare and MW2 playing with the viewers"" it was me and @bl…",jonesy3161993,5,0,0,0,0
72,1514031785956581376,"Check out my new twitch video ""Party Time Wednesday - Modern Warfare and MW2 playing with the viewers"" it was me and @blackmetalgoods having some fun on @CallofDuty mw and mw2 @GamersRetweets @GamingRTweeters 
@Retweelgend @TwitchRetweetzz @Rapid__RTs
https://t.co/hGS33CsnVf",blackmetalgoods,5,1,5,0,0
73,1583326174180102145,"RT @Kqreal: Ghost and König
#ghost #codmw2 #MW2 #SimonGhostRiley #Konig #callofduty #könig #Warzone2 #MWII https://t.co/JXagENNZcw",Kqreal,23,0,0,0,0
74,989845448922820609,"RT @lilya_neko: I'm drawing again! I really like the idea of ​​this Johnny. Glad to have you back Neil and inspire the fans.
#CallofDutyMod…",lilya_neko,144,0,0,0,0
75,345505841,@PlayCODMobile add Riot Shield.Thank you.,PlayCODMobile,0,0,0,0,0
76,1408797688494186498,"RT @lilya_neko: I'm drawing again! I really like the idea of ​​this Johnny. Glad to have you back Neil and inspire the fans.
#CallofDutyMod…",lilya_neko,144,0,0,0,0
77,1635719900642803713,"RT @PlayCODMobile: Bow down to the ruler or fight to become a legend. Check out the Season 6 Trailer now! 

Templar's Oath goes live on 7/5…",PlayCODMobile,134,0,0,0,0
78,2677513093,Warzone Blunt Force #Warzone2 #callofduty #fyp #cod #funny #rebirthisland #warzone #warzoneclips #warzonefunnyclips #codwarzone #modernwarfare #gaming #streamer #twitch #joke #comedy #viral #caldera #battleroyale #fps #blackcreatives #blackcreator https://t.co/fpRKVJmrnh https://t.co/vzvtWvPfaI,**this tweet had been deleted or hidden**,0,0,4,0,0
79,932948718,"RT @yumecore: Senpai Ghost  (Aaa!)
#CallofDuty #MWII #MW2 #SimonGhostRiley
Part 1 😇 https://t.co/oLss2iJBfp",yumecore,86,0,0,0,0
80,1583326174180102145,"RT @artimaaaeus: mmm
---
#CallofDuty #MWII #MW2 #Ghost https://t.co/XeV2GxRlFh",artimaaaeus,25,0,0,0,0
81,995747720559116288,"RT @AmikoRoyAi: Relationship status: it's complicated

Some Valejandro 🥰

#callofduty #MWII https://t.co/uRmEdtbfZy",AmikoRoyAi,231,0,0,0,0
82,1300160436973850627,"Going live @830 EST! Bots best be ready to get CLAPPED. See you in a little while!
#twitch #warzone2 #callofduty #Glytchfam #fps #gamer #dadbot #dadbod #imabot #gamerdad #streamer
https://t.co/jUIdBVehgY",830,0,0,1,0,0
83,1577771291565821974,"RT @yumecore: Senpai Ghost  (Aaa!)
#CallofDuty #MWII #MW2 #SimonGhostRiley
Part 1 😇 https://t.co/oLss2iJBfp",yumecore,86,0,0,0,0
84,1034453244355862529,@PlayCODMobile This game doesn't look like call of duty anymore,PlayCODMobile,0,0,1,0,0
85,840275217016586240,Can y’all just remaster WaW or the OG MW2 already? Both preferably… @CallofDuty,CallofDuty,1,0,1,0,0
86,704583568316633088,RT @probablyretep: Plunder Trios with the homies!!! But first.... #streaming #live on #Twitch @ https://t.co/NJn4n7PUwz #CallOfDutyWarzone2…,probablyretep,7,0,0,0,0
87,1565875748262400000,RT @probablyretep: Plunder Trios with the homies!!! But first.... #streaming #live on #Twitch @ https://t.co/NJn4n7PUwz #CallOfDutyWarzone2…,probablyretep,7,0,0,0,0
88,1470790439590633474,"RT @AmikoRoyAi: Relationship status: it's complicated

Some Valejandro 🥰

#callofduty #MWII https://t.co/uRmEdtbfZy",AmikoRoyAi,231,0,0,0,0
89,1967732990,"RT @yumecore: Senpai Ghost  (Aaa!)
#CallofDuty #MWII #MW2 #SimonGhostRiley
Part 1 😇 https://t.co/oLss2iJBfp",yumecore,86,0,0,0,0
90,723532208179404800,"Even though the gameplay remains incredibly fun, #CallOfDuty #COD is not in a good place for a lot of reasons. #VideoGames #CODMW2 #Warzone2

 https://t.co/uS8hn02zWo",**this tweet had been deleted or hidden**,0,0,1,0,0
91,844090471026692096,"RT @alexgscod: NSFW GhostSoap 🧼💀commission for @/Fauxobsidian! Thank you so much!! 🥰❤️🙏

#SoapGhost #GhostSoap #CallOfDuty #MW2 https://t.c…",alexgscod,526,0,0,0,0
92,1487540988319084549,"RT @TV_SmokinxSam: DROP LIKE 👍 COMMENT😁FOLLOW 

“THE MOMENTUM WAS CRAZY IN THIS VIDEO! I SMOKED THERE WHOLE TEAM IN ONE ROUND! 
#gaming #ga…",TV_SmokinxSam,2,0,0,0,0
93,1230562682211667968,"RT @yumecore: Senpai Ghost  (Aaa!)
#CallofDuty #MWII #MW2 #SimonGhostRiley
Part 1 😇 https://t.co/oLss2iJBfp",yumecore,86,0,0,0,0
94,1259659959991746565,"RT @Guiiiiigui_: Valeria Garza - Lewdy  

June is ending and none other than El Sin Nombre to close it in beauty 😳 😳

Hope you like it, dev…",Guiiiiigui_,6,0,0,0,0
95,880641569375875072,"RT @ToxicRoxic: ◈shows up 20 minutes late with a caramel macchiato◈ Roight wots ol this then
 #ghost #CallofDuty #MW2 #ghostmw2 https://t.c…",ToxicRoxic,1060,0,0,0,0
