,text,author_id,username,retweet,reply,like,quote,bookmark
0,"Obviously made by Gaz
Puppy!Soap (Scottish Terrier)

#soap #soapmactavish #puppy #dog #fartfactory #meme #cod #mwii #mw2 #CallofDuty #ModernWarfareII #ModernWarfare2 #fanart #scottishterrier https://t.co/xUZi5cwulR",70811687,**this tweet had been deleted or hidden**,0,0,12,0,0
1,"RT @artimaaaeus: gfs❗️❗️❗️
---
#CallofDuty #MWII #MW2 #ghostsoap https://t.co/JfMWg8DuH8",846273620347277312,artimaaaeus,55,0,0,0,0
2,"ヴォンデルロックダウンたのち......
アルマズラでもDMZ寄りのAI込み大規模ロックダウンやってほしいなぁ！！ #MW2 #WZ2",1368897125648527360,**this tweet had been deleted or hidden**,0,0,0,0,0
3,"RT @PlayCODMobile: 🚨The ship is being attacked! 

Season 6: Templar's Oath goes live on 7/5 at 5PM PT 👉 Check out the Battle Pass in the in…",1319122834355081216,PlayCODMobile,81,0,0,0,0
4,"RT @alexgscod: Boyfriend's jeans 👀🧼
(NSFW+variants on patreon)
  
#CallOfDuty #MW2 #MWII #SimonGhostRiley #GhostMW2 https://t.co/5Quv9S88VD",1365687783713501184,alexgscod,120,0,0,0,0
5,"RT @alexgscod: Boyfriend's jeans 👀🧼
(NSFW+variants on patreon)
  
#CallOfDuty #MW2 #MWII #SimonGhostRiley #GhostMW2 https://t.co/5Quv9S88VD",896563383851335680,alexgscod,120,0,0,0,0
6,RT @CallofDuty: #TeamRICOCHET is thrilled to share with the community several updates to RICOCHET including the Hallucination decoy and In-…,100034853,CallofDuty,134,0,0,0,0
7,RT @ToxicRoxic: yall knew it was only a matter of time 🤡💀 #ghostmw2 #MWII #Ghost #CallofDuty https://t.co/YsP4RVNh7f,1502140664078761987,ToxicRoxic,2921,0,0,0,0
8,12-0 KD WITH THE WIN !!! 🔥🔥🔥🙏🏾 #callofduty #warzone2 https://t.co/aKDll70UBJ,1339469776180170754,**this tweet had been deleted or hidden**,0,0,1,0,0
9,"RT @kobutyal456: こんばんはです、今日もよろしくお願いします

【初心者／CoD・MW２/参加型】#8　誰かぼっちと共闘してくれる人いませんか？　派閥任務とか色々やっていきたい https://t.co/xEF35ReWDl @YouTube　
#参加型 
#d…",1346700956629569537,kobutyal456,5,0,0,0,0
10,"RT @alexgscod: Boyfriend's jeans 👀🧼
(NSFW+variants on patreon)
  
#CallOfDuty #MW2 #MWII #SimonGhostRiley #GhostMW2 https://t.co/5Quv9S88VD",1574779576353525762,alexgscod,120,0,0,0,0
11,Thank you for bring back the ICR-1 Blood Money Blueprint  into the Vault^_^ https://t.co/v1hPeypNbh,1635719570848612386,**this tweet had been deleted or hidden**,0,0,0,0,0
12,RT @ToxicRoxic: since the 1st one was a Hit Tweet™ why not make another edition :] some poor fool just out of frame stuck to a C4 probably…,2873334717,ToxicRoxic,1534,0,0,0,0
13,"RT @alexgscod: Boyfriend's jeans 👀🧼
(NSFW+variants on patreon)
  
#CallOfDuty #MW2 #MWII #SimonGhostRiley #GhostMW2 https://t.co/5Quv9S88VD",1416922100133105669,alexgscod,120,0,0,0,0
14,RT @loneghostwolf88: Inspired by @roachp0t Ghost &amp; Riley series and with their permission here my little contribution because I love seeing…,1416922100133105669,loneghostwolf88,106,0,0,0,0
15,"RT @yumecore: 🖤🖤🖤
#CallofDuty #MW2 #MWII #SimonGhostRiley https://t.co/lvU7h9kvnl",1288317350228439040,yumecore,86,0,0,0,0
16,"RT @Tava_tavatic: SMILE
#MWII 
#CallofDuty 
#Konig https://t.co/74YwisLfNL",1271884053508165636,Tava_tavatic,3984,0,0,0,0
17,RT @remix3s: #soapmctavish #CallofDuty #mw2 #mw2fanart https://t.co/TwQeU9zCmH,177068973,remix3s,649,0,0,0,0
18,"RT @KeNNy_NeverDie: 【S6BP動画公開】

来シーズンのバトルパスティザーが先程公開されました‼︎‼︎

 https://t.co/W0afs90Lxo",4870932685,KeNNy_NeverDie,15,0,0,0,0
19,"RT @Roo1The: 🔴 DMZ LIVE ""Passive Upgrades Are Back!!""

https://t.co/TnCHQRdu0R 

#DMZ #MW2 #Season4 #FYP https://t.co/5NZSiiYkKg",1526433647284428802,Roo1The,1,0,0,0,0
20,Call of Duty Mw2 Streamer hit's Insane 5k with sniper and almost hits the fastest ace 😱🤯 #cod #mw2 #gaming #callofduty #ModernWarfare2 #anime #nfl https://t.co/Eld2BXD257,3558766413,**this tweet had been deleted or hidden**,0,0,1,0,0
21,RT @ToxicRoxic: yall knew it was only a matter of time 🤡💀 #ghostmw2 #MWII #Ghost #CallofDuty https://t.co/YsP4RVNh7f,1285054716,ToxicRoxic,2921,0,0,0,0
22,RT @661ave: #MWII #MW2 #CallofDuty #Ghost #SimonGhostRiley #König #Konig https://t.co/ccH1WC6wCN,1288317350228439040,661ave,356,0,0,0,0
23,RT @ToxicRoxic: since the 1st one was a Hit Tweet™ why not make another edition :] some poor fool just out of frame stuck to a C4 probably…,1285054716,ToxicRoxic,1534,0,0,0,0
24,@CallofDuty Bring back the older cods like mw2 2009 no season no level 1000 just 10th prestige level 70 In my eyes your game fell off years ago,777715859901050881,CallofDuty,0,0,1,0,0
25,RT @ToxicRoxic: saw this and felt a calling ofc💀 #ghost #MW2 #CallofDuty #ghostmw2 https://t.co/vcdt37KQir,1285054716,ToxicRoxic,332,0,0,0,0
26,RT @ToxicRoxic: realized i can finally draw Ghost's Blackcell skin ever since my gullible gold and black aesthetic lovin ass saw it💛😔 #Call…,1285054716,ToxicRoxic,588,0,0,0,0
27,Why you guy's care about MW3 tbh it will be way more worst than MW2 more hacker's more issue's that they cannot fixed like y'all loved to supporting Activision with LGBTQ+ community and they removed nick and Tom skin's from cod yea they do need money with trash ass shit game https://t.co/oyebZeTSY6,1312624900792778754,**this tweet had been deleted or hidden**,0,1,0,0,0
28,"ENDLICH ULAUB!
BIN LIVE MIT @fr4nky_o595
auf Twitch Honsen1

#TwitchStreamers #twitchtv #streamer #twitchdeutschland #twitchde #twitch #dmz #tdm #CallOfDuty #mw2 https://t.co/TOkRbXXAhY",1322982562571165696,**this tweet had been deleted or hidden**,0,0,0,0,0
29,RT @loneghostwolf88: Inspired by @roachp0t Ghost &amp; Riley series and with their permission here my little contribution because I love seeing…,1472410379359854592,loneghostwolf88,106,0,0,0,0
30,"RT @661ave: evening at a bar in Manchester
#Ghost #SimonGhostRiley #CallOfDuty #MWII #MW2 https://t.co/cWaVdj1Uep",1187071989636325379,661ave,363,0,0,0,0
31,RT @ToxicRoxic: 🌿warm up doodle of the scrimply scrumbus🌿 #König #MWII #CallofDuty #konigmw https://t.co/AkFLsEih4a,2877289982,ToxicRoxic,786,0,0,0,0
32,RT @ToxicRoxic: realized i can finally draw Ghost's Blackcell skin ever since my gullible gold and black aesthetic lovin ass saw it💛😔 #Call…,2877289982,ToxicRoxic,588,0,0,0,0
33,"RT @artimaaaeus: gfs❗️❗️❗️
---
#CallofDuty #MWII #MW2 #ghostsoap https://t.co/JfMWg8DuH8",1276997562864721921,artimaaaeus,55,0,0,0,0
34,"RT @ToxicRoxic: Patiently* waiting for a blackcell König skin 🤔

*: frothing at mouth, chattering teeth, biting civilians
#CallofDuty #Köni…",2877289982,ToxicRoxic,400,0,0,0,0
35,"RT @burger_nicky: My snd PR in mw2 👀 thoughts⁉️🧐
#CallofDuty #mw2 #snd https://t.co/q0oyiHczN6",1575955368479543297,burger_nicky,1,0,0,0,0
36,"RT @alexgscod: Boyfriend's jeans 👀🧼
(NSFW+variants on patreon)
  
#CallOfDuty #MW2 #MWII #SimonGhostRiley #GhostMW2 https://t.co/5Quv9S88VD",1276997562864721921,alexgscod,120,0,0,0,0
37,RT @ToxicRoxic: yall knew it was only a matter of time 🤡💀 #ghostmw2 #MWII #Ghost #CallofDuty https://t.co/YsP4RVNh7f,1609658257244553219,ToxicRoxic,2921,0,0,0,0
38,BEAST #earthquake #TikTok #callofduty #CallofDutyModernWarfare2 #mw2 #ticketek  #mw2 #tiktokdown #TikToker #tiktokhot #tiktokhotviral #TikTokLIVE #TikTokviral https://t.co/Q3dPbMPxD7,1654317500295782400,**this tweet had been deleted or hidden**,0,0,1,0,0
39,"🔴 DMZ LIVE ""Passive Upgrades Are Back!!""

https://t.co/TnCHQRdu0R 

#DMZ #MW2 #Season4 #FYP https://t.co/5NZSiiYkKg",1221767930653872128,**this tweet had been deleted or hidden**,1,0,1,0,0
40,@dF_Founder @PlayCODMobile Great addition 👀,1418935080655933450,dF_Founder,0,0,3,0,0
41,"My all time favorite Alejandro Vargas edit on TikTok

#CallofDuty #MWII #mw2 #CallofDutyModernWarfare2 #AlejandroVargas https://t.co/qGVl6mGFF5",1488798212957904899,**this tweet had been deleted or hidden**,0,0,5,0,2
42,"『COD:DMZ攻略』シガーボックス、過酸化水素、セファレキシン、アセトンってどこにある？
https://t.co/bSoIQF0nmJ

#COD #コールオブデューティ #callofduty #CODMW2 #MW2 #CoDMWII #DMZ #warzone2 #シーズン4 #シガーボックス #過酸化水素 #セファレキシン #アセトン https://t.co/FA85i2nRji",956402256613552128,**this tweet had been deleted or hidden**,0,0,0,0,0
43,"RT @Scights: I drew him again
#MW2 #MWII #CallofDuty #Ghost #SimonGhostRiley https://t.co/CrPPd2398f",1293172327769833473,Scights,13,0,0,0,0
44,"RT @artimaaaeus: gfs❗️❗️❗️
---
#CallofDuty #MWII #MW2 #ghostsoap https://t.co/JfMWg8DuH8",912515783690944513,artimaaaeus,55,0,0,0,0
45,@Xtormiken @PlayCODMobile lol this was released for free in 2021 2 years ago.. they didnt even bring him back / he has nun to do with the comics storyline,1642837143461539841,Xtormiken,0,0,0,0,0
46,"ICYMI: Call of Duty deploys phantom players to mess with cheats

https://t.co/7GhmN8H1rX #CallOfDuty #MW2 https://t.co/1OKiTMeCKS",285837868,**this tweet had been deleted or hidden**,0,0,1,0,0
47,"This song was MADE for him frfr

#CallofDuty #MWII #CaptainPrice #mw2 #CallofDutyModernWarfare2 https://t.co/L4InXGMqLx",1488798212957904899,**this tweet had been deleted or hidden**,1,0,15,0,2
48,"RT @661ave: evening at a bar in Manchester
#Ghost #SimonGhostRiley #CallOfDuty #MWII #MW2 https://t.co/cWaVdj1Uep",1461139313111052295,661ave,363,0,0,0,0
49,"RT @itslilbabewolf: my teammates complaining about my rpg, but also forgets who carries them half the time with my toxic class. 😂
-
#callof…",1437223561169711104,itslilbabewolf,1,0,0,0,0
50,"RT @PlayCODMobile: 🚨The ship is being attacked! 

Season 6: Templar's Oath goes live on 7/5 at 5PM PT 👉 Check out the Battle Pass in the in…",1497896849835192320,PlayCODMobile,81,0,0,0,0
51,"Hilarious Gameplay Montage LOL https://t.co/QGJ7OZTHX6 via @YouTube 
#FunniestVideos #shorts #TikTok #FYP #Gameplay #MW2 #kf2 #BO3 #zombies #FYP #streamer #viral #squad #funny #laughing #subscribe https://t.co/37x8XJ6BL4",1323901014731153408,YouTube,0,0,0,0,0
52,"RT @alexgscod: NSFW GhostSoap 🧼💀commission for @/Fauxobsidian! Thank you so much!! 🥰❤️🙏

#SoapGhost #GhostSoap #CallOfDuty #MW2 https://t.c…",1042548668581195776,alexgscod,526,0,0,0,0
53,"RT @CODmwfeed: One #ModernWarfare2                #PS5 bundle to give away. To enter follow the steps below.💜

Follow+❤+♻️+Comment
#CallofD…",1383091860147744773,CODmwfeed,184,0,0,0,0
54,"RT @CODmwfeed: One #ModernWarfare2                #PS5 bundle to give away. To enter follow the steps below.💜

Follow+❤+♻️+Comment
#CallofD…",574929186,CODmwfeed,184,0,0,0,0
55,"I drew this in like 15 mins don’t judge me 😂 
Another ghost x Y/n

#SimonGhostRiley #CoD #ghostmw2 #soapghost #GhostSoap #MW2 #CallofDuty #CallofDutyModernWarfare2 #fanart #artist #digitalart #ghostxyn #ghostxyourname https://t.co/kh2ODaNyyg",1437560134151118848,**this tweet had been deleted or hidden**,1,1,11,0,1
56,@CallofDuty mwii lobbies seem quiet as fuck lately,1669400129667776521,CallofDuty,0,0,0,0,0
57,"RT @alexgscod: Boyfriend's jeans 👀🧼
(NSFW+variants on patreon)
  
#CallOfDuty #MW2 #MWII #SimonGhostRiley #GhostMW2 https://t.co/5Quv9S88VD",1092597329646022656,alexgscod,120,0,0,0,0
58,"RT @lilya_neko: I'm drawing again! I really like the idea of ​​this Johnny. Glad to have you back Neil and inspire the fans.
#CallofDutyMod…",366992349,lilya_neko,144,0,0,0,0
59,"RT @alexgscod: Boyfriend's jeans 👀🧼
(NSFW+variants on patreon)
  
#CallOfDuty #MW2 #MWII #SimonGhostRiley #GhostMW2 https://t.co/5Quv9S88VD",1299782970056667136,alexgscod,120,0,0,0,0
60,@CallofDuty I am making a MW2 bump this evening with a weapon they nerfed in a couple of hours after i got spectated ONE match.,1361779804521959425,CallofDuty,0,0,0,0,0
61,"Even though the gameplay remains incredibly fun, #CallOfDuty #COD is not in a good place for a lot of reasons. #VideoGames #CODMW2 #Warzone2

 https://t.co/uS8hn02zWo",723532208179404800,**this tweet had been deleted or hidden**,0,0,0,0,0
62,"RT @artimaaaeus: gfs❗️❗️❗️
---
#CallofDuty #MWII #MW2 #ghostsoap https://t.co/JfMWg8DuH8",1637242647835299845,artimaaaeus,55,0,0,0,0
63,RT @PressuredGYT: New YouTube video is LIVE Go Watch Like and Comment! Feat. @oitsdyl https://t.co/U0BpIPJ3Ix #mw2 #callofduty,1582432045762060289,PressuredGYT,5,0,0,0,0
64,"https://t.co/3NJeM7MnR5

Call of Duty Warzone 2.0 - DMZ (SOLO) [Contract ""ELIMINATION OF A PARTICULARLY IMPORTANT GOAL""]

#LionHunterChannel #Warzone2 #CallofDutyWarzone #CallOfDuty #COD #игра #шутер #game #shooter #FPS #YouTube #DMZ #SOLO",1465740516360966151,**this tweet had been deleted or hidden**,0,0,0,0,0
65,"🔴LIVE - FRI YEYEYEYEYEYE

🟪https://t.co/DzwzT7ZI3f

#CallofDuty #MW2 #MWII #Warzone2
#Halo #HaloMCC #HaloInfinite #Xbox #Zelda #ZeldaTOTK
#Overwatch #Overwatch2
#RE4 #RE4Remake
#Twitch #TwitchStreamer #TwitchStreamers #TwitchAffilate https://t.co/bDYMF2Ue3b",16589052,**this tweet had been deleted or hidden**,0,0,3,1,0
66,RT @SpicyClowder: Ghost gf? #CallOfDuty #MW2 #MWII #Ghost https://t.co/2BINZvRqfL,1665525657260941313,SpicyClowder,2,0,0,0,0
67,RT @661ave: #MWII #MW2 #CallofDuty #Ghost #SimonGhostRiley #König #Konig https://t.co/ccH1WC6wCN,1580066244291710976,661ave,356,0,0,0,0
68,"RT @alexgscod: Boyfriend's jeans 👀🧼
(NSFW+variants on patreon)
  
#CallOfDuty #MW2 #MWII #SimonGhostRiley #GhostMW2 https://t.co/5Quv9S88VD",949507114401128448,alexgscod,120,0,0,0,0
69,@PlayCODMobile 🤮🤮,1216320184702644224,PlayCODMobile,0,0,0,0,0
70,"RT @Blameguyy: ‼️NEW VIDEO‼️ - any support appreciated↓    

""Bringing Movement Back To Vondel""  

https://t.co/lnu5yUn4h9
https://t.co/lnu…",2241780426,Blameguyy,3,0,0,0,0
71,i was just on the same team in mw2 as a possible activision dev…? 😭,1379176569415983105,**this tweet had been deleted or hidden**,0,0,1,0,0
72,"RT @alexgscod: Boyfriend's jeans 👀🧼
(NSFW+variants on patreon)
  
#CallOfDuty #MW2 #MWII #SimonGhostRiley #GhostMW2 https://t.co/5Quv9S88VD",1619721033153662976,alexgscod,120,0,0,0,0
73,Haven't been on @CallofDuty #MW2 an hour so far and there's been 3 F' N playlist updates. I don't get how @CallofDuty &amp; @Activision is letting this game franchise go to shit. I guess because you fleeced so many with #microtransactions with #Warzone.,123759851,CallofDuty,0,1,0,0,0
74,"RT @alexgscod: Boyfriend's jeans 👀🧼
(NSFW+variants on patreon)
  
#CallOfDuty #MW2 #MWII #SimonGhostRiley #GhostMW2 https://t.co/5Quv9S88VD",19757511,alexgscod,120,0,0,0,0
75,"#LionHunterChannel #Warzone2 #Vondel #CallOfDuty #COD #YouTube #DMZ 

I played the new Deterrence mode.  My verdict is I approve. https://t.co/Unr7d3DtHN",1465740516360966151,**this tweet had been deleted or hidden**,0,0,0,0,0
76,"🤌🤌🤌🤌

#CallofDuty #MWII #CaptainPrice #CallofDutyModernWarfare2 #mw2 https://t.co/BUioEQfYHg",1488798212957904899,**this tweet had been deleted or hidden**,0,0,2,0,0
77,"RT @WarzoneTFN: Come on now Call of Duty... This is unacceptable.

MW19 vs MWII's July 4th Bundle Blueprint 

#CallofDuty #MWII #ModernWarf…",58581689,WarzoneTFN,16,0,0,0,0
78,"🚨 7:15 LAST CALL {EXTENSION}  

⚔️4v4 FREE HARDPOINT ONLY  
                     *Cold War*
 💰 PRIZE $100 | FREE ENTRY

📅Friday, June 30th @ 7pm EST 

All info ⬇️ ⬇️ 

@CODReTweeters @ScrimFinder #CDL2023             #CallofDuty #cod #coldwar #cw. https://t.co/drelig9iYQ",1354855480498204672,CODReTweeters,0,1,0,1,0
79,"ブッチ
DMZで使えるUAV付き
最近覆面オペレーターが多いですねww🤣
 #COD   #MW2 https://t.co/bIS24hbO0w",722536160057110528,**this tweet had been deleted or hidden**,0,0,24,1,0
80,@PlayCODMobile Amazing,1728742118,PlayCODMobile,0,0,0,0,0
81,RT @ToxicRoxic: yall knew it was only a matter of time 🤡💀 #ghostmw2 #MWII #Ghost #CallofDuty https://t.co/YsP4RVNh7f,1350795070123995140,ToxicRoxic,2921,0,0,0,0
82,"*Internal panic* 

#CallofDuty #CallofDutyModernWarfare2 #MWII #mw2 #CaptainPrice #JohnPrice https://t.co/RcUMu0oME0",1488798212957904899,**this tweet had been deleted or hidden**,2,0,15,0,1
83,"RT @alexgscod: Boyfriend's jeans 👀🧼
(NSFW+variants on patreon)
  
#CallOfDuty #MW2 #MWII #SimonGhostRiley #GhostMW2 https://t.co/5Quv9S88VD",1562742291525033985,alexgscod,120,0,0,0,0
84,"Fr don't know whether to simp for this man or cry with daddy issues-

#CallofDuty #MWII #CaptainPrice #CallofDutyModernWarfare2 #mw2 https://t.co/yaiWOPBYPi",1488798212957904899,**this tweet had been deleted or hidden**,1,0,9,0,0
85,"RT @loneghostwolf88: Last week I had some #GhostSoap haters in my IG comments , so  I made this to piss them off even more 🤭😎
#CodGhost #Co…",1411091707446415365,loneghostwolf88,203,0,0,0,0
86,"RT @yumecore: 🖤🖤🖤
#CallofDuty #MW2 #MWII #SimonGhostRiley https://t.co/lvU7h9kvnl",1528097293525737477,yumecore,86,0,0,0,0
87,"久しぶりのシップメントは楽しい🔪
 #MW2 #CallofDuty #cod https://t.co/UMeKCRuebV",2858806586,**this tweet had been deleted or hidden**,0,0,6,0,0
88,RT @loneghostwolf88: Inspired by @roachp0t Ghost &amp; Riley series and with their permission here my little contribution because I love seeing…,1362562892,loneghostwolf88,106,0,0,0,0
89,RT @SKizzleAXE: How Activision treated COD Fans in 2022 with MW2 https://t.co/YW89eNFS6K,1332855024305795073,SKizzleAXE,3656,0,0,0,0
90,"RT @PlayCODNews: Season 6: Templar's Oath Battle Pass Trailer

https://t.co/ZYCYS8EJkU",1194446888977743872,PlayCODNews,29,0,0,0,0
91,"RT @PlayCODNews: Season 6: Templar's Oath Battle Pass Trailer

https://t.co/ZYCYS8EJkU",1435505761459658754,PlayCODNews,29,0,0,0,0
92,"@guliano72 @InfoCoDES_ Va a ser un refrito del MW2,  Activision cada vez da mas asco",1600273003165716481,guliano72,0,0,0,0,0
93,"RT @661ave: evening at a bar in Manchester
#Ghost #SimonGhostRiley #CallOfDuty #MWII #MW2 https://t.co/cWaVdj1Uep",1479531028763103234,661ave,363,0,0,0,0
94,RT @BBBGAMINGNEWS: In a recent update @CallofDuty have stated that you can be Permanently banned if you Report non-cheaters in call of duty…,20179097,BBBGAMINGNEWS,6,0,0,0,0
95,"RT @661ave: evening at a bar in Manchester
#Ghost #SimonGhostRiley #CallOfDuty #MWII #MW2 https://t.co/cWaVdj1Uep",1609633323663466498,661ave,363,0,0,0,0
96,"RT @PlayCODMobile: 🚨The ship is being attacked! 

Season 6: Templar's Oath goes live on 7/5 at 5PM PT 👉 Check out the Battle Pass in the in…",2511546878,PlayCODMobile,81,0,0,0,0
97,"As MELHORES CONFIGURAÇÕES em 2023 para o #CoDMobile 
@PlayCODMobile @CallofDutyBR https://t.co/AmB2lTNA1T",1364238418553827330,PlayCODMobile,0,1,11,0,0
