,text,author_id,username,retweet,reply,like,quote,bookmark
0,"RT @alexgscod: What LT sees 💀🖤🧼
(+nsfw variants on patreon)

#GhostSoap #SoapGhost #CallOfDuty #MW2 https://t.co/0KxKQEGblR",1515771686766923781,alexgscod,364,0,0,0,0
1,"holy shit, ive been trying to replay the mw2 campaign to get out of this bored state and i cant get past this fucking ricochet loading screen. what the fuck did yall do? @Activision",1356459424991375360,Activision,0,0,2,0,0
2,RT @661ave: #JohnPrice #CaptainPrice #MWII #MW2 #CallofDuty https://t.co/sdOdCzsFZS,1444977794425888771,661ave,409,0,0,0,0
3,RT @661ave: #JohnPrice #CaptainPrice #MWII #MW2 #CallofDuty https://t.co/sdOdCzsFZS,1397486942053232640,661ave,409,0,0,0,0
4,RT @SHYmanages_: We (Team Love Fighters🇯🇵) are searching for an organization to represent for the @ESLCODM @PlayCODMobile Stage4 and the Wo…,1261549904507240450,SHYmanages_,13,0,0,0,0
5,"Help me reach 50 followers, Mostly stream Call of Duty MW2. 
Check out my channel, drop a follow. Maybe try catch my next stream. #gaming #gaymer #twitch #twitchstreamer #streamer #CallofDuty https://t.co/iwSooibccG",2964668693,**this tweet had been deleted or hidden**,0,0,0,0,0
6,"RT @Neick_hitlz: Suddenly a quick sketch of a beautiful woman 🙌💞

#MWII #CallOfDuty #FarahKarim https://t.co/GR0dZeyAEH",831483962945974272,Neick_hitlz,60,0,0,0,0
7,"RT @RippedMinds: LIVE :D We vibin' for a couple hours w/ #RankedPlay , pubs, videos &amp; good vibes! Feel free to stop by! $th of July Eve lol…",1235600986904973313,RippedMinds,4,0,0,0,0
8,"RT @BettyBRenders: 👑 Today König…

…tomorrow 🤷🏼‍♀️

#König #Koenig #KönigMW2 #MW2 #MWII #CallofDutyModernWarfare2 #CallofDuty https://t.co/…",1545465640391245827,BettyBRenders,890,0,0,0,0
9,"RT @AmikoRoyAi: Some Valeria and Alejandro doodles👀

#CallofDuty #MWII #alejandrovargas #valeriagarza https://t.co/7cPMiXhxzg",1064679365177458688,AmikoRoyAi,363,0,0,0,0
10,@PlayCODMobile Easy 100+ kills daily https://t.co/x3C0sylEt9,34768793,PlayCODMobile,0,0,0,0,0
11,RT @661ave: #JohnPrice #CaptainPrice #MWII #MW2 #CallofDuty https://t.co/sdOdCzsFZS,387891802,661ave,409,0,0,0,0
12,"RT @CODmwfeed: One #ModernWarfare2                #PS5 bundle to give away. To enter follow the steps below.💜

Follow+❤+♻️+Comment
#CallofD…",1451042419026321409,CODmwfeed,18,0,0,0,0
13,@PlayCODMobile https://t.co/7A2ry0NN8H,34768793,PlayCODMobile,0,0,0,0,0
14,@PlayCODMobile https://t.co/A1RKPSMuO9,34768793,PlayCODMobile,0,0,0,0,0
15,@4k_isn @SSRGaming18 @_Fotoqraf_Man_ @WarzoneMobile @PlayCODMobile @GooglePlay @AppStore @YouTubeCreators @YouTubeGaming @YouTube @Wynnsanity @RoastSmith_ @GamingWorriers @RealBobbyPlays @RJCZ32 @Rimjhimhazarik8 @Slush0p @SuperSonicWZM @PlayWZM @NEXUSyt_S @NickySantano Codm is pathetic 😅,1620490197082177538,4k_isn,0,0,0,0,0
16,"TORTURE TEAM! #Warzone2 #Warzone #CallofDuty @EnduranceTweets 

https://t.co/M48SKIYhc0 https://t.co/1Jzzgh2ry7",1572952583509053442,EnduranceTweets,0,0,4,0,0
17,"TORTURE TEAM! #Warzone2 #Warzone #CallofDuty @EnduranceTweets 
https://t.co/M48SKIYhc0 https://t.co/YvioOYRH2H",1572952583509053442,EnduranceTweets,0,0,0,0,0
18,"RT @alexgscod: What LT sees 💀🖤🧼
(+nsfw variants on patreon)

#GhostSoap #SoapGhost #CallOfDuty #MW2 https://t.co/0KxKQEGblR",1638324060760227840,alexgscod,364,0,0,0,0
19,"RT @AmikoRoyAi: So Ghost new outfit huh😩

#ghostsoap #soapghost #mwii #callofduty https://t.co/vymDc1spfC",1274977247074582528,AmikoRoyAi,646,0,0,0,0
20,RT @661ave: #JohnPrice #CaptainPrice #MWII #MW2 #CallofDuty https://t.co/sdOdCzsFZS,1660408705240711171,661ave,409,0,0,0,0
21,RT @661ave: #JohnPrice #CaptainPrice #MWII #MW2 #CallofDuty https://t.co/sdOdCzsFZS,83934517,661ave,409,0,0,0,0
22,"RT @alexgscod: What LT sees 💀🖤🧼
(+nsfw variants on patreon)

#GhostSoap #SoapGhost #CallOfDuty #MW2 https://t.co/0KxKQEGblR",1483637797764612098,alexgscod,364,0,0,0,0
23,"RT @Neick_hitlz: Suddenly a quick sketch of a beautiful woman 🙌💞

#MWII #CallOfDuty #FarahKarim https://t.co/GR0dZeyAEH",2328978614,Neick_hitlz,60,0,0,0,0
24,"RT @alexgscod: What LT sees 💀🖤🧼
(+nsfw variants on patreon)

#GhostSoap #SoapGhost #CallOfDuty #MW2 https://t.co/0KxKQEGblR",845199317669314560,alexgscod,364,0,0,0,0
25,"RT @loneghostwolf88: Just me appreciating his new model I'm using for my renders
#CoDMW2 #simonghostriley #CoDGhost #CallofDuty #3DRender…",83934517,loneghostwolf88,133,0,0,0,0
26,It’s been a while but I’m streaming on twitch again! Come out to https://t.co/p6WkjJ8XEp I appreciate all your support! #canadian #live #twitchaffiliate #CallofDuty #Warzone2,1513730081683738624,**this tweet had been deleted or hidden**,0,0,0,0,0
27,@RebelCODM_ @TheNoahSunday Hell yeah agree with @PlayCODMobile that news can fuck no one can judge how much to play or do what 😁,1431991456491884549,RebelCODM_,0,0,1,0,0
28,"RT @alexgscod: What LT sees 💀🖤🧼
(+nsfw variants on patreon)

#GhostSoap #SoapGhost #CallOfDuty #MW2 https://t.co/0KxKQEGblR",83934517,alexgscod,364,0,0,0,0
29,"RT @RippedMinds: LIVE :D We vibin' for a couple hours w/ #RankedPlay , pubs, videos &amp; good vibes! Feel free to stop by! $th of July Eve lol…",1569340143122644994,RippedMinds,4,0,0,0,0
30,"RT @Dougfunnnys: Torture TEAM! 
#Warzone2 #Warzone #CallofDuty #Callofdutymobile #CoDMobile #warzoneclips @EnduranceTweets https://t.co/mvn…",1569340143122644994,Dougfunnnys,3,0,0,0,0
31,RT @661ave: #JohnPrice #CaptainPrice #MWII #MW2 #CallofDuty https://t.co/sdOdCzsFZS,1406285538051588099,661ave,409,0,0,0,0
32,RT @ghosttown201: https://t.co/2laE5dTtWp  #Warzone2 #CallofDuty #twitchstreamer #KickStreaming #YouTube #TikTok,56026114,ghosttown201,1,0,0,0,0
33,"RT @alexgscod: What LT sees 💀🖤🧼
(+nsfw variants on patreon)

#GhostSoap #SoapGhost #CallOfDuty #MW2 https://t.co/0KxKQEGblR",1593258367094398976,alexgscod,364,0,0,0,0
34,"@Activision @RavenSoftware you guys need to get your developers to fix MWII, how are dying to our own mortar strike but you can’t die to nothing else of your ?",47177181,Activision,0,0,0,0,0
35,"中国人とDMZやるとチームのバランス崩れるしうるさくてイライラしてくる.
アイツら人口多いんだからサーバー別にしてくれって思うね
#MW2 #DMZ #CoD",396297972,**this tweet had been deleted or hidden**,0,0,1,0,0
36,"RT @Neick_hitlz: Suddenly a quick sketch of a beautiful woman 🙌💞

#MWII #CallOfDuty #FarahKarim https://t.co/GR0dZeyAEH",1651592598329409536,Neick_hitlz,60,0,0,0,0
37,"DMZ Madness: Dive into the Heart of Intense Action and Gunfights! https://t.co/jhv9g1gcyY via @YouTube

#CallofDuty #MWII #4thofJuly",1134074542110969856,YouTube,0,0,1,0,0
38,"Torture TEAM! 
#Warzone2 #Warzone #CallofDuty #Callofdutymobile #CoDMobile #warzoneclips @EnduranceTweets https://t.co/pCfnvxqKbz https://t.co/mvn0JtYNpH",1572952583509053442,EnduranceTweets,3,0,8,1,0
39,RT @661ave: #JohnPrice #CaptainPrice #MWII #MW2 #CallofDuty https://t.co/sdOdCzsFZS,1138224166543532033,661ave,409,0,0,0,0
40,"RT @loneghostwolf88: Just me appreciating his new model I'm using for my renders
#CoDMW2 #simonghostriley #CoDGhost #CallofDuty #3DRender…",2328978614,loneghostwolf88,133,0,0,0,0
41,@PlayCODMobile خياس,1391627469044822016,PlayCODMobile,0,0,0,0,0
42,"RT @Neick_hitlz: Suddenly a quick sketch of a beautiful woman 🙌💞

#MWII #CallOfDuty #FarahKarim https://t.co/GR0dZeyAEH",2473556245,Neick_hitlz,60,0,0,0,0
43,"RT @Neick_hitlz: Suddenly a quick sketch of a beautiful woman 🙌💞

#MWII #CallOfDuty #FarahKarim https://t.co/GR0dZeyAEH",1646642470610927616,Neick_hitlz,60,0,0,0,0
44,"https://t.co/4IgHOCE5HR

#MW2 #CallofDuty #kick #youtube https://t.co/JFN2MI7lGv",1480307763641257986,**this tweet had been deleted or hidden**,0,1,1,0,0
45,RT @661ave: #MWII #MW2 #CallofDuty #Ghost #SimonGhostRiley #König #Konig https://t.co/ccH1WC6wCN,1084222515399008258,661ave,356,0,0,0,0
46,Call of Duty Mw2 Streamer Hit's Insane Trickshot in Mw2 snd Pub lobby! #cod #Mw2 #gaming #anime #nfl #snd #ModernWarfareII #CallofDuty https://t.co/fvAnLOhgOh,3558766413,**this tweet had been deleted or hidden**,0,1,5,0,0
47,"RT @PlayCODMobile: 🧑‍🎨 🎨 The artists did not come to play!

Here are some of our favorite S5 pieces 🖼️

Artists:
IG: @naira_zzhra22
IG: @wr…",1454716932226117633,PlayCODMobile,30,0,0,0,0
48,166 kill game #CallofDuty #Callofdutymobile #CoDMobile @PlayCODMobile looking to sign to a team #Retweet https://t.co/0wMoKtFdgb,1357832376299122690,PlayCODMobile,0,0,2,0,0
49,"RT @alexgscod: What LT sees 💀🖤🧼
(+nsfw variants on patreon)

#GhostSoap #SoapGhost #CallOfDuty #MW2 https://t.co/0KxKQEGblR",1475650243949576193,alexgscod,364,0,0,0,0
50,@PlayCODMobile 143 kill game #CallofDuty #CoDMobile looking to sign to a team #Retweet https://t.co/sTl5jToLs0,1357832376299122690,PlayCODMobile,0,0,0,0,0
51,"RT @alexgscod: What LT sees 💀🖤🧼
(+nsfw variants on patreon)

#GhostSoap #SoapGhost #CallOfDuty #MW2 https://t.co/0KxKQEGblR",1114224705727111168,alexgscod,364,0,0,0,0
52,134 kill game looking to sign to a team @PlayCODMobile #CallofDuty #CoDMobile https://t.co/RMa4TXkRy2,1357832376299122690,PlayCODMobile,0,0,0,0,0
53,RT @661ave: #JohnPrice #CaptainPrice #MWII #MW2 #CallofDuty https://t.co/sdOdCzsFZS,1566482150358011904,661ave,409,0,0,0,0
54,166 kill game @PlayCODMobile #CallofDuty #CoDMobile looking to sign to a team I'm available https://t.co/7HijINiQ4f,34768793,PlayCODMobile,0,0,0,0,0
55,RT @661ave: #JohnPrice #CaptainPrice #MWII #MW2 #CallofDuty https://t.co/sdOdCzsFZS,1387824461378899977,661ave,409,0,0,0,0
56,RT @661ave: #JohnPrice #CaptainPrice #MWII #MW2 #CallofDuty https://t.co/sdOdCzsFZS,1306447723076317184,661ave,409,0,0,0,0
57,"RT @artimaaaeus: lato-lato 💥💥
(audio's a BIT loud btw!!)
---
#CallofDuty #MWII #MW2 #SoapGaz https://t.co/21wPtriMZr",1419552909239353345,artimaaaeus,163,0,0,0,0
58,"RT @h0neyaki: A slot for Soap 🧼
Who else should join? @neil_ellice #cod #CallofDuty #MW2 #codmw2 #SoapMacTavish #SoapCod https://t.co/54GAJ…",1272948560909254657,h0neyaki,37,0,0,0,0
59,143 kill game @PlayCODMobile #CoDMobile #CallofDuty looking to sign to a team. https://t.co/gVmosV3hTb,34768793,PlayCODMobile,0,0,0,0,0
60,"RT @PlayCODMobile: Bow down to the ruler or fight to become a legend. Check out the Season 6 Trailer now! 

Templar's Oath goes live on 7/5…",1653684067441729538,PlayCODMobile,134,0,0,0,0
61,"NEW YOUTUBE VIDEO!
This is why I love DMZ

 #DMZ #Warzone2 #CallofDuty 

https://t.co/Zi9IubYsfo https://t.co/pbsK3JFrLK https://t.co/V6O1v8iimp",24700329,**this tweet had been deleted or hidden**,0,0,3,0,0
62,"RT @alexgscod: What LT sees 💀🖤🧼
(+nsfw variants on patreon)

#GhostSoap #SoapGhost #CallOfDuty #MW2 https://t.co/0KxKQEGblR",29605421,alexgscod,364,0,0,0,0
63,134 kill game @PlayCODMobile #CoDMobile #FreeAgent Who's team can I get signed to https://t.co/tMs498s9Ms,34768793,PlayCODMobile,0,0,0,0,0
64,"NEW YOUTUBE VIDEO!
This is why I love DMZ

 #DMZ #Warzone2 #CallofDuty 

https://t.co/Zi9IubYsfo https://t.co/EkPtLGDfv1",24700329,**this tweet had been deleted or hidden**,0,0,0,0,0
65,"RT @Neick_hitlz: Suddenly a quick sketch of a beautiful woman 🙌💞

#MWII #CallOfDuty #FarahKarim https://t.co/GR0dZeyAEH",1470163591328321537,Neick_hitlz,60,0,0,0,0
66,#CallofDuty #nadia #Warzone #Warzone2 #warzoneclips #4thofJuly #ModernWarfareII https://t.co/DF5s45RM2K,481362832,**this tweet had been deleted or hidden**,0,0,3,0,0
67,"RT @h0neyaki: A slot for Soap 🧼
Who else should join? @neil_ellice #cod #CallofDuty #MW2 #codmw2 #SoapMacTavish #SoapCod https://t.co/54GAJ…",1544614760553095168,h0neyaki,37,0,0,0,0
68,"RT @artimaaaeus: lato-lato 💥💥
(audio's a BIT loud btw!!)
---
#CallofDuty #MWII #MW2 #SoapGaz https://t.co/21wPtriMZr",1189031555265683456,artimaaaeus,163,0,0,0,0
69,"RT @loneghostwolf88: Just me appreciating his new model I'm using for my renders
#CoDMW2 #simonghostriley #CoDGhost #CallofDuty #3DRender…",2783287969,loneghostwolf88,133,0,0,0,0
70,RT @DarthGuido702: Another banger powered by @Nectr_Energy! Come hear my boy @sammywy and his bangers! https://t.co/JNDixszDzW #CallofDuty…,4816394819,DarthGuido702,3,0,0,0,0
71,"RT @alexgscod: What LT sees 💀🖤🧼
(+nsfw variants on patreon)

#GhostSoap #SoapGhost #CallOfDuty #MW2 https://t.co/0KxKQEGblR",1102657233756643328,alexgscod,364,0,0,0,0
72,RT @ScarelessArts: @ATVIAssist @CallofDuty FIX THE REPORT SYSTEM ALREADY. SHADOW BANS SHOULD NOT BE A THING‼️tag em down  below.👇👇 #Warzone…,1902121076,ScarelessArts,11,0,0,0,0
73,"A slot for Soap 🧼
Who else should join? @neil_ellice #cod #CallofDuty #MW2 #codmw2 #SoapMacTavish #SoapCod https://t.co/54GAJSo4Ca",1272948560909254657,neil_ellice,37,9,663,1,26
74,"RT @Neick_hitlz: Suddenly a quick sketch of a beautiful woman 🙌💞

#MWII #CallOfDuty #FarahKarim https://t.co/GR0dZeyAEH",110089484,Neick_hitlz,60,0,0,0,0
75,"RT @alexgscod: What LT sees 💀🖤🧼
(+nsfw variants on patreon)

#GhostSoap #SoapGhost #CallOfDuty #MW2 https://t.co/0KxKQEGblR",1594395941448073217,alexgscod,364,0,0,0,0
76,"RT @loneghostwolf88: my favorite King 
#CallofDutyModernWarfare2 #CoDKönig #CallofDuty #3DRender #Rendering #Daz3D #MWII https://t.co/uovdj…",1448606136769335296,loneghostwolf88,294,0,0,0,0
77,"RT @BettyBRenders: Like promised… a big, uncensored, needy boy 👑

#König #Koenig #KönigMW2 #MW2 #MWII #CallofDutyModernWarfare2 #CallofDuty…",1156711809442820096,BettyBRenders,418,0,0,0,0
78,"RT @BettyBRenders: When you want to post and see #König D 1 C K but twitter says… noooooo! 🖕🏻

#Koenig #KönigMW2 #MW2 #WMII #CallofDutyMode…",1156711809442820096,BettyBRenders,295,0,0,0,0
79,"@vandettaxxx @GhibManu @PlayCODMobile Not as expensive, besides players can simply buy bundles which is worth it.",1481464939508285444,vandettaxxx,0,0,1,0,0
80,"RT @loneghostwolf88: Just me appreciating his new model I'm using for my renders
#CoDMW2 #simonghostriley #CoDGhost #CallofDuty #3DRender…",1246455816552509445,loneghostwolf88,133,0,0,0,0
81,"RT @BettyBRenders: 💀🧼
When it‘s Soap‘s turn to order working clothes

1/3

#Ghost #Soap #soapghost #SimonGhostRiley #soapmactavish #ghostmw…",714339759749922816,BettyBRenders,150,0,0,0,0
82,"RT @Neick_hitlz: Suddenly a quick sketch of a beautiful woman 🙌💞

#MWII #CallOfDuty #FarahKarim https://t.co/GR0dZeyAEH",923032490989649920,Neick_hitlz,60,0,0,0,0
83,RT @DarthGuido702: Another banger powered by @Nectr_Energy! Come hear my boy @sammywy and his bangers! https://t.co/JNDixszDzW #CallofDuty…,561581128,DarthGuido702,3,0,0,0,0
84,"RT @Warzone_Academy: To be released:

Day 1 - Team Combat Course
Day 2 - Strategies to reach top 10 in Warzone
Day 3 - Personalized mission…",1676008320832864256,Warzone_Academy,2,0,0,0,0
85,"RT @BettyBRenders: 💀 I like him like that 👉🏻👈🏻

…and I might do a few other boys with their pants so looooow

#Ghost #SimonGhostRiley #ghos…",714339759749922816,BettyBRenders,917,0,0,0,0
86,"RT @Neick_hitlz: Suddenly a quick sketch of a beautiful woman 🙌💞

#MWII #CallOfDuty #FarahKarim https://t.co/GR0dZeyAEH",1561088126889521152,Neick_hitlz,60,0,0,0,0
87,"RT @BettyBRenders: 👑 Today König…

…tomorrow 🤷🏼‍♀️

#König #Koenig #KönigMW2 #MW2 #MWII #CallofDutyModernWarfare2 #CallofDuty https://t.co/…",714339759749922816,BettyBRenders,890,0,0,0,0
88,"RT @Neick_hitlz: Suddenly a quick sketch of a beautiful woman 🙌💞

#MWII #CallOfDuty #FarahKarim https://t.co/GR0dZeyAEH",1349160972536016896,Neick_hitlz,60,0,0,0,0
89,"RT @BettyBRenders: 🚬 I chose Captain Daddy for today

…more tomorrow ✌🏻

#Price #CaptainPrice #PriceMW2 #MW2 #MWII #CallofDutyModernWarfare…",714339759749922816,BettyBRenders,499,0,0,0,0
90,RT @661ave: #JohnPrice #CaptainPrice #MWII #MW2 #CallofDuty https://t.co/sdOdCzsFZS,1449685027671851010,661ave,409,0,0,0,0
91,"RT @BettyBRenders: 🧢 I have Gaz for you today…

…and still more to come tomorrow

#Gaz #kylegazgarrick #GazMW2 #MW2 #MWII #CallofDutyModern…",714339759749922816,BettyBRenders,143,0,0,0,0
92,"RT @BettyBRenders: 🧼 It‘s Soap!

…and tomorrow? 🤔

#Soap #SoapMacTavish #SoapMW2 #MW2 #MWII #CallofDutyModernWarfare2 #CallofDuty https://t…",714339759749922816,BettyBRenders,323,0,0,0,0
93,"RT @BettyBRenders: 🐶 Hello Rudy

…one more for tomorrow.

#Rodolfo #RodolfoParra #RudyMW2 #MW2 #MWII #CallofDutyModernWarfare2 #CallofDuty…",714339759749922816,BettyBRenders,144,0,0,0,0
94,@r4tv0miit @PlayCODMobile Bro aren’t you that shitty discord mod on p2 server. L life,1498462214348550149,r4tv0miit,0,0,0,0,0
95,"RT @alexgscod: What LT sees 💀🖤🧼
(+nsfw variants on patreon)

#GhostSoap #SoapGhost #CallOfDuty #MW2 https://t.co/0KxKQEGblR",1574779576353525762,alexgscod,364,0,0,0,0
96,RT @661ave: #JohnPrice #CaptainPrice #MWII #MW2 #CallofDuty https://t.co/sdOdCzsFZS,988981140496134144,661ave,409,0,0,0,0
97,"RT @BettyBRenders: When you want to post and see #König D 1 C K but twitter says… noooooo! 🖕🏻

#Koenig #KönigMW2 #MW2 #WMII #CallofDutyMode…",714339759749922816,BettyBRenders,295,0,0,0,0
98,"RT @alexgscod: What LT sees 💀🖤🧼
(+nsfw variants on patreon)

#GhostSoap #SoapGhost #CallOfDuty #MW2 https://t.co/0KxKQEGblR",1611272931362963456,alexgscod,364,0,0,0,0
99,"RT @Unholykazoo: Compiled all my König sketches into one photo

#konig #König #mw2 #digitalart #CallofDuty https://t.co/AtOeqXOJtw",714339759749922816,Unholykazoo,16,0,0,0,0
