,author_id,text,username,retweet,reply,like,quote,bookmark
0,76228056,"Lets Go!!!! 🔥🔥🔥🔥🔥

@CallofDuty 

#callofduty #callofdutymw2 #MW2 #gaming #videogame #gamer #esports #shipment #codmobile #codmeme #cod #FaZeClan #FaZeUp #nukesquad #sniper #sniping #smg #ar #IntoTheBreach #greenwall #BostonBreach #opticgaming #optictexas #100thieves https://t.co/1Bc8Vp0XN5",CallofDuty,0,1,2,0,0
1,1597584191201619968,"RT @michelekoi: When Ghost is hungry:

#ghost #SimonGhostRiley #SimonRiley #kitty #cod #CallofDuty #ModernWarfare2 #ModernWarfareII #mw2 #m…",michelekoi,30,0,0,0,0
2,1415509565899120641,"RT @661ave: evening at a bar in Manchester
#Ghost #SimonGhostRiley #CallOfDuty #MWII #MW2 https://t.co/cWaVdj1Uep",661ave,363,0,0,0,0
3,1671124145885655041,Finally. After playing @CallofDuty #Warzone2 on 7 different accounts I've been hit with a mechanic delay after 15hrs of gameplay on each account. Every button works on 1st press until that 15hr mark... or basically level 35,CallofDuty,0,0,0,0,0
4,1446281246645133312,"RT @PressuredGYT: We are Live come Support the stream drop a like and sub! https://t.co/KQYqol9dFq #mw2 #callofduty 
Retweets Appreciated!!",PressuredGYT,1,0,0,0,0
5,217652016,Saturday afternoon dub... number 36. Gas play with the mortar assist. #CallofDuty #Warzone2 #XboxShare #Xbox https://t.co/yiYsAgQWL6,**this tweet had been deleted or hidden**,0,0,1,1,0
6,1413980965530124289,"We are Live come Support the stream drop a like and sub! https://t.co/KQYqol9dFq #mw2 #callofduty 
Retweets Appreciated!!",**this tweet had been deleted or hidden**,1,0,5,0,0
7,1647896943689887744,"@6_and_9 @PlayCODMobile @ATVIAssist On Instagram or even here on Twitter, you can get help from @Aaronfix01 , he's a pro on account recovery",6_and_9,0,0,0,0,0
8,3307090856,"RT @ContenderHV: 🔥Today is the day!

🚨BATTLE ON THE HUDSON 2 #MW2 

⌚Doors Open at 9am! 

#MWII #ModernWarfare2 #COD #CallofDuty #HudsonVal…",ContenderHV,5,0,0,0,0
9,1639493484963921923,"some brickey brackey with bradley 
#Games #CDL #MWII  #CallOfDuty #poop #Apex #BattleField #twitch #Gaming #PC #PCGAMING #Ubisoft  #QUICKSCOPE  @smallstreamersr #Live #Streaming #warzone #warzone2
#RocketLeague #RLCS #RANKED
https://t.co/gFIFgHh9kP",SmallStreamersR,0,0,1,0,0
10,1328578491244306442,"RT @yumecore: Ghost's legs appreciation post :3
#CallofDuty #MWII #SimonGhostRiley https://t.co/wPXDDEslZa",yumecore,395,0,0,0,0
11,466891902,RT @661ave: #MWII #MW2 #CallofDuty #Ghost #SimonGhostRiley #König #Konig https://t.co/ccH1WC6wCN,661ave,356,0,0,0,0
12,1459092689102774273,"RT @CODmwfeed: One #ModernWarfare2                #PS5 bundle to give away. To enter follow the steps below.💜

Follow+❤+♻️+Comment
#CallofD…",CODmwfeed,184,0,0,0,0
13,1363110887175847942,"@PlayCODMobile They are used to cjeat
Need delete these accounts now in CoD mobile
#CoDMobile https://t.co/ku8NazxZPL",PlayCODMobile,0,0,0,0,0
14,1114224705727111168,"RT @yumecore: Ghost's legs appreciation post :3
#CallofDuty #MWII #SimonGhostRiley https://t.co/wPXDDEslZa",yumecore,395,0,0,0,0
15,1129818855726096385,"RT @remix3s: 👻👻👻

#Ghost #SimonGhostRiley #mw2 #CallofDuty https://t.co/Dc81lhF0YX",remix3s,350,0,0,0,0
16,723532208179404800,"Even though the gameplay remains incredibly fun, #CallOfDuty #COD is not in a good place for a lot of reasons. #VideoGames #CODMW2 #Warzone2

 https://t.co/uS8hn02zWo",**this tweet had been deleted or hidden**,0,0,1,0,0
17,1566176637582016512,"RT @ToxicRoxic: Patiently* waiting for a blackcell König skin 🤔

*: frothing at mouth, chattering teeth, biting civilians
#CallofDuty #Köni…",ToxicRoxic,400,0,0,0,0
18,1310978415265222656,"RT @Willows_Peak: Painting 
#CallofDuty #SimonRiley #SimonGhostRiley #MW2 https://t.co/8gcFrltc68",Willows_Peak,52,0,0,0,0
19,858946122,@PlayCODMobile Trash battle passes back to back for literally years now. Last good one was nightmare 2021 no wonder everyone is leaving this shitty game. @PlayCODMobile literal dorks just care about there Chinese 200+$ draws. F this game. Move on guys. Most are.,PlayCODMobile,0,0,1,0,0
20,1585505488703295488,"🚨 NEW BANGER ALERT 🚨

❤️ &amp; ♻️

#CallofDuty #MWII #MW2Ranked

@MysticEsportsOP @PumpTheOG @AresTakeoff_ @NotKinja @Jinsus @Aeolus @itsZenRu @RevorkeSocials @WeLoveYouEnvy @murlo1x @GorgoKnight @xDices 

https://t.co/HmPCpYLOqo
https://t.co/HmPCpYLOqo
https://t.co/HmPCpYLOqo https://t.co/LVmN5vsyGI",MysticEsportsOP,6,2,11,0,0
21,1302781906828906496,"RT @yumecore: Ghost's legs appreciation post :3
#CallofDuty #MWII #SimonGhostRiley https://t.co/wPXDDEslZa",yumecore,395,0,0,0,0
22,1224781373967413250,"RT @Unholykazoo: Compiled all my König sketches into one photo

#konig #König #mw2 #digitalart #CallofDuty https://t.co/AtOeqXOJtw",Unholykazoo,16,0,0,0,0
23,1632832251246309382,"RT @BettyBRenders: At last… Graves… 🦅

Thank you to everyone! 🙏🏻 It was a fun week making these 😁💙

#Graves #PhillipGraves #GravesMW2 #MW2…",BettyBRenders,90,0,0,0,0
24,1632832251246309382,"RT @yumecore: Ghost's legs appreciation post :3
#CallofDuty #MWII #SimonGhostRiley https://t.co/wPXDDEslZa",yumecore,395,0,0,0,0
25,1649930223192817670,"@6_and_9 @PlayCODMobile @ATVIAssist Don't hesitate to contact @Aaronfix01 for your account sorting out, he's a professional",6_and_9,0,0,0,0,0
26,1577771291565821974,"RT @yumecore: Ghost's legs appreciation post :3
#CallofDuty #MWII #SimonGhostRiley https://t.co/wPXDDEslZa",yumecore,395,0,0,0,0
27,1124173475311177733,"RT @artimaaaeus: gfs❗️❗️❗️
---
#CallofDuty #MWII #MW2 #ghostsoap https://t.co/JfMWg8DuH8",artimaaaeus,55,0,0,0,0
28,1512158323864338436,"RT @xbruised_peachx: ghost's new skin but he's doing the akira slide yeaaaah 💀🏍
#Ghost #GhostMW2 #SimonGhostRiley #CallOfDuty #MWII https:/…",xbruised_peachx,114,0,0,0,0
29,1224781373967413250,"RT @zpljajaja: #COD #MW2 #CallofDuty #Konig
🫰💕 https://t.co/gqCTBnpjCw",zpljajaja,230,0,0,0,0
30,1109647303965437953,"RT @Raita_z369z: ちょっとｗｗ

そこが爆発するんかぁ～いｗｗｗ🤣⤴

#CallofDuty  #MW2  #COD珍プレイ https://t.co/zwH8WfAqAy",Raita_z369z,48,0,0,0,0
31,137614450,"RT @yumecore: Ghost's legs appreciation post :3
#CallofDuty #MWII #SimonGhostRiley https://t.co/wPXDDEslZa",yumecore,395,0,0,0,0
32,1413849020217372676,"RT @yumecore: Ghost's legs appreciation post :3
#CallofDuty #MWII #SimonGhostRiley https://t.co/wPXDDEslZa",yumecore,395,0,0,0,0
33,1272948560909254657,"RT @xbruised_peachx: ghost's new skin but he's doing the akira slide yeaaaah 💀🏍
#Ghost #GhostMW2 #SimonGhostRiley #CallOfDuty #MWII https:/…",xbruised_peachx,114,0,0,0,0
34,1415879481378545665,"RT @xbruised_peachx: ghost's new skin but he's doing the akira slide yeaaaah 💀🏍
#Ghost #GhostMW2 #SimonGhostRiley #CallOfDuty #MWII https:/…",xbruised_peachx,114,0,0,0,0
35,1663571248369238017,"Dropping in like...
#saturday #PS5S #PS4 #psn #pc #pcgaming #callofduty #cod #faze #modernwarfare #warzone #warzoneclips #Fortnite #apexlegends #twitch #console #gaming #gamer #mw2 https://t.co/oFwVDcKBre",**this tweet had been deleted or hidden**,0,0,4,1,0
36,1622666614029123584,"ANGRY vengeful GIRL🎯😂👇👇
📌MORE VIDEO ON YOUTUBE 🎬📌
📌FOLLOW ME ON YOUTUBE 📌
#mw2 #warzone2 #modernwarfare2 #modernwarfare #gameplay #warzone #TwitterDown
#MWII https://t.co/qpLr4nf6dF",**this tweet had been deleted or hidden**,0,1,4,1,0
37,1623519477123121154,"RT @xbruised_peachx: ghost's new skin but he's doing the akira slide yeaaaah 💀🏍
#Ghost #GhostMW2 #SimonGhostRiley #CallOfDuty #MWII https:/…",xbruised_peachx,114,0,0,0,0
38,956402256613552128,"『COD:DMZ攻略』コシチェイ入る際待ち伏せも多いが入り口付近にいると割と参加申請通るよな。店主のリクエストっていう任務にあるコシチェイの鍵って何？
https://t.co/3usvShhpNJ

#COD #コールオブデューティ #callofduty #CODMW2 #MW2 #CoDMWII #DMZ #warzone2 #シーズン4 #コシチェイ https://t.co/jsJO6sJEzn",**this tweet had been deleted or hidden**,0,0,1,0,0
39,823876526,"RT @ChilLiquorice: Gromsko joins the cowboy squad, he's comin in flying ((literally))
#gromsko #MWII #cod #GromskoMW2 #callofduty https://t…",ChilLiquorice,26,0,0,0,0
40,1497986941903675404,Jesus Loves You&lt;3 Hope you had an amazing day I will also be streaming Mw2 [ No Commentary Gameplay]   live at https://t.co/xWMtBBQ8Oi,**this tweet had been deleted or hidden**,0,0,0,0,0
41,1530232787734712321,"RT @IPROZY1: Guys my friend needs help he got scammed and his CODM account is hacked now 

His uid

6742776531938639874

@CosmoPlayzGG @SSR…",IPROZY1,7,0,0,0,0
42,1012050336155041795,"RT @ReversePrime03: The Twins.

#CallofDuty #CallofDutyModernWarfareII #CallofDutyWarzone #COD #CODWarzone #MW #MWII #Warzone #SimonGhostRi…",ReversePrime03,8,0,0,0,0
43,1604295824850026498,"RT @xbruised_peachx: ghost's new skin but he's doing the akira slide yeaaaah 💀🏍
#Ghost #GhostMW2 #SimonGhostRiley #CallOfDuty #MWII https:/…",xbruised_peachx,114,0,0,0,0
44,1187240636208078849,"RT @loneghostwolf88: More Rudy 
#CallofDuty #3DRender #Rendering #Daz3D #MWII https://t.co/CZqNo7Ub1q",loneghostwolf88,156,0,0,0,0
45,1356645816870535169,@HUMavishekHAI @PlayCODMobile asking too much for a mobile game,HUMavishekHAI,0,1,0,0,0
46,2723551382,"RT @yumecore: Ghost's legs appreciation post :3
#CallofDuty #MWII #SimonGhostRiley https://t.co/wPXDDEslZa",yumecore,395,0,0,0,0
47,1646407288930926592,"RT @loneghostwolf88: More Rudy 
#CallofDuty #3DRender #Rendering #Daz3D #MWII https://t.co/CZqNo7Ub1q",loneghostwolf88,156,0,0,0,0
48,1356645816870535169,@PlayCODMobile day 1 of asking for qxr buff,PlayCODMobile,0,1,1,0,0
49,1497896370996486150,"RT @PlayCODNews: Mythic Templar Teaser

https://t.co/t27w82e15x",PlayCODNews,29,0,0,0,0
50,1376711416254754820,"RT @Coruja3571: Ghost (MW2 Inspired)

Since we just got some juicy MW2 arts released, it's only fair for me to make something inspired by t…",Coruja3571,236,0,0,0,0
51,1625579654173302790,"RT @antomatkoen: soap with rosacea, stationed in alaska, freezing his balls off. post tweet #ghostsoap #soapghost #simonghostriley #soapmac…",antomatkoen,161,0,0,0,0
52,1256202168253718528,"RT @yumecore: Ghost's legs appreciation post :3
#CallofDuty #MWII #SimonGhostRiley https://t.co/wPXDDEslZa",yumecore,395,0,0,0,0
53,1318905622977536001,"RT @_Naarkz: 3-0 against @paniQeSports, ggs 🙏🏼

See you tomorrow 🐺

@ESLCODM @PlayCODMobile",_Naarkz,4,0,0,0,0
54,1674582235654107139,#PSN Ondatclazz add me #cod #MW2,**this tweet had been deleted or hidden**,0,0,0,0,0
55,1469191754930921474,"RT @yumecore: Ghost's legs appreciation post :3
#CallofDuty #MWII #SimonGhostRiley https://t.co/wPXDDEslZa",yumecore,395,0,0,0,0
56,1494969874929487872,"RT @loneghostwolf88: More Rudy 
#CallofDuty #3DRender #Rendering #Daz3D #MWII https://t.co/CZqNo7Ub1q",loneghostwolf88,156,0,0,0,0
57,1082406198597509120,"🔴Now Live! We're Back! Let the Mayhem Commence 😈
https://t.co/WgQgeSQg6f

#CallofDuty #twitch #PS5 #Warzone2 #ModernWarfareII #gaming https://t.co/WxeuyP25bI",**this tweet had been deleted or hidden**,0,0,4,0,0
58,1080717421,Activision were so wrong for MW2 campaign remaster,**this tweet had been deleted or hidden**,0,0,0,0,0
59,110089484,"RT @xbruised_peachx: ghost's new skin but he's doing the akira slide yeaaaah 💀🏍
#Ghost #GhostMW2 #SimonGhostRiley #CallOfDuty #MWII https:/…",xbruised_peachx,114,0,0,0,0
60,1183570890371616770,"RT @antomatkoen: soap with rosacea, stationed in alaska, freezing his balls off. post tweet #ghostsoap #soapghost #simonghostriley #soapmac…",antomatkoen,161,0,0,0,0
61,1356645816870535169,@PAVEL_CODM @PlayCODMobile which means it'll NEVER come to global,PAVEL_CODM,0,0,0,0,0
62,1356645816870535169,"@PAVEL_CODM @PlayCODMobile its not
this set is exclusive to those regions",PAVEL_CODM,0,1,0,0,0
63,1356645816870535169,@PlayCODMobile finally base custom irons,PlayCODMobile,0,0,0,0,0
64,794837044665061376,"RT @ReversePrime03: The Twins.

#CallofDuty #CallofDutyModernWarfareII #CallofDutyWarzone #COD #CODWarzone #MW #MWII #Warzone #SimonGhostRi…",ReversePrime03,8,0,0,0,0
65,1183570890371616770,"RT @yumecore: Ghost's legs appreciation post :3
#CallofDuty #MWII #SimonGhostRiley https://t.co/wPXDDEslZa",yumecore,395,0,0,0,0
66,1465740516360966151,"https://t.co/Q3SmgkQnuL

Call of Duty Warzone 2.0 - DMZ (SOLO) - ASHIKA ISLAND [WHITE LOTUS] - BEWARE (HARDCORE)

#LionHunterChannel #Warzone2 #CallofDutyWarzone #CallOfDuty #COD #игра #шутер #game #shooter #FPS #YouTube #DMZ #SOLO",**this tweet had been deleted or hidden**,0,0,1,0,0
67,727129472831492096,"@PlayCODMobile Can you fix it so I don’t have to login every time I start the game? Even when the app is still running in the background? Oh, and where the hell are these trophy systems in BR???",PlayCODMobile,0,0,0,0,0
68,1470380935875117063,"RT @PlayCODMobile: An electrifying new weapon is coming to Season 6 ⚡️

👀 Check out the GRAU 5.56 in the S6 BP. Live in-game on 7/5 at 5PM…",PlayCODMobile,60,0,0,0,0
69,1204488162539651073,"RT @yumecore: Ghost's legs appreciation post :3
#CallofDuty #MWII #SimonGhostRiley https://t.co/wPXDDEslZa",yumecore,395,0,0,0,0
70,1246455816552509445,"RT @loneghostwolf88: More Rudy 
#CallofDuty #3DRender #Rendering #Daz3D #MWII https://t.co/CZqNo7Ub1q",loneghostwolf88,156,0,0,0,0
71,1357035613380358144,Quick Solo Stream #Twitch #CallOfDuty #Warzone2 https://t.co/LSNH0rMDbC,**this tweet had been deleted or hidden**,0,0,1,0,0
72,57432440,"RT @yumecore: Ghost's legs appreciation post :3
#CallofDuty #MWII #SimonGhostRiley https://t.co/wPXDDEslZa",yumecore,395,0,0,0,0
73,1220054389299318784,"RT @xbruised_peachx: ghost's new skin but he's doing the akira slide yeaaaah 💀🏍
#Ghost #GhostMW2 #SimonGhostRiley #CallOfDuty #MWII https:/…",xbruised_peachx,114,0,0,0,0
74,1486780680033951746,RT @electrotom_: #Warzone2… that’s it that’s the tweet …live on https://t.co/2gt1l50F3z  #cod #callofduty  #codwarzone #callofdutywarzone #…,electrotom_,7,0,0,0,0
75,1310765827503747072,"RT @michelekoi: When Ghost is hungry:

#ghost #SimonGhostRiley #SimonRiley #kitty #cod #CallofDuty #ModernWarfare2 #ModernWarfareII #mw2 #m…",michelekoi,30,0,0,0,0
76,1521118785259851776,RT @electrotom_: #Warzone2… that’s it that’s the tweet …live on https://t.co/2gt1l50F3z  #cod #callofduty  #codwarzone #callofdutywarzone #…,electrotom_,7,0,0,0,0
77,1308467977025720321,RT @electrotom_: #Warzone2… that’s it that’s the tweet …live on https://t.co/2gt1l50F3z  #cod #callofduty  #codwarzone #callofdutywarzone #…,electrotom_,7,0,0,0,0
78,1577505239422337026,"RT @yumecore: Ghost's legs appreciation post :3
#CallofDuty #MWII #SimonGhostRiley https://t.co/wPXDDEslZa",yumecore,395,0,0,0,0
79,1578161156,"RT @loneghostwolf88: More Rudy 
#CallofDuty #3DRender #Rendering #Daz3D #MWII https://t.co/CZqNo7Ub1q",loneghostwolf88,156,0,0,0,0
80,1640613686,"RT @xbruised_peachx: ghost's new skin but he's doing the akira slide yeaaaah 💀🏍
#Ghost #GhostMW2 #SimonGhostRiley #CallOfDuty #MWII https:/…",xbruised_peachx,114,0,0,0,0
81,3309340899,"RT @xbruised_peachx: ghost's new skin but he's doing the akira slide yeaaaah 💀🏍
#Ghost #GhostMW2 #SimonGhostRiley #CallOfDuty #MWII https:/…",xbruised_peachx,114,0,0,0,0
82,1574893156251967508,"RT @yumecore: Ghost's legs appreciation post :3
#CallofDuty #MWII #SimonGhostRiley https://t.co/wPXDDEslZa",yumecore,395,0,0,0,0
83,1180733431,Lets help my girl get affiliate and 15 more followers she buys me a new headset lets goooooo #dmz #MW2 #CoD #twitch #TwitchAffilate #Warzone2 https://t.co/4u90WeNwA7,**this tweet had been deleted or hidden**,0,0,0,0,0
84,1514527067647451136,"RT @xbruised_peachx: ghost's new skin but he's doing the akira slide yeaaaah 💀🏍
#Ghost #GhostMW2 #SimonGhostRiley #CallOfDuty #MWII https:/…",xbruised_peachx,114,0,0,0,0
85,1069761984768303105,"RT @lexiissgone: I HAD TO REPOST IT CUZ I CAN'T CALM DOWN FUCK

[ #soapghost #GhostSoap #CallofDuty #MWII #cod #art #SoapMacTavish #ghostco…",lexiissgone,450,0,0,0,0
86,1070158694837600256,"RT @loneghostwolf88: More Rudy 
#CallofDuty #3DRender #Rendering #Daz3D #MWII https://t.co/CZqNo7Ub1q",loneghostwolf88,156,0,0,0,0
87,1108421191356858373,"RT @DopemanLit: https://t.co/Bm3flP55Ck👈👈👈👈
SND 

@CODLeague @CallofDuty #apex #apelegends #apexpredator #twitch #xboxshare #twitch #esport…",DopemanLit,1,0,0,0,0
88,1495513861012828164,"https://t.co/llMV70faZK
Come kick it! 🦿🦿 #CallofDuty #CallofDutyWarzone #Warzone2 #ranked",**this tweet had been deleted or hidden**,0,0,0,0,0
89,1610645082239270913,"RT @CODmwfeed: One #ModernWarfare2                #PS5 bundle to give away. To enter follow the steps below.💜

Follow+❤+♻️+Comment
#CallofD…",CODmwfeed,184,0,0,0,0
90,2241780426,"RT @Ekota__: NEW VIDEO🚨🚨THIS ONE IS TUFF

https://t.co/jEXIMKuzhB

@iisco_Yt for the thumbnail 

#Warzone2 #MW2 #CallofDuty https://t.co/Vu…",Ekota__,1,0,0,0,0
91,1646407288930926592,"RT @yumecore: Ghost's legs appreciation post :3
#CallofDuty #MWII #SimonGhostRiley https://t.co/wPXDDEslZa",yumecore,395,0,0,0,0
92,1175854087759454210,"RT @xbruised_peachx: ghost's new skin but he's doing the akira slide yeaaaah 💀🏍
#Ghost #GhostMW2 #SimonGhostRiley #CallOfDuty #MWII https:/…",xbruised_peachx,114,0,0,0,0
93,1657958318998970368,"RT @loneghostwolf88: More Rudy 
#CallofDuty #3DRender #Rendering #Daz3D #MWII https://t.co/CZqNo7Ub1q",loneghostwolf88,156,0,0,0,0
94,1393417878045564932,"RT @antomatkoen: soap with rosacea, stationed in alaska, freezing his balls off. post tweet #ghostsoap #soapghost #simonghostriley #soapmac…",antomatkoen,161,0,0,0,0
95,1375581782129704965,"RT @loneghostwolf88: More Rudy 
#CallofDuty #3DRender #Rendering #Daz3D #MWII https://t.co/CZqNo7Ub1q",loneghostwolf88,156,0,0,0,0
96,914623783109001216,"https://t.co/Bm3flP55Ck👈👈👈👈
SND 

@CODLeague @CallofDuty #apex #apelegends #apexpredator #twitch #xboxshare #twitch #esports #fortnite  #MWII #cod #mw2 #xboxshare #foryou #AMP #faze  #FaZeUp  
#SmallStreamersConnect @SmallStreamersC @TwitterGaming 

@DIGITALTERROR4L",CODLeague,1,0,2,0,0
97,2183435610,"RT @xbruised_peachx: ghost's new skin but he's doing the akira slide yeaaaah 💀🏍
#Ghost #GhostMW2 #SimonGhostRiley #CallOfDuty #MWII https:/…",xbruised_peachx,114,0,0,0,0
