,Unnamed: 0,text,author_id,username,retweet,reply,like,quote,bookmark,withheld
0,0,"RT @makumakiti032: みなさま！
先日の動画はもうチェックしましたか？👀♥️

うさぎさんにも負けない動画になっております🐰
誰なのかはね…
私も分からないけど🤭💔

 #DMZ #MW2 #Warzone2募集 
 #お金配り  #YouTube  #実況動画",956860570103201792,makumakiti032,2,0,0,0,0,
1,1,RT @Lictor_GD: #укррайт #укрфанфікшн #укрслеш #SoapGhost #GhostSoap #soapmactavish #SimonGhostRiley #ghostmw2 #soapmw2 #CallOfDuty #MW2 @uk…,1557031269527060483,Lictor_GD,6,0,0,0,0,
2,2,"RT @MKyohei_1209: ある日のこと...
 #MW2 #CallofDuty #CoD https://t.co/3unVFiT3Uc",1542169312018169856,MKyohei_1209,1,0,0,0,0,
3,3,RT @lilindermile: Oh god he’s grooving #simonghostriley #mw2 #callofduty #ghostsoap https://t.co/1JxMCvCSow,1239084959706439685,lilindermile,796,0,0,0,0,
4,4,RT @lilindermile: Oh god he’s grooving #simonghostriley #mw2 #callofduty #ghostsoap https://t.co/1JxMCvCSow,1408659127899889669,lilindermile,796,0,0,0,0,
5,5,RT @lilindermile: Oh god he’s grooving #simonghostriley #mw2 #callofduty #ghostsoap https://t.co/1JxMCvCSow,1217351229753327616,lilindermile,796,0,0,0,0,
6,6,"RT @HellishDraws: Pride month may be over.. but that doesn’t stop me from feeding y’all trans Soap 
#GhostSoap #CallOfDuty #MW2 https://t.c…",1421944691407216641,HellishDraws,347,0,0,0,0,
7,7,@KevinGa_59 @PlayCODMobile Do they force you to buy it???,1304713049723604992,KevinGa_59,0,0,0,0,0,
8,8,"RT @loneghostwolf88: Alexa play Lady Gaga's - Alejandro 

Finally got my hands on Alejandro's model. Here a quick test render.

#alejandrov…",1639076184679133184,loneghostwolf88,73,0,0,0,0,
9,9,RT @lilindermile: Oh god he’s grooving #simonghostriley #mw2 #callofduty #ghostsoap https://t.co/1JxMCvCSow,1467883041196429317,lilindermile,796,0,0,0,0,
10,10,"RT @HellishDraws: Pride month may be over.. but that doesn’t stop me from feeding y’all trans Soap 
#GhostSoap #CallOfDuty #MW2 https://t.c…",1505639760739680257,HellishDraws,347,0,0,0,0,
11,11,RT @HotSatans: bach for round 2 yeehaw ft. warm up request to get back on the horse 🤠🤘 i just kno it smells crazy in there☠️ #nsfw #ghostmw…,1676185080983691265,HotSatans,1388,0,0,0,0,
12,12,RT @Veradia_: FINALLY DREW PRICEE 🧡 #CallofDuty #MW2 https://t.co/HnvinBn6Ot,1205327275631226880,Veradia_,307,0,0,0,0,
13,13,RT @HotSatans: request number uno aka König edging dONE 🫡 #nsfw #König #CallofDuty #MW2 #Konigmw2 https://t.co/J0Nw2iGNVe,1676185080983691265,HotSatans,1640,0,0,0,0,
14,14,RT @Veradia_: FINALLY DREW PRICEE 🧡 #CallofDuty #MW2 https://t.co/HnvinBn6Ot,110089484,Veradia_,307,0,0,0,0,
15,15,あと少しで全キャラ［笑］ ＃CallofDutyModernWarfareII ＃COD ＃MW2 ＃DMZ #PS4share https://t.co/leJdsKAz8o,933937415181316097,**this tweet had been deleted or hidden**,0,0,0,0,0,
16,16,"RT @HotSatans: bro we need to get to the safe zone bro the gas is closing in brO-
König doodle to get back on the horse🤠 #nsfw #König #Call…",1676185080983691265,HotSatans,1240,0,0,0,0,
17,17,RT @lilindermile: Oh god he’s grooving #simonghostriley #mw2 #callofduty #ghostsoap https://t.co/1JxMCvCSow,1183166358382501888,lilindermile,796,0,0,0,0,
18,18,RT @lilindermile: Oh god he’s grooving #simonghostriley #mw2 #callofduty #ghostsoap https://t.co/1JxMCvCSow,2159166758,lilindermile,796,0,0,0,0,
19,19,RT @lilindermile: Oh god he’s grooving #simonghostriley #mw2 #callofduty #ghostsoap https://t.co/1JxMCvCSow,1501040901640290308,lilindermile,796,0,0,0,0,
20,20,RT @HotSatans: when ur trying to do stealth kills but the clap of ur asscheeks keep alerting the shadows #nsfw #ghostmw2 #CallofDuty #ghost…,1676185080983691265,HotSatans,1005,0,0,0,0,
21,21,"RT @PlayCODMobile: 🗡️ Help Mythic Templar save Sophia in the Knight’s Crusade Mythic Drop!

👉 Live now in the in-game store! https://t.co/9…",1349797582977921026,PlayCODMobile,51,0,0,0,0,
22,22,"RT @artimaaaeus: simon w/o trauma is prolly very flirtatious
---
#CallofDuty #MWII #MW2 #Ghost https://t.co/CELOykoKiU",1057910708543737857,artimaaaeus,518,0,0,0,0,
23,23,"👏👏 #Warzone #callofduty #Warcraft #game #gamephoto #inteldrops #CODNext #MWII  
Original: ConstantSosig https://t.co/VCGtqhW6w0",1648982248383987712,**this tweet had been deleted or hidden**,0,0,1,0,0,
24,24,"RT @SRuki_: ひさびさのランクたのち🤞🏻
#mw2 #mw2023 #ModernWarfare2 #CallofDuty #CoD #ShareFactoryStudio #PS5Share https://t.co/2oXOjSfm7f",1011569847761686528,SRuki_,3,0,0,0,0,
25,25,RT @xDefiiantz: https://t.co/gME58ERh6F #live #dmz #steamer #twitch #mw2 @IAMWI3N3RS,859136140783349764,xDefiiantz,1,0,0,0,0,
26,26,https://t.co/gME58ERh6F #live #dmz #steamer #twitch #mw2 @IAMWI3N3RS,2542311512,IAMWI3N3RS,1,0,2,0,0,
27,27,"RT @artimaaaeus: simon w/o trauma is prolly very flirtatious
---
#CallofDuty #MWII #MW2 #Ghost https://t.co/CELOykoKiU",1339687198204018688,artimaaaeus,518,0,0,0,0,
28,28,RT @Veradia_: FINALLY DREW PRICEE 🧡 #CallofDuty #MW2 https://t.co/HnvinBn6Ot,1651688475526144000,Veradia_,307,0,0,0,0,
29,29,"gameplay
#Warzone2 #warzonemobile #Warzone #callofduty #PUBG 
.
.
.
.
https://t.co/7JQdXmrKTj
https://t.co/7JQdXmrKTj
https://t.co/7JQdXmrKTj
https://t.co/7JQdXmrKTj",907532818695286786,**this tweet had been deleted or hidden**,0,0,1,0,0,
30,30,RT @lilindermile: Oh god he’s grooving #simonghostriley #mw2 #callofduty #ghostsoap https://t.co/1JxMCvCSow,1191555967210573825,lilindermile,796,0,0,0,0,
31,31,"RT @BettyBRenders: Hola Papi 😏

#Alejandro #alejandrovargas #ElPapi #AlejandroMW2 #MW2 #MWII #CallofDutyModernWarfare2 #CallofDuty https://…",1437463053151338501,BettyBRenders,155,0,0,0,0,
32,32,RT @Lictor_GD: #укррайт #укрфанфікшн #укрслеш #SoapGhost #GhostSoap #soapmactavish #SimonGhostRiley #ghostmw2 #soapmw2 #CallOfDuty #MW2 @uk…,1203810420034809858,Lictor_GD,6,0,0,0,0,
33,33,RT @Veradia_: FINALLY DREW PRICEE 🧡 #CallofDuty #MW2 https://t.co/HnvinBn6Ot,1224330823383404544,Veradia_,307,0,0,0,0,
34,34,RT @lilindermile: Oh god he’s grooving #simonghostriley #mw2 #callofduty #ghostsoap https://t.co/1JxMCvCSow,1374806833827872773,lilindermile,796,0,0,0,0,
35,35,RT @Veradia_: FINALLY DREW PRICEE 🧡 #CallofDuty #MW2 https://t.co/HnvinBn6Ot,1374806833827872773,Veradia_,307,0,0,0,0,
36,36,"RT @BettyBRenders: Hola Papi 😏

#Alejandro #alejandrovargas #ElPapi #AlejandroMW2 #MW2 #MWII #CallofDutyModernWarfare2 #CallofDuty https://…",1251360184728985605,BettyBRenders,155,0,0,0,0,
37,37,"RT @artimaaaeus: simon w/o trauma is prolly very flirtatious
---
#CallofDuty #MWII #MW2 #Ghost https://t.co/CELOykoKiU",1454023642325659651,artimaaaeus,518,0,0,0,0,
38,38,RT @Veradia_: FINALLY DREW PRICEE 🧡 #CallofDuty #MW2 https://t.co/HnvinBn6Ot,1200676600808923136,Veradia_,307,0,0,0,0,
39,39,RT @lilindermile: Oh god he’s grooving #simonghostriley #mw2 #callofduty #ghostsoap https://t.co/1JxMCvCSow,1226842834088497153,lilindermile,796,0,0,0,0,
40,40,RT @lilindermile: Oh god he’s grooving #simonghostriley #mw2 #callofduty #ghostsoap https://t.co/1JxMCvCSow,1288377279693783040,lilindermile,796,0,0,0,0,
41,41,RT @Veradia_: FINALLY DREW PRICEE 🧡 #CallofDuty #MW2 https://t.co/HnvinBn6Ot,1129208348392546305,Veradia_,307,0,0,0,0,
42,42,RT @lilindermile: Oh god he’s grooving #simonghostriley #mw2 #callofduty #ghostsoap https://t.co/1JxMCvCSow,1161316415460134912,lilindermile,796,0,0,0,0,
43,43,"RT @HellishDraws: Pride month may be over.. but that doesn’t stop me from feeding y’all trans Soap 
#GhostSoap #CallOfDuty #MW2 https://t.c…",1339687198204018688,HellishDraws,347,0,0,0,0,
44,44,RT @Veradia_: FINALLY DREW PRICEE 🧡 #CallofDuty #MW2 https://t.co/HnvinBn6Ot,1339687198204018688,Veradia_,307,0,0,0,0,
45,45,RT @lilindermile: Oh god he’s grooving #simonghostriley #mw2 #callofduty #ghostsoap https://t.co/1JxMCvCSow,2419558861,lilindermile,796,0,0,0,0,
46,46,"RT @lazaruskiller: decided to switch up the dynamic for once 🤭

🌿

#ghost #könig #simonriley #simonghostriley #konig #Koenigmw2 #ghostmw2 #…",1435786509655834626,lazaruskiller,107,0,0,0,0,
47,47,RT @lilindermile: Oh god he’s grooving #simonghostriley #mw2 #callofduty #ghostsoap https://t.co/1JxMCvCSow,1187670645598875648,lilindermile,796,0,0,0,0,
48,48,"RT @BettyBRenders: Hola Papi 😏

#Alejandro #alejandrovargas #ElPapi #AlejandroMW2 #MW2 #MWII #CallofDutyModernWarfare2 #CallofDuty https://…",1339687198204018688,BettyBRenders,155,0,0,0,0,
49,49,"RT @artimaaaeus: simon w/o trauma is prolly very flirtatious
---
#CallofDuty #MWII #MW2 #Ghost https://t.co/CELOykoKiU",1248939533153992704,artimaaaeus,518,0,0,0,0,
50,50,"#MW2　銃よりトンファの方キル取れるくらいにはトンファ強いわDMZは連携取れる仲間が居るからめっちゃ攻めれる

https://t.co/teDKXtwE1n https://t.co/UFvDgE2fqE",1026366998362480641,**this tweet had been deleted or hidden**,0,1,0,0,0,
51,51,"SEASON 4 *META* TOP LOADOUTS VONDEL

#callofduty #warzone #warzone2 #shorts #warzoneloadout #vondelwarzone #toploadout #bestloadout #meta #season04 #codwarzone #warzone2loadouts #vondel #mw2 #activision https://t.co/k7sppdpTNd",1303351116688654337,**this tweet had been deleted or hidden**,0,0,0,0,0,
52,52,RT @lilindermile: Oh god he’s grooving #simonghostriley #mw2 #callofduty #ghostsoap https://t.co/1JxMCvCSow,449146233,lilindermile,796,0,0,0,0,
53,53,RT @lilindermile: Oh god he’s grooving #simonghostriley #mw2 #callofduty #ghostsoap https://t.co/1JxMCvCSow,3412188640,lilindermile,796,0,0,0,0,
54,54,RT @lilindermile: Oh god he’s grooving #simonghostriley #mw2 #callofduty #ghostsoap https://t.co/1JxMCvCSow,1567584423348170752,lilindermile,796,0,0,0,0,
55,55,RT @lilindermile: Oh god he’s grooving #simonghostriley #mw2 #callofduty #ghostsoap https://t.co/1JxMCvCSow,1266965965314506752,lilindermile,796,0,0,0,0,
56,56,"RT @loneghostwolf88: one more render from the latest little render session with Ghost 💀
#simonghostriley #CoDGhost #CallofDuty #3DRender #M…",1639076184679133184,loneghostwolf88,278,0,0,0,0,
57,57,"RT @PlayCODMobile: 🗡️ Help Mythic Templar save Sophia in the Knight’s Crusade Mythic Drop!

👉 Live now in the in-game store! https://t.co/9…",1646431125663805440,PlayCODMobile,51,0,0,0,0,
58,58,@Chadvh17_ @PlayCODMobile I suggest you message  (#jiji_recovery ) on Instagram his one of the meta Engineer he's an expert on getting issues related to yours completely resolved💯,4818832210,Chadvh17_,0,0,0,0,0,
59,59,"RT @artimaaaeus: simon w/o trauma is prolly very flirtatious
---
#CallofDuty #MWII #MW2 #Ghost https://t.co/CELOykoKiU",1612484355498057728,artimaaaeus,518,0,0,0,0,
60,60,RT @lilindermile: Oh god he’s grooving #simonghostriley #mw2 #callofduty #ghostsoap https://t.co/1JxMCvCSow,2328978614,lilindermile,796,0,0,0,0,
61,61,RT @lilindermile: Oh god he’s grooving #simonghostriley #mw2 #callofduty #ghostsoap https://t.co/1JxMCvCSow,859375811501072385,lilindermile,796,0,0,0,0,
62,62,"RT @artimaaaeus: simon w/o trauma is prolly very flirtatious
---
#CallofDuty #MWII #MW2 #Ghost https://t.co/CELOykoKiU",1353441755304259585,artimaaaeus,518,0,0,0,0,
63,63,"#укррайт #укрфанфікшн #укрслеш #SoapGhost #GhostSoap #soapmactavish #SimonGhostRiley #ghostmw2 #soapmw2 #CallOfDuty #MW2 @ukrfanficshn @ua_slash

Місія продовжується і у літаку, і на землі, і учасникам обох бойових груп доводиться приймати непрості рішення, щоб досягти успіху ⬇️ https://t.co/WoO17wllic",1456682221239218181,ukrfanficshn,6,1,26,1,0,
64,64,Check out Playing Ranked Call of Duty MW2/MWII!! Come Join Me! https://t.co/I5Qx9GCZC4 #CallOfDuty #MW2 #ModernWarfare2,1224539678944169984,**this tweet had been deleted or hidden**,0,0,0,0,0,
65,65,RT @lilindermile: Oh god he’s grooving #simonghostriley #mw2 #callofduty #ghostsoap https://t.co/1JxMCvCSow,1474029429752057868,lilindermile,796,0,0,0,0,
66,66,RT @Veradia_: FINALLY DREW PRICEE 🧡 #CallofDuty #MW2 https://t.co/HnvinBn6Ot,1217774791156957185,Veradia_,307,0,0,0,0,
67,67,"RT @artimaaaeus: simon w/o trauma is prolly very flirtatious
---
#CallofDuty #MWII #MW2 #Ghost https://t.co/CELOykoKiU",868156202785615874,artimaaaeus,518,0,0,0,0,
68,68,RT @lilindermile: Oh god he’s grooving #simonghostriley #mw2 #callofduty #ghostsoap https://t.co/1JxMCvCSow,1192756492614565890,lilindermile,796,0,0,0,0,
69,69,RT @lilindermile: Oh god he’s grooving #simonghostriley #mw2 #callofduty #ghostsoap https://t.co/1JxMCvCSow,1029211659649339392,lilindermile,796,0,0,0,0,
70,70,RT @lilindermile: Oh god he’s grooving #simonghostriley #mw2 #callofduty #ghostsoap https://t.co/1JxMCvCSow,1455690589568000001,lilindermile,796,0,0,0,0,
71,71,RT @Veradia_: FINALLY DREW PRICEE 🧡 #CallofDuty #MW2 https://t.co/HnvinBn6Ot,1348598404750864390,Veradia_,307,0,0,0,0,
72,72,RT @lilindermile: Oh god he’s grooving #simonghostriley #mw2 #callofduty #ghostsoap https://t.co/1JxMCvCSow,1457535954030596096,lilindermile,796,0,0,0,0,
73,73,RT @lilindermile: Oh god he’s grooving #simonghostriley #mw2 #callofduty #ghostsoap https://t.co/1JxMCvCSow,1422340870842454020,lilindermile,796,0,0,0,0,
74,74,"RT @BettyBRenders: Hola Papi 😏

#Alejandro #alejandrovargas #ElPapi #AlejandroMW2 #MW2 #MWII #CallofDutyModernWarfare2 #CallofDuty https://…",1621531542802530305,BettyBRenders,155,0,0,0,0,
75,75,RT @Veradia_: FINALLY DREW PRICEE 🧡 #CallofDuty #MW2 https://t.co/HnvinBn6Ot,1459770440893837312,Veradia_,307,0,0,0,0,
76,76,"RT @artimaaaeus: simon w/o trauma is prolly very flirtatious
---
#CallofDuty #MWII #MW2 #Ghost https://t.co/CELOykoKiU",1432831659699838978,artimaaaeus,518,0,0,0,0,
77,77,RT @CallofDuty: 2XP is now live for 24 hours in Call of Duty #Warzone and #MWII 🔥🔥 https://t.co/4yFU9rgfxN,1667103880172408832,CallofDuty,119,0,0,0,0,
78,78,"RT @BettyBRenders: Hola Papi 😏

#Alejandro #alejandrovargas #ElPapi #AlejandroMW2 #MW2 #MWII #CallofDutyModernWarfare2 #CallofDuty https://…",850210544392953860,BettyBRenders,155,0,0,0,0,
79,79,"RT @artimaaaeus: simon w/o trauma is prolly very flirtatious
---
#CallofDuty #MWII #MW2 #Ghost https://t.co/CELOykoKiU",1642534124375224321,artimaaaeus,518,0,0,0,0,
80,80,RT @Veradia_: FINALLY DREW PRICEE 🧡 #CallofDuty #MW2 https://t.co/HnvinBn6Ot,1392533755554840578,Veradia_,307,0,0,0,0,
81,81,"RT @loneghostwolf88: one more render from the latest little render session with Ghost 💀
#simonghostriley #CoDGhost #CallofDuty #3DRender #M…",1571348102325637120,loneghostwolf88,278,0,0,0,0,
82,82,RT @lilindermile: Oh god he’s grooving #simonghostriley #mw2 #callofduty #ghostsoap https://t.co/1JxMCvCSow,1459186316089106432,lilindermile,796,0,0,0,0,
83,83,RT @lilindermile: Oh god he’s grooving #simonghostriley #mw2 #callofduty #ghostsoap https://t.co/1JxMCvCSow,1416922100133105669,lilindermile,796,0,0,0,0,
84,84,"RT @loneghostwolf88: Alexa play Lady Gaga's - Alejandro 

Finally got my hands on Alejandro's model. Here a quick test render.

#alejandrov…",1392533755554840578,loneghostwolf88,73,0,0,0,0,
85,85,RT @Veradia_: FINALLY DREW PRICEE 🧡 #CallofDuty #MW2 https://t.co/HnvinBn6Ot,1615637256106135553,Veradia_,307,0,0,0,0,
86,86,RT @lilindermile: Oh god he’s grooving #simonghostriley #mw2 #callofduty #ghostsoap https://t.co/1JxMCvCSow,942915301284257792,lilindermile,796,0,0,0,0,
87,87,"RT @artimaaaeus: simon w/o trauma is prolly very flirtatious
---
#CallofDuty #MWII #MW2 #Ghost https://t.co/CELOykoKiU",1665339204925292545,artimaaaeus,518,0,0,0,0,
88,88,"ひさびさのランクたのち🤞🏻
#mw2 #mw2023 #ModernWarfare2 #CallofDuty #CoD #ShareFactoryStudio #PS5Share https://t.co/2oXOjSfm7f",1487087808808615938,**this tweet had been deleted or hidden**,3,0,19,0,0,
89,89,@EVILXJUG @PlayCODMobile W,1384153666064576518,EVILXJUG,0,0,2,0,0,
90,90,RT @Veradia_: FINALLY DREW PRICEE 🧡 #CallofDuty #MW2 https://t.co/HnvinBn6Ot,1416922100133105669,Veradia_,307,0,0,0,0,
91,91,RT @lilindermile: Oh god he’s grooving #simonghostriley #mw2 #callofduty #ghostsoap https://t.co/1JxMCvCSow,1432831659699838978,lilindermile,796,0,0,0,0,
92,92,"@Chadvh17_ @PlayCODMobile I was hacked couple weeks ago and the hacker changed all my password and email then a friend of mine recommend me to #jiji_recovey on instagram Who fix my account In just 30minutes 
You can also message him for your account recovery.",1677344532180922369,Chadvh17_,0,0,0,0,0,
93,93,"RT @artimaaaeus: simon w/o trauma is prolly very flirtatious
---
#CallofDuty #MWII #MW2 #Ghost https://t.co/CELOykoKiU",219925206,artimaaaeus,518,0,0,0,0,
94,94,"RT @artimaaaeus: simon w/o trauma is prolly very flirtatious
---
#CallofDuty #MWII #MW2 #Ghost https://t.co/CELOykoKiU",1635297773086973952,artimaaaeus,518,0,0,0,0,
95,95,"RT @loneghostwolf88: Alexa play Lady Gaga's - Alejandro 

Finally got my hands on Alejandro's model. Here a quick test render.

#alejandrov…",1416922100133105669,loneghostwolf88,73,0,0,0,0,
96,96,"RT @artimaaaeus: simon w/o trauma is prolly very flirtatious
---
#CallofDuty #MWII #MW2 #Ghost https://t.co/CELOykoKiU",850210544392953860,artimaaaeus,518,0,0,0,0,
97,97,"RT @artimaaaeus: simon w/o trauma is prolly very flirtatious
---
#CallofDuty #MWII #MW2 #Ghost https://t.co/CELOykoKiU",1547593863572795400,artimaaaeus,518,0,0,0,0,
98,98,RT @lilindermile: Oh god he’s grooving #simonghostriley #mw2 #callofduty #ghostsoap https://t.co/1JxMCvCSow,1662955398750691329,lilindermile,796,0,0,0,0,
99,99,RT @lilindermile: Oh god he’s grooving #simonghostriley #mw2 #callofduty #ghostsoap https://t.co/1JxMCvCSow,1462406274033733632,lilindermile,796,0,0,0,0,
100,0,RT @lilindermile: Oh god he’s grooving #simonghostriley #mw2 #callofduty #ghostsoap https://t.co/1JxMCvCSow,1576752386290376704,lilindermile,796,0,0,0,0,
101,1,"RT @artimaaaeus: simon w/o trauma is prolly very flirtatious
---
#CallofDuty #MWII #MW2 #Ghost https://t.co/CELOykoKiU",1229694441843195904,artimaaaeus,518,0,0,0,0,
102,2,@namishcodm @PlayCODMobile,3161336111,namishcodm,0,0,1,0,0,
103,3,"RT @loneghostwolf88: one more render from the latest little render session with Ghost 💀
#simonghostriley #CoDGhost #CallofDuty #3DRender #M…",1452241792892555269,loneghostwolf88,278,0,0,0,0,
104,4,Small stream having fun playing warzone 2 Vondel #vondel #warzone #callofduty #like #share #gaming #follow #warzone2 #warzoneclips https://t.co/MkCPdFa1ji,703304398437490689,**this tweet had been deleted or hidden**,0,0,5,0,0,
105,5,"RT @BettyBRenders: Hola Papi 😏

#Alejandro #alejandrovargas #ElPapi #AlejandroMW2 #MW2 #MWII #CallofDutyModernWarfare2 #CallofDuty https://…",2735104711,BettyBRenders,155,0,0,0,0,
106,6,"RT @loneghostwolf88: Alexa play Lady Gaga's - Alejandro 

Finally got my hands on Alejandro's model. Here a quick test render.

#alejandrov…",1134862365399404544,loneghostwolf88,73,0,0,0,0,
107,7,RT @lilindermile: Oh god he’s grooving #simonghostriley #mw2 #callofduty #ghostsoap https://t.co/1JxMCvCSow,1639076184679133184,lilindermile,796,0,0,0,0,
108,8,"RT @HellishDraws: Pride month may be over.. but that doesn’t stop me from feeding y’all trans Soap 
#GhostSoap #CallOfDuty #MW2 https://t.c…",1636333187461959682,HellishDraws,347,0,0,0,0,
109,9,"RT @artimaaaeus: simon w/o trauma is prolly very flirtatious
---
#CallofDuty #MWII #MW2 #Ghost https://t.co/CELOykoKiU",1354779160879587337,artimaaaeus,518,0,0,0,0,
110,10,"RT @TTenest: Kinda miss the night mode In BR 

@PlayCODMobile 
Can you bring it back ?",1094527154640048129,TTenest,1,0,0,0,0,
111,11,@HUMavishekHAI @PlayCODMobile What do you mean ALL SIDES going for a finisher in the front would be so stupid,1517463489605906432,HUMavishekHAI,0,0,1,0,0,
112,12,RT @Veradia_: FINALLY DREW PRICEE 🧡 #CallofDuty #MW2 https://t.co/HnvinBn6Ot,1272948560909254657,Veradia_,307,0,0,0,0,
113,13,"@Cato_0001 @PlayCODMobile 😱 If they bring Mythic Nikto I don’t mind spending $1000 to get it 😂 

Nikto’s my weakness, tho if they bring Mythic Nikto I hope it’s baddest of em all.",1481464939508285444,Cato_0001,0,0,4,0,0,
114,14,@Activision Soooo we ever gonna fix the rampant cheating on Warzone? #Warzone2 #CallofDutyModernWarfare2,2920156729,Activision,0,0,0,0,0,
115,15,"RT @artimaaaeus: simon w/o trauma is prolly very flirtatious
---
#CallofDuty #MWII #MW2 #Ghost https://t.co/CELOykoKiU",1576752386290376704,artimaaaeus,518,0,0,0,0,
116,16,RT @lilindermile: Oh god he’s grooving #simonghostriley #mw2 #callofduty #ghostsoap https://t.co/1JxMCvCSow,1464099347411390474,lilindermile,796,0,0,0,0,
117,17,"Call of duty Modern Warfare 2  hyperx promotion code for sell 

$10 USD PSN GIFT CARD 

if you intereste DM me 📥

#callofduty #MW2 #ModernWarfare2 #hyperx #callofdutyhyperx #ModerWarfare #warzone2 https://t.co/MmWUioMTyA",858362511535607808,**this tweet had been deleted or hidden**,0,0,1,0,0,
118,18,"@Cato_0001 @PlayCODMobile i aint laughing on that, 
im laughing on the part where u pinged codm
man they wont even look at this tweet",1575762163561508864,Cato_0001,0,0,1,0,0,
119,19,RT @lilindermile: Oh god he’s grooving #simonghostriley #mw2 #callofduty #ghostsoap https://t.co/1JxMCvCSow,1624943408140754946,lilindermile,796,0,0,0,0,
120,20,"RT @CallofDuty: SEASON 04 IS HERE. Vondel, increased health in Warzone, new MP maps, Battle Pass and so much more 🔥 

Stand above the rest…",1591945303384477697,CallofDuty,321,0,0,0,0,
121,21,RT @lilindermile: Oh god he’s grooving #simonghostriley #mw2 #callofduty #ghostsoap https://t.co/1JxMCvCSow,1630033745293062144,lilindermile,796,0,0,0,0,
122,22,"Les inscriptions pour La Croze Cup🏆 sont ouvertes ! 🔥 

➡️ INSCRIPTION EN PV ⚠️

#Warzone #CallofDuty                 #tournoiwarzone #Warzone2 https://t.co/rbfenzdsya",1444761076898406409,**this tweet had been deleted or hidden**,0,0,3,0,0,
123,23,@Simonimao @PlayCODMobile How tf are y’all so lucky,1517463489605906432,Simonimao,0,0,0,0,0,
124,24,RT @lilindermile: Oh god he’s grooving #simonghostriley #mw2 #callofduty #ghostsoap https://t.co/1JxMCvCSow,3429139065,lilindermile,796,0,0,0,0,
125,25,RT @lilindermile: Oh god he’s grooving #simonghostriley #mw2 #callofduty #ghostsoap https://t.co/1JxMCvCSow,2295870378,lilindermile,796,0,0,0,0,
126,26,@PlayCODMobile Please buff the ray gun in zombies it’s like shooting a pistol or peas,1517463489605906432,PlayCODMobile,0,0,0,0,0,
127,27,"RT @CallofDuty: Grab the squad for 24 hours of 2XP action 🤝

Earn Double Player XP from July 7 (10 AM PT) - July 8 (10 AM PT) in Call of Du…",1677705933994983428,CallofDuty,87,0,0,0,0,
128,28,"RT @artimaaaeus: simon w/o trauma is prolly very flirtatious
---
#CallofDuty #MWII #MW2 #Ghost https://t.co/CELOykoKiU",1116830561874526208,artimaaaeus,518,0,0,0,0,
129,29,RT @lilindermile: Oh god he’s grooving #simonghostriley #mw2 #callofduty #ghostsoap https://t.co/1JxMCvCSow,1608930063151665152,lilindermile,796,0,0,0,0,
130,30,"@RiyanFromMars @PlayCODMobile I mean it's the truth lol, can't afford it and even if I could it's still expensive",3244133478,RiyanFromMars,0,1,0,0,0,
131,31,"RT @HellishDraws: Pride month may be over.. but that doesn’t stop me from feeding y’all trans Soap 
#GhostSoap #CallOfDuty #MW2 https://t.c…",1464099347411390474,HellishDraws,347,0,0,0,0,
132,32,"@ATVIAssist fix the game so that when it crashes we don’t lose our stuff.
#dmz #mw2",1518748020917035011,ATVIAssist,0,5,1,5,0,
133,33,RT @lilindermile: Oh god he’s grooving #simonghostriley #mw2 #callofduty #ghostsoap https://t.co/1JxMCvCSow,1251371993342963714,lilindermile,796,0,0,0,0,
134,34,"RT @NVS_Shcrade: Who wants to play for the @NVSofficialGG NA Comp team!?
RT + REPLY and i might have a spot for you!!!
#cdl2023 #CDLacademy…",1307467387365662725,NVS_Shcrade,6,0,0,0,0,
135,35,RT @lilindermile: Oh god he’s grooving #simonghostriley #mw2 #callofduty #ghostsoap https://t.co/1JxMCvCSow,1214719710413017088,lilindermile,796,0,0,0,0,
136,36,RT @Veradia_: FINALLY DREW PRICEE 🧡 #CallofDuty #MW2 https://t.co/HnvinBn6Ot,1430613739439538190,Veradia_,307,0,0,0,0,
137,37,"Yo,i meet a new friend 😂😂😂😂😂

 #ShareFactoryStudio #PS5Share #callofdutymodernwarfare2 #funnymoments #Clip #happymoments #Gaming #twitter #videos #Clip #meme #Fun #chat #voice #chatvoice #talk #friends #friendship #multiplayer #MW2 #activision https://t.co/q6vdnQCJ0K",1362499393975443456,**this tweet had been deleted or hidden**,0,0,1,0,0,
138,38,RT @lilindermile: Oh god he’s grooving #simonghostriley #mw2 #callofduty #ghostsoap https://t.co/1JxMCvCSow,1149098057369292801,lilindermile,796,0,0,0,0,
139,39,"@Cato_0001 @PlayCODMobile bro 💀
lmao",1575762163561508864,Cato_0001,0,1,1,0,0,
140,40,@CaesarSZN @WxrrenTV Buddy those are 2 completely different styles of gameplay bro. This new game is just gonna be a reskin mw2 and Kenny was ASS this year. Maybe a flex role will change that but I doubt it 🤷‍♂️,1567910350607077377,CaesarSZN,0,1,0,0,0,
141,41,RT @lilindermile: Oh god he’s grooving #simonghostriley #mw2 #callofduty #ghostsoap https://t.co/1JxMCvCSow,1575621642331512839,lilindermile,796,0,0,0,0,
142,42,"RT @SpectReckyaup: So, 🤔🤔 zombies squad. My highest wave is 49. If we can make it past wave 55 I'll sponsor the entire squad. I need 3 abso…",1452849017260363786,SpectReckyaup,1,0,0,0,0,
143,43,RT @lilindermile: Oh god he’s grooving #simonghostriley #mw2 #callofduty #ghostsoap https://t.co/1JxMCvCSow,850210544392953860,lilindermile,796,0,0,0,0,
144,44,"RT @artimaaaeus: simon w/o trauma is prolly very flirtatious
---
#CallofDuty #MWII #MW2 #Ghost https://t.co/CELOykoKiU",229579575,artimaaaeus,518,0,0,0,0,
145,45,RT @Veradia_: FINALLY DREW PRICEE 🧡 #CallofDuty #MW2 https://t.co/HnvinBn6Ot,1671988591247908865,Veradia_,307,0,0,0,0,
146,46,"RT @loneghostwolf88: one more render from the latest little render session with Ghost 💀
#simonghostriley #CoDGhost #CallofDuty #3DRender #M…",1073068272059342848,loneghostwolf88,278,0,0,0,0,
147,47,"RT @lazaruskiller: decided to switch up the dynamic for once 🤭

🌿

#ghost #könig #simonriley #simonghostriley #konig #Koenigmw2 #ghostmw2 #…",1300958908996104193,lazaruskiller,107,0,0,0,0,
148,48,"RT @Tajinder297: I hope Mythic Spectre will return with his special execution
I'm still left with last 2 spins
Gonna buy him fr and will tr…",1452849017260363786,Tajinder297,2,0,0,0,0,
149,49,"Kinda miss the night mode In BR 

@PlayCODMobile 
Can you bring it back ?",1476115551042916352,PlayCODMobile,1,0,2,0,0,
150,50,"RT @yumecore: His eyes 🥺
#CallofDuty #MWII #simonghostriley 
1/2  (and veins) https://t.co/kd4wKPWtjY",886488905721061380,yumecore,64,0,0,0,0,
151,51,@friendlychad2 @PlayCODMobile 🙏,1384153666064576518,friendlychad2,0,0,2,0,0,
152,52,"@Tajinder297 @PlayCODMobile Atb 
I hope you get him",1452849017260363786,Tajinder297,0,1,3,0,0,
153,53,RT @lilindermile: Oh god he’s grooving #simonghostriley #mw2 #callofduty #ghostsoap https://t.co/1JxMCvCSow,1440439416565080065,lilindermile,796,0,0,0,0,
154,54,RT @lilindermile: Oh god he’s grooving #simonghostriley #mw2 #callofduty #ghostsoap https://t.co/1JxMCvCSow,1671553566459166720,lilindermile,796,0,0,0,0,
155,55,RT @lilindermile: Oh god he’s grooving #simonghostriley #mw2 #callofduty #ghostsoap https://t.co/1JxMCvCSow,1288487519898619904,lilindermile,796,0,0,0,0,
156,56,@PlayCODMobile https://t.co/rTNXqeMFI3,1484648879832416265,PlayCODMobile,0,0,0,0,0,
157,57,"RT @BettyBRenders: 💀
Mama put my guns in the ground
I can't shoot them anymore
That long black cloud is comin' down
I feel like knockin' on…",1621499288344842245,BettyBRenders,104,0,0,0,0,
158,58,RT @lilindermile: Oh god he’s grooving #simonghostriley #mw2 #callofduty #ghostsoap https://t.co/1JxMCvCSow,1101233589151256582,lilindermile,796,0,0,0,0,
159,59,RT @Veradia_: FINALLY DREW PRICEE 🧡 #CallofDuty #MW2 https://t.co/HnvinBn6Ot,1467901596302512143,Veradia_,307,0,0,0,0,
160,60,RT @Veradia_: FINALLY DREW PRICEE 🧡 #CallofDuty #MW2 https://t.co/HnvinBn6Ot,965752333023043585,Veradia_,307,0,0,0,0,
161,61,"RT @artimaaaeus: simon w/o trauma is prolly very flirtatious
---
#CallofDuty #MWII #MW2 #Ghost https://t.co/CELOykoKiU",745196836940582916,artimaaaeus,518,0,0,0,0,
162,62,"I made a Sad DMZ Player Happy...
#DMZ #Warzone2 

https://t.co/xeI9nnXiPj https://t.co/4YkrDW4RKR",1053833360,**this tweet had been deleted or hidden**,3,0,17,0,0,
163,63,"RT @BettyBRenders: Hola Papi 😏

#Alejandro #alejandrovargas #ElPapi #AlejandroMW2 #MW2 #MWII #CallofDutyModernWarfare2 #CallofDuty https://…",1129747152350040064,BettyBRenders,155,0,0,0,0,
164,64,"Sorry everyone! I went for a nap around 9am.. woke after 3pm!

Going to do some house work, hopefully fire up a stream around 6pm? 
We going to playing warzone/DMZ

See you all soon! #warzone2 #dmz #wokeuplate #sorry @WolvesEsports https://t.co/4SRWMsejIW",1171507329969246208,WolvesEsports,0,0,1,0,0,
165,65,@PlayCODMobile I need someone support pls? https://t.co/4QJq204YEp,1517324560454111232,PlayCODMobile,0,0,0,0,0,
166,66,"Early stream 😎

Hopefully my PC don’t crash 🙏🏽

https://t.co/APBRbBSS5b

#CallofDuty #CallofDutyModernWarfare2 #CallofDutyModernWarfareII #ModernWarfare2 #ModernWarfareII #mw2 #MWII #kick #KickAffiliate #kickstream #KickStreamer #KickStreamers #KickStreaming #smallstreamer",2150249967,**this tweet had been deleted or hidden**,0,0,1,0,0,
167,67,"RT @HellishDraws: Pride month may be over.. but that doesn’t stop me from feeding y’all trans Soap 
#GhostSoap #CallOfDuty #MW2 https://t.c…",1287716197035843584,HellishDraws,347,0,0,0,0,
168,68,"RT @yumecore: His eyes 🥺
#CallofDuty #MWII #simonghostriley 
1/2  (and veins) https://t.co/kd4wKPWtjY",1276997562864721921,yumecore,64,0,0,0,0,
169,69,"RT @lazaruskiller: decided to switch up the dynamic for once 🤭

🌿

#ghost #könig #simonriley #simonghostriley #konig #Koenigmw2 #ghostmw2 #…",1298204584805117955,lazaruskiller,107,0,0,0,0,
170,70,"RT @HellishDraws: Pride month may be over.. but that doesn’t stop me from feeding y’all trans Soap 
#GhostSoap #CallOfDuty #MW2 https://t.c…",996615652860248065,HellishDraws,347,0,0,0,0,
171,71,@GurdeepBagal24 @PlayCODMobile @CODMobileIN *purchased,55580366,GurdeepBagal24,0,0,0,0,0,
172,72,"RT @yumecore: His eyes 🥺
#CallofDuty #MWII #simonghostriley 
1/2  (and veins) https://t.co/kd4wKPWtjY",1646642470610927616,yumecore,64,0,0,0,0,
173,73,"RT @yumecore: His eyes 🥺
#CallofDuty #MWII #simonghostriley 
1/2  (and veins) https://t.co/kd4wKPWtjY",1348298643158265858,yumecore,64,0,0,0,0,
174,74,"RT @yumecore: His eyes 🥺
#CallofDuty #MWII #simonghostriley 
1/2  (and veins) https://t.co/kd4wKPWtjY",1571997808504315906,yumecore,64,0,0,0,0,
175,75,RT @lilindermile: Oh god he’s grooving #simonghostriley #mw2 #callofduty #ghostsoap https://t.co/1JxMCvCSow,1353742000353374208,lilindermile,796,0,0,0,0,
176,76,"Things I want @PlayCODMobile to hear:
1. First of all, Could you guys nerf the k9 unit instead of nerfing our favorite guns.
2. We need a Nigerian Server!, This one's really important, you guys might lose a considerable number of players if you don't give a response to this soon.",1497263632916402178,PlayCODMobile,0,0,0,0,0,
177,77,"RT @xbruised_peachx: it's horangi's time in the ringlight 🐯
#Horangi #HorangiMW2 #CallofDuty #MWII https://t.co/EOv6lamJ2k",1447732711251193858,xbruised_peachx,165,0,0,0,0,
178,78,"RT @ShkretArt: I like to draw the captain a little shaggy
#CaptainPrice #MW2 #CallofDuty https://t.co/S4WxD7EtJj",1490041378495250433,ShkretArt,1317,0,0,0,0,
179,79,"RT @artimaaaeus: simon w/o trauma is prolly very flirtatious
---
#CallofDuty #MWII #MW2 #Ghost https://t.co/CELOykoKiU",1653749079900291074,artimaaaeus,518,0,0,0,0,
180,80,"最後に残った黄金のドクロをケミストさんから奪い取り、保証スロット③の解除できた〜ヽ(´ω｀)ﾉ✨🎊✨
ケミストはサッカー場の時がラクでいい☺️☺️☺️
レベルもキリよく777になり(*´ω｀*)❣️

ファランクスの派閥任務、進行バグってるのは直さない感じなのかな〜
#CoD #MW2 #DMZ https://t.co/mMhdnDL6NL",927413345979850752,**this tweet had been deleted or hidden**,0,1,13,0,0,
181,81,"@PlayCODMobile I never have luck on gacha,so....yeah never have one and never will be",2837410266,PlayCODMobile,0,0,0,0,0,
182,82,"@PlayCODMobile I have suggestions: 1. The red tag isn't working overally, you can't camouflage easily consider using players overhead names - but in red and allow for friendly fire, makes the game as realistic as it should be. TY",1125400597384114179,PlayCODMobile,0,0,0,0,0,
183,83,"RT @BettyBRenders: 🧼 It‘s Soap!

…and tomorrow? 🤔

#Soap #SoapMacTavish #SoapMW2 #MW2 #MWII #CallofDutyModernWarfare2 #CallofDuty https://t…",1505180327026708480,BettyBRenders,329,0,0,0,0,
184,84,RT @lilindermile: Oh god he’s grooving #simonghostriley #mw2 #callofduty #ghostsoap https://t.co/1JxMCvCSow,753008461290606597,lilindermile,796,0,0,0,0,
185,85,"RT @loneghostwolf88: Alexa play Lady Gaga's - Alejandro 

Finally got my hands on Alejandro's model. Here a quick test render.

#alejandrov…",1402728068649689088,loneghostwolf88,73,0,0,0,0,
186,86,RT @lilindermile: Oh god he’s grooving #simonghostriley #mw2 #callofduty #ghostsoap https://t.co/1JxMCvCSow,1022141717787504640,lilindermile,796,0,0,0,0,
187,87,"RT @BettyBRenders: 💀 You want it?

#Ghost #SimonGhostRiley #GhostMW2 #MW2 #MWII #CallofDutyModernWarfare2 #CallofDuty https://t.co/jTKVCs2P…",1505180327026708480,BettyBRenders,335,0,0,0,0,
188,88,RT @lilindermile: Oh god he’s grooving #simonghostriley #mw2 #callofduty #ghostsoap https://t.co/1JxMCvCSow,1631865130588991488,lilindermile,796,0,0,0,0,
189,89,RT @lilindermile: Oh god he’s grooving #simonghostriley #mw2 #callofduty #ghostsoap https://t.co/1JxMCvCSow,1002719057622204416,lilindermile,796,0,0,0,0,
190,90,"RT @BettyBRenders: 💀 I like him like that 👉🏻👈🏻

…and I might do a few other boys with their pants so looooow

#Ghost #SimonGhostRiley #ghos…",1312821082517250048,BettyBRenders,930,0,0,0,0,
191,91,"RT @BettyBRenders: 👑 Today König…

…tomorrow 🤷🏼‍♀️

#König #Koenig #KönigMW2 #MW2 #MWII #CallofDutyModernWarfare2 #CallofDuty https://t.co/…",1312821082517250048,BettyBRenders,902,0,0,0,0,
192,92,"RT @BettyBRenders: 💀 You want it?

#Ghost #SimonGhostRiley #GhostMW2 #MW2 #MWII #CallofDutyModernWarfare2 #CallofDuty https://t.co/jTKVCs2P…",1312821082517250048,BettyBRenders,335,0,0,0,0,
193,93,"RT @BettyBRenders: CuriousCat request:
„I‘m on your discord but too shy to ask you. That one Ghost x Female pic […] This with Soap! Please.…",1505180327026708480,BettyBRenders,76,0,0,0,0,
194,94,"RT @lexiissgone: I HAD TO REPOST IT CUZ I CAN'T CALM DOWN FUCK

[ #soapghost #GhostSoap #CallofDuty #MWII #cod #art #SoapMacTavish #ghostco…",1152413715708469248,lexiissgone,481,0,0,0,0,
195,95,Movement is just too easy warzone 2 Vondel #vondel #warzone #warzone2 #callofduty #like #share #follow #warzoneclips #movement #j4mzy7 https://t.co/WDmsLzpz2W,703304398437490689,**this tweet had been deleted or hidden**,0,0,3,0,0,
196,96,"RT @loneghostwolf88: Alexa play Lady Gaga's - Alejandro 

Finally got my hands on Alejandro's model. Here a quick test render.

#alejandrov…",1118474882851975168,loneghostwolf88,73,0,0,0,0,
197,97,RT @lilindermile: Oh god he’s grooving #simonghostriley #mw2 #callofduty #ghostsoap https://t.co/1JxMCvCSow,1387837127333978112,lilindermile,796,0,0,0,0,
198,98,"RT @BettyBRenders: Hola Papi 😏

#Alejandro #alejandrovargas #ElPapi #AlejandroMW2 #MW2 #MWII #CallofDutyModernWarfare2 #CallofDuty https://…",1505180327026708480,BettyBRenders,155,0,0,0,0,
199,99,RT @lilindermile: Oh god he’s grooving #simonghostriley #mw2 #callofduty #ghostsoap https://t.co/1JxMCvCSow,1596452111281274881,lilindermile,796,0,0,0,0,
200,0,"RT @661ave: 141! ♥  #MWII #MW2 #CallofDuty 
#CaptainPrice #SimonGhostRiley #JohnSoapMactavish #KyleGazGarrick https://t.co/BTni156iIX",1587629941369327619,661ave,701,0,0,0,0,
201,1,"RT @alexgscod: Lifeguard Soap! 🧼☀️⛱️
I hope Ghost is drowning and needs mouth-to-mouth resuscitation 😩🛟
(NSFW+variants on patreon)

#CallOf…",1508764818383249414,alexgscod,211,0,0,0,0,
202,2,"RT @661ave: 141! ♥  #MWII #MW2 #CallofDuty 
#CaptainPrice #SimonGhostRiley #JohnSoapMactavish #KyleGazGarrick https://t.co/BTni156iIX",2778533588,661ave,701,0,0,0,0,
203,3,"@EVILXJUG @PlayCODMobile W man. W, I hope I can get it one day",1428330191932248066,EVILXJUG,0,0,0,0,0,
204,4,"Editando el video de hoy 🤫

Ya viste mi regreso a YouTube de ayer?
👉https://t.co/XNX9ZXiaBt

#CallofDuty #Warzone #ModernWarfare2 #MWII #MW2 #Warzone2 #CoDMobile",1417911210989719567,**this tweet had been deleted or hidden**,0,0,1,0,0,
205,5,"RT @BettyBRenders: 👑 Such a mess, Babyboy. 😌

#König #Koenig #KönigMW2 #MW2 #MWII #CallofDutyModernWarfare2 #CallofDuty https://t.co/aO4AhU…",1397839108236533761,BettyBRenders,426,0,0,0,0,
206,6,"RT @artimaaaeus: man has priorities 🤷‍♂️
---
#CallofDuty #MWII #MW2 #Ghost https://t.co/7JEIBeKjTJ",1446899883781369857,artimaaaeus,360,0,0,0,0,
207,7,"RT @BettyBRenders: 👑 Such a mess, Babyboy. 😌

#König #Koenig #KönigMW2 #MW2 #MWII #CallofDutyModernWarfare2 #CallofDuty https://t.co/aO4AhU…",1388588641748934670,BettyBRenders,426,0,0,0,0,
208,8,"RT @661ave: 141! ♥  #MWII #MW2 #CallofDuty 
#CaptainPrice #SimonGhostRiley #JohnSoapMactavish #KyleGazGarrick https://t.co/BTni156iIX",1229821863628427265,661ave,701,0,0,0,0,
209,9,RT @661ave: #SimonRiley #simonghostriley #ghost #CallofDuty #MWII #MW2 https://t.co/DIqBuQR5aW,1000377384493895681,661ave,1377,0,0,0,0,
210,10,"RT @ZdawgYT: MGB with New Razorback👊🔥 full Video on my Second Channel! 
Retweets Appreciated! #mw2 #CallofDuty https://t.co/fpmkOKrB3r",1351328212543021056,ZdawgYT,19,0,0,0,0,
211,11,RT @Jzambardino41: 🚨Im LIVE Right Now!🚨 https://t.co/yrRnk2Jfx6 | #Warzone2 #Warzone #CallofDuty #CallofDutyModernWarfare2 #mw2 #FPS #gamin…,374819085,Jzambardino41,3,0,0,0,0,
212,12,"RT @661ave: 141! ♥  #MWII #MW2 #CallofDuty 
#CaptainPrice #SimonGhostRiley #JohnSoapMactavish #KyleGazGarrick https://t.co/BTni156iIX",977356824000176129,661ave,701,0,0,0,0,
213,13,"RT @alexgscod: Lifeguard Soap! 🧼☀️⛱️
I hope Ghost is drowning and needs mouth-to-mouth resuscitation 😩🛟
(NSFW+variants on patreon)

#CallOf…",1491693170672898050,alexgscod,211,0,0,0,0,
214,14,Action!🙉🙉🙉 #たいくんクリップ #codm #battleroyale #unbreakableshooter #CODEBOWLIII #Rushandshow #PlayCODMobile,1577753250325037057,**this tweet had been deleted or hidden**,0,0,0,0,0,
215,15,"RT @661ave: 141! ♥  #MWII #MW2 #CallofDuty 
#CaptainPrice #SimonGhostRiley #JohnSoapMactavish #KyleGazGarrick https://t.co/BTni156iIX",1605766391889629186,661ave,701,0,0,0,0,
216,16,"RT @alexgscod: Lifeguard Soap! 🧼☀️⛱️
I hope Ghost is drowning and needs mouth-to-mouth resuscitation 😩🛟
(NSFW+variants on patreon)

#CallOf…",313445990,alexgscod,211,0,0,0,0,
217,17,"RT @HellishDraws: Pride month may be over.. but that doesn’t stop me from feeding y’all trans Soap 
#GhostSoap #CallOfDuty #MW2 https://t.c…",255137627,HellishDraws,347,0,0,0,0,
218,18,RT @YankeeOwwww: WE’RE STILL FOOKIN LIVE!!!!! Homies are taking a quick food break so my son is playing pubs 🤣🤣🤣https://t.co/RBoBCn71lU. #W…,704583568316633088,YankeeOwwww,2,0,0,0,0,
219,19,WE’RE STILL FOOKIN LIVE!!!!! Homies are taking a quick food break so my son is playing pubs 🤣🤣🤣https://t.co/RBoBCn71lU. #Warzone2 #CallofDutyModernWarfare2 #gamerdad #SupportSmallStreamers #smallstreamer #twitchstreamer #cod #CallofDuty,381828143,**this tweet had been deleted or hidden**,2,1,2,0,0,
220,20,"RT @BettyBRenders: 👑 Such a mess, Babyboy. 😌

#König #Koenig #KönigMW2 #MW2 #MWII #CallofDutyModernWarfare2 #CallofDuty https://t.co/aO4AhU…",1082645361796116480,BettyBRenders,426,0,0,0,0,
221,21,"RT @caroaart: ”Quiet, Prinzessin”
#CallofDuty #König #Konig #MWII #MW2 https://t.co/hvRIP169AU",979877800231493634,caroaart,213,0,0,0,0,
222,22,"RT @661ave: 141! ♥  #MWII #MW2 #CallofDuty 
#CaptainPrice #SimonGhostRiley #JohnSoapMactavish #KyleGazGarrick https://t.co/BTni156iIX",1243350528530083840,661ave,701,0,0,0,0,
223,23,"RT @BettyBRenders: 👑 Such a mess, Babyboy. 😌

#König #Koenig #KönigMW2 #MW2 #MWII #CallofDutyModernWarfare2 #CallofDuty https://t.co/aO4AhU…",1131535935818981380,BettyBRenders,426,0,0,0,0,
224,24,"RT @alexgscod: Lifeguard Soap! 🧼☀️⛱️
I hope Ghost is drowning and needs mouth-to-mouth resuscitation 😩🛟
(NSFW+variants on patreon)

#CallOf…",1577120529395359744,alexgscod,211,0,0,0,0,
225,25,RT @lilindermile: Oh god he’s grooving #simonghostriley #mw2 #callofduty #ghostsoap https://t.co/1JxMCvCSow,1515404837994827783,lilindermile,796,0,0,0,0,
226,26,@PlayCODMobile Mythic m13 redux when?,1294428190476132352,PlayCODMobile,0,0,0,0,0,
227,27,"RT @BettyBRenders: 👑 Such a mess, Babyboy. 😌

#König #Koenig #KönigMW2 #MW2 #MWII #CallofDutyModernWarfare2 #CallofDuty https://t.co/aO4AhU…",1612289183942578178,BettyBRenders,426,0,0,0,0,
228,28,"RT @artimaaaeus: man has priorities 🤷‍♂️
---
#CallofDuty #MWII #MW2 #Ghost https://t.co/7JEIBeKjTJ",764587056119050240,artimaaaeus,360,0,0,0,0,
229,29,"@blametruthyt @CallofDuty Bro. MwII isnt bad. ITS NOT STOP SAYINY THAT..ITS FUCKING HORRENDOUS FUCKING HORRIBLE…FUCKING..CANCER
I can go on if u’d like",1595105125126782979,blametruthyt,0,0,0,0,0,
230,30,"RT @661ave: 141! ♥  #MWII #MW2 #CallofDuty 
#CaptainPrice #SimonGhostRiley #JohnSoapMactavish #KyleGazGarrick https://t.co/BTni156iIX",1600536418949939202,661ave,701,0,0,0,0,
231,31,"RT @yumecore: His eyes 🥺
#CallofDuty #MWII #simonghostriley 
1/2  (and veins) https://t.co/kd4wKPWtjY",1600536418949939202,yumecore,64,0,0,0,0,
232,32,"RT @alexgscod: Lifeguard Soap! 🧼☀️⛱️
I hope Ghost is drowning and needs mouth-to-mouth resuscitation 😩🛟
(NSFW+variants on patreon)

#CallOf…",1429231230738862080,alexgscod,211,0,0,0,0,
233,33,"RT @_Eidetic_: Never said Simon was a good flirt 

#ghostcosplay #simonghostriley #simonriley #simonrileyghost #modernwarfare #modernwarfar…",1238629224778543104,_Eidetic_,4,0,0,0,0,
234,34,"RT @raiderCODM: Your chance to WIN THIS will be announced this evening!!

HYPE!!",2165396377,raiderCODM,25,0,0,0,0,
235,35,"RT @naruysae: Ghost 💀🔪  — Commission for Lu
#simonghostriley #mw2 #callofduty https://t.co/imdnST8tkA",1177048788705435648,naruysae,233,0,0,0,0,
236,36,RT @lilindermile: Oh god he’s grooving #simonghostriley #mw2 #callofduty #ghostsoap https://t.co/1JxMCvCSow,1612589737033797632,lilindermile,796,0,0,0,0,
237,37,"RT @alexgscod: Lifeguard Soap! 🧼☀️⛱️
I hope Ghost is drowning and needs mouth-to-mouth resuscitation 😩🛟
(NSFW+variants on patreon)

#CallOf…",1524281826352631808,alexgscod,211,0,0,0,0,
238,38,"RT @BettyBRenders: CuriousCat request:
„I‘m on your discord but too shy to ask you. That one Ghost x Female pic […] This with Soap! Please.…",269271627,BettyBRenders,76,0,0,0,0,
239,39,@Axis91 @kingclanios @ESLCODM @PlayCODMobile 🙏🏼,809055993095188481,Axis91,0,0,0,0,0,
240,40,@AswxdIOS @kingclanios @ESLCODM @PlayCODMobile 🙏🏼🙏🏼,809055993095188481,AswxdIOS,0,0,0,0,0,
241,41,@vKoseii @kingclanios @ESLCODM @PlayCODMobile merci bg ça fait plaisir de te voir toujours me soutenir 🐺,809055993095188481,vKoseii,0,0,1,0,0,
242,42,"@CODMW2Informer These comments are concerning. Yall do realize it’s MWII 2.0, gameplay mechanics, graphics etc with bringing back of old maps and possibly old weapons. Why would you spend $70 on this? This is why the devs would never care about their game. Y’all buy regardless.",1457020938264875012,CODMW2Informer,0,0,0,0,0,
243,43,"RT @artimaaaeus: man has priorities 🤷‍♂️
---
#CallofDuty #MWII #MW2 #Ghost https://t.co/7JEIBeKjTJ",1601599283547017217,artimaaaeus,360,0,0,0,0,
244,44,"RT @PoJGamer: Come Check out me @PoJGamer With Another #NCDT Production 
HOW TO PLAY THE JUGGERNAUT AND KILL HIM. #callofduty #ncdt #mw2 ht…",1051877255742414849,PoJGamer,1,0,0,0,0,
245,45,"Come Check out me @PoJGamer With Another #NCDT Production 
HOW TO PLAY THE JUGGERNAUT AND KILL HIM. #callofduty #ncdt #mw2 https://t.co/h4I1ubsrp0 via @YouTube",1051877255742414849,PoJGamer,1,0,2,0,0,
246,46,"RT @AeroTheSniper: I ACCIDENTALLY Started a Ranked game and WON! (200+ SR) #warzone2 #callofduty #mw2
https://t.co/yhUosAVW4v",623869883,AeroTheSniper,1,0,0,0,0,
247,47,Bout to be that same running through syrup gameplay MW2019 and the recent MW2 had and they just gonna remaster all the original maps cause they know they can't make they own. https://t.co/ABTTLQ9aAc,919715099723513856,**this tweet had been deleted or hidden**,0,0,0,0,0,
248,48,"RT @BettyBRenders: 👑 Such a mess, Babyboy. 😌

#König #Koenig #KönigMW2 #MW2 #MWII #CallofDutyModernWarfare2 #CallofDuty https://t.co/aO4AhU…",1507566132621987846,BettyBRenders,426,0,0,0,0,
249,49,"RT @alexgscod: Lifeguard Soap! 🧼☀️⛱️
I hope Ghost is drowning and needs mouth-to-mouth resuscitation 😩🛟
(NSFW+variants on patreon)

#CallOf…",1000627549502763008,alexgscod,211,0,0,0,0,
250,50,"RT @artimaaaeus: man has priorities 🤷‍♂️
---
#CallofDuty #MWII #MW2 #Ghost https://t.co/7JEIBeKjTJ",1903955388,artimaaaeus,360,0,0,0,0,
251,51,"RT @artimaaaeus: man has priorities 🤷‍♂️
---
#CallofDuty #MWII #MW2 #Ghost https://t.co/7JEIBeKjTJ",1628660521229762561,artimaaaeus,360,0,0,0,0,
252,52,"RT @artimaaaeus: man has priorities 🤷‍♂️
---
#CallofDuty #MWII #MW2 #Ghost https://t.co/7JEIBeKjTJ",1582356938536275969,artimaaaeus,360,0,0,0,0,
253,53,"Who trying to add me? Currently online playing CoD. 
#CallofDuty #Warzone2 #CallofDutyModernWarfare2 #PlayStation5 #Twitter #Facebook https://t.co/TPm0qUkmMn",1606205161696804865,**this tweet had been deleted or hidden**,0,1,8,0,0,
254,54,"RT @artimaaaeus: man has priorities 🤷‍♂️
---
#CallofDuty #MWII #MW2 #Ghost https://t.co/7JEIBeKjTJ",1094978284498997248,artimaaaeus,360,0,0,0,0,
255,55,"RT @alexgscod: Lifeguard Soap! 🧼☀️⛱️
I hope Ghost is drowning and needs mouth-to-mouth resuscitation 😩🛟
(NSFW+variants on patreon)

#CallOf…",1462716365463162885,alexgscod,211,0,0,0,0,
256,56,"現在Twitchでライブ配信中 - https://t.co/qU44qffFV9で視聴できます

#warzone #mw2 #activision #callofduty #cod #viral #ps4 #ps5 #xbox  #pc #twitch #twitch配信者と繋がりたい",1081585216227991552,**this tweet had been deleted or hidden**,0,0,3,0,0,
257,57,"RT @BettyBRenders: 👑 Such a mess, Babyboy. 😌

#König #Koenig #KönigMW2 #MW2 #MWII #CallofDutyModernWarfare2 #CallofDuty https://t.co/aO4AhU…",2183435610,BettyBRenders,426,0,0,0,0,
258,58,"RT @artimaaaeus: man has priorities 🤷‍♂️
---
#CallofDuty #MWII #MW2 #Ghost https://t.co/7JEIBeKjTJ",1462716365463162885,artimaaaeus,360,0,0,0,0,
259,59,"RT @661ave: 141! ♥  #MWII #MW2 #CallofDuty 
#CaptainPrice #SimonGhostRiley #JohnSoapMactavish #KyleGazGarrick https://t.co/BTni156iIX",1462716365463162885,661ave,701,0,0,0,0,
260,60,"RT @artimaaaeus: man has priorities 🤷‍♂️
---
#CallofDuty #MWII #MW2 #Ghost https://t.co/7JEIBeKjTJ",1280517522043867136,artimaaaeus,360,0,0,0,0,
261,61,"RT @661ave: 141! ♥  #MWII #MW2 #CallofDuty 
#CaptainPrice #SimonGhostRiley #JohnSoapMactavish #KyleGazGarrick https://t.co/BTni156iIX",1551588499379236864,661ave,701,0,0,0,0,
262,62,"RT @BettyBRenders: 👑 Such a mess, Babyboy. 😌

#König #Koenig #KönigMW2 #MW2 #MWII #CallofDutyModernWarfare2 #CallofDuty https://t.co/aO4AhU…",928996447214764033,BettyBRenders,426,0,0,0,0,
263,63,"RT @BettyBRenders: 👑 Such a mess, Babyboy. 😌

#König #Koenig #KönigMW2 #MW2 #MWII #CallofDutyModernWarfare2 #CallofDuty https://t.co/aO4AhU…",1246455816552509445,BettyBRenders,426,0,0,0,0,
264,64,"RT @BettyBRenders: 👑 Such a mess, Babyboy. 😌

#König #Koenig #KönigMW2 #MW2 #MWII #CallofDutyModernWarfare2 #CallofDuty https://t.co/aO4AhU…",1058161426416701440,BettyBRenders,426,0,0,0,0,
265,65,"RT @artimaaaeus: man has priorities 🤷‍♂️
---
#CallofDuty #MWII #MW2 #Ghost https://t.co/7JEIBeKjTJ",1525524602943950849,artimaaaeus,360,0,0,0,0,
266,66,"RT @artimaaaeus: man has priorities 🤷‍♂️
---
#CallofDuty #MWII #MW2 #Ghost https://t.co/7JEIBeKjTJ",1353441755304259585,artimaaaeus,360,0,0,0,0,
267,67,"RT @alexgscod: Lifeguard Soap! 🧼☀️⛱️
I hope Ghost is drowning and needs mouth-to-mouth resuscitation 😩🛟
(NSFW+variants on patreon)

#CallOf…",1030586035208634370,alexgscod,211,0,0,0,0,
268,68,RT @Veradia_: FINALLY DREW PRICEE 🧡 #CallofDuty #MW2 https://t.co/HnvinBn6Ot,1239828515274379266,Veradia_,307,0,0,0,0,
269,69,"RT @alexgscod: Lifeguard Soap! 🧼☀️⛱️
I hope Ghost is drowning and needs mouth-to-mouth resuscitation 😩🛟
(NSFW+variants on patreon)

#CallOf…",1493704244444246017,alexgscod,211,0,0,0,0,"{'copyright': False, 'country_codes': ['ID']}"
270,70,"RT @661ave: 141! ♥  #MWII #MW2 #CallofDuty 
#CaptainPrice #SimonGhostRiley #JohnSoapMactavish #KyleGazGarrick https://t.co/BTni156iIX",1429231230738862080,661ave,701,0,0,0,0,
271,71,RT @Soulja4life504: @ModernWarzone The reason why I'm not happy with @CallofDuty &amp; #Warzone2 @Activision keep removing 3rd person #Moshpit…,1527144926105858048,Soulja4life504,3,0,0,0,0,
272,72,"RT @BettyBRenders: 👑 Such a mess, Babyboy. 😌

#König #Koenig #KönigMW2 #MW2 #MWII #CallofDutyModernWarfare2 #CallofDuty https://t.co/aO4AhU…",1429231230738862080,BettyBRenders,426,0,0,0,0,
273,73,RT @skeletib: Ghost contemplating life while König's feeling it [ears &amp; tail made by me &amp; for sale] #König #ghostmw2 #CallofDuty #MWII #MW2…,1544614760553095168,skeletib,9,0,0,0,0,
274,74,"RT @661ave: 141! ♥  #MWII #MW2 #CallofDuty 
#CaptainPrice #SimonGhostRiley #JohnSoapMactavish #KyleGazGarrick https://t.co/BTni156iIX",23369364,661ave,701,0,0,0,0,
275,75,RT @lilindermile: Oh god he’s grooving #simonghostriley #mw2 #callofduty #ghostsoap https://t.co/1JxMCvCSow,2921717487,lilindermile,796,0,0,0,0,
276,76,"RT @artimaaaeus: simon w/o trauma is prolly very flirtatious
---
#CallofDuty #MWII #MW2 #Ghost https://t.co/CELOykoKiU",1378046829355536389,artimaaaeus,518,0,0,0,0,
277,77,"RT @loneghostwolf88: 6th entry of the beach boy series - Alex Keller ☀️📷 🏝️
#CallofDutyModernWarfare2 #CodAlexKeller #alexkeller #CallofDut…",1246455816552509445,loneghostwolf88,99,0,0,0,0,
278,78,"RT @661ave: 141! ♥  #MWII #MW2 #CallofDuty 
#CaptainPrice #SimonGhostRiley #JohnSoapMactavish #KyleGazGarrick https://t.co/BTni156iIX",1405693647849406467,661ave,701,0,0,0,0,
279,79,RT @lilindermile: Oh god he’s grooving #simonghostriley #mw2 #callofduty #ghostsoap https://t.co/1JxMCvCSow,1630900527554007047,lilindermile,796,0,0,0,0,
280,80,RT @lilindermile: Oh god he’s grooving #simonghostriley #mw2 #callofduty #ghostsoap https://t.co/1JxMCvCSow,1607177621627961345,lilindermile,796,0,0,0,0,
281,81,"RT @661ave: 141! ♥  #MWII #MW2 #CallofDuty 
#CaptainPrice #SimonGhostRiley #JohnSoapMactavish #KyleGazGarrick https://t.co/BTni156iIX",1475680430993117187,661ave,701,0,0,0,0,
282,82,RT @Veradia_: FINALLY DREW PRICEE 🧡 #CallofDuty #MW2 https://t.co/HnvinBn6Ot,1308227673001349120,Veradia_,307,0,0,0,0,
283,83,"RT @661ave: 141! ♥  #MWII #MW2 #CallofDuty 
#CaptainPrice #SimonGhostRiley #JohnSoapMactavish #KyleGazGarrick https://t.co/BTni156iIX",1095983118622715905,661ave,701,0,0,0,0,
284,84,@SUPERillQUAD @PlayCODMobile Hmm,1495217118740107271,SUPERillQUAD,0,1,0,0,0,
285,85,"RT @artimaaaeus: simon w/o trauma is prolly very flirtatious
---
#CallofDuty #MWII #MW2 #Ghost https://t.co/CELOykoKiU",1296860952797704192,artimaaaeus,518,0,0,0,0,
286,86,@SUPERillQUAD @PlayCODMobile Yessir,1495217118740107271,SUPERillQUAD,0,0,0,0,0,
287,87,"RT @naruysae: Ghost 💀🔪  — Commission for Lu
#simonghostriley #mw2 #callofduty https://t.co/imdnST8tkA",862704769,naruysae,233,0,0,0,0,
288,88,"RT @loneghostwolf88: 6th entry of the beach boy series - Alex Keller ☀️📷 🏝️
#CallofDutyModernWarfare2 #CodAlexKeller #alexkeller #CallofDut…",1296860952797704192,loneghostwolf88,99,0,0,0,0,
289,89,"RT @artimaaaeus: man has priorities 🤷‍♂️
---
#CallofDuty #MWII #MW2 #Ghost https://t.co/7JEIBeKjTJ",950329922064605184,artimaaaeus,360,0,0,0,0,
290,90,"RT @CODLeague: #CDL2023

▰▰▰▰▰▰▰▰▰▰ 100% https://t.co/LUgLoRHyTV",1046416209539944448,CODLeague,66,0,0,0,0,
291,91,"『COD:DMZ攻略』ダマスカスタグが全然見つからないんだが、。アシカのホテルの403号室の鍵はどうやって手に入れてる？
https://t.co/qdzP7jGDD1

#COD #コールオブデューティ #callofduty #CODMW2 #MW2 #CoDMWII #DMZ #warzone2 #コシチェイ #ダマスカスタグ https://t.co/6bJXjW93MC",956402256613552128,**this tweet had been deleted or hidden**,0,0,1,0,0,
292,92,"RT @BettyBRenders: 💀 Calm morning shift

#Ghost #SimonGhostRiley #ghostmw2 #MW2 #MWII #CallofDutyModernWarfare2 #CallofDuty https://t.co/Sn…",1348298643158265858,BettyBRenders,147,0,0,0,0,
293,93,"RT @DanBranYT: MW2 Search and Destroy in 2023! 

#CallofDuty #ModernWarfare2 

-&gt; https://t.co/3DAIh2YXIl https://t.co/lX3cv3uDHj",1441074426645078020,DanBranYT,1,0,0,0,0,
294,94,"RT @661ave: 141! ♥  #MWII #MW2 #CallofDuty 
#CaptainPrice #SimonGhostRiley #JohnSoapMactavish #KyleGazGarrick https://t.co/BTni156iIX",1308227673001349120,661ave,701,0,0,0,0,
295,95,RT @lilindermile: Oh god he’s grooving #simonghostriley #mw2 #callofduty #ghostsoap https://t.co/1JxMCvCSow,1448067951060570112,lilindermile,796,0,0,0,0,
296,96,"I cannot for the love of god fathom any person that plays on a daily base, even as a job, Warzone II and being sane. For real though what a bs game. #Warzone2 #CallofDuty",955917443137982465,**this tweet had been deleted or hidden**,0,1,2,0,0,
297,97,"RT @661ave: 141! ♥  #MWII #MW2 #CallofDuty 
#CaptainPrice #SimonGhostRiley #JohnSoapMactavish #KyleGazGarrick https://t.co/BTni156iIX",914769691,661ave,701,0,0,0,0,
298,98,"RT @artimaaaeus: man has priorities 🤷‍♂️
---
#CallofDuty #MWII #MW2 #Ghost https://t.co/7JEIBeKjTJ",909495443335282688,artimaaaeus,360,0,0,0,0,
299,99,"RT @661ave: 141! ♥  #MWII #MW2 #CallofDuty 
#CaptainPrice #SimonGhostRiley #JohnSoapMactavish #KyleGazGarrick https://t.co/BTni156iIX",1543334768225443840,661ave,701,0,0,0,0,
