,text,author_id,username,retweet,reply,like,quote,bookmark
0,"RT @lexiissgone: I HAD TO REPOST IT CUZ I CAN'T CALM DOWN FUCK

[ #soapghost #GhostSoap #CallofDuty #MWII #cod #art #SoapMacTavish #ghostco…",1601391281095188480,lexiissgone,450,0,0,0,0
1,"RT @loneghostwolf88: my favorite King 
#CallofDutyModernWarfare2 #CoDKönig #CallofDuty #3DRender #Rendering #Daz3D #MWII https://t.co/uovdj…",845199317669314560,loneghostwolf88,294,0,0,0,0
2,"Out smarted them the whole time i was nemo !! #vondel  #warzoneclips  #callofduty  #botalert  #Teamwipe  #nextup  #NOVPN  #Warzone2 #codsweat  #battleroyale  #ttv    7_19illnever4get     #PS5Share, #CallofDutyModernWarfareII https://t.co/5hqLvo4rlM",144343413,**this tweet had been deleted or hidden**,0,0,1,0,0
3,"Will be going live again tomorrow around 5:30pm-6pm ET! Tune in to watch at https://t.co/LCH2OFnfAS for some squad wins, high energy, hilarious commentary, and good times 🤙🏼 

#CallofDuty #COD #MW2 #MWII #ModernWarfareII #Modernwarfare2",1665691862722543617,**this tweet had been deleted or hidden**,0,0,0,0,0
4,"RT @AmikoRoyAi: So Ghost new outfit huh😩

#ghostsoap #soapghost #mwii #callofduty https://t.co/vymDc1spfC",749056923429965824,AmikoRoyAi,646,0,0,0,0
5,"RT @loneghostwolf88: More Rudy 
#CallofDuty #3DRender #Rendering #Daz3D #MWII https://t.co/CZqNo7Ub1q",1639340800365428756,loneghostwolf88,156,0,0,0,0
6,"These 2 held hands alot had to Punish  them go to room sons 😭😭😭 #botalert  #Teamwipe  #nextup  #NOVPN  #Warzone2  #Mw2  #rebirthisland  #ashikaisland  #noaimbot  #codsweat  #Warzone2  #warzoneclips  #callofduty  #battleroyale  #vondel  #PS5Share, #CallofDutyModernWarfareII https://t.co/Kq31X5Uh01",144343413,**this tweet had been deleted or hidden**,0,0,1,0,0
7,"RT @AmikoRoyAi: So Ghost new outfit huh😩

#ghostsoap #soapghost #mwii #callofduty https://t.co/vymDc1spfC",1246647361067253762,AmikoRoyAi,646,0,0,0,0
8,"RT @loneghostwolf88: my favorite King 
#CallofDutyModernWarfare2 #CoDKönig #CallofDuty #3DRender #Rendering #Daz3D #MWII https://t.co/uovdj…",2783287969,loneghostwolf88,294,0,0,0,0
9,RT @loneghostwolf88: Gave my own version of Simon (Ghost) a overhaul. I didn't really like his previous model I put together and started ov…,2783287969,loneghostwolf88,17,0,0,0,0
10,RT @Dougfunnnys: EYE CONTACT! #CallofDuty #Warzone #Warzone2 #ModernWarfareIII #MW2 @EnduranceTweets https://t.co/WdCwJArOEh,374819085,Dougfunnnys,5,0,0,0,0
11,"RT @CODLeague: The BEAMS and the OBJ 🙌

@OctaneSam led the league in Control Zone Captures during #CDL2023 https://t.co/xwrWSie2Aj",1011087781001453569,CODLeague,40,0,0,0,0
12,"RT @Activision: No matter how you play, welcome to the new era of @CallofDuty with the launch of #ModernWarfareII 

https://t.co/z4lKVeUwlS…",1018687476980826114,Activision,307,0,0,0,0
13,"DMZ - the EXFIL is INSANE... https://t.co/A5M8pglavp via @YouTube 

#DMZ #Warzone2",2610129106,YouTube,0,0,1,0,0
14,Click Here_ LIVE COD GAMEPLAY #mw2 #blackopscoldwar https://t.co/83UGVg0yLn via @YouTube live now!!,1454247642381230086,YouTube,0,0,1,0,0
15,"RT @2ToneSkeleton: Ghost wanted ice cream too, but refuses to take his mask off and Soap keeps teasing him.

Spicier variation available yo…",1514527067647451136,2ToneSkeleton,98,0,0,0,0
16,"RT @BettyBRenders: When you want to post and see #König D 1 C K but twitter says… noooooo! 🖕🏻

#Koenig #KönigMW2 #MW2 #WMII #CallofDutyMode…",1559338736193638400,BettyBRenders,295,0,0,0,0
17,"Ttvk you say 😭😭😭 bookie sauce he just knew he had 1 SIKE #NOVPN  #Warzone2  #Mw2  #rebirthisland  #ashikaisland  #noaimbot  #codsweat  #noaimbot  #vondel  #warzoneclips  #callofduty  #botalert  #ttv   7_19illnever4get   #PS5Share, #CallofDutyModernWarfareII https://t.co/WqUhPHzbOB",144343413,**this tweet had been deleted or hidden**,0,0,1,0,0
18,What's going on here!? #twitch #gamer #smallstreamer #twitchstream #dadgamer #callofduty #fortnite #thedaybefore #live #DMZ #warzone2.0 #averagejoe #missions #justforfun #bot #fb.gg #youtube #scumgame #scum https://t.co/doOp8RvYAv,464206622,**this tweet had been deleted or hidden**,0,0,0,0,0
19,"RT @AmikoRoyAi: So Ghost new outfit huh😩

#ghostsoap #soapghost #mwii #callofduty https://t.co/vymDc1spfC",3340983493,AmikoRoyAi,646,0,0,0,0
20,"I’m live on MW2 Warzone New Resurgence Map🔥 Come join the chat &amp; shoot me a follow on Twitch - 26/50 Followers Goal! #twitch#callofduty #streamer #modernwarfare2 
Watch me at https://t.co/DSmFa0B73s",1623431076092776454,**this tweet had been deleted or hidden**,0,0,0,0,0
21,@CallofDutyUK @SallyIsADog @InfinityWard @Treyarch @RavenSoftware @SHGames @CallofDuty @BeenoxCODPC @demonware @HighMoonStudios @ToysForBob @CODLeague @kcaaj @JoeCecot @elonmusk there is a freaking player in this photo almost gets me because i can't see them smfh player visibility has been getting worse every year since call of duty MW2019 #Warzone #DMZ #MWII :/ https://t.co/bu9nTsD7gU,1256484013952233472,CallofDutyUK,0,0,0,0,0
22,@PlayCODMobile when are 2e getting a mythic Fennec again???,569542011,PlayCODMobile,0,0,0,0,0
23,"RT @2ToneSkeleton: Ghost wanted ice cream too, but refuses to take his mask off and Soap keeps teasing him.

Spicier variation available yo…",1434276707876290566,2ToneSkeleton,98,0,0,0,0
24,"RT @AmikoRoyAi: So Ghost new outfit huh😩

#ghostsoap #soapghost #mwii #callofduty https://t.co/vymDc1spfC",1674209235830292482,AmikoRoyAi,646,0,0,0,0
25,"RT @AmikoRoyAi: So Ghost new outfit huh😩

#ghostsoap #soapghost #mwii #callofduty https://t.co/vymDc1spfC",755989866987466753,AmikoRoyAi,646,0,0,0,0
26,"RT @loneghostwolf88: my favorite King 
#CallofDutyModernWarfare2 #CoDKönig #CallofDuty #3DRender #Rendering #Daz3D #MWII https://t.co/9malL…",1456496894222340103,loneghostwolf88,294,0,0,0,0
27,"RT @loneghostwolf88: More Rudy 
#CallofDuty #3DRender #Rendering #Daz3D #MWII https://t.co/CZqNo7Ub1q",1298008485976657920,loneghostwolf88,156,0,0,0,0
28,"RT @loneghostwolf88: my favorite King 
#CallofDutyModernWarfare2 #CoDKönig #CallofDuty #3DRender #Rendering #Daz3D #MWII https://t.co/uovdj…",1003436140446273536,loneghostwolf88,294,0,0,0,0
29,"RT @BettyBRenders: When you want to post and see #König D 1 C K but twitter says… noooooo! 🖕🏻

#Koenig #KönigMW2 #MW2 #WMII #CallofDutyMode…",1003436140446273536,BettyBRenders,295,0,0,0,0
30,"RT @AmikoRoyAi: So Ghost new outfit huh😩

#ghostsoap #soapghost #mwii #callofduty https://t.co/vymDc1spfC",1003436140446273536,AmikoRoyAi,646,0,0,0,0
31,@PlayCODMobile ？？？ https://t.co/9lHyzLvj8m,1350534412497166336,PlayCODMobile,0,0,0,0,0
32,"RT @BettyBRenders: When you want to post and see #König D 1 C K but twitter says… noooooo! 🖕🏻

#Koenig #KönigMW2 #MW2 #WMII #CallofDutyMode…",1523988081086709760,BettyBRenders,295,0,0,0,0
33,"RT @vorcanine: This happened after the @TheMeatGaming stream had ended, and I wish you had saw it live and heard everything. This is why I'…",760633431537561600,vorcanine,1,0,0,0,0
34,"RT @loneghostwolf88: More Rudy 
#CallofDuty #3DRender #Rendering #Daz3D #MWII https://t.co/CZqNo7Ub1q",617771243,loneghostwolf88,156,0,0,0,0
35,RT @vorcanine: Hold this for me. #DMZ #MWII #XboxSeriesX #XboxShare https://t.co/6jth64TK7i,760633431537561600,vorcanine,1,0,0,0,0
36,"RT @BettyBRenders: When you want to post and see #König D 1 C K but twitter says… noooooo! 🖕🏻

#Koenig #KönigMW2 #MW2 #WMII #CallofDutyMode…",1243666448771317761,BettyBRenders,295,0,0,0,0
37,RT @Dougfunnnys: EYE CONTACT! #CallofDuty #Warzone #Warzone2 #ModernWarfareIII #MW2 @EnduranceTweets https://t.co/WdCwJArOEh,1102849873,Dougfunnnys,5,0,0,0,0
38,"RT @RIYAD_CODM: Here is the clarification between Base &amp; Advance of ""Templar - Cousteau's Oath "" @PlayCODMobile https://t.co/W0jZGkJ4FW",912365036659724288,RIYAD_CODM,4,0,0,0,0
39,"RT @BettyBRenders: When you want to post and see #König D 1 C K but twitter says… noooooo! 🖕🏻

#Koenig #KönigMW2 #MW2 #WMII #CallofDutyMode…",1074426324545097729,BettyBRenders,295,0,0,0,0
40,"RT @BettyBRenders: When you want to post and see #König D 1 C K but twitter says… noooooo! 🖕🏻

#Koenig #KönigMW2 #MW2 #WMII #CallofDutyMode…",1031225516836024321,BettyBRenders,295,0,0,0,0
41,"RT @smokeytroubles: CALL OF DUTY MW2 LETSSS GOOO-#shorts #gaming #callofduty #callofdutymode... https://t.co/IrPKb8AE39 via @YouTube 
#Call…",1538219966213808134,smokeytroubles,1,0,0,0,0
42,"RT @lexiissgone: I HAD TO REPOST IT CUZ I CAN'T CALM DOWN FUCK

[ #soapghost #GhostSoap #CallofDuty #MWII #cod #art #SoapMacTavish #ghostco…",1502891949480677378,lexiissgone,450,0,0,0,0
43,"RT @117NotFoundCODM: Finishing off the first week as one of the only teams to secure a 2-0 victory
Still looking for an organization to rep…",808040374832746496,117NotFoundCODM,6,0,0,0,0
44,"RT @lexiissgone: I HAD TO REPOST IT CUZ I CAN'T CALM DOWN FUCK

[ #soapghost #GhostSoap #CallofDuty #MWII #cod #art #SoapMacTavish #ghostco…",1619721033153662976,lexiissgone,450,0,0,0,0
45,"RT @117NotFoundCODM: Finishing off the first week as one of the only teams to secure a 2-0 victory
Still looking for an organization to rep…",947485190099697666,117NotFoundCODM,6,0,0,0,0
46,@GurdeepBagal24 @PlayCODMobile Wanna be spectre bros til we find out if a execution coming or not I might uninstall the game if he don't have one. Or if I can't buy one that I feel will match him specifically,1495217118740107271,GurdeepBagal24,0,0,2,0,0
47,RT @HotSatans: when ur trying to do stealth kills but the clap of ur asscheeks keep alerting the shadows #nsfw #ghostmw2 #CallofDuty #ghost…,1074426324545097729,HotSatans,970,0,0,0,0
48,"RT @xbruised_peachx: it's horangi's time in the ringlight 🐯
#Horangi #HorangiMW2 #CallofDuty #MWII https://t.co/EOv6lamJ2k",1593647303319248901,xbruised_peachx,162,0,0,0,0
49,"RT @HotSatans: bro we need to get to the safe zone bro the gas is closing in brO-
König doodle to get back on the horse🤠 #nsfw #König #Call…",1074426324545097729,HotSatans,1185,0,0,0,0
50,"RT @BettyBRenders: When you want to post and see #König D 1 C K but twitter says… noooooo! 🖕🏻

#Koenig #KönigMW2 #MW2 #WMII #CallofDutyMode…",1666929792992641025,BettyBRenders,295,0,0,0,0
51,RT @HotSatans: request number uno aka König edging dONE 🫡 #nsfw #König #CallofDuty #MW2 #Konigmw2 https://t.co/J0Nw2iGNVe,1074426324545097729,HotSatans,1582,0,0,0,0
52,"RT @AmikoRoyAi: So Ghost new outfit huh😩

#ghostsoap #soapghost #mwii #callofduty https://t.co/vymDc1spfC",1285419170620792837,AmikoRoyAi,646,0,0,0,0
53,"Even though the gameplay remains incredibly fun, #CallOfDuty #COD is not in a good place for a lot of reasons. #VideoGames #CODMW2 #Warzone2

 https://t.co/uS8hn02zWo",723532208179404800,**this tweet had been deleted or hidden**,0,0,1,0,0
54,EYE CONTACT! #CallofDuty #Warzone #Warzone2 #ModernWarfareIII #MW2 @EnduranceTweets https://t.co/ZgEiC7UaV7 https://t.co/WdCwJArOEh,1572952583509053442,EnduranceTweets,5,1,12,0,0
55,"RT @loneghostwolf88: my favorite King 
#CallofDutyModernWarfare2 #CoDKönig #CallofDuty #3DRender #Rendering #Daz3D #MWII https://t.co/uovdj…",1583326174180102145,loneghostwolf88,294,0,0,0,0
56,RT @HotSatans: bach for round 2 yeehaw ft. warm up request to get back on the horse 🤠🤘 i just kno it smells crazy in there☠️ #nsfw #ghostmw…,1367896657141112833,HotSatans,1304,0,0,0,0
57,"RT @AmikoRoyAi: So Ghost new outfit huh😩

#ghostsoap #soapghost #mwii #callofduty https://t.co/vymDc1spfC",846273620347277312,AmikoRoyAi,646,0,0,0,0
58,RT @HotSatans: bach for round 2 yeehaw ft. warm up request to get back on the horse 🤠🤘 i just kno it smells crazy in there☠️ #nsfw #ghostmw…,1074426324545097729,HotSatans,1304,0,0,0,0
59,"RT @loneghostwolf88: my favorite King 
#CallofDutyModernWarfare2 #CoDKönig #CallofDuty #3DRender #Rendering #Daz3D #MWII https://t.co/uovdj…",1553712569478778881,loneghostwolf88,294,0,0,0,0
60,EYE CONTACT! #CallofDuty #Warzone #Warzone2 #ModernWarfareIII #MW2 https://t.co/85cwrFWsSc https://t.co/7nDLorEx0i,1572952583509053442,**this tweet had been deleted or hidden**,0,0,0,0,0
61,"RT @PlayCODNews: Teaser for Mythic Templar - Couteau's Oath! 🔥

Someone should buy this for me 😂
https://t.co/bw44YWxlaN",1121958376060047360,PlayCODNews,34,0,0,0,0
62,"RT @lexiissgone: I HAD TO REPOST IT CUZ I CAN'T CALM DOWN FUCK

[ #soapghost #GhostSoap #CallofDuty #MWII #cod #art #SoapMacTavish #ghostco…",1505827724081852417,lexiissgone,450,0,0,0,0
63,"RT @117NotFoundCODM: Finishing off the first week as one of the only teams to secure a 2-0 victory
Still looking for an organization to rep…",1344020142829801477,117NotFoundCODM,6,0,0,0,0
64,"RT @caroaart: ”Quiet, Prinzessin”
#CallofDuty #König #Konig #MWII #MW2 https://t.co/hvRIP169AU",1145085911874465792,caroaart,188,0,0,0,0
65,"Finishing off the first week as one of the only teams to secure a 2-0 victory
Still looking for an organization to represent for the @PlayCODMobile World Championship, DM's are open!
@eu_kxrma 
@eu_Lxcky 
@SaTuRnZzCODM 
@wCeesarrCODM 
@_sazemvp 
#CODMChamps23 #SnapdragonProSeries https://t.co/vpXsrCKcjR",1500135239150153733,PlayCODMobile,6,0,16,0,0
66,"RT @_Eidetic_: POV when könig doesn't trust whose speaking to you - 🤭 don't worry he's looking at them 
#konig #konigmw2 #konigcod #konigco…",1271648871631007745,_Eidetic_,11,0,0,0,0
67,"This happened after the @TheMeatGaming stream had ended, and I wish you had saw it live and heard everything. This is why I'm called the Demon Dog...Yasha!! #XboxShare #DMZ #MWII #XboxSeriesX https://t.co/1J7e5UrFdW",2161981757,TheMeatGaming,1,0,3,1,0
68,"RT @BettyBRenders: When you want to post and see #König D 1 C K but twitter says… noooooo! 🖕🏻

#Koenig #KönigMW2 #MW2 #WMII #CallofDutyMode…",19757511,BettyBRenders,295,0,0,0,0
69,"RT @BettyBRenders: When you want to post and see #König D 1 C K but twitter says… noooooo! 🖕🏻

#Koenig #KönigMW2 #MW2 #WMII #CallofDutyMode…",1583326174180102145,BettyBRenders,295,0,0,0,0
70,"RT @loneghostwolf88: More Rudy 
#CallofDuty #3DRender #Rendering #Daz3D #MWII https://t.co/CZqNo7Ub1q",1531226814974423040,loneghostwolf88,156,0,0,0,0
71,"RT @loneghostwolf88: my favorite King 
#CallofDutyModernWarfare2 #CoDKönig #CallofDuty #3DRender #Rendering #Daz3D #MWII https://t.co/uovdj…",1296763392854765569,loneghostwolf88,294,0,0,0,0
72,RT @probablyretep: Sunday Funday with #TomNook and then the #SQUAD in Warzone! #streaming #live on #Twitch @ https://t.co/NJn4n7PmH1 #Anima…,992917196853596165,probablyretep,3,0,0,0,0
73,RT @probablyretep: Sunday Funday with #TomNook and then the #SQUAD in Warzone! #streaming #live on #Twitch @ https://t.co/NJn4n7PmH1 #Anima…,822284379498184704,probablyretep,3,0,0,0,0
74,"RT @BettyBRenders: When you want to post and see #König D 1 C K but twitter says… noooooo! 🖕🏻

#Koenig #KönigMW2 #MW2 #WMII #CallofDutyMode…",1191687367934930945,BettyBRenders,295,0,0,0,0
75,RT @probablyretep: Sunday Funday with #TomNook and then the #SQUAD in Warzone! #streaming #live on #Twitch @ https://t.co/NJn4n7PmH1 #Anima…,4266714562,probablyretep,3,0,0,0,0
76,Sunday Funday with #TomNook and then the #SQUAD in Warzone! #streaming #live on #Twitch @ https://t.co/NJn4n7PmH1 #AnimalCrossing #NewHorizons #Warzone2 #CallOfDuty #CallOfDutyWarzone #BattleRoyale #Gaming #SmallStreamer #TwitchAffiliate #TwitchStreamer #Twitch #GamingWithRetep,40313459,**this tweet had been deleted or hidden**,3,0,4,0,0
77,"RT @lexiissgone: I HAD TO REPOST IT CUZ I CAN'T CALM DOWN FUCK

[ #soapghost #GhostSoap #CallofDuty #MWII #cod #art #SoapMacTavish #ghostco…",1531226814974423040,lexiissgone,450,0,0,0,0
78,"RT @possky0628: spider🕷
#Konig #CallofDuty #mw2 https://t.co/jDc73oOXhR",1895889541,possky0628,437,0,0,0,0
79,"RT @AmikoRoyAi: So Ghost new outfit huh😩

#ghostsoap #soapghost #mwii #callofduty https://t.co/vymDc1spfC",1531226814974423040,AmikoRoyAi,646,0,0,0,0
80,"『COD:DMZ』M4目当てに新バンドル購入したが思った以上にBRYSON800が優秀。DMZがソロじゃ無理と聞いてノータッチだけど実際はどう？ヴォンデルの金色KVの場所。
https://t.co/h4hDvrdQJd

#COD #コールオブデューティ #callofduty #CODMW2 #MW2 #CoDMWII #DMZ #warzone2 #シーズン4 #BRYSON800 #M4 https://t.co/aTD0JTOI5W",956402256613552128,**this tweet had been deleted or hidden**,0,0,1,0,0
81,"RT @CODLeague: The BEAMS and the OBJ 🙌

@OctaneSam led the league in Control Zone Captures during #CDL2023 https://t.co/xwrWSie2Aj",241773022,CODLeague,40,0,0,0,0
82,"🛑Live : Warzone 2 Resurgence | Its Vondel Meta M4 Loadout #warzone #callofduty #youtubeshorts #gaming #mw2 #rebjrthisland #ashikaisland #vondel #yuotube 

Check Out My Latest Video https://t.co/frKRLtRcHe via @YouTube",1592734129728135169,YouTube,0,0,1,0,0
83,"🛑Live : Warzone 2 Resurgence | The M4 Is Meta In Vondel #warzone #callofduty #youtubeshorts #gaming #mw2 #rebjrthisland #ashikaisland #vondel #yuotube 

Check Out My Latest Video https://t.co/6yeYJaiQ2z via @YouTube",1592734129728135169,YouTube,0,0,1,0,0
84,"🛑Live : Warzone 2 Resurgence | The M4 Loadout Is Meta In Vondel #warzone #callofduty #youtubeshorts #gaming #mw2 #rebjrthisland #ashikaisland #vondel #yuotube 

Check Out My Latest Video https://t.co/joDxrzkGBg via @YouTube",1592734129728135169,YouTube,0,0,0,0,0
85,"🛑Live : Warzone 2 Resurgence | The Fennec 45 Is Meta In Vondel #warzone #callofduty #youtubeshorts #gaming #mw2 #rebjrthisland #ashikaisland #vondel #yuotube #CallofDutyWarzone 

Check Out My Latest Video https://t.co/sYLSS2ks3M via @YouTube",1592734129728135169,YouTube,0,0,0,0,0
86,"RT @witchmeetsevil: just soft quiet kisses ❤️

#ghostsoap #ghoap #callofduty #CoD #MWII https://t.co/TfOi2Wy4fj",1610075763998441473,witchmeetsevil,840,0,0,0,0
87,RT @remix3s: König x Stiletto #mw2 #callofduty #konig #stilettocod https://t.co/itDDAN6o4V,1446282219257929728,remix3s,322,0,0,0,0
88,RT @RippedMinds: Gonna drop a new video w/ unreleased footage from the #Warzone 1 days of #FortunesKeep &amp; #RebirthIsland today at 4:20p ET!…,374819085,RippedMinds,7,0,0,0,0
89,RT @remix3s: König x Stiletto #mw2 #callofduty #konig #stilettocod https://t.co/itDDAN6o4V,1440673452587769868,remix3s,322,0,0,0,0
90,"RT @AmikoRoyAi: So Ghost new outfit huh😩

#ghostsoap #soapghost #mwii #callofduty https://t.co/vymDc1spfC",2328978614,AmikoRoyAi,646,0,0,0,0
91,"RT @AmikoRoyAi: So Ghost new outfit huh😩

#ghostsoap #soapghost #mwii #callofduty https://t.co/vymDc1spfC",1562410609445982208,AmikoRoyAi,646,0,0,0,0
92,"RT @xbruised_peachx: it's horangi's time in the ringlight 🐯
#Horangi #HorangiMW2 #CallofDuty #MWII https://t.co/EOv6lamJ2k",1243350528530083840,xbruised_peachx,162,0,0,0,0
93,"Gameplay videos #warzone #callofduty #youtubeshorts #gaming #mw2 #rebjrthisland #ashikaisland #vondel #yuotube #cod #CallofDutyWarzone 

Check Out My Latest Video https://t.co/bxSsZoPE1b via @YouTube",1592734129728135169,YouTube,0,0,0,0,0
94,"RT @loneghostwolf88: my favorite King 
#CallofDutyModernWarfare2 #CoDKönig #CallofDuty #3DRender #Rendering #Daz3D #MWII https://t.co/uovdj…",1666291465830510593,loneghostwolf88,294,0,0,0,0
95,RT @remix3s: König x Stiletto #mw2 #callofduty #konig #stilettocod https://t.co/itDDAN6o4V,1086118579538292736,remix3s,322,0,0,0,0
96,"Warzone best Moments #warzone #callofduty #youtubeshorts #gaming #mw2 #rebjrthisland #ashikaisland #vondel #yuotube 

Check Out My Latest Video https://t.co/CQuAiflMSH via @YouTube",1592734129728135169,YouTube,0,0,0,0,0
97,"ashika island shorts !! #warzone #callofduty #youtubeshorts #gaming #mw2 #rebjrthisland #ashikaisland #vondel #yuotube 

Check Out My Latest Video https://t.co/E9Whe6tutr via @YouTube",1592734129728135169,YouTube,0,0,0,0,0
