,author_id,text,withheld,username,retweet,reply,like,quote,bookmark
0,3558766413,Call of Duty Mw2 Snd Streamer Hit's Insane Almost 1 Frame Flick No Scope with Sniper 🤯😱 #cod #gaming #mw2 #ModernWarfare2 #CallofDuty #anime https://t.co/0gLvjvTOrB,,**this tweet had been deleted or hidden**,0,0,0,0,0
1,1640482548001153031,"RT @lazaruskiller: decided to switch up the dynamic for once 🤭

🌿

#ghost #könig #simonriley #simonghostriley #konig #Koenigmw2 #ghostmw2 #…",,lazaruskiller,26,0,0,0,0
2,1320157806545326081,"RT @H2Multiplayer: Our Modern Warfare 2 Multiplayer Remastered mod will not just be normal MW2 maps, but also the campaign remastered maps…",,H2Multiplayer,2,0,0,0,0
3,1320157806545326081,RT @H2Multiplayer: Our Call of Duty: Modern Warfare 2 Multiplayer Remastered Mod will hopefully release within the next few months! #callof…,,H2Multiplayer,2,0,0,0,0
4,1320157806545326081,"RT @H2Multiplayer: Yes, this is from our MW2 Remastered Multiplayer Mod. I hope we can get the elevators working for it 👀
#MW2 #ModernWarfa…",,H2Multiplayer,4,0,0,0,0
5,481362832,#CallofDuty #Warzone2 #horror #vondel #ThreadsApp #threadsvstwitter https://t.co/5ZThqEyqtV,,**this tweet had been deleted or hidden**,0,0,0,0,0
6,1200946480464433153,Good teamwork with the nade. Third kid gets SLAMMED!!!! #CallOfDuty #MWII https://t.co/isbPR7aZ34,,**this tweet had been deleted or hidden**,0,0,0,0,0
7,1412892715981836288,"RT @makumakiti032: 【✅本日の最新動画💖📸YouTube限定👀】
DMZ!ソロで無限にお金を増量💰もうお金に困らない💖偶然見つけた世界最速情報

https://t.co/8cwZsjKrfq

これが本物のお金を増やす方法…。
『無限』という言葉が相応しい動…",,makumakiti032,5,0,0,0,0
8,1190848731395977222,"@PlayCODMobile Is optimization, changing some of Semi-Auto’s to like SVD, and even anti Cheat gonna be a thing?",,PlayCODMobile,0,0,0,0,0
9,1200946480464433153,Probably should have taken the back alley heady. This was very early on in the year 🤷🏻‍♂️ #CallOfDuty #MWII https://t.co/9NoOyHJASn,,**this tweet had been deleted or hidden**,0,0,0,0,0
10,1622311979506335754,"RT @loneghostwolf88: 💀💞
#simonghostriley #CoDGhost #CallofDuty #3DRender  #MWII https://t.co/QsZDciE6lE",,loneghostwolf88,68,0,0,0,0
11,1190848731395977222,@TheCassiniJohn @PlayCODMobile World of Warcraft’s Lich King,,TheCassiniJohn,0,0,1,0,0
12,1641098892212342786,"RT @CallofDuty: Plenty of action for every Operator 🔥 

Shoothouse, Showdown, and Kunstenaar District 24/7 and more in this week's #MWII Pl…",,CallofDuty,74,0,0,0,0
13,34235457,"Platinum #51 - Lockwood MK2

Use this loadout on the Invasion playlist. 

The Polyatomic grind starts now.

#MWII   #ModernWarfare2       #MW2    #callofduty       #ModernWarfareII        #CallofDutyModernWarfareII https://t.co/cvCJlqkw6p",,**this tweet had been deleted or hidden**,0,0,0,0,0
14,1512095039631106059,Pure trash cutting of all the time @PlayCODMobile 👍 https://t.co/6YM3yZTPYd,,PlayCODMobile,0,1,0,0,0
15,1200946480464433153,Frying in the point!!!! #CallOfDuty #MWII https://t.co/RHTY5PSSZF,,**this tweet had been deleted or hidden**,0,0,0,0,0
16,808465202358419457,"NOBODY Is Beating ProoFy In A 1v1 During His Prime       .
@ProoFJC 
#CDL2023 #CallofDuty #COD https://t.co/HVijmI1TdJ",,ProoFJC,0,0,0,0,0
17,1423667815077187587,"RT @caroaart: ”Quiet, Prinzessin”
#CallofDuty #König #Konig #MWII #MW2 https://t.co/hvRIP169AU",,caroaart,188,0,0,0,0
18,1339641209111932928,"Some Stream Highlights from last month!

Thanks for the support

Wanna help me grow? @Tfue 
#Warzone2 #CallofDuty #Fortnite #streamer #KickStreaming #KickStreamer #Folllow #twitchstreamer 
https://t.co/X5MOJZZAtm",,Tfue,0,0,0,0,0
19,1200946480464433153,Taking tough fights thru the fence that DESTROYS your aim assist 😂🤷🏻‍♂️ #CallOfDuty #MWII https://t.co/X81DGKB2DE,,**this tweet had been deleted or hidden**,0,0,0,0,0
20,971206584847106048,"RT @_Eidetic_: 💀 finally broke out my sunset light 🤭💜
#ghostcosplay #simonghostriley #simonriley #simonrileyghost #modernwarfare #modernwar…",,_Eidetic_,5,0,0,0,0
21,2328978614,"RT @HoboWithSh0tgun: - Now we're getting started!

Original art by @Tava_tavatic

#cod #CallofDuty #MWII #Konigmw2 #Konig #MW2 #CallofDutyM…",,HoboWithSh0tgun,39,0,0,0,0
22,1895889541,"RT @somethin_sticky: Horangi watching König’s … “finishing move” 🥴
#CallofDuty #CoD #könig #MW2 #mw2nsfw #nsfw #horangi https://t.co/CFxBBK…",,somethin_sticky,3,0,0,0,0
23,2959045650,"Tap into your inner jaguar 🐆 

The Jaguar Bundle is out now in the #MWII &amp; #Warzone in-game shop. 

https://t.co/PL3G37V8ll",,**this tweet had been deleted or hidden**,0,0,0,0,0
24,1200946480464433153,Who remembers this nonsense?!?!?! Bagra control. Took very little skill. This was supposed to be ranked play 😂#CallOfDuty #MWII https://t.co/jpYztoia4B,,**this tweet had been deleted or hidden**,0,0,0,0,0
25,2328978614,"RT @lazaruskiller: decided to switch up the dynamic for once 🤭

🌿

#ghost #könig #simonriley #simonghostriley #konig #Koenigmw2 #ghostmw2 #…",,lazaruskiller,26,0,0,0,0
26,1200946480464433153,Frying around P1 #CallOfDuty #MWII https://t.co/xBp49wziIT,,**this tweet had been deleted or hidden**,0,0,0,0,0
27,1619093835451191296,Call of duty warzone2 gameplay &amp; https://t.co/YoS3wuDkyg via @YouTube,,YouTube,0,0,0,0,0
28,1629874646941151240,Warzone2 is nothing but hit markers Activision is shit,,**this tweet had been deleted or hidden**,0,0,0,0,0
29,113814075,RT @BuzWeaver: Call of Duty Game Play. #DMZ #Vondel Season 4 Missions and Contracts. #MWII #CoDMW2 #Warzone2 #PCGaming #Xbox #Playstation -…,,BuzWeaver,1,0,0,0,0
30,1488017434284068867,"RT @lazaruskiller: decided to switch up the dynamic for once 🤭

🌿

#ghost #könig #simonriley #simonghostriley #konig #Koenigmw2 #ghostmw2 #…",,lazaruskiller,26,0,0,0,0
31,1200946480464433153,Couldn’t quite save the B point 😞 #CallOfDuty #MWII https://t.co/0Gc20tAtHN,,**this tweet had been deleted or hidden**,0,0,0,0,0
32,113814075,RT @BuzWeaver: #DMZ Mega Bot Horde Rushing Us At Quarry. #MWII #CoDMW2 #Warzone2 #PCGaming #Xbox #Playstation #CoDClips #DMZClips -- https:…,,BuzWeaver,1,0,0,0,0
33,1464620611460866051,"Is this you?? BE honest!!!

#CallofDuty #teammate
#funny #groupchat #memes #codclips #warzone #mw2 #ModernWarfare2
#twitch #streamer 
Check out UmDripnJuice's video! #TikTok https://t.co/Tc7dpmRwpt",,**this tweet had been deleted or hidden**,0,0,0,0,0
34,113814075,RT @BuzWeaver: Double Skulls All The Way! @CallofDuty @InfinityWard #MW2 #DMZ #PCGaming #Xbox #PlayStation #PS4 #PS5 #CoD https://t.co/Yoda…,,BuzWeaver,1,0,0,0,0
35,3755301139,@CallofDuty will you sponsor me now? 😂😂 #mw2 #CODE #Veteran https://t.co/rbfpFlxJOq,,CallofDuty,0,0,0,0,0
36,2783287969,"RT @loneghostwolf88: 💀💞
#simonghostriley #CoDGhost #CallofDuty #3DRender  #MWII https://t.co/QsZDciE6lE",,loneghostwolf88,68,0,0,0,0
37,749327437146624001,"RT @CODLeague: #CDL2023

▰▰▰▰▰▰▰▰▰▰ 100% https://t.co/LUgLoRHyTV",,CODLeague,54,0,0,0,0
38,1200946480464433153,Getting smoked in HP. Teammates are nowhere near the hill. Meanwhile I’m forced to try to break hills like this all game long 🤦🏻‍♂️ #CallOfDuty #MWII https://t.co/kgxqEmikfq,,**this tweet had been deleted or hidden**,0,0,0,0,0
39,183868700,"RT @makumakiti032: 【✅本日の最新動画💖📸YouTube限定👀】
DMZ!ソロで無限にお金を増量💰もうお金に困らない💖偶然見つけた世界最速情報

https://t.co/8cwZsjKrfq

これが本物のお金を増やす方法…。
『無限』という言葉が相応しい動…",,makumakiti032,5,0,0,0,0
40,1550377766255792128,"RT @BettyBRenders: When you want to post and see #König D 1 C K but twitter says… noooooo! 🖕🏻

#Koenig #KönigMW2 #MW2 #WMII #CallofDutyMode…",,BettyBRenders,295,0,0,0,0
41,1200946480464433153,Another wild ending to a control round. Ranked play. #CallOfDuty #MWII https://t.co/QYq98oRINL,,**this tweet had been deleted or hidden**,0,0,0,0,0
42,1373970949851209728,"RT @lazaruskiller: decided to switch up the dynamic for once 🤭

🌿

#ghost #könig #simonriley #simonghostriley #konig #Koenigmw2 #ghostmw2 #…",,lazaruskiller,26,0,0,0,0
43,177615192,"RT @somethin_sticky: Horangi watching König’s … “finishing move” 🥴
#CallofDuty #CoD #könig #MW2 #mw2nsfw #nsfw #horangi https://t.co/CFxBBK…",,somethin_sticky,3,0,0,0,0
44,942849389164486659,"Random question for my fellow CDL fans 🤔

Do you use Instagram for CDL news or follow any CDL pages? #CDL2023",,**this tweet had been deleted or hidden**,0,0,0,0,0
45,14199030,"Team up!! I'm now streaming on Twitch, YouTube and TikTok! Playing Modern Warfare 2 #PathtoAffiliate #MW2 #CallofDuty #CallofDutyWarzone #Vanguard #BattleRoyale #WarzonePacific #Streaming 
https://t.co/a36dbu8KtE",,**this tweet had been deleted or hidden**,0,0,0,0,0
46,1415724864191832068,@Activision Please fire the person who makes the decision of what maps and games modes we can play. #Warzone2,,Activision,0,0,0,0,0
47,956402256613552128,"『COD:DMZ攻略』WZはISO45とラハマン556とKVとワンショット砂がメタ。アジア鯖だけKV使用率がかなり高そう。
https://t.co/lgZJxSf6rL

#COD #コールオブデューティ #callofduty #CODMW2 #MW2 #CoDMWII #DMZ #warzone2 #シーズン4 #コシチェイ #KV https://t.co/RW5nbUOMLL",,**this tweet had been deleted or hidden**,0,0,1,0,0
48,1619721033153662976,"RT @lazaruskiller: decided to switch up the dynamic for once 🤭

🌿

#ghost #könig #simonriley #simonghostriley #konig #Koenigmw2 #ghostmw2 #…",,lazaruskiller,26,0,0,0,0
49,1200946480464433153,Absolute chaos at the end of this round!!! #CallOfDuty #MWII https://t.co/RQ9yuDjqfl,,**this tweet had been deleted or hidden**,0,0,0,0,0
50,2331713954,@PlayCODMobile I have an issue with my game please. I need to speak with support,,PlayCODMobile,0,0,0,0,0
51,297831182,Why can't I get a game on @PlayCODMobile 😭😭😭😭😭,,PlayCODMobile,0,0,0,0,0
52,1200946480464433153,Clutchin up in SnD!!!! Ranked play. #CallOfDuty #MWII https://t.co/ng7Yt3eLmX,,**this tweet had been deleted or hidden**,0,0,0,0,0
53,1396665556783271937,"Live on Tiktok at 10PM EST tonight! Swing through for a bit I'd greatly appreciate it! Hang out and 😂 at some gameplay somewhere between 40 IQ and occasionally 2,000 IQ. #gaming #warzone2 #wz2 #callofduty

https://t.co/sAWDnCsxYl",,**this tweet had been deleted or hidden**,0,0,0,0,0
54,1468707599243624452,"RT @Phixate: DMZ • I'm Still Addicted to This Game
#DMZ #Warzone2 

https://t.co/miXZaadqe3 https://t.co/yViTfXpRYg",,Phixate,2,0,0,0,0
55,1300160436973850627,"Going live @830pm EST and after warmups, Ill be using viewer-chosen loadouts on Vondel! Lets get it, see you soon Beefies!
#twitch #warzone2 #callofduty #Glytchfam #fps #gamer #dadbot #dadbod #imabot #gamerdad #streamer",,830pm,0,0,0,0,0
56,801742890,RT @Fennec_2513: Kithes 😘 #CallofDuty #MWII #GhostSoap #Ghoap https://t.co/aPhYV3MHPU,,Fennec_2513,29,0,0,0,0
57,1200946480464433153,Got ‘em in the blender EARLY. Bagra HP. Ranked. #CallOfDuty #MWII https://t.co/l6CfJqqvGQ,,**this tweet had been deleted or hidden**,0,0,0,0,0
58,2891038620,"RT @CODLeague: #CDL2023

▰▰▰▰▰▰▰▰▰▰ 100% https://t.co/LUgLoRHyTV",,CODLeague,54,0,0,0,0
59,1596002626432221184,"RT @makumakiti032: 【✅本日の最新動画💖📸YouTube限定👀】
DMZ!ソロで無限にお金を増量💰もうお金に困らない💖偶然見つけた世界最速情報

https://t.co/8cwZsjKrfq

これが本物のお金を増やす方法…。
『無限』という言葉が相応しい動…",,makumakiti032,5,0,0,0,0
60,514006338,@CallofDutyES Call of Duty MW2 (Te tengo un regalo / I have a gift for you) #CallOfDuty #ModernWarfare2 #COD #MW2 #Multiplayer #Multijugador https://t.co/rKwiiWtYgn,,CallofDutyES,0,0,0,0,0
61,1200946480464433153,GETTING 4 ON ROTATION!!!! Ranked play. #CallOfDuty #MWII https://t.co/30WJmG3nPU,,**this tweet had been deleted or hidden**,0,0,0,0,0
62,514006338,@CallofDuty Call of Duty MW2 (Te tengo un regalo / I have a gift for you) #CallOfDuty #ModernWarfare2 #COD #MW2 #Multiplayer #Multijugador https://t.co/rKwiiWtYgn,,CallofDuty,0,0,0,0,0
63,696770355726262273,RT @Pastel_Bratz: as a smol gurl with a sniper I felt accomplished lol #mw2 #ModernWarfare2 #CallofDutyModernWarfare2 #callofduty #rankedpl…,"{'copyright': False, 'country_codes': ['ID']}",Pastel_Bratz,1,0,0,0,0
64,1665691862722543617,"🔴LIVE - CaptClandestine - VONDEL RESURGENCE - ROAD TO 100 SUBS https://t.co/5BAcBnbfyv

#ModernWarfare2 #CallofDuty
#MW2",,**this tweet had been deleted or hidden**,0,0,0,0,0
65,1462668771655659525,"RT @HoboWithSh0tgun: - Now we're getting started!

Original art by @Tava_tavatic

#cod #CallofDuty #MWII #Konigmw2 #Konig #MW2 #CallofDutyM…",,HoboWithSh0tgun,39,0,0,0,0
66,1200946480464433153,Things got sketchy at the very end of this round. I put the nail in the coffin tho!!!! #CallOfDuty #MWII https://t.co/mHUFx0Bu0f,,**this tweet had been deleted or hidden**,0,0,0,0,0
67,1191170971249590273,"LIVE NOW ON @KickStreaming✅ 

K I C K . C O M / I N S P I T H

https://t.co/NEQHoE2Nyx

#warzone #warzone2 #ashikaisland #mw2 #callofduty #gaming #streamer #streamerthings #inspith

@Trainwreckstv @StakeEddie https://t.co/gk4QP2DSIY",,KickStreaming,0,0,0,0,0
68,761560908485238785,"Já está difícil ganhar ponto com o ping alto e quando ganho não conta, estava na partida fiquei top 5 minha equipe eliminada criquei pra sair e a pontuação simplesmente não contou #Warzone2 @CallofDuty #Warzone",,CallofDuty,0,0,0,0,0
69,1617505926004490240,"RT @lazaruskiller: decided to switch up the dynamic for once 🤭

🌿

#ghost #könig #simonriley #simonghostriley #konig #Koenigmw2 #ghostmw2 #…",,lazaruskiller,26,0,0,0,0
70,1246455816552509445,"RT @loneghostwolf88: 💀💞
#simonghostriley #CoDGhost #CallofDuty #3DRender  #MWII https://t.co/QsZDciE6lE",,loneghostwolf88,68,0,0,0,0
71,838862820116606976,#warzone #warzone2 #win #victory #resurgence #videogame #videogames #funny #pro #mlg #esports #activision #cod #callofduty #modernwarfare #modernwarfare2 #mw2 #wz #wz2 #clips #gamingclips #vod #gaming #massiveresurgence #helicopter #chopper #method #strategy #easy,,**this tweet had been deleted or hidden**,0,0,1,0,0
72,1200946480464433153,Doing EVERYTHING I can to secure the W on P2. Bagra HP. Ranked. #CallOfDuty #MWII https://t.co/51u19crQmN,,**this tweet had been deleted or hidden**,0,0,0,0,0
73,1468524891087736836,"RT @HoboWithSh0tgun: - Now we're getting started!

Original art by @Tava_tavatic

#cod #CallofDuty #MWII #Konigmw2 #Konig #MW2 #CallofDutyM…",,HoboWithSh0tgun,39,0,0,0,0
74,1605352492455276545,"New Weekly Event ""Laugh it Up"" play any BR playlist to earn points

#WarzoneMobile #Callofdutymobile #CoDMobile #Warzone2 #MWII #DMZ #CallofDuty #Activision #Farlight84 #PUBGMOBILE #Fornite #MobileGame #ApexLedgends https://t.co/F057bU6gXc",,**this tweet had been deleted or hidden**,0,0,0,0,0
75,913649558118215681,"RT @_Eidetic_: We ll show them all
#konig #konigmw2 #konigcod #konigcosplay #cod #callofduty #mw2 #modernwarfare #modernwarfare2 #fyp #cods…",,_Eidetic_,5,0,0,0,0
76,1656657551352811520,@PlayCODMobile Please when are we having the mythic skin draw,,PlayCODMobile,0,0,0,0,0
77,268051854,https://t.co/rh1oG1CuuP #Warzone2 #CallofDuty,,**this tweet had been deleted or hidden**,0,0,0,0,0
78,241638034,@IDEncrypted0 @TheGhostOfMW3 It was originally mw2 dlc and someone at Activision decided let’s slap mw3 on it. Not even lying. It’s shady af.,,IDEncrypted0,0,0,3,0,0
79,1351062129969942529,"RT @loneghostwolf88: 💀💞
#simonghostriley #CoDGhost #CallofDuty #3DRender  #MWII https://t.co/QsZDciE6lE",,loneghostwolf88,68,0,0,0,0
80,1200946480464433153,Clearing the point!!!! Almost got bad timing with my equipment and lining up the jump. Breenbergh control. Ranked. #CallOfDuty #MWII https://t.co/uVU7wMl23r,,**this tweet had been deleted or hidden**,0,0,0,0,0
81,948314056397656065,"#CallofDuty
#Warzone2
@RavenSoftware
https://t.co/ztAQcEk5fe",,RavenSoftware,0,0,0,0,0
82,1214198042854715392,"Did you see that Quick Scope 😳

#apex #apexlegends #warzone #lgbt #trending #news #toy #callofduty #pokemon #fashion #car #viral #truck #metaverse #stream #mw2 #fortnite #cat #kids #tiktok #live #pets #love #dogs #Memes #goals #nhl #disney #motivation #streaming https://t.co/WzYkifpJFn",,**this tweet had been deleted or hidden**,0,0,4,1,0
83,1616358613232279553,"RT @KommandoKawaii: #Patchwork style - Konig &amp; Gromsko plushies from #CallOfDuty #Warzone #Warzone2 🌸🧵

#Cute #Kawaii #Plush #Plushies #CoD…",,KommandoKawaii,10,0,0,0,0
84,1631488122541293568,"RT @CODLeague: #CDL2023

▰▰▰▰▰▰▰▰▰▰ 100% https://t.co/LUgLoRHyTV",,CODLeague,54,0,0,0,0
85,723532208179404800,"Even though the gameplay remains incredibly fun, #CallOfDuty #COD is not in a good place for a lot of reasons. #VideoGames #CODMW2 #Warzone2

 https://t.co/uS8hn02zWo",,**this tweet had been deleted or hidden**,0,0,0,0,0
86,564053609,"RT @loneghostwolf88: 💀💞
#simonghostriley #CoDGhost #CallofDuty #3DRender  #MWII https://t.co/QsZDciE6lE",,loneghostwolf88,68,0,0,0,0
87,1069460708771938309,"RT @LTGaming1996: https://t.co/CDKp6gi9xJ

@CallofDuty @CallofDutyUK @ModernWarzone @CallMyHorse @Real_ITSJAY @ZdawgYT @KiltedKiller29 @kic…",,LTGaming1996,2,0,0,0,0
88,1200946480464433153,"Don’t worry, I’ll clear the point!!!! Teammate contested for me, so that was cool. Himmelmatt control. Ranked. #CallOfDuty #MWII https://t.co/EjdekbomiI",,**this tweet had been deleted or hidden**,0,0,0,0,0
89,781913539799818240,"RT @CallofDuty: Grab the squad for 24 hours of 2XP action 🤝

Earn Double Player XP from July 7 (10 AM PT) - July 8 (10 AM PT) in Call of Du…",,CallofDuty,60,0,0,0,0
90,1464959761,RT @Mr_Clasher_YT: Streaming @PlayCODMobile live on @trovolive PLATINUM PUSH WITH BIG ELIXIR BOXES ALL NIGHT https://t.co/9Z4PH2gGG5 💯💯💯 #C…,,Mr_Clasher_YT,2,0,0,0,0
91,959579447086206976,@Ramboo_sR @PlayCODMobile Bro 54k cp 😳 https://t.co/LlOMjCBAPx,,Ramboo_sR,0,0,0,0,0
92,2398763586,RT @Mr_Clasher_YT: Streaming @PlayCODMobile live on @trovolive PLATINUM PUSH WITH BIG ELIXIR BOXES ALL NIGHT https://t.co/9Z4PH2gGG5 💯💯💯 #C…,,Mr_Clasher_YT,2,0,0,0,0
93,2398763586,Streaming @PlayCODMobile live on @trovolive PLATINUM PUSH WITH BIG ELIXIR BOXES ALL NIGHT https://t.co/9Z4PH2gGG5 💯💯💯 #CallofDutyMobile #CODMobile #CallofDuty #COD #Trovo,,PlayCODMobile,2,0,2,0,0
94,100069476,RT @PlayCODMobile: 🗡️Season 6: Templar's Oath goes live on 7/5 at 5PM PT and you don't want to miss it!🙅‍♂️ https://t.co/evzKSQEud3,,PlayCODMobile,45,0,0,0,0
95,1668636633426477057,"Horangi watching König’s … “finishing move” 🥴
#CallofDuty #CoD #könig #MW2 #mw2nsfw #nsfw #horangi https://t.co/CFxBBK0A9X",,**this tweet had been deleted or hidden**,3,0,13,0,0
96,100069476,"RT @PlayCODMobile: 🗡️ Season 6 is live now!

📲 Hop in-game to explore all the new Season 6 content! https://t.co/zSztufO7nZ",,PlayCODMobile,59,0,0,0,0
97,1200946480464433153,Solid opening break. Ranked. Bagra HP. Thank god the sniper missed 🤷🏻‍♂️😂 #CallOfDuty #MWII https://t.co/bWH1N5suaZ,,**this tweet had been deleted or hidden**,0,0,0,0,0
98,1662160184674746369,@AbyssGoingAlt @PlayCODMobile Shadow return battle pass from back in the days,,AbyssGoingAlt,0,0,0,0,0
99,1464959761,RT @Mr_Clasher_YT: Streaming @PlayCODMobile live on @trovolive PLATINUM PUSH WITH BIG WLIXIR BOXES ALL NIGHT https://t.co/rkhCm1vwSr 💯💯💯 #C…,,Mr_Clasher_YT,1,0,0,0,0
