,Unnamed: 0,author_id,text,username,retweet,reply,like,quote,bookmark
0,0,1523030988,RT @TaskForceLimg: Looks like they're adding daily login rewards to #Callofduty. #MWII #Warzone https://t.co/Ps6jBxJsqB,TaskForceLimg,80,0,0,0,0
1,1,1158274488095707136,RT @Lictor_GD: #укррайт #укрфанфікшн #укрслеш #SoapGhost #GhostSoap #soapmactavish #SimonGhostRiley #ghostmw2 #soapmw2 #CallOfDuty #MW2 @uk…,Lictor_GD,4,0,0,0,0
2,2,2328978614,"RT @yumecore: #CallofDuty #MWII #MW2 
#SimonGhostRiley 🖤 https://t.co/4I9R0Czd7L",yumecore,112,0,0,0,0
3,3,2352594966,Bring back Skirmish Ground War in CODM @PlayCODMobile @PlayCODNews,PlayCODMobile,0,0,0,0,0
4,4,3903496105,RT @TaskForceLimg: Looks like they're adding daily login rewards to #Callofduty. #MWII #Warzone https://t.co/Ps6jBxJsqB,TaskForceLimg,80,0,0,0,0
5,5,1169962764053303300,"RT @yumecore: #CallofDuty #MWII #MW2 
#SimonGhostRiley 🖤 https://t.co/4I9R0Czd7L",yumecore,112,0,0,0,0
6,6,949507114401128448,"RT @yumecore: #CallofDuty #MWII #MW2 
#SimonGhostRiley 🖤 https://t.co/4I9R0Czd7L",yumecore,112,0,0,0,0
7,7,1324959100187402241,"RT @CODLeague: #CDL2023

▰▰▰▰▰▰▰▰▰▰ 100% https://t.co/LUgLoRHyTV",CODLeague,66,0,0,0,0
8,8,3068350223,RT @TaskForceLimg: Looks like they're adding daily login rewards to #Callofduty. #MWII #Warzone https://t.co/Ps6jBxJsqB,TaskForceLimg,80,0,0,0,0
9,9,1645370110910287874,"RT @HoboWithSh0tgun: - Now we're getting started!

Original art by @Tava_tavatic

#cod #CallofDuty #MWII #Konigmw2 #Konig #MW2 #CallofDutyM…",HoboWithSh0tgun,72,0,0,0,0
10,10,1616968515159994370,"RT @Buttercup1793: Finally had the time to draw her!, next one is Ale!! 🤗🤗🤗🤠 #valeriagarza #Valeria #CallofDuty  #MW2 #elsinnombre #sketche…",Buttercup1793,4,0,0,0,0
11,11,1103500926042730497,RT @TaskForceLimg: Looks like they're adding daily login rewards to #Callofduty. #MWII #Warzone https://t.co/Ps6jBxJsqB,TaskForceLimg,80,0,0,0,0
12,12,1294740412305825793,#121「まったりDMZタスクる」なたりの「CoD MW2マルチ」 https://t.co/BCMGoySCG6 @YouTubeより,YouTube,0,0,0,0,0
13,13,1120533579585298432,"RT @bressynonym: Riley &amp; Riley

#SimonGhostRiley #SimonRiley #ghostmw2 #CallofDuty #MW2 https://t.co/RYQe00UmhD",bressynonym,11,0,0,0,0
14,14,793301094180855809,"RT @yumecore: #CallofDuty #MWII #MW2 
#SimonGhostRiley 🖤 https://t.co/4I9R0Czd7L",yumecore,112,0,0,0,0
15,15,1321907196,RT @TaskForceLimg: Looks like they're adding daily login rewards to #Callofduty. #MWII #Warzone https://t.co/Ps6jBxJsqB,TaskForceLimg,80,0,0,0,0
16,16,1320189305302626304,"RT @caroaart: ”Quiet, Prinzessin”
#CallofDuty #König #Konig #MWII #MW2 https://t.co/hvRIP169AU",caroaart,213,0,0,0,0
17,17,1485816400409243655,"RT @loneghostwolf88: We know König is tall enough to play Basketball 
#CoDKönig #CallofDuty #3DRender  #MWII https://t.co/miic5gpvgH",loneghostwolf88,221,0,0,0,0
18,18,709635056,RT @TaskForceLimg: Looks like they're adding daily login rewards to #Callofduty. #MWII #Warzone https://t.co/Ps6jBxJsqB,TaskForceLimg,80,0,0,0,0
19,19,1599681670759829504,OMG!!!  #CallofDuty  #CDL2023 #ModernWarfare2 #competitive https://t.co/xmBoGStgfH,**this tweet had been deleted or hidden**,0,0,0,0,0
20,20,1597462470611836929,"Follow Me On Twitch.... Let's Collab...
#CallofDuty #MW2 #Warzone2 https://t.co/P8hbXGQhvQ",**this tweet had been deleted or hidden**,0,0,2,0,0
21,21,723902749,"https://t.co/cS7fhS2hQP

new call of duty mw 2 video this time #Warzone2 victory in ranked mode enjoy #CallofDuty",**this tweet had been deleted or hidden**,0,0,0,0,0
22,22,1597462470611836929,"Wanna Play? Let Me Know 
#CallofDuty #MW2 #Warzone2 https://t.co/cLQIeta3Ed",**this tweet had been deleted or hidden**,0,1,3,0,0
23,23,1325313523908534272,RT @TaskForceLimg: Looks like they're adding daily login rewards to #Callofduty. #MWII #Warzone https://t.co/Ps6jBxJsqB,TaskForceLimg,80,0,0,0,0
24,24,789987090142523392,The squad when the crap player manages to stay alive to buy them all back. (Gets to the buy station having never used one before)😓💀 #callofduty #funny #gaming #gamer #MW2 #MWII #meme #memesdaily #warzone #PS5 #retweet https://t.co/AJKdpNjEWh,**this tweet had been deleted or hidden**,0,0,0,0,0
25,25,1185715417941204992,RT @TaskForceLimg: Looks like they're adding daily login rewards to #Callofduty. #MWII #Warzone https://t.co/Ps6jBxJsqB,TaskForceLimg,80,0,0,0,0
26,26,1607935527201693697,"RT @BettyBRenders: So it‘s canon, eh? 😏

#Ghost #simonghostriley #GhostMW2 #MW2 #MWII #CallofDuty #CallofDutyModernWarfare2 https://t.co/eb…",BettyBRenders,385,0,0,0,0
27,27,1382355455549259778,RT @Bad6Gaming: Next car? #WARZONE2 #streamer #twitch #gamer #gaming #twitchstreamer #youtube #xbox #streaming #stream #videogames #twitcha…,Bad6Gaming,6,0,0,0,0
28,28,1549054995592630275,"RT @lazaruskiller: decided to switch up the dynamic for once 🤭

🌿

#ghost #könig #simonriley #simonghostriley #konig #Koenigmw2 #ghostmw2 #…",lazaruskiller,107,0,0,0,0
29,29,58581689,RT @TaskForceLimg: Looks like they're adding daily login rewards to #Callofduty. #MWII #Warzone https://t.co/Ps6jBxJsqB,TaskForceLimg,80,0,0,0,0
30,30,1607935527201693697,"RT @yumecore: Ghost's legs appreciation post :3
#CallofDuty #MWII #SimonGhostRiley https://t.co/wPXDDEslZa",yumecore,419,0,0,0,0
31,31,4741741523,"RT @yumecore: #CallofDuty #MWII #MW2 
#SimonGhostRiley 🖤 https://t.co/4I9R0Czd7L",yumecore,112,0,0,0,0
32,32,3380657247,"RT @yumecore: #CallofDuty #MWII #MW2 
#SimonGhostRiley 🖤 https://t.co/4I9R0Czd7L",yumecore,112,0,0,0,0
33,33,1676634751694766086,"@bosshikma @ESLCODM @PlayCODMobile @ATVIAssist After many attempts to reset my hacked account password, support wasn’t helpful all thanks to #lunarecoveryh  on Instagram who came to my rescue and reset it back for me, She's a Genius, I can’t stop recommending her.",bosshikma,0,0,0,0,0
34,34,1388708748684890116,@PlayCODMobile Hello @ATVIAssist my account was hacked and deleted please. I have 75 legendary and 15 mythics help me restore my account please….,PlayCODMobile,0,0,0,0,0
35,35,1676634025526525975,@bosshikma @ESLCODM @PlayCODMobile @ATVIAssist l suggest you send a message to @lunarecoveryh on Instagram she'll recover your banned/hacked/deleted account perfectly...,bosshikma,0,0,0,0,0
36,36,777839598458118145,【リスナー参加型】夕方のゲリラ配信【COD MW2　DMZ】 https://t.co/q7AXHrgRUV @YouTubeより,YouTube,0,0,0,0,0
37,37,1388708748684890116,@PlayCODMobile Hello @ATVIAssist my account was hacked and deleted please. I have 75 legendary and 15 mythics help me restore my account please…,PlayCODMobile,0,0,0,0,0
38,38,1114930702368141312,【リスナー参加型】夕方のゲリラ配信【COD MW2　DMZ】 https://t.co/sc2uaprdaJ @YouTubeより,YouTube,0,0,1,0,0
39,39,1676628450252128264,"@bosshikma @ESLCODM @PlayCODMobile @ATVIAssist It's hurts so much loosing your account to someone else 😔, My business account was hacked sent alot of mails to the support team but nothing was done until i came across @lunarecoveryh on instagram. She helped me recovered my hacked account.",bosshikma,0,0,0,0,0
40,40,1388708748684890116,@PlayCODMobile Hello @ATVIAssist my account was hacked and deleted please. I have 75 legendary and 15 mythics help me restore my account please..,PlayCODMobile,0,0,0,0,0
41,41,1676627571595788289,@bosshikma @ESLCODM @PlayCODMobile @ATVIAssist I really appreciate the effort of @lunarecoveryh on INSTAGRAM she’s the best in recovering of hacked account,bosshikma,0,0,0,0,0
42,42,1676222512319848451,"@bosshikma @ESLCODM @PlayCODMobile @ATVIAssist My account was also hacked I didn’t know what to do I felt so frustrated then I was referred to lunarecoveryh on instagram she helped me and my account was recovered within 30minutes.
instagram.https://t.co/hUZRMJICVW",bosshikma,0,0,0,0,0
43,43,1388708748684890116,@PlayCODMobile Hello @ATVIAssist my account was hacked and deleted please. I have 75 legendary and 15 mythics help me restore my account please…,PlayCODMobile,0,0,0,0,0
44,44,1676629470130700293,"@bosshikma @ESLCODM @PlayCODMobile @ATVIAssist Mine was also hacked a few months ago, with memories of almost 8 years, but all thanks to @lunarecoveryh who helped me in just a few minutes, you can also send her a message on Instagram at.https://t.co/K6IEobpKLQ",bosshikma,0,0,0,0,0
45,45,1388708748684890116,@PlayCODMobile Hello @ATVIAssist my account was hacked and deleted please. I have 75 legendary and 15 mythics help me restore my account please.,PlayCODMobile,0,0,0,0,0
46,46,1676631818777272320,"@bosshikma @ESLCODM @PlayCODMobile @ATVIAssist When I got hacked I tried contacting their services all I got was Robotic mail replying me until a friend of mine referred me to
instagram.https://t.co/s1Tf3t2Zgj Instagram, she was the one who helped me retrieved mine, send her 
a dm or text her.",bosshikma,0,0,0,0,0
47,47,1388708748684890116,@PlayCODMobile Hello @ATVIAssist my account was hacked and deleted please. I have 75 legendary and 15 mythics help me restore my account please,PlayCODMobile,0,0,0,0,0
48,48,1388708748684890116,@PlayCODMobile Hello @ATVIAssist my account was hacked and deleted please. I have 75 legendary and 15 mythics help me restore my account please….,PlayCODMobile,0,0,0,0,0
49,49,1388708748684890116,@PlayCODMobile Hello @ATVIAssist my account was hacked and deleted please. I have 75 legendary and 15 mythics help me restore my account please.,PlayCODMobile,0,0,1,4,0
50,50,1388708748684890116,@PlayCODMobile Hello @ATVIAssist my account was hacked and deleted please. I have 75 legendary and 15 mythics help me restore my account please..,PlayCODMobile,0,0,0,0,0
51,51,1388708748684890116,@PlayCODMobile Hello @ATVIAssist my account was hacked and deleted please. I have 75 legendary and 15 mythics help me restore my account please,PlayCODMobile,0,0,0,0,0
52,52,1676634025526525975,"@bosshikma @PlayCODMobile @CrashBandicoot @ATVIAssist In my honest opinion, I think there's a good chance of recovery, I had similar issues a while back and the support team wasn't helpful until I was recommended to @lunarecoveryh on Instagram he helped  me recover my account..👌 and am sure she can help you too!!",bosshikma,0,0,0,0,0
53,53,1676632909300609024,"@bosshikma @PlayCODMobile @CrashBandicoot @ATVIAssist So Sorry you got hacked, quickly contact @lunarecoveryh,on instagram for fast help!!",bosshikma,0,0,0,0,0
54,54,1388708748684890116,@ESLCODM @PlayCODMobile Hello @ATVIAssist my account was hacked and deleted please. I have 75 legendary and 15 mythics help me restore my account please…,ESLCODM,0,0,0,0,0
55,55,1388708748684890116,@ESLCODM @PlayCODMobile Hello @ATVIAssist my account was hacked and deleted please. I have 75 legendary and 15 mythics help me restore my account please..,ESLCODM,0,8,2,5,0
56,56,1676630478135123969,"@bosshikma @PlayCODMobile @CrashBandicoot @ATVIAssist Contact @lunarecoveryh on instagram she will help you get back your hacked account ,she helped me recover my hacked account which i thought I can't get back ,but all thanks to her,she is the best I recommend to you. Message her on Instagram at.https://t.co/NvlzRZM4qS",bosshikma,0,0,0,0,0
57,57,1676628450252128264,"@bosshikma @PlayCODMobile @CrashBandicoot @ATVIAssist My account got hacked too, I told a lot of my friends to help report, but it was still used by the hacker. But not until I was recommended to @lunarecoveryh on Instagram she helped me regain access to my account. She can help you too!!
Her Instagram link 👉https://t.co/iMUz9caONG",bosshikma,0,0,0,0,0
58,58,1388708748684890116,@ESLCODM @PlayCODMobile Hello @ATVIAssist my account was hacked and deleted please. I have 75 legendary and 15 mythics help me restore my account please,ESLCODM,0,0,0,0,0
59,59,1676627571595788289,@bosshikma @PlayCODMobile @CrashBandicoot @ATVIAssist My account got hacked and support service aren't doing anything about it. Someone recommend me to @lunarecoveryh on Instagram and she  successfully recovered my account. I'm really overwhelmed to recommend her to someone else,bosshikma,0,0,0,0,0
60,60,1676222512319848451,"@bosshikma @PlayCODMobile @CrashBandicoot @ATVIAssist But have you tried @lunarecoveryh on instagram? they’re experts in recovering banned/deleted/hacked account, try reaching out to her",bosshikma,0,0,0,0,0
61,61,1388708748684890116,@PlayCODMobile @CrashBandicoot Hello @ATVIAssist my account was hacked and deleted please. I have 75 legendary and 15 mythics help me restore my account please…,PlayCODMobile,0,0,0,0,0
62,62,1676629470130700293,"@bosshikma @PlayCODMobile @CrashBandicoot @ATVIAssist I'm confident with no doubt that @lunarecoveryh will recover and deliver safe recovery of your hacked,suspended and disabled account. Send a dm to them they're trustworthy.",bosshikma,0,0,0,0,0
63,63,1676631818777272320,"@bosshikma @PlayCODMobile @CrashBandicoot @ATVIAssist When I got hacked I tried contacting their services all I got was Robotic mail replying me until a friend of mine referred me to
instagram.https://t.co/s1Tf3t2Zgj Instagram, she was the one who helped me retrieved mine, send her 
a dm or text her.",bosshikma,0,0,0,0,0
64,64,1388708748684890116,@PlayCODMobile @CrashBandicoot Hello @ATVIAssist my account was hacked and deleted please. I have 75 legendary and 15 mythics help me restore my account please..,PlayCODMobile,0,0,0,0,0
65,65,1388708748684890116,@PlayCODMobile @CrashBandicoot Hello @ATVIAssist my account was hacked and deleted please. I have 75 legendary and 15 mythics help me restore my account please.,PlayCODMobile,0,9,2,10,0
66,66,1388708748684890116,@PlayCODMobile @CrashBandicoot Hello @ATVIAssist my account was hacked and deleted please. I have 75 legendary and 15 mythics help me restore my account please,PlayCODMobile,0,0,0,0,0
67,67,1621337410058719232,@PlayCODMobile when will we ever see a proper rank mode with a competitive ruleset being added,PlayCODMobile,0,0,0,0,0
68,68,1495840064844226562,"RT @yumecore: #CallofDuty #MWII #MW2 
#SimonGhostRiley 🖤 https://t.co/4I9R0Czd7L",yumecore,112,0,0,0,0
69,69,1432778191047905284,"RT @lexiissgone: I HAD TO REPOST IT CUZ I CAN'T CALM DOWN FUCK

[ #soapghost #GhostSoap #CallofDuty #MWII #cod #art #SoapMacTavish #ghostco…",lexiissgone,481,0,0,0,0
70,70,831483962945974272,"RT @itsamustikas: This is them this is canon &lt;3

#MW2 #MWII #CallofDuty #GhostSoap #ghost #soap https://t.co/kF2AczeYqn",itsamustikas,963,0,0,0,0
71,71,1456682221239218181,"#укррайт #укрфанфікшн #укрслеш #SoapGhost #GhostSoap #soapmactavish #SimonGhostRiley #ghostmw2 #soapmw2 #CallOfDuty #MW2 @ukrfanficshn @ua_slash

Бійців підрозділу майора Прайса терміново викликали в Лос-Анджелес для проведення дуже ризикової та небезпечної контртерористичної ⬇️ https://t.co/wuKi3MZwv6",ukrfanficshn,4,1,19,0,0
72,72,1233971619283881984,"RT @alexgscod: What LT sees 💀🖤🧼
(+nsfw variants on patreon)

#GhostSoap #SoapGhost #CallOfDuty #MW2 https://t.co/0KxKQEGblR",alexgscod,385,0,0,0,0
73,73,19997877,"RT @yumecore: #CallofDuty #MWII #MW2 
#SimonGhostRiley 🖤 https://t.co/4I9R0Czd7L",yumecore,112,0,0,0,0
74,74,1603655374061584387,"RT @loneghostwolf88: Detective Mactavish 
#MWII  #CodSoap #CallofDuty #3DRender https://t.co/QYUOhkFzgm",loneghostwolf88,233,0,0,0,0
75,75,1417990480772665345,RT @TaskForceLimg: Looks like they're adding daily login rewards to #Callofduty. #MWII #Warzone https://t.co/Ps6jBxJsqB,TaskForceLimg,80,0,0,0,0
76,76,1675638639412355073,I wanna join a TEAM...🫢!#FaZeUp #Sniper #CallofDuty #MW2 #Quickscoping #streamer #contentcreators https://t.co/wgOC1lh8lB,**this tweet had been deleted or hidden**,0,0,1,0,0
77,77,892284100631035904,RT @TaskForceLimg: Looks like they're adding daily login rewards to #Callofduty. #MWII #Warzone https://t.co/Ps6jBxJsqB,TaskForceLimg,80,0,0,0,0
78,78,804815831582568449,"RT @PlayCODMobile: Pick up the limited-edition #CrashTeamRumble bundle in #CODMobile today! @CrashBandicoot

Head to the Sales tab in-game…",PlayCODMobile,41,0,0,0,0
79,79,1639491426051391488,RT @TaskForceLimg: Looks like they're adding daily login rewards to #Callofduty. #MWII #Warzone https://t.co/Ps6jBxJsqB,TaskForceLimg,80,0,0,0,0
80,80,149309963,"Call of duty MW2, 83 kills on shipment #callofduty #gaming #cod #camping #explorerpage #explore #YouTubegaming #for you #mw2 #MW2 https://t.co/C9Hhattm3j",**this tweet had been deleted or hidden**,0,0,0,0,0
81,81,1055820359939674112,RT @TaskForceLimg: Looks like they're adding daily login rewards to #Callofduty. #MWII #Warzone https://t.co/Ps6jBxJsqB,TaskForceLimg,80,0,0,0,0
82,82,1224539678944169984,"Watching Ranked Call of Duty MW2/MWII!! Come Join Me! https://t.co/I5Qx9GCZC4 
#CallofDutyModernWarfare2 #CallOfDuty #MW2",**this tweet had been deleted or hidden**,0,0,1,0,0
83,83,1361092533082877952,RT @TaskForceLimg: Looks like they're adding daily login rewards to #Callofduty. #MWII #Warzone https://t.co/Ps6jBxJsqB,TaskForceLimg,80,0,0,0,0
84,84,4816394819,RT @jeronimorubio16: ☠️☠️ Call of Duty Modern Warfare 2 ☠️ ISO Hemlock Aim OP V4 Scope + BAS ... https://t.co/CP9PtJNfOu via @YouTube #Call…,jeronimorubio16,2,0,0,0,0
85,85,1611783040803508224,"RT @CallofDuty: Grab the squad for 24 hours of 2XP action 🤝

Earn Double Player XP from July 7 (10 AM PT) - July 8 (10 AM PT) in Call of Du…",CallofDuty,87,0,0,0,0
86,86,1611783040803508224,"RT @PlayCODMobile: Pick up the limited-edition #CrashTeamRumble bundle in #CODMobile today! @CrashBandicoot

Head to the Sales tab in-game…",PlayCODMobile,41,0,0,0,0
87,87,1620503655060488192,RT @hugecockmikey: retweet if you’d let me pound your tight hole in this hotel bathroom 😈💦😏 #gay #porn #straight #sex #horny #nsfwtwt #nsfw…,hugecockmikey,19,0,0,0,0
88,88,1229165472,RT @TaskForceLimg: Looks like they're adding daily login rewards to #Callofduty. #MWII #Warzone https://t.co/Ps6jBxJsqB,TaskForceLimg,80,0,0,0,0
89,89,1439092252828184578,"RT @yumecore: #CallofDuty #MWII #MW2 
#SimonGhostRiley 🖤 https://t.co/4I9R0Czd7L",yumecore,112,0,0,0,0
90,90,1642220635605594112,RT @TaskForceLimg: Looks like they're adding daily login rewards to #Callofduty. #MWII #Warzone https://t.co/Ps6jBxJsqB,TaskForceLimg,80,0,0,0,0
91,91,1555613019421515778,RT @TaskForceLimg: Looks like they're adding daily login rewards to #Callofduty. #MWII #Warzone https://t.co/Ps6jBxJsqB,TaskForceLimg,80,0,0,0,0
92,92,224505467,RT @TaskForceLimg: Looks like they're adding daily login rewards to #Callofduty. #MWII #Warzone https://t.co/Ps6jBxJsqB,TaskForceLimg,80,0,0,0,0
93,93,1640613686,"RT @yumecore: #CallofDuty #MWII #MW2 
#SimonGhostRiley 🖤 https://t.co/4I9R0Czd7L",yumecore,112,0,0,0,0
94,94,1601516980091047936,"RT @loneghostwolf88: 💀💞
#simonghostriley #CoDGhost #CallofDuty #3DRender  #MWII https://t.co/QsZDciE6lE",loneghostwolf88,111,0,0,0,0
95,95,1181275448640233472,RT @TaskForceLimg: Looks like they're adding daily login rewards to #Callofduty. #MWII #Warzone https://t.co/Ps6jBxJsqB,TaskForceLimg,80,0,0,0,0
96,96,1636007144435613696,Looks like they're adding daily login rewards to #Callofduty. #MWII #Warzone https://t.co/Ps6jBxJsqB,**this tweet had been deleted or hidden**,80,107,1206,30,41
97,97,1341404807664455680,"No Better Feeling 🥴
#warzone #warzone2 #callofduty #warzoneclips #Caldera https://t.co/NT4t8rRqqu",**this tweet had been deleted or hidden**,0,0,5,0,0
98,98,1219175652013871104,Kefster is live on twitch!! don't miss it https://t.co/LU3uMLkvO5 #warzone #warzone2 #warzonenl #twitchstreamer #pro #nuke #cod #callofduty #bestplayer #smallstreamer #bigstreamer,**this tweet had been deleted or hidden**,0,0,0,0,0
99,0,1378871362790457344,"RT @BigKennyGaming: Ay #BigNation, we getting extra sweaty with the homie @Beastyeddie1 and. @JudoRed_ We are gonna be running #Warzone. Th…",BigKennyGaming,1,0,0,0,0
100,1,19757511,"RT @yumecore: The slightest bend of his arm straightens te folds of his shirt to reveal his bicep :3
#CallofDuty #MW2 #SimonGhostRiley http…",yumecore,38,0,0,0,0
101,2,19757511,"RT @yumecore: #CallofDuty #MWII #MW2 
#SimonGhostRiley 🖤 https://t.co/4I9R0Czd7L",yumecore,112,0,0,0,0
102,3,3228958118,"Logged onto @PlayCODMobile for the first time since Apex had come out.. 

What the hell is all this on my screen? Holy crap I probably had X out 7 different pop ups just to get to the main screen. I feel like I need an Ad blocker for this game yikes! https://t.co/Q1aeKppDdQ",PlayCODMobile,0,0,0,0,0
103,4,1013415203374010368,"@ABD_CREATIONS @sme_rt @BlazedRTs @wwwanpaus @rtsmallstreams @rttanks ☢️🎥🕹️My COD sniping montage Mikedasniper Ep.3 is out on @YouTube click this link ➡️ https://t.co/aUNmKv5ZnT
  ⬅️ check it out🔥#Subscribe  #Like #warzone2 #MWII #Gameplay #CallOfDutyWarzone2 #Resurgence   #Ashikalsland #LinkinBio 🔗",ABD_CREATIONS,0,0,0,0,0
104,5,1175854087759454210,"RT @yumecore: #CallofDuty #MWII #MW2 
#SimonGhostRiley 🖤 https://t.co/4I9R0Czd7L",yumecore,112,0,0,0,0
105,6,1481464939508285444,@SpectReckyaup @PlayCODMobile The body is willing but the mind is tired,SpectReckyaup,0,1,1,0,0
106,7,1286808332896890880,"Hey Guys here is my rage compilation for MWII 2022, let me know what you think of this video! Enjoy! #CallOfDuty #ModernWarfare2 #youtubegaming  

https://t.co/7Qtv7b9vfn",**this tweet had been deleted or hidden**,0,0,0,0,0
107,8,2469159318,こんばんわ！   雑談しながら追加武器迷彩進める配信です！   よければ遊びに来てください！   #CODMW2 #新作COD #MW2 #スナイパー #プラチナ迷彩 #迷彩解除 #CallofDutyModernWarfareII #CallofDutyModernWarfare2 #CallofDuty #cod女子 https://t.co/mMh5HdQe8D,**this tweet had been deleted or hidden**,0,0,3,0,0
108,9,1541868543347924992,@PlayCODMobile I will be very happy if you remove zombie mode forever 🗿,PlayCODMobile,0,0,1,0,0
109,10,1673140429225689088,Great Semtex Kill https://t.co/f7rGKWFrKM via @YouTube #cod #CallofDuty #CallofDutyModernWarfare2 #Warzone2,YouTube,0,0,0,0,0
110,11,60169255,@Speedy_CODM @Aj_Gamervers1 @backupshadow11 @CODMSkinners @CosmoPlayzGG @PlayCODMobile @BobbySpams @BoomtheGrinder @BROKEN01BR That’s crazy…in my area buying the whole double CP event isn’t enough to max him out.,Speedy_CODM,0,3,13,0,0
111,12,971265569675730944,@vvinta_ @Culture_Crit Haha that MW2 DMZ map 😅,vvinta_,0,0,0,0,0
112,13,1639074406247936002,"RT @lazaruskiller: decided to switch up the dynamic for once 🤭

🌿

#ghost #könig #simonriley #simonghostriley #konig #Koenigmw2 #ghostmw2 #…",lazaruskiller,107,0,0,0,0
113,14,1644181010115092481,"RT @lazaruskiller: decided to switch up the dynamic for once 🤭

🌿

#ghost #könig #simonriley #simonghostriley #konig #Koenigmw2 #ghostmw2 #…",lazaruskiller,107,0,0,0,0
114,15,1013415203374010368,"@Emmasmith100 @rttanks @WorldsSpotlight @Rts_WW @BlazedRTs @sme_rt @OwlRetweets @rtsmallstreams @SupStreamers @promo_streams @StreamersRT1 @TwitwatchRT @GamingRTweeters @Retweelgend @ArtistRTweeters ☢️🎥🕹️My COD sniping montage Mikedasniper Ep.3 is out on @YouTube click this link ➡️ https://t.co/aUNmKv5ZnT
  ⬅️ check it out🔥#Subscribe  #Like #warzone2 #MWII #Gameplay #CallOfDutyWarzone2 #Resurgence   #Ashikalsland #LinkinBio 🔗",Emmasmith100,0,0,1,0,0
115,16,1511484177501196288,"RT @yumecore: #CallofDuty #MWII #MW2 
#SimonGhostRiley 🖤 https://t.co/4I9R0Czd7L",yumecore,112,0,0,0,0
116,17,1326788956894224385,"@PlayCODMobile You are unfair and unjust, because you arbitrate between countries with draws, some of which start at 10 cp and some at 30 cp, and this must unite and put an end to injustice",PlayCODMobile,0,0,0,0,0
117,18,1439275703506198533,"@officialtitoo_ @Blurr_AG @CoDMobileSports @PlayCODMobile @Luminosity I have proof for excal right here, anyone can dm me on discord NoroTypeBeat#0843 https://t.co/7fhjSEU6Oi",officialtitoo_,0,0,0,0,0
118,19,1639074406247936002,"RT @yumecore: #CallofDuty #MWII #MW2 
#SimonGhostRiley 🖤 https://t.co/4I9R0Czd7L",yumecore,112,0,0,0,0
119,20,1592639044437118980,"Who was bro trynna disrespect? Not me 😂 this will come out tmr @11am 

#Warzone2 #MW2 #CallofDuty https://t.co/gJVyCcPPkA",11am,0,1,2,0,0
120,21,1293644882310041604,@raiderCODM @PlayCODMobile Fuzzy monster pink is 😐😐😐,raiderCODM,0,0,1,0,0
121,22,1453797312749244419,"Some Vondel #Warzone2 #MW2 #CallofDuty work from JohnWaynesTeeth aka ME and my 20/20 sensitivity,these young thunder cats cant keep up with these old man hands. . .SKODEN! #OGconsolegamer #foreverconsole #consoleking

https://t.co/0T2C54lCHW",**this tweet had been deleted or hidden**,0,0,1,0,0
122,23,166060644,"Back To Back Kills | 1v7 |  Intense Fight | All Enamy At Same place 😱 | Call Of Duty Mobile |

#1v7  
#SpeakNowTaylorsVersion
#1v7clutch  
#callofdutymobile  
#opclutch  
#ak117  
#blackout  
#ardagueler
#codm  
#codmobile  
@PlayCODMobile
@gaming https://t.co/LdShKhgub1",PlayCODMobile,0,0,0,0,0
123,24,1642097723481440256,"bro im still at work but
i changed my konig hc design while ghost is being ghost
[ #CallofDuty #Konig #Ghost #art #MWII ] https://t.co/eWlpPVtUH6",**this tweet had been deleted or hidden**,0,1,46,0,2
124,25,1172744994458726400,"Ay #BigNation, we getting extra sweaty with the homie @Beastyeddie1 and. @JudoRed_ We are gonna be running #Warzone. The bangers start at 5pm pst on @KickStreaming. See you there. 

https://t.co/4C01Qhsy3s

#KickStreaming #threadapp #KickStreamers #callofduty #Warzone2 https://t.co/vNS1m5OP7P",Beastyeddie1,1,0,5,0,0
125,26,1136188957367123969,@rodsharkz @Nuevemey @PlayCODMobile @CrashBandicoot Tomorrow,rodsharkz,0,0,0,0,0
126,27,1064561540404314121,RT @TaskForceLimg: Looks like they're adding daily login rewards to #Callofduty. #MWII #Warzone https://t.co/Ps6jBxJsqB,TaskForceLimg,80,0,0,0,0
127,28,1136188957367123969,@Animefan699 @PlayCODMobile @CrashBandicoot It wont be nerfed,Animefan699,0,0,0,0,0
128,29,1136188957367123969,@sam787_l @PlayCODMobile @CrashBandicoot Tomorrow,sam787_l,0,0,0,0,0
129,30,1195951927596597248,"RT @lazaruskiller: decided to switch up the dynamic for once 🤭

🌿

#ghost #könig #simonriley #simonghostriley #konig #Koenigmw2 #ghostmw2 #…",lazaruskiller,107,0,0,0,0
130,31,1310765827503747072,"RT @yumecore: #CallofDuty #MWII #MW2 
#SimonGhostRiley 🖤 https://t.co/4I9R0Czd7L",yumecore,112,0,0,0,0
131,32,824585207411924992,"RT @lazaruskiller: decided to switch up the dynamic for once 🤭

🌿

#ghost #könig #simonriley #simonghostriley #konig #Koenigmw2 #ghostmw2 #…",lazaruskiller,107,0,0,0,0
132,33,741673114543738880,"RT @ModenasHD: Obsidian camo is back... but it's not what you can think.
Infinity Ward is re-using the Obsidian Camo from MW19 as a texture…",ModenasHD,14,0,0,0,0
133,34,1676353396582776833,"RT @yumecore: The slightest bend of his arm straightens te folds of his shirt to reveal his bicep :3
#CallofDuty #MW2 #SimonGhostRiley http…",yumecore,38,0,0,0,0
134,35,3883183793,"RT @lazaruskiller: decided to switch up the dynamic for once 🤭

🌿

#ghost #könig #simonriley #simonghostriley #konig #Koenigmw2 #ghostmw2 #…",lazaruskiller,107,0,0,0,0
135,36,1614619813112086528,"RT @GuanZi_YOO: 请品尝小狗
#CallofDuty #MW2 #mw2fanart #konig https://t.co/HBe97R05qj",GuanZi_YOO,141,0,0,0,0
136,37,1643313844385890306,easy win with 64 bit mod @garenacodmid @codmthailand @CODMobile_ES @PlayCODMobile @codm https://t.co/de7frgBQGF,garenacodmid,0,0,0,0,0
137,38,877323624381792257,"RT @MGG_France: Activision a déployé un nouvel outil via son anti-cheat RICOCHET sur #Warzone2 : les hallucinations !   

Les hallucination…",MGG_France,4,0,0,0,0
138,39,1585989137944961026,You need to start outright banning people. Your game is infested with cheaters. @CallofDuty #Warzone2,CallofDuty,0,0,0,0,0
139,40,942849389164486659,Some CDL fans got me scratching my head 😂 #CDL2023 https://t.co/nHnni0XkTd,**this tweet had been deleted or hidden**,0,0,1,0,0
140,41,1265125228402937856,"I was spectating my friend doing execution after I died and when I respawn see what happened 👇👇 

What is this bug where are all my buttons ?? I had to restart the game to fix it 🤦🤦
#Callofdutymobile 
#CoDMobile 
@PlayCODMobile 
@CODMobileIN 

@murdablastyt 
@Silentscreemer_ https://t.co/YNCSxKf7so https://t.co/q09Vp3kUUW",PlayCODMobile,0,3,10,0,0
141,42,1236634878218665985,"遅めのスタート

【DMZ】しんやの LIVE配信 コールオブデューティ モダンウォーフェアⅡ CoD:MW2 ウォーゾーン2 シーズン4【ジュリアス】 https://t.co/yZqcMfhJxa @YouTubeより
#MW2 #CoDMW2",YouTube,0,0,0,0,0
142,43,1644272246280560640,"RT @yumecore: #CallofDuty #MWII #MW2 
#SimonGhostRiley 🖤 https://t.co/4I9R0Czd7L",yumecore,112,0,0,0,0
143,44,1230780563356708865,"RT @loneghostwolf88: We know König is tall enough to play Basketball 
#CoDKönig #CallofDuty #3DRender  #MWII https://t.co/miic5gpvgH",loneghostwolf88,221,0,0,0,0
144,45,1639076184679133184,"RT @lazaruskiller: decided to switch up the dynamic for once 🤭

🌿

#ghost #könig #simonriley #simonghostriley #konig #Koenigmw2 #ghostmw2 #…",lazaruskiller,107,0,0,0,0
145,46,2174818686,@PlayCODMobile SHIPMENT 1944!!!,PlayCODMobile,0,0,0,0,0
146,47,1095546018123444224,"RT @yumecore: The slightest bend of his arm straightens te folds of his shirt to reveal his bicep :3
#CallofDuty #MW2 #SimonGhostRiley http…",yumecore,38,0,0,0,0
147,48,714339759749922816,"RT @lazaruskiller: decided to switch up the dynamic for once 🤭

🌿

#ghost #könig #simonriley #simonghostriley #konig #Koenigmw2 #ghostmw2 #…",lazaruskiller,107,0,0,0,0
148,49,829418277524930562,RT @TaskForceLimg: Looks like they're adding daily login rewards to #Callofduty. #MWII #Warzone https://t.co/Ps6jBxJsqB,TaskForceLimg,80,0,0,0,0
149,50,1359416377124163585,"@SpectReckyaup @PlayCODMobile Okay ,I will practise few matches  and I'll come , let's hit that Max level 🔥🤌🏼",SpectReckyaup,0,0,1,0,0
150,51,381828143,"#callofduty #cod #SupportSmallStreamers #smallstremer #gaming #warzone2 #ModernWarfare2 #warzonegameplay 
#xbox #twitch #TwitchAffilate 

 https://t.co/E92cqhfpaO via @YouTube",YouTube,0,0,0,0,0
151,52,1495217118740107271,"@Roger_is_me @PlayCODMobile Should play more, I play regularly just hard to find a squad this community sucks for that 🥹",Roger_is_me,0,1,1,0,0
152,53,1449485375110516741,RT @TaskForceLimg: Looks like they're adding daily login rewards to #Callofduty. #MWII #Warzone https://t.co/Ps6jBxJsqB,TaskForceLimg,80,0,0,0,0
153,54,1359416377124163585,@SpectReckyaup @PlayCODMobile I play zombie rarely 🥲 sad me,SpectReckyaup,0,0,1,0,0
154,55,3427426973,RT @DragonShadowNeo: Cod Mw2 Dmz is 10/10 boys https://t.co/JnZ8nbw1hd,DragonShadowNeo,1,0,0,0,0
155,56,1495217118740107271,@Roger_is_me @PlayCODMobile Nah not for nothing bro. I've already put out like 600 bucks sponsoring another 300 for me. If I can make it past wave 50 in zombies I'll sponsor the entire squad.,Roger_is_me,0,2,1,0,0
156,57,1599760364455231488,"RT @yumecore: #CallofDuty #MWII #MW2 
#SimonGhostRiley 🖤 https://t.co/4I9R0Czd7L",yumecore,112,0,0,0,0
157,58,1571391970752475137,@MutiTina @PlayCODMobile Well I guess I just didn’t see it..fym🤣,MutiTina,0,1,1,0,0
158,59,1359416377124163585,@SpectReckyaup @PlayCODMobile It will come true if you do the magic ✨🪄,SpectReckyaup,0,1,0,0,0
159,60,1660879147168587781,"My First Ever Gulag Win! 
https://t.co/lnQDCBR2XZ

#mw2 #callofduty #mwii #gulag #win #clips",**this tweet had been deleted or hidden**,0,0,0,0,0
160,61,1598321814811574273,"What if Cod Mobile Season 7 will be themed on ""Ghost Unite"" where all ghosts and all characters unite to stop Mythic Templar and specter rise 👀

It will crush all the other games and make codm superior 😱

Dropping a concept trailer tomorrow
Subscribe my channel 
@PlayCODMobile",PlayCODMobile,0,0,1,0,0
161,62,1452849017260363786,@Speedy_CODM @Aj_Gamervers1 @backupshadow11 @CODMSkinners @CosmoPlayzGG @PlayCODMobile @BobbySpams @BoomtheGrinder @BROKEN01BR https://t.co/w5C6bnkBil,Speedy_CODM,0,1,3,0,0
162,63,1660879147168587781,"If you ever wanna find #exploiters in COD, Go play 12v12 Search &amp; Destroy. Here's my W. (without cheats, of course.)
https://t.co/Ph98PfW7Eo

#callofduty #searchanddestroy #mw2 #mwii #clips",**this tweet had been deleted or hidden**,0,0,0,0,0
163,64,1660879147168587781,"If you ever wanna find #exploiters in COD, Go play 12v12 Search &amp; Destroy. Here's a clip of me getting a really cool kill with my kodachis.
https://t.co/kw0R1PIeqY

#callofduty #mw2 #clips",**this tweet had been deleted or hidden**,0,0,0,0,0
164,65,1259658815034683393,"今日のDMZ。味方が強い人で任務もどんどんやる人たちだったから助かった所存
SRも凸砂気味の扱いはBOT相手なら慣れてきたかも（アーマー兵は一番上のはどうしようもないけど
最後脱出ヘリ乗ろうかとしたら仲間に押されて落下しちゃったけどこれは仕方ない
#CoD #MW2 #MWII #LiveroiD https://t.co/zAIvmol3NF",**this tweet had been deleted or hidden**,0,0,0,0,0
165,66,1495217118740107271,@codmcomics @PlayCODMobile You,codmcomics,0,0,0,0,0
166,67,1495217118740107271,@codmcomics @PlayCODMobile 🤣🤣🤣 I'm not carrying you then rewarding yoi,codmcomics,0,0,1,0,0
167,68,1495217118740107271,@Roger_is_me @PlayCODMobile Of course bro,Roger_is_me,0,1,1,0,0
168,69,1298166861469822976,RT @WaxExpensive: We are back from camping. I miss you. #warzone #CallofDuty #vondel #AshikaIsland #MW2 #twitchstreamer #SupportSmallStream…,WaxExpensive,8,0,0,0,0
169,70,1513900029190279182,"RT @Unholykazoo: Compiled all my König sketches into one photo

#konig #König #mw2 #digitalart #CallofDuty https://t.co/AtOeqXOJtw",Unholykazoo,18,0,0,0,0
170,71,1513900029190279182,"RT @caroaart: ”Quiet, Prinzessin”
#CallofDuty #König #Konig #MWII #MW2 https://t.co/hvRIP169AU",caroaart,213,0,0,0,0
171,72,1513900029190279182,"RT @lexiissgone: quick warm up in 20 mins with him..........??????

[#Konig #CallofDuty #MWII #art #WIP ] https://t.co/CHy5cvziIw",lexiissgone,15,0,0,0,0
172,73,2252258618,"RT @OfficialCoDHub: The MW2 Jaguar Warrior bundle has been branded as an offensive 'money grab' from Infinity Ward

#CallofDuty | #ModernWa…",OfficialCoDHub,2,0,0,0,0
173,74,3201906934,RT @TaskForceLimg: Looks like they're adding daily login rewards to #Callofduty. #MWII #Warzone https://t.co/Ps6jBxJsqB,TaskForceLimg,80,0,0,0,0
174,75,1577861346342965252,"RT @loneghostwolf88: 💀💞
#simonghostriley #CoDGhost #CallofDuty #3DRender  #MWII https://t.co/QsZDciE6lE",loneghostwolf88,111,0,0,0,0
175,76,1569441205179633667,La stream è LIVE! Presidente?? https://t.co/DN83TNWzRq #callofduty #warzone2 #callofdutywarzone2 #gameplay #battleroyale #twitch #twitchstreamer #twitchclips #highlights #highlight #xbox #XboxSeriesX,**this tweet had been deleted or hidden**,0,0,0,0,0
176,77,1512095039631106059,@PlayCODMobile why does no one translate to the deaf when the world champions are on I feel like everyone forgets them and it's not fair on them,PlayCODMobile,1,2,1,0,0
177,78,144446933,This Task Force drops headfirst into danger in the #Warzone. Though sometimes it's purely because of a certain someone that shouldn't be allowed to drive... @edpsocialmedia #CallofDutyWarzone2 #CallofDutyModernWarfareII #CallofDuty #COD #Warzone2 #gaming https://t.co/aglOzSyYbz,edpsocialmedia,0,0,1,0,0
178,79,1003436140446273536,"RT @_Eidetic_: We ll show them all
#konig #konigmw2 #konigcod #konigcosplay #cod #callofduty #mw2 #modernwarfare #modernwarfare2 #fyp #cods…",_Eidetic_,19,0,0,0,0
179,80,1626459781794856961,"RT @yumecore: #CallofDuty #MWII #MW2 
#SimonGhostRiley 🖤 https://t.co/4I9R0Czd7L",yumecore,112,0,0,0,0
180,81,1459770440893837312,"RT @yumecore: #CallofDuty #MWII #MW2 
#SimonGhostRiley 🖤 https://t.co/4I9R0Czd7L",yumecore,112,0,0,0,0
181,82,1562742291525033985,"RT @yumecore: #CallofDuty #MWII #MW2 
#SimonGhostRiley 🖤 https://t.co/4I9R0Czd7L",yumecore,112,0,0,0,0
182,83,1315854217899171840,"RT @raiderCODM: I smell a….

GIVEAWAY!  Stay tuned!",raiderCODM,23,0,0,0,0
183,84,1331546589647794176,Who's playing call of duty and likes new upade and maps #CallofDuty #MW2,**this tweet had been deleted or hidden**,0,0,0,0,0
184,85,1177620507908132869,"@PlayCODMobile What do you guys think about a feature that allows hiding or selling credits skins, charms, characters, stickers,.... After 3 years of playing the game I have a lot of things and it makes me confused when I filter out the ones. what i really like",PlayCODMobile,0,0,0,0,0
185,86,1371388762400423939,"RT @yumecore: #CallofDuty #MWII #MW2 
#SimonGhostRiley 🖤 https://t.co/4I9R0Czd7L",yumecore,112,0,0,0,0
186,87,1674355810736959489,@iamchandansahoo @PlayCODMobile @CrashBandicoot I got hacked too it was this lady denzelcybertec ON INSTAGRAM that helped me recover back my account  when it got hacked you should check her out too on instagram .,iamchandansahoo,0,0,0,0,0
187,88,1388501,@RealThunder402 It’s a banger because that shit is a free download from psn. Of course something that you didn’t have to pay for is gonna be fun. I paid $89 for that piece of shit MW2 remake that I haven’t played in months. Fuck @Activision fuck @CallofDuty they took a shit in the community,RealThunder402,0,0,0,0,0
188,89,1258149849087778819,"RT @_Eidetic_: We ll show them all
#konig #konigmw2 #konigcod #konigcosplay #cod #callofduty #mw2 #modernwarfare #modernwarfare2 #fyp #cods…",_Eidetic_,19,0,0,0,0
189,90,4269369928,just finished the campaign mixed feelings on execution but i liked the story itself and Bo1 and MW2 were my childhood so it was also a nostalgia trip for me a bit but i can’t play MP because activision doesn’t update shit so their fucking online component is compromised https://t.co/stwkGRKB4W,**this tweet had been deleted or hidden**,0,0,0,0,0
190,91,40053163,RT @BulletSweats: 🙏Thank yinz for hanging in the basement with us last night!  🙏Couldn't play #Vondel because @Activision @RavenSoftware un…,BulletSweats,1,0,0,0,0
191,92,833287944286982145,"RT @ModenasHD: Obsidian camo is back... but it's not what you can think.
Infinity Ward is re-using the Obsidian Camo from MW19 as a texture…",ModenasHD,14,0,0,0,0
192,93,1221000473735462912,RT @l0zdawg: @CallofDuty i’m begging you take black gold map out of mw2 forever NOBODY likes it.,l0zdawg,1,0,0,0,0
193,94,1605020275388588033,"BREAKING NEWS‼️An Unhinged Uncontrollable Demon Slayer Is On The Loose In The DMZ Today, The Destruction Is Being Live Brodcast on @KickStreaming - https://t.co/tO5xkJUiSl ⬅️ Beware This Is Graphic Content Viewer Discretion Is Advised‼️ #KOOPATROOP #Warzone2 #KickStreamer #DMZ",KickStreaming,1,0,3,0,0
194,95,1562879200272338944,"RT @yumecore: The slightest bend of his arm straightens te folds of his shirt to reveal his bicep :3
#CallofDuty #MW2 #SimonGhostRiley http…",yumecore,38,0,0,0,0
195,96,54246234,RT @WaxExpensive: We are back from camping. I miss you. #warzone #CallofDuty #vondel #AshikaIsland #MW2 #twitchstreamer #SupportSmallStream…,WaxExpensive,8,0,0,0,0
196,97,1510345697215754247,LETS GOOOOO! delete your dlc and let’s get down! #revival #CallofDuty #blackops2 #xbox #pc #HaloInfinite #iPhone #cod #mw2 #wz2 https://t.co/eMNH3WE7wG,**this tweet had been deleted or hidden**,0,0,0,0,0
197,98,1496890326946099202,"🙏Thank yinz for hanging in the basement with us last night!  🙏Couldn't play #Vondel because @Activision @RavenSoftware unnecessarily rotate the playlists💩, but we still had fun, and dominated #MW2 MP.  Back on Sunday for more #Warzone2 action!  We hope to see you then!👊🎮 https://t.co/reM9ylefS1",Activision,1,0,2,0,0
198,99,1204488162539651073,"RT @yumecore: #CallofDuty #MWII #MW2 
#SimonGhostRiley 🖤 https://t.co/4I9R0Czd7L",yumecore,112,0,0,0,0
199,0,940213707929505793,"Literally scrolling through the replies of this post and I saw at most probably a handful of people saying Modern Warfare II (2022).

Proof that yet again every other CoD is far better than MWII and all this franchise is here for now is to be a cash cow milked dry by Activision. https://t.co/2JduiVmrov",**this tweet had been deleted or hidden**,0,0,0,0,0
200,1,1566482150358011904,"RT @BettyBRenders: Hola Papi 😏

#Alejandro #alejandrovargas #ElPapi #AlejandroMW2 #MW2 #MWII #CallofDutyModernWarfare2 #CallofDuty https://…",BettyBRenders,155,0,0,0,0
201,2,1451280770023272452,RT @TaskForceLimg: Looks like they're adding daily login rewards to #Callofduty. #MWII #Warzone https://t.co/Ps6jBxJsqB,TaskForceLimg,80,0,0,0,0
202,3,1147060101313945610,"RT @SoyDirty: 🚨NUEVO VÍDEO🚨
Gracias a ti @MrxSoki salió este humilde gameplay.

#warzone #warzone2 #CallofDuty #ModernWarfare2 
https://t.c…",SoyDirty,2,0,0,0,0
203,4,942849389164486659,"🚨 BREAKING:

Crimsix is coming out of retirement to become the new Main AR on Atlanta FaZe! 🔥

This has prompted OpTic Texas to DROP Dashy and Shotzzy so Scump, Methodz, Karma, and BigTymer can come out of retirement to play for the Greenwall 🧱

(Per sources) #CDL2023",**this tweet had been deleted or hidden**,2,0,7,0,0
204,5,1544020263226015759,"RT @artimaaaeus: simon w/o trauma is prolly very flirtatious
---
#CallofDuty #MWII #MW2 #Ghost https://t.co/CELOykoKiU",artimaaaeus,518,0,0,0,0
205,6,1204276496908668928,RT @TaskForceLimg: Looks like they're adding daily login rewards to #Callofduty. #MWII #Warzone https://t.co/Ps6jBxJsqB,TaskForceLimg,80,0,0,0,0
206,7,1482886176767983616,"RT @HellishDraws: Pride month may be over.. but that doesn’t stop me from feeding y’all trans Soap 
#GhostSoap #CallOfDuty #MW2 https://t.c…",HellishDraws,347,0,0,0,0
207,8,1220054389299318784,"RT @HellishDraws: Pride month may be over.. but that doesn’t stop me from feeding y’all trans Soap 
#GhostSoap #CallOfDuty #MW2 https://t.c…",HellishDraws,347,0,0,0,0
208,9,34235457,"Streaming Call of Duty stuff right now and maybe some Diablo 4.

Trovo - https://t.co/jfPqXAfDCj
Kick - https://t.co/3yjr45Royp
YouTubes - https://t.co/yiS5WooVyH

#diablo4 #warzone2 #callofduty #modernwarfare2 #ModernWarfareII https://t.co/ifczSbZLzj",**this tweet had been deleted or hidden**,0,0,1,0,0
209,10,1416922100133105669,"RT @BettyBRenders: Hola Papi 😏

#Alejandro #alejandrovargas #ElPapi #AlejandroMW2 #MW2 #MWII #CallofDutyModernWarfare2 #CallofDuty https://…",BettyBRenders,155,0,0,0,0
210,11,1362405450625519619,When is @PlayCODMobile gonna add the claw to the store so I can finally have it as my operator 🥲🥲🥲,PlayCODMobile,0,1,0,0,0
211,12,1308826884738887680,"RT @loneghostwolf88: one more render from the latest little render session with Ghost 💀
#simonghostriley #CoDGhost #CallofDuty #3DRender #M…",loneghostwolf88,278,0,0,0,0
212,13,1447763556104081411,"RT @artimaaaeus: simon w/o trauma is prolly very flirtatious
---
#CallofDuty #MWII #MW2 #Ghost https://t.co/CELOykoKiU",artimaaaeus,518,0,0,0,0
213,14,1370417144052260867,"RT @HellishDraws: Pride month may be over.. but that doesn’t stop me from feeding y’all trans Soap 
#GhostSoap #CallOfDuty #MW2 https://t.c…",HellishDraws,347,0,0,0,0
214,15,34235457,Polyatomic grind and some other stuff #diablo4 #warzone2 #callofduty #modernwarfare2 #modernwarfareII https://t.co/zLhCmjFrCa,**this tweet had been deleted or hidden**,0,0,0,0,0
215,16,1733674698,"RT @artimaaaeus: simon w/o trauma is prolly very flirtatious
---
#CallofDuty #MWII #MW2 #Ghost https://t.co/CELOykoKiU",artimaaaeus,518,0,0,0,0
216,17,913442078088155142,"RT @artimaaaeus: simon w/o trauma is prolly very flirtatious
---
#CallofDuty #MWII #MW2 #Ghost https://t.co/CELOykoKiU",artimaaaeus,518,0,0,0,0
217,18,1624293037932175360,"RT @artimaaaeus: simon w/o trauma is prolly very flirtatious
---
#CallofDuty #MWII #MW2 #Ghost https://t.co/CELOykoKiU",artimaaaeus,518,0,0,0,0
218,19,1493370268294680577,"RT @artimaaaeus: simon w/o trauma is prolly very flirtatious
---
#CallofDuty #MWII #MW2 #Ghost https://t.co/CELOykoKiU",artimaaaeus,518,0,0,0,0
219,20,1321096622227525639,"RT @HellishDraws: Pride month may be over.. but that doesn’t stop me from feeding y’all trans Soap 
#GhostSoap #CallOfDuty #MW2 https://t.c…",HellishDraws,347,0,0,0,0
220,21,1483878507461713923,"@snowmizz @_AT3_ @Asschikaisland @TheGhostOfHope @charlieINTEL @CallofDuty You think MW2019 is a good game,if that person liked MW2 2022,you shouldn’t be talking",snowmizz,0,1,2,0,0
221,22,1500011222284259331,"RT @HellishDraws: Pride month may be over.. but that doesn’t stop me from feeding y’all trans Soap 
#GhostSoap #CallOfDuty #MW2 https://t.c…",HellishDraws,347,0,0,0,0
222,23,1318718547175026692,RT @loneghostwolf88: It's been a while but I worked  a little more on my Shadow Company OC's outfit. I tried to put together of a shadow co…,loneghostwolf88,5,0,0,0,0
223,24,1651592598329409536,"RT @artimaaaeus: simon w/o trauma is prolly very flirtatious
---
#CallofDuty #MWII #MW2 #Ghost https://t.co/CELOykoKiU",artimaaaeus,518,0,0,0,0
224,25,896563383851335680,"RT @artimaaaeus: simon w/o trauma is prolly very flirtatious
---
#CallofDuty #MWII #MW2 #Ghost https://t.co/CELOykoKiU",artimaaaeus,518,0,0,0,0
225,26,1637010977710551040,"RT @remintiy: i recreated the effect from mw2 season 4 trailer but replaced every character with soap mactavish

#callofduty #soapmactavish…",remintiy,346,0,0,0,0
226,27,1340700336575705088,"RT @HellishDraws: Pride month may be over.. but that doesn’t stop me from feeding y’all trans Soap 
#GhostSoap #CallOfDuty #MW2 https://t.c…",HellishDraws,347,0,0,0,0
227,28,846273620347277312,"RT @artimaaaeus: simon w/o trauma is prolly very flirtatious
---
#CallofDuty #MWII #MW2 #Ghost https://t.co/CELOykoKiU",artimaaaeus,518,0,0,0,0
228,29,1387837127333978112,"RT @HellishDraws: Pride month may be over.. but that doesn’t stop me from feeding y’all trans Soap 
#GhostSoap #CallOfDuty #MW2 https://t.c…",HellishDraws,347,0,0,0,0
229,30,1347360162852581377,"RT @loneghostwolf88: one more render from the latest little render session with Ghost 💀
#simonghostriley #CoDGhost #CallofDuty #3DRender #M…",loneghostwolf88,278,0,0,0,0
230,31,1566148639877120002,"RT @loneghostwolf88: one more render from the latest little render session with Ghost 💀
#simonghostriley #CoDGhost #CallofDuty #3DRender #M…",loneghostwolf88,278,0,0,0,0
231,32,1596565411839049728,"RT @artimaaaeus: simon w/o trauma is prolly very flirtatious
---
#CallofDuty #MWII #MW2 #Ghost https://t.co/CELOykoKiU",artimaaaeus,518,0,0,0,0
232,33,3380657247,"RT @artimaaaeus: simon w/o trauma is prolly very flirtatious
---
#CallofDuty #MWII #MW2 #Ghost https://t.co/CELOykoKiU",artimaaaeus,518,0,0,0,0
233,34,1657958318998970368,"RT @yumecore: #CallofDuty #MWII #MW2 
#SimonGhostRiley 🖤 https://t.co/4I9R0Czd7L",yumecore,112,0,0,0,0
234,35,3403222337,"RT @artimaaaeus: simon w/o trauma is prolly very flirtatious
---
#CallofDuty #MWII #MW2 #Ghost https://t.co/CELOykoKiU",artimaaaeus,518,0,0,0,0
235,36,1624236141103796226,"RT @HellishDraws: Pride month may be over.. but that doesn’t stop me from feeding y’all trans Soap 
#GhostSoap #CallOfDuty #MW2 https://t.c…",HellishDraws,347,0,0,0,0
236,37,2571988638,"@hatelifeG69 @thabignutt @CoD_Perseus I ain't play bo4, buddy you play mw2 no point in telling you about good cod gameplay",hatelifeG69,0,1,1,0,0
237,38,1639432403746979840,"RT @HellishDraws: Pride month may be over.. but that doesn’t stop me from feeding y’all trans Soap 
#GhostSoap #CallOfDuty #MW2 https://t.c…",HellishDraws,347,0,0,0,0
238,39,1070731677100584961,"RT @artimaaaeus: simon w/o trauma is prolly very flirtatious
---
#CallofDuty #MWII #MW2 #Ghost https://t.co/CELOykoKiU",artimaaaeus,518,0,0,0,0
239,40,1569427211484020736,"RT @HellishDraws: Pride month may be over.. but that doesn’t stop me from feeding y’all trans Soap 
#GhostSoap #CallOfDuty #MW2 https://t.c…",HellishDraws,347,0,0,0,0
240,41,1625428126661582848,"RT @xbruised_peachx: polska gurom💪🇵🇱
#Gromsko #GromskoMW2 #CallofDuty #MWII https://t.co/rrUof8drXu",xbruised_peachx,31,0,0,0,0
241,42,839046199768297472,"現在Twitchでライブ配信中 - https://t.co/rwDTHuruIDで視聴できます

cod mw2

DMZ タスク進める",**this tweet had been deleted or hidden**,0,0,0,0,0
242,43,1654539067231551490,"RT @NVS_Shcrade: Who wants to play for the @NVSofficialGG NA Comp team!?
RT + REPLY and i might have a spot for you!!!
#cdl2023 #CDLacademy…",NVS_Shcrade,6,0,0,0,0
243,44,558118934,"RT @artimaaaeus: simon w/o trauma is prolly very flirtatious
---
#CallofDuty #MWII #MW2 #Ghost https://t.co/CELOykoKiU",artimaaaeus,518,0,0,0,0
244,45,1353362772118016001,"RT @loneghostwolf88: one more render from the latest little render session with Ghost 💀
#simonghostriley #CoDGhost #CallofDuty #3DRender #M…",loneghostwolf88,278,0,0,0,0
245,46,1460055357246615558,"RT @lazaruskiller: i lob them.

💗 #ghost #könig #simonriley #simonghostriley #konig #Koenigmw2 #ghostmw2 #MWII #mw2 #3drender #callofduty #…",lazaruskiller,82,0,0,0,0
246,47,1087934441161412610,"RT @HellishDraws: Pride month may be over.. but that doesn’t stop me from feeding y’all trans Soap 
#GhostSoap #CallOfDuty #MW2 https://t.c…",HellishDraws,347,0,0,0,0
247,48,19997877,"RT @BettyBRenders: Hola Papi 😏

#Alejandro #alejandrovargas #ElPapi #AlejandroMW2 #MW2 #MWII #CallofDutyModernWarfare2 #CallofDuty https://…",BettyBRenders,155,0,0,0,0
248,49,1258149849087778819,"RT @HellishDraws: Pride month may be over.. but that doesn’t stop me from feeding y’all trans Soap 
#GhostSoap #CallOfDuty #MW2 https://t.c…",HellishDraws,347,0,0,0,0
249,50,932500080858341376,"RT @loneghostwolf88: one more render from the latest little render session with Ghost 💀
#simonghostriley #CoDGhost #CallofDuty #3DRender #M…",loneghostwolf88,278,0,0,0,0
250,51,1460055357246615558,"RT @lazaruskiller: decided to switch up the dynamic for once 🤭

🌿

#ghost #könig #simonriley #simonghostriley #konig #Koenigmw2 #ghostmw2 #…",lazaruskiller,107,0,0,0,0
251,52,1231517589853134848,"RT @artimaaaeus: simon w/o trauma is prolly very flirtatious
---
#CallofDuty #MWII #MW2 #Ghost https://t.co/CELOykoKiU",artimaaaeus,518,0,0,0,0
252,53,1569462402961518592,RT @KreationIsKey: Some of my COD Thumbnails that vie worked for the montage scene. Hmu if you want 3D Text Thumbnails and we can talk Pric…,KreationIsKey,4,0,0,0,0
253,54,19757511,"RT @HellishDraws: Pride month may be over.. but that doesn’t stop me from feeding y’all trans Soap 
#GhostSoap #CallOfDuty #MW2 https://t.c…",HellishDraws,347,0,0,0,0
254,55,1458849751126970369,WARZONE LIVE ON A FRIDAY!!! 🔥 #callofduty #warzone2 #ps5 #live #youtube ... https://t.co/4R7htfl3cB via @YouTube #viral,YouTube,0,0,0,0,0
255,56,160844329,"どっかのハッカーのおかげでおいちゃんのお仕事　3日も止められて　動画編集何処じゃ無く 「おっさんが下手でも頑張るMW2 」UP出来ないかもです　チャンネル登録者様　申し訳ごさいません🙇‍♂️
本日のお仕事が何時に終われるのかですが　出来る限りUPしたいと思います(￣(工)￣)ゞ #MW2  #DMZ #YouTube",**this tweet had been deleted or hidden**,0,0,1,0,0
256,57,1505568417646006273,"RT @loneghostwolf88: one more render from the latest little render session with Ghost 💀
#simonghostriley #CoDGhost #CallofDuty #3DRender #M…",loneghostwolf88,278,0,0,0,0
257,58,1189031555265683456,"RT @artimaaaeus: simon w/o trauma is prolly very flirtatious
---
#CallofDuty #MWII #MW2 #Ghost https://t.co/CELOykoKiU",artimaaaeus,518,0,0,0,0
258,59,2328978614,"RT @artimaaaeus: simon w/o trauma is prolly very flirtatious
---
#CallofDuty #MWII #MW2 #Ghost https://t.co/CELOykoKiU",artimaaaeus,518,0,0,0,0
259,60,1246455816552509445,"RT @BettyBRenders: Hola Papi 😏

#Alejandro #alejandrovargas #ElPapi #AlejandroMW2 #MW2 #MWII #CallofDutyModernWarfare2 #CallofDuty https://…",BettyBRenders,155,0,0,0,0
260,61,1677164987830108161,"RT @HellishDraws: Pride month may be over.. but that doesn’t stop me from feeding y’all trans Soap 
#GhostSoap #CallOfDuty #MW2 https://t.c…",HellishDraws,347,0,0,0,0
261,62,1582131368745648142,"RT @HellishDraws: Pride month may be over.. but that doesn’t stop me from feeding y’all trans Soap 
#GhostSoap #CallOfDuty #MW2 https://t.c…",HellishDraws,347,0,0,0,0
262,63,1329893727008133128,"RT @BettyBRenders: Hola Papi 😏

#Alejandro #alejandrovargas #ElPapi #AlejandroMW2 #MW2 #MWII #CallofDutyModernWarfare2 #CallofDuty https://…",BettyBRenders,155,0,0,0,0
263,64,1565702232544366595,"RT @artimaaaeus: simon w/o trauma is prolly very flirtatious
---
#CallofDuty #MWII #MW2 #Ghost https://t.co/CELOykoKiU",artimaaaeus,518,0,0,0,0
264,65,2328978614,"RT @loneghostwolf88: one more render from the latest little render session with Ghost 💀
#simonghostriley #CoDGhost #CallofDuty #3DRender #M…",loneghostwolf88,278,0,0,0,0
265,66,1124173475311177733,"RT @artimaaaeus: simon w/o trauma is prolly very flirtatious
---
#CallofDuty #MWII #MW2 #Ghost https://t.co/CELOykoKiU",artimaaaeus,518,0,0,0,0
266,67,1329893727008133128,"RT @artimaaaeus: simon w/o trauma is prolly very flirtatious
---
#CallofDuty #MWII #MW2 #Ghost https://t.co/CELOykoKiU",artimaaaeus,518,0,0,0,0
267,68,969472231511175168,"RT @AjaxTVGaming: LIVE RIGHT NOW ON #KICK!!

PLAYING #WARZONE2 W/THE BOYS!

https://t.co/pboDUGHfgt
https://t.co/pboDUGHfgt

AFFILIATE-(58/…",AjaxTVGaming,1,0,0,0,0
268,69,1479575560917594113,@SpectReckyaup @PlayCODMobile In down after I complete last gen bo3 Easter eggs for Xbox 360,SpectReckyaup,0,0,1,0,0
269,70,942465596,"RT @HellishDraws: Pride month may be over.. but that doesn’t stop me from feeding y’all trans Soap 
#GhostSoap #CallOfDuty #MW2 https://t.c…",HellishDraws,347,0,0,0,0
270,71,1551065172755693569,"RT @artimaaaeus: simon w/o trauma is prolly very flirtatious
---
#CallofDuty #MWII #MW2 #Ghost https://t.co/CELOykoKiU",artimaaaeus,518,0,0,0,0
271,72,1250573387963011077,"LIVE RIGHT NOW ON #KICK!!

PLAYING #WARZONE2 W/THE BOYS!

https://t.co/pboDUGHfgt
https://t.co/pboDUGHfgt

AFFILIATE-(58/75)

#gfuel #gfuelenergy #KickStreaming #KickStreamer #callofduty #warzone #smallstreamer @GFuelEnergy @KickStreaming",GFuelEnergy,1,0,3,0,0
272,73,1671781677486555138,"Some of my COD Thumbnails that vie worked for the montage scene. Hmu if you want 3D Text Thumbnails and we can talk Prices!!

❤️+♻️'s are greatly appreciated!!

#codthumbnail #MW2 #MWII #thumbnail #Montagethumbnail #CallofDuty #edits https://t.co/UIKMYm6icO",**this tweet had been deleted or hidden**,4,0,10,0,0
273,74,551375175,RT @CallofDuty: 2XP is now live for 24 hours in Call of Duty #Warzone and #MWII 🔥🔥 https://t.co/4yFU9rgfxN,CallofDuty,119,0,0,0,0
274,75,1620130220056403968,"RT @artimaaaeus: simon w/o trauma is prolly very flirtatious
---
#CallofDuty #MWII #MW2 #Ghost https://t.co/CELOykoKiU",artimaaaeus,518,0,0,0,0
275,76,1624236141103796226,"RT @artimaaaeus: simon w/o trauma is prolly very flirtatious
---
#CallofDuty #MWII #MW2 #Ghost https://t.co/CELOykoKiU",artimaaaeus,518,0,0,0,0
276,77,1670480592616542208,Le double XP est maintenant LIVE sur MWII et WARZONE 2 pour 24 H ! https://t.co/LMZCLyETuS,**this tweet had been deleted or hidden**,0,0,0,0,0
277,78,1415481519045373952,"RT @artimaaaeus: simon w/o trauma is prolly very flirtatious
---
#CallofDuty #MWII #MW2 #Ghost https://t.co/CELOykoKiU",artimaaaeus,518,0,0,0,0
278,79,1151918378992295936,"RT @BettyBRenders: Hola Papi 😏

#Alejandro #alejandrovargas #ElPapi #AlejandroMW2 #MW2 #MWII #CallofDutyModernWarfare2 #CallofDuty https://…",BettyBRenders,155,0,0,0,0
279,80,1124173475311177733,"RT @HellishDraws: Pride month may be over.. but that doesn’t stop me from feeding y’all trans Soap 
#GhostSoap #CallOfDuty #MW2 https://t.c…",HellishDraws,347,0,0,0,0
280,81,1385990668191997955,"RT @HellishDraws: Pride month may be over.. but that doesn’t stop me from feeding y’all trans Soap 
#GhostSoap #CallOfDuty #MW2 https://t.c…",HellishDraws,347,0,0,0,0
281,82,2150249967,"Playing some Shipment, come chop it up with me 😊

https://t.co/APBRbBSS5b

#CallofDuty #CallofDutyModernWarfare2 #ModernWarfare2 #ModernWarfareII #MW2 #MWII #kick #KickStreamer #KickStreaming #KickAffiliate #smallstreamer #smallstreamers #SmallStreamersCommunity #gamingcommunity",**this tweet had been deleted or hidden**,0,0,2,0,0
282,83,2251172638,"RT @BettyBRenders: Hola Papi 😏

#Alejandro #alejandrovargas #ElPapi #AlejandroMW2 #MW2 #MWII #CallofDutyModernWarfare2 #CallofDuty https://…",BettyBRenders,155,0,0,0,0
283,84,1155417368069324801,"RT @HellishDraws: Pride month may be over.. but that doesn’t stop me from feeding y’all trans Soap 
#GhostSoap #CallOfDuty #MW2 https://t.c…",HellishDraws,347,0,0,0,0
284,85,781913539799818240,RT @CallofDuty: 2XP is now live for 24 hours in Call of Duty #Warzone and #MWII 🔥🔥 https://t.co/4yFU9rgfxN,CallofDuty,119,0,0,0,0
285,86,1024429613034991618,"RT @artimaaaeus: simon w/o trauma is prolly very flirtatious
---
#CallofDuty #MWII #MW2 #Ghost https://t.co/CELOykoKiU",artimaaaeus,518,0,0,0,0
286,87,1617505926004490240,"RT @HellishDraws: Pride month may be over.. but that doesn’t stop me from feeding y’all trans Soap 
#GhostSoap #CallOfDuty #MW2 https://t.c…",HellishDraws,347,0,0,0,0
287,88,1328846332170293248,"RT @artimaaaeus: simon w/o trauma is prolly very flirtatious
---
#CallofDuty #MWII #MW2 #Ghost https://t.co/CELOykoKiU",artimaaaeus,518,0,0,0,0
288,89,843227897720594432,"RT @artimaaaeus: simon w/o trauma is prolly very flirtatious
---
#CallofDuty #MWII #MW2 #Ghost https://t.co/CELOykoKiU",artimaaaeus,518,0,0,0,0
289,90,1276997562864721921,"RT @yumecore: #CallofDuty #MWII #MW2 
#SimonGhostRiley 🖤 https://t.co/4I9R0Czd7L",yumecore,112,0,0,0,0
290,91,1435662327404240899,"RT @HellishDraws: Pride month may be over.. but that doesn’t stop me from feeding y’all trans Soap 
#GhostSoap #CallOfDuty #MW2 https://t.c…",HellishDraws,347,0,0,0,0
291,92,1231158146330062848,"RT @yumecore: The slightest bend of his arm straightens te folds of his shirt to reveal his bicep :3
#CallofDuty #MW2 #SimonGhostRiley http…",yumecore,38,0,0,0,0
292,93,1645912886085025792,"RT @BettyBRenders: Hola Papi 😏

#Alejandro #alejandrovargas #ElPapi #AlejandroMW2 #MW2 #MWII #CallofDutyModernWarfare2 #CallofDuty https://…",BettyBRenders,155,0,0,0,0
293,94,961958869147664384,"RT @artimaaaeus: simon w/o trauma is prolly very flirtatious
---
#CallofDuty #MWII #MW2 #Ghost https://t.co/CELOykoKiU",artimaaaeus,518,0,0,0,0
294,95,1512144494304579589,RT @PressuredGYT: Looking for Cod players and Fortnite players send us a message if you interested! #mw2 #callofduty #FortniteChapter4Seaso…,PressuredGYT,9,0,0,0,0
295,96,1525281183759671296,"https://t.co/RjsQ5wnvtx
For the full video click the link above my lovelies!!! 
#tiktok #gamergirl #FYP #contentcreators are the best. 
#threads #instagram #CallofDuty #CoD #MW2 https://t.co/GKMtxQXZ8p",**this tweet had been deleted or hidden**,0,0,2,1,0
296,97,1497251074108968971,"RT @HellishDraws: Pride month may be over.. but that doesn’t stop me from feeding y’all trans Soap 
#GhostSoap #CallOfDuty #MW2 https://t.c…",HellishDraws,347,0,0,0,0
297,98,1449820662932066305,"RT @artimaaaeus: simon w/o trauma is prolly very flirtatious
---
#CallofDuty #MWII #MW2 #Ghost https://t.co/CELOykoKiU",artimaaaeus,518,0,0,0,0
298,99,2251172638,"RT @HellishDraws: Pride month may be over.. but that doesn’t stop me from feeding y’all trans Soap 
#GhostSoap #CallOfDuty #MW2 https://t.c…",HellishDraws,347,0,0,0,0
