,author_id,text,username,retweet,reply,like,quote,bookmark
0,1657660762729648128,"@Ohsniped999 @Moolooll @RealBobbyPlays @MineyCODM lmao di*kriding cuz of paid skins hahhahahah this is just getting embarrassing. lets see if u criticize the moment/gameplay like u do with mw2/wz, i'm gonna bet a million, u wont",Ohsniped999,0,0,0,0,0
1,1437108307962044424,@CallofDuty Reveal MWIII. MWII is shit.,CallofDuty,0,0,0,0,0
2,1458427154039967748,"RT @loneghostwolf88: We know König is tall enough to play Basketball 
#CoDKönig #CallofDuty #3DRender  #MWII https://t.co/miic5gpvgH",loneghostwolf88,207,0,0,0,0
3,1663670618150121483,RT @loneghostwolf88: Inspired by @roachp0t Ghost &amp; Riley series and with their permission here my little contribution because I love seeing…,loneghostwolf88,106,0,0,0,0
4,1195073765861928961,"@CallofDuty There's no point in giving feedback on how MWII can be better. This game isn't made to satisfy us, the consumers. It was made to satisfy ATVI, and they succeeded. It is what it is.",CallofDuty,0,0,0,0,0
5,820129674034429953,"RT @h0neyaki: A slot for Soap 🧼
Who else should join? @neil_ellice #cod #CallofDuty #MW2 #codmw2 #SoapMacTavish #SoapCod https://t.co/54GAJ…",h0neyaki,37,0,0,0,0
6,1663670618150121483,"RT @loneghostwolf88: my favorite King 
#CallofDutyModernWarfare2 #CoDKönig #CallofDuty #3DRender #Rendering #Daz3D #MWII https://t.co/uovdj…",loneghostwolf88,294,0,0,0,0
7,1663670618150121483,"RT @loneghostwolf88: Just me appreciating his new model I'm using for my renders
#CoDMW2 #simonghostriley #CoDGhost #CallofDuty #3DRender…",loneghostwolf88,133,0,0,0,0
8,1663670618150121483,"RT @loneghostwolf88: We know König is tall enough to play Basketball 
#CoDKönig #CallofDuty #3DRender  #MWII https://t.co/miic5gpvgH",loneghostwolf88,207,0,0,0,0
9,1304956607751577600,"@PAVEL_CODM @PlayCODMobile But the game is terrible right now. No impactful update has released this year

Feeding them money will only make them lazier",PAVEL_CODM,0,1,0,0,0
10,1560348740703191041,"RT @loneghostwolf88: We know König is tall enough to play Basketball 
#CoDKönig #CallofDuty #3DRender  #MWII https://t.co/miic5gpvgH",loneghostwolf88,207,0,0,0,0
11,1663670618150121483,"RT @loneghostwolf88: Detective Mactavish 
#MWII  #CodSoap #CallofDuty #3DRender https://t.co/QYUOhkFzgm",loneghostwolf88,225,0,0,0,0
12,1371482961292320770,"RT @loneghostwolf88: We know König is tall enough to play Basketball 
#CoDKönig #CallofDuty #3DRender  #MWII https://t.co/miic5gpvgH",loneghostwolf88,207,0,0,0,0
13,464206622,What's going on here!? #twitch #gamer #smallstreamer #twitchstream #dadgamer #callofduty #fortnite #thedaybefore #live #DMZ #warzone2.0 #averagejoe #missions #justforfun #bot #fb.gg #youtube #scumgame #scum https://t.co/doOp8RvYAv,**this tweet had been deleted or hidden**,0,0,0,0,0
14,1485882687269179392,"RT @im_ibot: This Is How Hardpoint Went Today On Stream + The Mass Reports
-
#cod #mw2 #CallofDuty #YouTube #twitch 
-
Link: https://t.co/I…",im_ibot,1,0,0,0,0
15,1544168274849579008,"We are LIVE! Its a DAWG house in here. Don't Miss out on joining the pack!
 
#DMZ #MW2 #CODDMZ #twitch

https://t.co/dllCA9zMYi",**this tweet had been deleted or hidden**,0,0,2,0,0
16,1521417890448420865,"RT @GuanZi_YOO: 请品尝小狗
#CallofDuty #MW2 #mw2fanart #konig https://t.co/HBe97R05qj",GuanZi_YOO,122,0,0,0,0
17,727633714704945152,I’m widdowy beddow #1 #cod #CallofDuty #mwii #mw2 #sniping #sniper https://t.co/qGHdCYLM3U,**this tweet had been deleted or hidden**,0,0,0,0,0
18,284971371,@CallofDuty Why is 3rd person mode only TDM??? 3rd person mode on mw2 is legit it’s sad how you guys aren’t supporting it like you should be….,CallofDuty,0,0,0,0,0
19,1663593965809967104,"This Is How Hardpoint Went Today On Stream + The Mass Reports
-
#cod #mw2 #CallofDuty #YouTube #twitch 
-
Link: https://t.co/IcAnEMZEco https://t.co/PyvqXEZsJk",**this tweet had been deleted or hidden**,1,0,2,0,0
20,2783287969,"RT @loneghostwolf88: We know König is tall enough to play Basketball 
#CoDKönig #CallofDuty #3DRender  #MWII https://t.co/miic5gpvgH",loneghostwolf88,207,0,0,0,0
21,1442238871849160709,"RT @remix3s: 👻👻👻

#Ghost #SimonGhostRiley #mw2 #CallofDuty https://t.co/Dc81lhF0YX",remix3s,350,0,0,0,0
22,1344299414769176576,"🍀LuckShot🍀
🚨DUBZ IN THE CHAT🚨 
https://t.co/QXbQui3AkD #LuckShot #Warzone #ttv #Playstation #CallOfDuty #Rebirth #COD #PS5 #MW2 #Twitch #EnduranceEsports",**this tweet had been deleted or hidden**,0,0,1,0,0
23,173232695,@PlayCODMobile 20 mins to fellas ☺️☺️,PlayCODMobile,0,0,0,0,0
24,1157043028227268608,"RT @xbruised_peachx: Let me blow ya mind...
#Konig #König #Konigmw2 #CallofDuty #MWII https://t.co/e1dVGEasdu",xbruised_peachx,586,0,0,0,0
25,1621032577367687171,"@blitzdafur @PlayCODMobile Yes i have them..but none are equal to this one.Everyone has their own preference,you like them,everyone with white hair is equal to you but most people like it.",blitzdafur,0,1,0,0,0
26,1395244980671811587,"RT @CallofDuty: Plenty of action for every Operator 🔥 

Shoothouse, Showdown, and Kunstenaar District 24/7 and more in this week's #MWII Pl…",CallofDuty,74,0,0,0,0
27,1676722291684651008,"@PlayCODMobile  #codm #CoDMobile #Callofdutymobile Medic class, refit class Still broken above 13 seasons!!! Do we gona play 14 seasons whit the season 6??? https://t.co/fB3lo7BLRa",PlayCODMobile,0,0,0,0,0
28,1276997562864721921,"RT @h0neyaki: A slot for Soap 🧼
Who else should join? @neil_ellice #cod #CallofDuty #MW2 #codmw2 #SoapMacTavish #SoapCod https://t.co/54GAJ…",h0neyaki,37,0,0,0,0
29,1704920228,"NEW VIDEO ON THE CHANNEL SO COME THRU AND ENJOY THE VIDEO ALSO LEAVE SOME SUPPORT ON IT TOO
#MWII #YouTubers #CallofDuty 

https://t.co/qHlZXzNTv9",**this tweet had been deleted or hidden**,0,0,0,0,0
30,1282833483254034432,"RT @ItsGxnoo: - 🚨Dropped a new #MW2Ranked banger🚨
- @lAscendl &amp; I turned around the entire game from 0-2 to a 3-2 sweep😈
- @LujoKingdom 
#M…",ItsGxnoo,11,0,0,0,0
31,1657215678695325698,"RT @ZomB26: Playing MWII MattZomB!! come join me! Happy 4th! https://t.co/z9vkoLZGJu
#DMZ #ModernWarefareII #smallstreamer
#SmallStreamersC…",ZomB26,2,0,0,0,0
32,1591292115811704832,"RT @WhosGat: NEW SHORT 😭🎯

#CallofDuty
#ModernWarfareII
#MWII

https://t.co/mNvlIKjiTG",WhosGat,3,0,0,0,0
33,1276997562864721921,"RT @loneghostwolf88: We know König is tall enough to play Basketball 
#CoDKönig #CallofDuty #3DRender  #MWII https://t.co/miic5gpvgH",loneghostwolf88,207,0,0,0,0
34,1412591633032486921,"NEW SHORT 😭🎯

#CallofDuty
#ModernWarfareII
#MWII

https://t.co/mNvlIKjiTG",**this tweet had been deleted or hidden**,3,2,9,0,0
35,1280503887871516675,Confira minhas estatísticas semanais no #CallofDuty #MWII 💪 https://t.co/HcuSSU64Rm 😂😂😂🥹,**this tweet had been deleted or hidden**,0,0,0,0,0
36,876951485992644609,Check out my weekly stats in #CallofDuty #MWII 💪 https://t.co/9ZdbvGyldN,**this tweet had been deleted or hidden**,0,0,0,0,0
37,4816394819,RT @YankeeOwwww: WE’RE FOOKIN LIVE!!!!  Resurgence trios!!! Time for daddy to slap the kids around 🤣🤣🤣https://t.co/RBoBCn71lU. #Warzone2 #C…,YankeeOwwww,1,0,0,0,0
38,1339365357698560004,"RT @lexiissgone: I HAD TO REPOST IT CUZ I CAN'T CALM DOWN FUCK

[ #soapghost #GhostSoap #CallofDuty #MWII #cod #art #SoapMacTavish #ghostco…",lexiissgone,450,0,0,0,0
39,1676726790444793857,"RT @ShkretArt: I like to draw the captain a little shaggy
#CaptainPrice #MW2 #CallofDuty https://t.co/S4WxD7EtJj",ShkretArt,1317,0,0,0,0
40,3138155694,"Can't wait to re do this with the new contacts 
#konig #konigmw2 #konigcod #konigcosplay #cod #callofduty #mw2 #modernwarfare #modernwarfare2 #fyp #codsquadup #mw2022 #warzone #warzone2 #kortac https://t.co/8xe8clcOA6",**this tweet had been deleted or hidden**,4,1,84,0,2
41,1561225150061846528,"Warzone 2 LIVE! #youtube #warzone2 #callofduty
https://t.co/3tJomWXtTU",**this tweet had been deleted or hidden**,0,1,4,1,0
42,1347259857515278338,RT @PlayCODMobile: 🗡️Come for vengeance and save Sophia! Season 6 goes live tomorrow at 5PM PT 👈 https://t.co/dg8dYiMpCg,PlayCODMobile,37,0,0,0,0
43,1657660762729648128,"@Ohsniped999 @Moolooll @RealBobbyPlays @MineyCODM Still waiting....... anyway warzone mobile uses the same engine as mw2 so theoretically it should have the same modern gameplay mechanics as mw2, can't wait to see you guys start suc*ing wz mobile's co*k when that's out with the same gameplay as mw2. That's gonna be so funny lmao",Ohsniped999,0,1,0,0,0
44,1458849751126970369,Check out BACK ON ASHIKA ISLAND!! 🔥 #callofduty #warzone2 #ps5 #live #youtube #gaming https://t.co/8tT3ZNJlKS #viral,**this tweet had been deleted or hidden**,0,0,0,0,0
45,1532345732115714049,Eai qual? #codmobile @PlayCODMobile https://t.co/L6AOy9umF3,PlayCODMobile,0,1,2,0,0
46,1147060101313945610,"¿He sido suspendido del chat de Call of Duty por 14 días? Me sancionan por reportes falsos y yo siempre uso @discord para hablar con mis compañeros, ¿de que hablan @Activision?  
Esto es risa🤦‍♂️🤡 Se viene vídeo de YouTube.  #ActivisionBlizzard #Warzone2 
🤡@ATVI_AB  🤡@ATVIAssist https://t.co/ZdpHlokz8G",discord,0,4,2,1,0
47,2328978614,"RT @GuanZi_YOO: 请品尝小狗
#CallofDuty #MW2 #mw2fanart #konig https://t.co/HBe97R05qj",GuanZi_YOO,122,0,0,0,0
48,1211334425771819008,"RT @yumecore: Simon ""Ghost"" Riley
#CallofDuty #MWII #MW2 
Loove this shot  1/2 https://t.co/4wjGuWUxA1",yumecore,93,0,0,0,0
49,14199030,"Team up!! I'm now streaming on Twitch, YouTube and TikTok! Playing Modern Warfare 2 #PathtoAffiliate #MW2 #CallofDuty #CallofDutyWarzone #Vanguard #BattleRoyale #WarzonePacific #Streaming 
https://t.co/a36dbu8KtE",**this tweet had been deleted or hidden**,0,0,0,0,0
50,1472410379359854592,"RT @loneghostwolf88: We know König is tall enough to play Basketball 
#CoDKönig #CallofDuty #3DRender  #MWII https://t.co/miic5gpvgH",loneghostwolf88,207,0,0,0,0
51,4101108675,"RT @CallofDuty: Plenty of action for every Operator 🔥 

Shoothouse, Showdown, and Kunstenaar District 24/7 and more in this week's #MWII Pl…",CallofDuty,74,0,0,0,0
52,1298204584805117955,"RT @loneghostwolf88: We know König is tall enough to play Basketball 
#CoDKönig #CallofDuty #3DRender  #MWII https://t.co/miic5gpvgH",loneghostwolf88,207,0,0,0,0
53,1545150902608269316,"Dozeiro lixo, Imagina 😂 | GNOMIN | #callofduty #warzone2 #gameplay #GNOMINOFICIAL #GNOMIN #shorts #reels https://t.co/g1tJHytety",**this tweet had been deleted or hidden**,0,0,0,0,0
54,1514549763466694657,"🪤🥷👍#PS5Share, #CallofDutyModernWarfareII #vondel #warzone2 #callofduty @callofduty #mwII #mw2 @activision @playstation @infinityward #modernwarfare2 #cod https://t.co/1G0MuIeMot",CallofDuty,0,0,0,0,0
55,1118474882851975168,"RT @GuanZi_YOO: 请品尝小狗
#CallofDuty #MW2 #mw2fanart #konig https://t.co/HBe97R05qj",GuanZi_YOO,122,0,0,0,0
56,1676726790444793857,"RT @codontwt: Monday mood

#CallofDuty 
#ModernWarfare2 
#ModernWarfareII 
#MW2 
#MWII
#rodolfoparra https://t.co/ecgmKHfSEr",codontwt,52,0,0,0,0
57,312681971,"RT @CallofDuty: Plenty of action for every Operator 🔥 

Shoothouse, Showdown, and Kunstenaar District 24/7 and more in this week's #MWII Pl…",CallofDuty,74,0,0,0,0
58,1309167842638598150,Revisa mis estadísticas semanales en #CallofDuty #MWII 💪 https://t.co/J9AbzCqym7,**this tweet had been deleted or hidden**,0,0,0,0,0
59,1611005473142210561,"RT @loneghostwolf88: We know König is tall enough to play Basketball 
#CoDKönig #CallofDuty #3DRender  #MWII https://t.co/miic5gpvgH",loneghostwolf88,207,0,0,0,0
60,1676722291684651008,@TheCassiniJohn @PlayCODNews @PlayCODMobile This is a good add yes. https://t.co/iYcx322xAi https://t.co/17gN84kfIg,TheCassiniJohn,0,0,0,0,0
61,1402428768283672576,"RT @loneghostwolf88: Detective Mactavish 
#MWII  #CodSoap #CallofDuty #3DRender https://t.co/QYUOhkFzgm",loneghostwolf88,225,0,0,0,0
62,381828143,WE’RE FOOKIN LIVE!!!!  Resurgence trios!!! Time for daddy to slap the kids around 🤣🤣🤣https://t.co/RBoBCn71lU. #Warzone2 #CallofDutyModernWarfare2 #gamerdad #SupportSmallStreamers #smallstreamer #twitchstreamer #cod #CallofDuty,**this tweet had been deleted or hidden**,1,0,3,0,0
63,1585554794923626496,RT @CallofDuty: #TeamRICOCHET is thrilled to share with the community several updates to RICOCHET including the Hallucination decoy and In-…,CallofDuty,134,0,0,0,0
64,1548771710605742080,@Lobo_Jz @PlayCODMobile Y tambien que regrese la kring MTica,Lobo_Jz,0,0,0,0,0
65,1070314205641957376,Check out my weekly stats in #CallofDuty #MWII 💪 https://t.co/XK7oBF6jNS,**this tweet had been deleted or hidden**,0,0,0,0,0
66,828451839968428032,"RT @alexgscod: What LT sees 💀🖤🧼
(+nsfw variants on patreon)

#GhostSoap #SoapGhost #CallOfDuty #MW2 https://t.co/0KxKQEGblR",alexgscod,364,0,0,0,0
67,1458849751126970369,Check out BACK ON ASHIKA ISLAND!! 🔥 #callofduty #warzone2 #ps5 #live #youtube #gaming https://t.co/8tT3ZNJlKS,**this tweet had been deleted or hidden**,0,0,1,0,0
68,1044458280708239361,"RT @loneghostwolf88: We know König is tall enough to play Basketball 
#CoDKönig #CallofDuty #3DRender  #MWII https://t.co/miic5gpvgH",loneghostwolf88,207,0,0,0,0
69,610548674,Check out my weekly stats in #CallofDuty #MWII 💪 https://t.co/XgOFgrFOWD,**this tweet had been deleted or hidden**,0,0,0,0,0
70,1560811899088162817,Check out my weekly stats in #CallofDuty #MWII 💪 https://t.co/qeqH3azIyB,**this tweet had been deleted or hidden**,0,0,0,0,0
71,1304956607751577600,@Xtormiken @PlayCODMobile I have no hope for the future. This has been the worst year of codm,Xtormiken,0,0,0,0,0
72,1676644559697383424,"@Ohsniped999 hmm he's not wrong tho, if u have played both mw2 and codm its easy to recognize mw2 is a much better built game overall especially with its gameplay. codm does feel outdated compared to mw2. but it just lacks as much content",Ohsniped999,0,1,0,0,0
73,6667522,Double Skulls All The Way! @CallofDuty @InfinityWard #MW2 #DMZ #PCGaming #Xbox #PlayStation #PS4 #PS5 #CoD https://t.co/Yoda0zWZnY,CallofDuty,1,0,1,0,0
74,4816394819,"RT @xFrio_: Taking over

#MW2 #eSports #CallofDuty #gamingpc #RICOCHET #twitchstreamer #twitchaffiliate #Competition #gaming #SCRIMFINDER #…",xFrio_,1,0,0,0,0
75,4816394819,"RT @xFrio_: Locked 

#MW2 #eSports #CallofDuty #gamingpc #RICOCHET #twitchstreamer #twitchaffiliate #Competition #gaming #SCRIMFINDER #CODF…",xFrio_,1,0,0,0,0
76,1465740516360966151,"https://t.co/JlJvoq78Ac

Call of Duty Warzone 2.0 - SHIPMENT - DOMINATION

#LionHunterChannel #Warzone2 #CallofDutyWarzone #CallOfDuty #COD #игра #шутер #game #shooter #FPS #YouTube #DMZ #SOLO",**this tweet had been deleted or hidden**,0,0,0,0,0
77,3014215192,Revisa mis estadísticas semanales en #CallofDuty #MWII 💪 https://t.co/OZ5I84WzXK,**this tweet had been deleted or hidden**,0,0,0,0,0
78,1617505926004490240,"RT @GuanZi_YOO: 请品尝小狗
#CallofDuty #MW2 #mw2fanart #konig https://t.co/HBe97R05qj",GuanZi_YOO,122,0,0,0,0
79,956402256613552128,"今年の新作(COD2023)は再び「スレハンのMW3」だし見ものだな。11月に新作ってことはMW2はシーズン6まであるの？
https://t.co/JdLDLaivBl

#COD #コールオブデューティ #callofduty #CODMW2 #MW2 #CoDMWII #DMZ #warzone2 #シーズン4 #CODMW3 #MW3 https://t.co/0fwh9f0C9q",**this tweet had been deleted or hidden**,0,0,1,0,0
80,1384825462308880389,"RT @GuanZi_YOO: 请品尝小狗
#CallofDuty #MW2 #mw2fanart #konig https://t.co/HBe97R05qj",GuanZi_YOO,122,0,0,0,0
81,1048186246290460673,"@blitzdafur @PlayCODMobile Yea, but according to the community manager one of these will be on the battlepass on S7 so it's a slight change for good (but maybe will be a lame recolor)",blitzdafur,0,1,0,0,0
82,92881040,"RT @CollinsChadM: First time playing Resurgence and he got the dub! Full stream vid now up!

#CallofDuty’s ALEX Plays #MW2 &amp; #Warzone - Co-…",CollinsChadM,7,0,0,0,0
83,1308467977025720321,"RT @electrotom_: My TikTok’s doing the rounds, take a look and show it some love ❤️ https://t.co/T1Al4zXjKr #cod #callofduty #codwarzone #w…",electrotom_,2,0,0,0,0
84,1197496642586365954,"RT @loneghostwolf88: We know König is tall enough to play Basketball 
#CoDKönig #CallofDuty #3DRender  #MWII https://t.co/miic5gpvgH",loneghostwolf88,207,0,0,0,0
85,1550532599243743233,"RT @h0neyaki: A slot for Soap 🧼
Who else should join? @neil_ellice #cod #CallofDuty #MW2 #codmw2 #SoapMacTavish #SoapCod https://t.co/54GAJ…",h0neyaki,37,0,0,0,0
86,1912851924,"RT @lily_redfeels: his bug senses are tingling 🪳

#MW2 #Roach #cod #CallofDuty https://t.co/ByHL74A3kK",lily_redfeels,20,0,0,0,0
87,76331713,"RT @loneghostwolf88: We know König is tall enough to play Basketball 
#CoDKönig #CallofDuty #3DRender  #MWII https://t.co/miic5gpvgH",loneghostwolf88,207,0,0,0,0
88,1092597329646022656,"RT @loneghostwolf88: Detective Mactavish 
#MWII  #CodSoap #CallofDuty #3DRender https://t.co/QYUOhkFzgm",loneghostwolf88,225,0,0,0,0
89,1675432096733736962,"Yes, this is from our MW2 Remastered Multiplayer Mod. I hope we can get the elevators working for it 👀
#MW2 #ModernWarfare2 #CallofDuty #mw2remastered #h2m #h2mmod https://t.co/YAMMYIHF5i",**this tweet had been deleted or hidden**,4,2,28,0,0
90,896099867142926336,"RT @loneghostwolf88: Detective Mactavish 
#MWII  #CodSoap #CallofDuty #3DRender https://t.co/QYUOhkFzgm",loneghostwolf88,225,0,0,0,0
91,1634745204241494016,"RT @CallofDuty: Plenty of action for every Operator 🔥 

Shoothouse, Showdown, and Kunstenaar District 24/7 and more in this week's #MWII Pl…",CallofDuty,74,0,0,0,0
92,1643769968117309442,RT @661ave: #JohnPrice #CaptainPrice #MWII #MW2 #CallofDuty https://t.co/sdOdCzsFZS,661ave,409,0,0,0,0
93,1636132086858805249,"RT @lexiissgone: quick warm up in 20 mins with him..........??????

[#Konig #CallofDuty #MWII #art #WIP ] https://t.co/CHy5cvziIw",lexiissgone,8,0,0,0,0
94,1499125329620869121,"RT @loneghostwolf88: We know König is tall enough to play Basketball 
#CoDKönig #CallofDuty #3DRender  #MWII https://t.co/miic5gpvgH",loneghostwolf88,207,0,0,0,0
95,1458102671064305674,"RT @CallofDuty: Plenty of action for every Operator 🔥 

Shoothouse, Showdown, and Kunstenaar District 24/7 and more in this week's #MWII Pl…",CallofDuty,74,0,0,0,0
96,1508577733399527428,SEE YOU THERE!!!!!#CallofDuty #Warzone2 #CallofDutyModernWarfare @GNSxKorrupted @CallofDuty https://t.co/V6nyBGwOgm,GNSxKorrupted,0,0,0,0,0
97,1457692842,"RT @CallofDuty: Plenty of action for every Operator 🔥 

Shoothouse, Showdown, and Kunstenaar District 24/7 and more in this week's #MWII Pl…",CallofDuty,74,0,0,0,0
98,980445269128105984,"RT @CallofDuty: Plenty of action for every Operator 🔥 

Shoothouse, Showdown, and Kunstenaar District 24/7 and more in this week's #MWII Pl…",CallofDuty,74,0,0,0,0
