,text,author_id,username,retweet,reply,like,quote,bookmark
0,@CODTracker @CallofDuty Your cod tracker doesn’t even work for mw2😂,426933687,CODTracker,0,0,0,0,0
1,"RT @ArutenAR: VTuber界最強SRの兎或てんちゃんから、動画が届きましたので後日アップしますね(；ﾟДﾟ) 
ちなみにこれは5on screen in to the 8multiで合ってますか？
#CallofDuty #MWII #MW2 https://t.…",1455887013433937920,ArutenAR,2,0,0,0,0
2,"💚✅LIVE NOW!!!✅💚
Gonna play some more #WarzoneRanked had a blast last night.
Come hang out in chat and relax!
#KickStreamer #KickStreaming 
#CallofDuty #Warzone2 

⬇️⬇️CLICK THE LINK!!!⬇️⬇️
https://t.co/KmBUXXqiig

Just gonna leave this here. You’ll understand if you watch me. https://t.co/BC9hHCP61r",1496611636114866197,**this tweet had been deleted or hidden**,0,0,1,0,0
3,"RT @loneghostwolf88: Detective Mactavish 
#MWII  #CodSoap #CallofDuty #3DRender https://t.co/QYUOhkFzgm",845199317669314560,loneghostwolf88,225,0,0,0,0
4,"RT @WipeTear: follow my kick, join up!

https://t.co/w4yD57vy8e

#trickshot #trickshots #trickshotting #att  #kick #kickstreaming #kickstre…",1676203031904256000,WipeTear,1,0,0,0,0
5,@PlayCODMobile https://t.co/EzZyBukh9l,2840442632,PlayCODMobile,0,0,0,0,0
6,"kvドラゴンブレス弾のなにが強いって、放たれた弾で視界が埋め尽くされて反撃しようにも敵の位置が把握しにくいことなんよな
#mw2
#DMZ",4799931523,**this tweet had been deleted or hidden**,0,0,0,0,0
7,"RT @loneghostwolf88: Detective Mactavish 
#MWII  #CodSoap #CallofDuty #3DRender https://t.co/QYUOhkFzgm",1091685721914564608,loneghostwolf88,225,0,0,0,0
8,@AkimboArde @PlayCODMobile The AK is not in a good spot what you talking about? Doesn't excel in any category. How many time did you personally use the AK in this year alone?,332705630,AkimboArde,0,1,0,0,0
9,WE LIVE WITH SOME COD DMZ COME CHAT AND HANGOUT AND HAVE SOME FUN https://t.co/RtOikAo28g @TeamSarrow_ @TeamSarrowLive @SarrowGaming_ @SmallStreamersC @SmallStreamPro @SmallStreamSup @smallstreamerco @SmallStreamsCom #callofduty #ModernWarfare2 #mw2 #DMZ,1621260932583153664,TeamSarrow_,1,0,2,0,0
10,"RT @BettyBRenders: CuriousCat request:
„I‘m on your discord but too shy to ask you. That one Ghost x Female pic […] This with Soap! Please.…",366176947,BettyBRenders,66,0,0,0,0
11,"RT @Unholykazoo: POV: you stayed in that one bunker in DMZ too long
#konig #König #mw2 #digitalart #CallofDuty https://t.co/hACJvOcGlc",1395319602,Unholykazoo,10,0,0,0,0
12,"Warzone / MW2 Gameplay auf Vondel
• Ich habe hier einen kleine Clip zusammen geschnitten nicht viel Arbeit aber genügt. 
#Warzone #vondel #MW2 #Xbox https://t.co/FZxE5xNArZ",1516597676464291840,**this tweet had been deleted or hidden**,0,0,2,0,0
13,"RT @BettyBRenders: CuriousCat request:
„I‘m on your discord but too shy to ask you. That one Ghost x Female pic […] This with Soap! Please.…",1480373492247928833,BettyBRenders,66,0,0,0,0
14,"RT @BettyBRenders: CuriousCat request:
„I‘m on your discord but too shy to ask you. That one Ghost x Female pic […] This with Soap! Please.…",713911949386510337,BettyBRenders,66,0,0,0,0
15,"RT @loneghostwolf88: Detective Mactavish 
#MWII  #CodSoap #CallofDuty #3DRender https://t.co/QYUOhkFzgm",1246455816552509445,loneghostwolf88,225,0,0,0,0
16,"RT @BettyBRenders: CuriousCat request:
„I‘m on your discord but too shy to ask you. That one Ghost x Female pic […] This with Soap! Please.…",1373970949851209728,BettyBRenders,66,0,0,0,0
17,Call of Duty Mw2 Streamer Hit's Insane 3k in SND and Ends off Clip with Insane Ranged No scope Turn on With Sniper 😱🤯 #cod #mw2 #gaming #CallofDuty #ModernWarfare2 #anime https://t.co/k9ZxnS93Ua,3558766413,**this tweet had been deleted or hidden**,0,0,2,0,0
18,"RT @BettyBRenders: CuriousCat request:
„I‘m on your discord but too shy to ask you. That one Ghost x Female pic […] This with Soap! Please.…",1435662327404240899,BettyBRenders,66,0,0,0,0
19,"RT @yumecore: Simon ""Ghost"" Riley
#CallofDuty #MWII #MW2 
Loove this shot  1/2 https://t.co/4wjGuWUxA1",1602814030317785090,yumecore,93,0,0,0,0
20,"RT @BettyBRenders: CuriousCat request:
„I‘m on your discord but too shy to ask you. That one Ghost x Female pic […] This with Soap! Please.…",1407861361607073793,BettyBRenders,66,0,0,0,0
21,"RT @sealed_w_nav: 빡센 연애
Love affairs
#CallofDuty #MWII #König #Körangi https://t.co/QPGNDzUi8C",1660296242575065088,sealed_w_nav,211,0,0,0,0
22,@n33rkive Ese es el nuevo camuflaje de cold ward MW2 wrzone dela katov765 con doble mira silenciador culata cargador de 60 balas y láser HJ4K£$,1669054838594740240,n33rkive,0,2,0,0,0
23,@_King_Simple_ @stitz_aaron @PlayCODMobile The map is different on 10v10 shipment then regular shipment I'm just saying I'm in regular Hardpoint Shipment dropped 169 kills no bots I live streamed the entire game I also have clips I'm just good at cod,34768793,_King_Simple_,0,0,0,0,0
24,"CuriousCat request:
„I‘m on your discord but too shy to ask you. That one Ghost x Female pic […] This with Soap! Please.“

Changed it a bit. Didn‘t wanna do a 1:1 copy. 💙

#Ghost #Soap #soapghost #SimonGhostRiley #soapmactavish #ghostmw2 #soapmw2 #MW2 #MWII #CallofDuty https://t.co/kkK2R9CTWh",57432440,**this tweet had been deleted or hidden**,66,3,894,0,46
25,"RT @661ave: #CallofDuty #MWII #König #Konig 
Inspired by @Tava_tavatic drawing!♥ https://t.co/IVL9kvL9rh",1645593871106076672,661ave,209,0,0,0,0
26,"RT @such_a_dumbass_: that awkward moment when u forget to lock the door
#könig #MW2 #CallofDuty #horangi 
i tried drawing @quozacchi ‘s mon…",1660296242575065088,such_a_dumbass_,6,0,0,0,0
27,@PlayCODMobile https://t.co/C7vrpfSiXK,1651799647231328257,PlayCODMobile,0,0,0,0,0
28,"RT @loneghostwolf88: Detective Mactavish 
#MWII  #CodSoap #CallofDuty #3DRender https://t.co/QYUOhkFzgm",1506046681103491081,loneghostwolf88,225,0,0,0,0
29,"RT @loneghostwolf88: Detective Mactavish 
#MWII  #CodSoap #CallofDuty #3DRender https://t.co/QYUOhkFzgm",1416922100133105669,loneghostwolf88,225,0,0,0,0
30,@PlayCODMobile https://t.co/JJaAoOeAmK,881039312820748290,PlayCODMobile,0,0,0,0,0
31,"El gringo menos racista de Warzone 🦥🪠 #gato #epico #clip #vtuber #GatoGamer #CapCut #warzone2 #activision #gringo #racista #gringoracista
Twitch: Bura_Desu https://t.co/oRPy2tzXEo",352642989,**this tweet had been deleted or hidden**,0,0,0,0,0
32,"『COD:DMZ攻略』ステルスベスト&gt;強化&gt;コム&gt;メディック。UAVに映らなくなったのはローズスキンへの対策だと思う。
https://t.co/1ebletluW5

#COD #コールオブデューティ #callofduty #CODMW2 #MW2 #CoDMWII #DMZ #warzone2 #シーズン4 #コシチェイ #ステルスベスト https://t.co/fsUQsj1aLy",956402256613552128,**this tweet had been deleted or hidden**,0,0,1,0,0
33,"We Live People🤙🏻 Join Up!!
#twitch #MW2 #CallofDuty #storm #warzone 
https://t.co/2iUQUoA82u",1658893450509516800,**this tweet had been deleted or hidden**,0,0,2,0,0
34,"It's Noodle Vs Packets....

When will Activision fix the MWII servers to stop all this lag and packet bursts? It's making me angry

https://t.co/4JD1gRtEgt",1390899658482978818,**this tweet had been deleted or hidden**,0,0,0,0,0
35,RT @thenoch1: Otra pase de batalla terminado #warzone #mw2 #activision #callofduty #cod #viral #ps4 #ps5 #xbox #pc #twitch https://t.co/8Hm…,1081585216227991552,thenoch1,1,0,0,0,0
36,"RT @loneghostwolf88: Detective Mactavish 
#MWII  #CodSoap #CallofDuty #3DRender https://t.co/QYUOhkFzgm",717103544,loneghostwolf88,225,0,0,0,0
37,@CodProSniper @stitz_aaron @PlayCODMobile You're most definitely in a 10v10 lobby 🤣,3316303212,CodProSniper,0,1,1,0,0
38,"Quick stream

https://t.co/nzq3LGARTR

#COD #CallOfDuty #MW2 #Vtuber",1573870307634544648,**this tweet had been deleted or hidden**,0,0,0,0,0
39,@Activision  y’all should bring back clan wars on the new games. Y’all did it with skins on COD ghosts. I think the new MW2 would be a good time to bring it back.,1595067333055287297,Activision,0,0,0,0,0
40,@PlayCODMobile https://t.co/wOOtKH9y39,1082443227406520320,PlayCODMobile,0,0,0,0,0
41,"RT @alexgscod: What LT sees 💀🖤🧼
(+nsfw variants on patreon)

#GhostSoap #SoapGhost #CallOfDuty #MW2 https://t.co/0KxKQEGblR",1640469759169814528,alexgscod,364,0,0,0,0
42,"RT @WhosGat: SHOW SOME LOVE 🎯

#MWII
#ModernWarfare2
#CallofDuty

https://t.co/pwUUkrpvCo",2875814096,WhosGat,1,0,0,0,0
43,RT @661ave: #JohnPrice #CaptainPrice #MWII #MW2 #CallofDuty https://t.co/sdOdCzsFZS,1565711237907881984,661ave,409,0,0,0,0
44,"RT @yumecore: Simon ""Ghost"" Riley
#CallofDuty #MWII #MW2 
Loove this shot  1/2 https://t.co/4wjGuWUxA1",1231158146330062848,yumecore,93,0,0,0,0
45,"RT @loneghostwolf88: Detective Mactavish 
#MWII  #CodSoap #CallofDuty #3DRender https://t.co/QYUOhkFzgm",1511647196848009220,loneghostwolf88,225,0,0,0,0
46,"RT @yumecore: Now from the front..
#CallofDuty #MWII #MW2 #SimonGhostRiley 
I know, ik. Nice ass, bulge  but have you looked at them calves…",1470790439590633474,yumecore,17,0,0,0,0
47,"RT @Conyalmendra11: This made me think a lot, Konig must have had a very bad childhood (I had to draw the little konig👑🐻).  #König #Konig #…",1667155397277519872,Conyalmendra11,36,0,0,0,0
48,"RT @yumecore: Simon ""Ghost"" Riley
#CallofDuty #MWII #MW2 
Loove this shot  1/2 https://t.co/4wjGuWUxA1",755989866987466753,yumecore,93,0,0,0,0
49,"RT @Conyalmendra11: Tiger horangi 🐯
#MW2 #MWII #callofduty #horangi https://t.co/BggAuyXboq",1667155397277519872,Conyalmendra11,159,0,0,0,0
50,RT @DaBigKatt244501: Yo guys happy 4th streaming some #Warzone2 today let have a blast everyone be safe today @CallMyHorse @ilikecheese3434…,4862156118,DaBigKatt244501,2,0,0,0,0
51,@lojakk @_MoveGraph @PlayCODMobile @RealBobbyPlays @HawksNest @Ferg @TheNoahSunday I’ll join u and your controller lobbies as stupid and annoyingly sweaty as they can get sometimes your my bro so I’m on your team anyways 😂😂😂😂😂and if there’s a chance I could stomp on some testTubers or some party streamers I’m down 💯😂😂😂🔫☠️☢️,1288535857746644992,lojakk,0,0,2,0,0
52,RT @661ave: #JohnPrice #CaptainPrice #MWII #MW2 #CallofDuty https://t.co/sdOdCzsFZS,1447019569302753280,661ave,409,0,0,0,0
53,Yo guys happy 4th streaming some #Warzone2 today let have a blast everyone be safe today @CallMyHorse @ilikecheese3434 @maddstr97 @StreamerBoom @CallofDuty https://t.co/41rOaK2GIY,1650671280826490880,CallMyHorse,2,0,6,0,0
54,"RT @Conyalmendra11: 👑🐯
#horangi #könig #MW2 #MWII #CallofDuty #cod #Korangi https://t.co/Gt7zIf9rl8",1660296242575065088,Conyalmendra11,192,0,0,0,0
55,"RT @Conyalmendra11: Merry christmas!! 🧼👻🐯👑
#ghostsoap #MW2 #MWII #callofduty #horangi https://t.co/lY7FPFQLEO",1660296242575065088,Conyalmendra11,262,0,0,0,0
56,"Old but gold🔥
#sumar
#Warzone2 
#CallofDuty https://t.co/y42xX4A14Q",1528895822011813890,**this tweet had been deleted or hidden**,0,0,1,0,0
57,@SpectReckyaup @PlayCODMobile u not lettin it aren’t u ? bro is determined 😂,1262254531066441728,SpectReckyaup,0,0,1,0,0
58,"RT @loneghostwolf88: Detective Mactavish 
#MWII  #CodSoap #CallofDuty #3DRender https://t.co/QYUOhkFzgm",1429231230738862080,loneghostwolf88,225,0,0,0,0
59,"RT @Conyalmendra11: This made me think a lot, Konig must have had a very bad childhood (I had to draw the little konig👑🐻).  #König #Konig #…",1660296242575065088,Conyalmendra11,36,0,0,0,0
60,"RT @loneghostwolf88: Detective Mactavish 
#MWII  #CodSoap #CallofDuty #3DRender https://t.co/QYUOhkFzgm",1566482150358011904,loneghostwolf88,225,0,0,0,0
61,"RT @loneghostwolf88: Detective Mactavish 
#MWII  #CodSoap #CallofDuty #3DRender https://t.co/QYUOhkFzgm",83934517,loneghostwolf88,225,0,0,0,0
62,"@CallofDuty 
I need solo DMZ for mw2 pls",1665118340224778241,CallofDuty,0,0,0,0,0
63,"Idk if it's my ADHD or something else.. but I'm a very indecisive person.
#CallofDuty #ModernWarfare2 #MW2 #MWII #CODLeague #RankedPlay #Warzone #WZ #Warzone2 #XDefiant #CDLChamps #GOAT #GOML #Swept #MainStage #Sweat #LAN #ProPlayer #Gaming #Raid #MLG #eSports #PlayStation #Ps5",1643610015960297473,**this tweet had been deleted or hidden**,0,0,0,0,0
64,"Even though the gameplay remains incredibly fun, #CallOfDuty #COD is not in a good place for a lot of reasons. #VideoGames #CODMW2 #Warzone2

 https://t.co/uS8hn02zWo",723532208179404800,**this tweet had been deleted or hidden**,0,0,1,0,0
65,It's so annoying to play mwii on @battlenet it just lags packet bursts and doesn't let you play the game then @Activision shadow bans me on steam.,1554495346428022785,battlenet,0,0,0,0,0
66,"RT @arickt3244: @YouTube Content &amp; Streamer #CallofDutyModernWarfare2 Multiplayer | DMZ | #Warzone2, Creator for
@Kindr3dK &amp; @TeamDxF #RESP…",1305902514328547328,arickt3244,1,0,0,0,0
67,"SHOW SOME LOVE 🎯

#MWII
#ModernWarfare2
#CallofDuty

https://t.co/pwUUkrpvCo",1412591633032486921,**this tweet had been deleted or hidden**,1,1,7,0,0
68,RT @661ave: #JohnPrice #CaptainPrice #MWII #MW2 #CallofDuty https://t.co/sdOdCzsFZS,1643692291347865616,661ave,409,0,0,0,0
69,RT @PlayCODMobile: 📌 Pinning the best GIF! https://t.co/LxlrwBU9RF,944068236601110534,PlayCODMobile,21,0,0,0,0
70,"RT @loneghostwolf88: Just me appreciating his new model I'm using for my renders
#CoDMW2 #simonghostriley #CoDGhost #CallofDuty #3DRender…",1568444618781368321,loneghostwolf88,133,0,0,0,0
71,RT @PlayCODMobile: 🗡️Season 6: Templar's Oath goes live on 7/5 at 5PM PT and you don't want to miss it!🙅‍♂️ https://t.co/evzKSQEud3,944068236601110534,PlayCODMobile,45,0,0,0,0
72,"RT @loneghostwolf88: Detective Mactavish 
#MWII  #CodSoap #CallofDuty #3DRender https://t.co/QYUOhkFzgm",1568444618781368321,loneghostwolf88,225,0,0,0,0
73,"RT @PlayCODMobile: 🧑‍🎨 🎨 The artists did not come to play!

Here are some of our favorite S5 pieces 🖼️

Artists:
IG: @naira_zzhra22
IG: @wr…",944068236601110534,PlayCODMobile,30,0,0,0,0
74,"RT @yuntungchen0929: What are you doing?
@KimMazyckCos 

#CallofDuty #Callofdutymobile #ModernWarfare2 #MWII #GhostSoap #soapghost https://…",1306960860175368193,yuntungchen0929,30,0,0,0,0
75,"RT @GOHGAMER: @CallofDuty Modern Warfare 2 is so broken and boring that it made me reinstall Cold War, the most boring CoD of all time befo…",1555186380292395008,GOHGAMER,1,0,0,0,0
76,@PlayCODMobile https://t.co/OIASGW3TIU,1538581930043707393,PlayCODMobile,0,0,0,0,0
77,Could these possibly turn into the new meta?!?!?!#viral #warzone #tiktok #CallofDuty  #meme #twitch #MW2  #SupportSmallStreamers https://t.co/0InYj8Ii67,1612871267102728200,**this tweet had been deleted or hidden**,0,0,1,0,0
78,"RT @loneghostwolf88: Detective Mactavish 
#MWII  #CodSoap #CallofDuty #3DRender https://t.co/QYUOhkFzgm",1617505926004490240,loneghostwolf88,225,0,0,0,0
79,RT @661ave: #JohnPrice #CaptainPrice #MWII #MW2 #CallofDuty https://t.co/sdOdCzsFZS,1407861361607073793,661ave,409,0,0,0,0
80,"RT @alexgscod: What LT sees 💀🖤🧼
(+nsfw variants on patreon)

#GhostSoap #SoapGhost #CallOfDuty #MW2 https://t.co/0KxKQEGblR",1461210286707204098,alexgscod,364,0,0,0,0
81,"RT @loneghostwolf88: The king's royal tiny booty 👑😈💞
#CallofDutyModernWarfare2 #CoDKönig #CallofDuty #3DRender #Daz3D #MWII https://t.co/OY…",1577235974626607106,loneghostwolf88,83,0,0,0,0
82,RT @_Eidetic_: König's definitely the possessive type - tho I feel  more so because he's socially inept &amp; doesn't know how to approach thin…,1361391452018909184,_Eidetic_,37,0,0,0,0
83,"RT @loneghostwolf88: 👑❤️‍🔥
#CallofDutyModernWarfare2  #CoDKönig #CallofDuty #3DRender #Rendering #Daz3D #MWII https://t.co/SJJ5p7xpz8",1577235974626607106,loneghostwolf88,172,0,0,0,0
84,"RT @loneghostwolf88: Detective Mactavish 
#MWII  #CodSoap #CallofDuty #3DRender https://t.co/QYUOhkFzgm",3340983493,loneghostwolf88,225,0,0,0,0
85,@PlayCODMobile Welcome Why was the tank war mode removed in Battle Royale? Wehave not seen this mode for more than two years. I want to return this mode to the game.We do not want everytimeto put 20 against 20and heavysniperrifles orblitzkriegWe wanttoreturn the tank battle mode toBattle Royale,1251221202724687874,PlayCODMobile,0,0,0,0,0
86,ENVOY SAYS HE WANTS TORONTO! SEATTLE WIPE??| 🌶️2023 CDL ROSTERMANIA UPDA... https://t.co/prs0Ksfw8f #CDL  #cdl2023 #Rostermania,999897326725414914,**this tweet had been deleted or hidden**,0,0,0,0,0
87,"RT @xFrio_: Servers had me checked and I was still fragging

#MW2 #eSports #CallofDuty #gamingpc #RICOCHET #twitchstreamer #twitchaffiliate…",4816394819,xFrio_,1,0,0,0,0
88,"RT @xFrio_: Crispy aim coming out of the break

#MW2 #eSports #CallofDuty #gamingpc #RICOCHET #twitchstreamer #twitchaffiliate #Competition…",4816394819,xFrio_,1,0,0,0,0
89,"RT @CallofDuty: SEASON 04 IS HERE. Vondel, increased health in Warzone, new MP maps, Battle Pass and so much more 🔥 

Stand above the rest…",1669473932884230146,CallofDuty,312,0,0,0,0
90,"🔥 SOLO VS DUOOOO!
https://t.co/KIDoxg0nG8

#CallofDuty #Warzone2 #streamers #twitch",1510653122007519244,**this tweet had been deleted or hidden**,0,0,0,0,0
91,"Crispy aim coming out of the break

#MW2 #eSports #CallofDuty #gamingpc #RICOCHET #twitchstreamer #twitchaffiliate #Competition #gaming #comedy #elite #SupportSmallStreamers #SupportSmallStreams #progaming #COD https://t.co/D9qzvd2Adq",1372211843402448904,**this tweet had been deleted or hidden**,1,0,1,0,0
92,"RT @loneghostwolf88: Detective Mactavish 
#MWII  #CodSoap #CallofDuty #3DRender https://t.co/QYUOhkFzgm",1318718547175026692,loneghostwolf88,225,0,0,0,0
93,"Servers had me checked and I was still fragging

#MW2 #eSports #CallofDuty #gamingpc #RICOCHET #twitchstreamer #twitchaffiliate #Competition #gaming #comedy #elite #SupportSmallStreamers #SupportSmallStreams #progaming #COD https://t.co/MjNzLMOirx",1372211843402448904,**this tweet had been deleted or hidden**,1,0,2,0,0
94,"RT @hestax_: so.. 

#könig #mw2 #CallofDuty https://t.co/sXk59dCjKi",1577235974626607106,hestax_,209,0,0,0,0
95,"Bro my peers just made me into an excelling pro, I'm bout to drop another ranked sniping montage, victus vibes stay tuned

 #kick #KickAffiliate #KickStreaming #MW2 #CallofDuty #YouTube #youtubegaming",1480307763641257986,**this tweet had been deleted or hidden**,1,0,2,0,0
96,"@YouTube Content &amp; Streamer #CallofDutyModernWarfare2 Multiplayer | DMZ | #Warzone2, Creator for
@Kindr3dK &amp; @TeamDxF #RESPAWNRecruit Don't Forget To Subscribe 🫶

Partnered by @XPCoffeeCo ☕️ CODE: ARICKT!!

@Kindr3dNations
@RESPAWNProducts
@EsportsTenn 

https://t.co/b8tNH7ppuH",1252079782369558528,YouTube,1,0,3,0,0
97,"RT @yumecore: Simon ""Ghost"" Riley
#CallofDuty #MWII #MW2 
Loove this shot  1/2 https://t.co/4wjGuWUxA1",1573109881648848897,yumecore,93,0,0,0,0
98,"RT @artimaaaeus: lato-lato 💥💥
(audio's a BIT loud btw!!)
---
#CallofDuty #MWII #MW2 #SoapGaz https://t.co/21wPtriMZr",1441065101469966345,artimaaaeus,163,0,0,0,0
