,Unnamed: 0,author_id,text,username,retweet,reply,like,quote,bookmark
0,0,1597584191201619968,"RT @lexiissgone: leave me alone im always late for tiktok trends ugh

[ #soapghost #callofduty #MWII #ghost #soapmactavish #GhostSoap #ghos…",lexiissgone,206,0,0,0,0
1,1,1292626923852447744,"RT @loneghostwolf88: What happens in a locker room, stays in a locker room 
#MWII #CodSoap #CallofDuty #3DRender https://t.co/x9vbK97gRm",loneghostwolf88,373,0,0,0,0
2,2,1394601218920484865,"RT @hestax_: he poses! 

#König #callofduty #MW2 https://t.co/1E5ZgIMztK",hestax_,101,0,0,0,0
3,3,1468542339044020231,"RT @RayShot661: Funny how I be playing legit on @PlayStation @CallofDuty &amp; they still assume we be Cheating or using Hacks 💀🤣
•
#delhiflood…",RayShot661,5,0,0,0,0
4,4,408533077,"RT @xbruised_peachx: you can't steal our souls
#FarahKarim #CallofDuty #MWII https://t.co/2ZJkAT479R",xbruised_peachx,195,0,0,0,0
5,5,1631865130588991488,"RT @xbruised_peachx: you can't steal our souls
#FarahKarim #CallofDuty #MWII https://t.co/2ZJkAT479R",xbruised_peachx,195,0,0,0,0
6,6,1468542339044020231,RT @RayShot661: At the End of the clip they say Cheaters! But like how? You guys need to start reading your Map &amp; Spawns aswell your Screen…,RayShot661,6,0,0,0,0
7,7,1377834282836750336,"RT @xbruised_peachx: you can't steal our souls
#FarahKarim #CallofDuty #MWII https://t.co/2ZJkAT479R",xbruised_peachx,195,0,0,0,0
8,8,1577562622181789697,RT @661ave: #CallofDuty #MWII #König #Konig https://t.co/0rV56R9kKj,661ave,489,0,0,0,0
9,9,1468609994560262147,"RT @RayShot661: Funny how I be playing legit on @PlayStation @CallofDuty &amp; they still assume we be Cheating or using Hacks 💀🤣
•
#delhiflood…",RayShot661,5,0,0,0,0
10,10,1284908873007222785,"RT @Kchs_05: Drew the lil guy
#König #ModernWarfare2 #MW2 #CallofDuty https://t.co/UcVCyX9Mvu",Kchs_05,60,0,0,0,0
11,11,1468609994560262147,RT @RayShot661: At the End of the clip they say Cheaters! But like how? You guys need to start reading your Map &amp; Spawns aswell your Screen…,RayShot661,6,0,0,0,0
12,12,1139381459217596416,"＃MW2
#DMZ
DMZじゃ、無理だよね(@_@)ワンショットキル https://t.co/wDz6G8QkIX",**this tweet had been deleted or hidden**,0,0,5,0,0
13,13,839046199768297472,"ガチの暗号すぎてお手上げ🤷‍♀️

#codmw2 #MW2 #DMZ https://t.co/J4YoVXRbOW",**this tweet had been deleted or hidden**,0,1,1,1,0
14,14,1667292268888195080,"RT @CODmwfeed: One #ModernWarfare2                #PS5 bundle to give away. To enter follow the steps below.💜

Follow+❤+♻️+Comment
#CallofD…",CODmwfeed,117,0,0,0,0
15,15,1577562622181789697,"RT @Kchs_05: Drew the lil guy
#König #ModernWarfare2 #MW2 #CallofDuty https://t.co/UcVCyX9Mvu",Kchs_05,60,0,0,0,0
16,16,971206584847106048,"RT @BettyBRenders: 💀

#Ghost #SimonGhostRiley #ghostmw2 #MW2 #MWII #CallofDutyModernWarfare2 #CallofDuty https://t.co/JHeXg7TLwt",BettyBRenders,226,0,0,0,0
17,17,1674261920478793731,RT @tb_png: catching up on sleep 😴 #MWII #CallofDuty https://t.co/SLi2voBU8t,tb_png,529,0,0,0,0
18,18,1674261920478793731,"RT @artimaaaeus: just gaz, checking you out 👁️👁️
---
#CallofDuty #MWII #MW2 #KyleGarrick #Gaz https://t.co/eG0zSCT0kb",artimaaaeus,311,0,0,0,0
19,19,1330993173213175808,"RT @aphasia4fog: Idk, did he really use a T-shirt as a mask?
#König
#MWII 
#CallofDuty https://t.co/4Yv9JGtNal",aphasia4fog,225,0,0,0,0
20,20,837710290762477568,"RT @xbruised_peachx: you can't steal our souls
#FarahKarim #CallofDuty #MWII https://t.co/2ZJkAT479R",xbruised_peachx,195,0,0,0,0
21,21,864448236039393281,"Ranked WIN :) 

Twitch : https://t.co/XHxuRv82g6 

#MWII #Budapest #Twitch #StreamerCommunity #magyar #AG真人 #CallofDuty #Warzone #warzoneclips https://t.co/uiyYyUzsrC",**this tweet had been deleted or hidden**,0,1,6,0,0
22,22,1306198358126546949,"Will never understand how traditional art works.

#CallofDuty #MW2 https://t.co/Fq6FlExiMQ",**this tweet had been deleted or hidden**,0,1,4,0,0
23,23,1095563674238865408,"RT @AmikoRoyAi: We must stay focused brothers.

09 #ghostsoap #soapghost #MWII #callofduty https://t.co/vF6g9RvpyY",AmikoRoyAi,737,0,0,0,0
24,24,1363061147935547392,"RT @AnnDLNkv: I have my eyes on you

#CallOfDuty #MW2 #MWII #SimonGhostRiley #GhostMW2 #SimonRiley #Ghost #cod #ibis #fanart #digitalart ht…",AnnDLNkv,4,0,0,0,0
25,25,1672634638857289728,"RT @artimaaaeus: just gaz, checking you out 👁️👁️
---
#CallofDuty #MWII #MW2 #KyleGarrick #Gaz https://t.co/eG0zSCT0kb",artimaaaeus,311,0,0,0,0
26,26,1568110598050975750,"RT @BettyBRenders: 💀

#Ghost #SimonGhostRiley #ghostmw2 #MW2 #MWII #CallofDutyModernWarfare2 #CallofDuty https://t.co/JHeXg7TLwt",BettyBRenders,226,0,0,0,0
27,27,910747238325936128,"RT @yumecore: When you caught him by surprise.. target spotted ♡
#CallofDuty #MWII #SimonGhostRiley https://t.co/F7qDTSVGUM",yumecore,349,0,0,0,0
28,28,1422826811151372293,"RT @lexiissgone: leave me alone im always late for tiktok trends ugh

[ #soapghost #callofduty #MWII #ghost #soapmactavish #GhostSoap #ghos…",lexiissgone,206,0,0,0,0
29,29,1639076184679133184,RT @661ave: #CallofDuty #MWII #König #Konig https://t.co/0rV56R9kKj,661ave,489,0,0,0,0
30,30,3897196273,"RT @SheikYGO: Just Imagine,

New Call of Duty Trailer Releases.

It cuts to a Sniping Clip on a remastered MW2 map and the masked Operator…",SheikYGO,2,0,0,0,0
31,31,1292810643993657350,RT @Juhvarro: Omg! It’s actually true!! The severs are working again and MW2 is poppin rn😳 #Xbox #CallofDuty #Gaming #ModernWarfare2 #Warzo…,Juhvarro,3,0,0,0,0
32,32,1030205963469578240,"RT @AmikoRoyAi: We must stay focused brothers.

09 #ghostsoap #soapghost #MWII #callofduty https://t.co/vF6g9RvpyY",AmikoRoyAi,737,0,0,0,0
33,33,1611783040803508224,"RT @PlayCODMobile: 👀 Find the old manuscript and discover the true meaning behind each S6 draw!

🏹 Archer’s Fury Draw goes live 7/17 at 5PM…",PlayCODMobile,29,0,0,0,0
34,34,1675489236496134144,"@play12810140 @PlayCODMobile My account was banned and I was referred to Collin_Techs on Instagram who helped me unbanned my account. I am posting this here for those who have not unbanned their account, I highly recommend him.",play12810140,0,0,0,0,0
35,35,1697754272,"@Bruhtato_ @dudesamm @DestinLegarie ""A game like MWII had BIG sales and then fell off"" so literally the COD cycle, it's just that we have Steam charts this year to see it
my point is that you are delusional if you think they'll will change anything about COD, the most they'll do is fix Activision workplace culture",Bruhtato_,0,1,0,0,0
36,36,1386779483198345220,"RT @lexiissgone: leave me alone im always late for tiktok trends ugh

[ #soapghost #callofduty #MWII #ghost #soapmactavish #GhostSoap #ghos…",lexiissgone,206,0,0,0,0
37,37,1598368662133641217,"RT @AmikoRoyAi: We must stay focused brothers.

09 #ghostsoap #soapghost #MWII #callofduty https://t.co/vF6g9RvpyY",AmikoRoyAi,737,0,0,0,0
38,38,1611783040803508224,RT @PlayCODMobile: 🚨Chaos has made landfall in Season 6: Templar's Oath and we invited @HawksNest to join the madness and play the all new…,PlayCODMobile,13,0,0,0,0
39,39,2206419759,"@PlayCODMobile 
I’m having trouble signing in with my Apple ID. I’m getting Authorization error. ( 5B1202).",PlayCODMobile,0,1,1,0,0
40,40,1348537595576258560,RT @661ave: #CallofDuty #MWII #König #Konig https://t.co/0rV56R9kKj,661ave,489,0,0,0,0
41,41,1456293454061973504,RT @WaxExpensive: Warzone with the wife. Come vibe and network. #Warzone #AshikaIsland #vondel #CallofDuty #MW2 #twitchstreamer @TheRockDis…,WaxExpensive,7,0,0,0,0
42,42,1582742693473665025,"RT @AmikoRoyAi: We must stay focused brothers.

09 #ghostsoap #soapghost #MWII #callofduty https://t.co/vF6g9RvpyY",AmikoRoyAi,737,0,0,0,0
43,43,1456682221239218181,"#укррайт #укрфанфікшн #укрслеш #SoapGhost #GhostSoap #AleRudy #korangi #soapmactavish #SimonGhostRiley #ghostmw2 #soapmw2 #CallOfDuty #MW2 @ukrfanficshn @ua_slash

Нарешті, учасники місії в США повертаються в Мексику, і, не маючи тут термінової роботи, відпочивають і гарно ⬇️ https://t.co/fc37BxXKls",ukrfanficshn,3,1,22,0,0
44,44,1257956549278027778,"RT @AmikoRoyAi: We must stay focused brothers.

09 #ghostsoap #soapghost #MWII #callofduty https://t.co/vF6g9RvpyY",AmikoRoyAi,737,0,0,0,0
45,45,774223400550051840,"RT @AmikoRoyAi: We must stay focused brothers.

09 #ghostsoap #soapghost #MWII #callofduty https://t.co/vF6g9RvpyY",AmikoRoyAi,737,0,0,0,0
46,46,274757847,Easy 3 kills with winnie @jaxzenteno @elseroscuro @famm1983 #streaming #Warzone #CallOfDuty #Warzone2 #rebirthisland #gaming https://t.co/khSDdgVA1q,jaxzenteno,0,1,1,0,0
47,47,1505507312647106574,"RT @Kchs_05: Drew the lil guy
#König #ModernWarfare2 #MW2 #CallofDuty https://t.co/UcVCyX9Mvu",Kchs_05,60,0,0,0,0
48,48,1601516980091047936,"RT @BettyBRenders: 💀

#Ghost #SimonGhostRiley #ghostmw2 #MW2 #MWII #CallofDutyModernWarfare2 #CallofDuty https://t.co/JHeXg7TLwt",BettyBRenders,226,0,0,0,0
49,49,1051877255742414849,"RT @PoJGamer: Come Check out me @PoJGamer With Another #NCDT Production 
BLOWN AWAY #callofduty #ncdt #mw2 #bigloveandrespect https://t.co/…",PoJGamer,2,0,0,0,0
50,50,1051877255742414849,"Come Check out me @PoJGamer With Another #NCDT Production 
BLOWN AWAY #callofduty #ncdt #mw2 #bigloveandrespect https://t.co/omKoFvMSA9 via @YouTube",PoJGamer,2,0,2,0,0
51,51,1348394035266932736,"RT @lexiissgone: leave me alone im always late for tiktok trends ugh

[ #soapghost #callofduty #MWII #ghost #soapmactavish #GhostSoap #ghos…",lexiissgone,206,0,0,0,0
52,52,1350858328797278211,"New day, new ways of dying to bots!
Make sure you grab your coffee ☕️ cheers😉.

Live now: https://t.co/uFz8kaSnHb 

#CallofDuty #Warzone #Warzone2 #BattleRoyale",**this tweet had been deleted or hidden**,0,0,3,0,0
53,53,1348394035266932736,RT @lilindermile: Oh god he’s grooving #simonghostriley #mw2 #callofduty #ghostsoap https://t.co/1JxMCvCSow,lilindermile,813,0,0,0,0
54,54,3121913263,@PlayCODMobile please add more zombie maps soon would be appreciated a lot,PlayCODMobile,0,0,0,0,0
55,55,3121913263,@PlayCODMobile Add more zombie maps plz much appreciated if you do,PlayCODMobile,0,0,0,0,0
56,56,1443433805767917570,"Check out my latest livestream ""Call of Duty: Modern Warfare II - Daily Challenges - 7/15/23 | Livestream by Rerum Trading""

Watch Now: https://t.co/aVz0EnOLXG

#CallofDuty #ModernWarfareII #gaming #livestream #videogame #gameplay #MWII #PS4live #PS4share https://t.co/B33w4It8i7",**this tweet had been deleted or hidden**,0,1,1,0,0
57,57,736924141408813057,@PlayCODMobile I need to Transfer my mythic gun to my main account because I decided to delete my second account because I cant really focus on both pls help,PlayCODMobile,0,0,0,0,0
58,58,1351279058319884288,"RT @Kchs_05: Drew the lil guy
#König #ModernWarfare2 #MW2 #CallofDuty https://t.co/UcVCyX9Mvu",Kchs_05,60,0,0,0,0
59,59,1256303883103735809,RT @PlayCODMobile: 🚨Chaos has made landfall in Season 6: Templar's Oath and we invited @HawksNest to join the madness and play the all new…,PlayCODMobile,13,0,0,0,0
60,60,1615637256106135553,"RT @xbruised_peachx: you can't steal our souls
#FarahKarim #CallofDuty #MWII https://t.co/2ZJkAT479R",xbruised_peachx,195,0,0,0,0
61,61,1660293391920291841,"RT @AmikoRoyAi: We must stay focused brothers.

09 #ghostsoap #soapghost #MWII #callofduty https://t.co/vF6g9RvpyY",AmikoRoyAi,737,0,0,0,0
62,62,1480307763641257986,"""Don't gun your self down "".     

#kick #kickaffiliate #CallofDuty #MW2",**this tweet had been deleted or hidden**,0,0,0,0,0
63,63,1044153594,@InfinityWard you’re four and a half seasons into MWII and you still haven’t fixed the DMZ glitch where I spawn in without my weapons?? Fix your game you calcium deficient donkeys,InfinityWard,0,0,0,0,0
64,64,1540287229314334720,"RT @kobutyal456: 後半戦やっていきたいと思います

【初心者／CoD・MW２/参加型】#14-2　誰かぼっちと共闘してくれる人いませんか？　バグと戦いつつ、プレイヤーとも戦います https://t.co/fB73438CHm @YouTubeより 
＃DMZ…",kobutyal456,7,0,0,0,0
65,65,1621032577367687171,"@CharlesSilva14 @PlayCODMobile @HawksNest No confirmation yet,I don't expect anything from Activision",CharlesSilva14,0,0,1,0,0
66,66,828451839968428032,"RT @loneghostwolf88: The king's royal tiny booty 👑😈💞
#CallofDutyModernWarfare2 #CoDKönig #CallofDuty #3DRender #Daz3D #MWII https://t.co/OY…",loneghostwolf88,84,0,0,0,0
67,67,102605280,RT @tb_png: catching up on sleep 😴 #MWII #CallofDuty https://t.co/SLi2voBU8t,tb_png,529,0,0,0,0
68,68,828451839968428032,"RT @loneghostwolf88: 👑
#CallofDutyModernWarfare2 #CoDKönig #CallofDuty #3DRender #Rendering #Daz3D #MWII https://t.co/btQjthwtzH",loneghostwolf88,180,0,0,0,0
69,69,1472793298272018433,RT @R2kFromYT: The QQ9 - Winged Neko Gameplay + Best Gunsmith Video is Live on my Youtube Channel. Check the link below and Retweet will be…,R2kFromYT,3,0,0,0,0
70,70,1382355455549259778,RT @Bad6Gaming: Last seconds. #vondel #WARZONE #streamer #twitch #gamer #gaming #twitchstreamer #ps #youtube #streaming #stream #videogames…,Bad6Gaming,4,0,0,0,0
71,71,828451839968428032,"RT @loneghostwolf88: my favorite King 
#CallofDutyModernWarfare2 #CoDKönig #CallofDuty #3DRender #Rendering #Daz3D #MWII https://t.co/uovdj…",loneghostwolf88,308,0,0,0,0
72,72,1058351201832628224,"RT @AmikoRoyAi: We must stay focused brothers.

09 #ghostsoap #soapghost #MWII #callofduty https://t.co/vF6g9RvpyY",AmikoRoyAi,737,0,0,0,0
73,73,1320149220557377539,"RT @xbruised_peachx: you can't steal our souls
#FarahKarim #CallofDuty #MWII https://t.co/2ZJkAT479R",xbruised_peachx,195,0,0,0,0
74,74,1352477227422781441,"RT @AmikoRoyAi: We must stay focused brothers.

09 #ghostsoap #soapghost #MWII #callofduty https://t.co/vF6g9RvpyY",AmikoRoyAi,737,0,0,0,0
75,75,1456293454061973504,RT @Jzambardino41: Wiping Teams With My Daughter! LOL👿 | Follow me on Twitch and join the Fam! https://t.co/yrRnk2Jfx6 | #Warzone #Warzone2…,Jzambardino41,5,0,0,0,0
76,76,971206584847106048,"RT @_Eidetic_: 💥👊💥💜💥👊💥

#modernwarfare2 #codmw #soapghost #ghostsoap #johnmactavish #soapmactavish #johnsoapmactavish #johnnymactavish #cal…",_Eidetic_,6,0,0,0,0
77,77,971206584847106048,"RT @loneghostwolf88: ""Back off!"" 
#GhostSoap   #CallofDuty #3DRender  #MWII https://t.co/o6DEF9i0me",loneghostwolf88,325,0,0,0,0
78,78,1456293454061973504,RT @Jzambardino41: Who Else Loves Playing Solo Squads? | Follow me on Twitch! https://t.co/yrRnk2Jfx6 | #Warzone2 #Warzone #CallofDuty #Cal…,Jzambardino41,10,0,0,0,0
79,79,1456293454061973504,RT @Jzambardino41: The Ultimate Hold LMAO!!!🤯| Follow me on Twitch! https://t.co/yrRnk2Jfx6 | #Warzone #Warzone2募集 #CallofDuty #CallofDutyW…,Jzambardino41,7,0,0,0,0
80,80,1507158203938873346,RT @tb_png: catching up on sleep 😴 #MWII #CallofDuty https://t.co/SLi2voBU8t,tb_png,529,0,0,0,0
81,81,1491869656000483335,"RT @xbruised_peachx: you can't steal our souls
#FarahKarim #CallofDuty #MWII https://t.co/2ZJkAT479R",xbruised_peachx,195,0,0,0,0
82,82,1007698610140712960,"RT @AmikoRoyAi: Portable heater

#ghostsoap #soapghost #MWII #callofduty https://t.co/N5zMoHWTaF",AmikoRoyAi,942,0,0,0,0
83,83,1456293454061973504,RT @Jzambardino41: Who Wants my MP7 Class???🤯| Follow me on Twitch im Live Every Night! https://t.co/yrRnk2Jfx6 | #Warzone2 #Warzone #Callo…,Jzambardino41,9,0,0,0,0
84,84,1671784626199592960,"@Treyarch ..@InfinityWard .. @SHGames ..@Activision 

.. @CallofDuty #Mw2 

WHAT ..in the hell is with this lens flare? ... #MichaelBay Much!? https://t.co/kSFCgWYzFA",Treyarch,0,0,0,0,0
85,85,1292810643993657350,RT @Jzambardino41: Wiping Teams With My Daughter! LOL👿 | Follow me on Twitch and join the Fam! https://t.co/yrRnk2Jfx6 | #Warzone #Warzone2…,Jzambardino41,5,0,0,0,0
86,86,1292810643993657350,"RT @ZonedOutGaming: Our defending champs @TSSgg_ open up against @EsportsXiled tonight @ 9:30pm EST!! 🔥🔥🔥

What’s your prediction for the r…",ZonedOutGaming,2,0,0,0,0
87,87,1292810643993657350,RT @Jzambardino41: Did this look SUS ?🤣| Follow me on Twitch- https://t.co/yrRnk2Jfx6 | I Love You All!!! | #Warzone #Warzone2 #CallofDuty…,Jzambardino41,2,0,0,0,0
88,88,1292810643993657350,RT @Jzambardino41: Who Else Loves Playing Solo Squads? | Follow me on Twitch! https://t.co/yrRnk2Jfx6 | #Warzone2 #Warzone #CallofDuty #Cal…,Jzambardino41,10,0,0,0,0
89,89,1292810643993657350,RT @Jzambardino41: The Ultimate Hold LMAO!!!🤯| Follow me on Twitch! https://t.co/yrRnk2Jfx6 | #Warzone #Warzone2募集 #CallofDuty #CallofDutyW…,Jzambardino41,7,0,0,0,0
90,90,916456597077024769,"Don't forget to catch this banger!
#YouTube #YouTuber山本 #TwitchConParis #CallofDuty #ModernWarfare2 #MW2 
https://t.co/8lKVXmmfDy via @YouTube",YouTube,0,0,0,0,0
91,91,1511975527523012609,RT @661ave: #CallofDuty #MWII #König #Konig https://t.co/0rV56R9kKj,661ave,489,0,0,0,0
92,92,1472129346886275072,"RT @CODmwfeed: One #ModernWarfare2                #PS5 bundle to give away. To enter follow the steps below.💜

Follow+❤+♻️+Comment
#CallofD…",CODmwfeed,117,0,0,0,0
93,93,971206584847106048,"RT @Cheeriogoddess: Soap and Gaz being best friends is my favorite lol

Credit: My Edit 

~
#MW2 #MWII #ModernWarfare2 #CallofDuty #GhostSo…",Cheeriogoddess,3,0,0,0,0
94,94,1542975232566128640,"RT @yumecore: When you caught him by surprise.. target spotted ♡
#CallofDuty #MWII #SimonGhostRiley https://t.co/F7qDTSVGUM",yumecore,349,0,0,0,0
95,95,1292810643993657350,RT @Jzambardino41: Who Wants my MP7 Class???🤯| Follow me on Twitch im Live Every Night! https://t.co/yrRnk2Jfx6 | #Warzone2 #Warzone #Callo…,Jzambardino41,9,0,0,0,0
96,96,857364239392100352,RT @661ave: #CallofDuty #MWII #König #Konig https://t.co/0rV56R9kKj,661ave,489,0,0,0,0
97,97,1481664871062196231,"RT @AmikoRoyAi: We must stay focused brothers.

09 #ghostsoap #soapghost #MWII #callofduty https://t.co/vF6g9RvpyY",AmikoRoyAi,737,0,0,0,0
98,98,1653249449592856576,"RT @AmikoRoyAi: We must stay focused brothers.

09 #ghostsoap #soapghost #MWII #callofduty https://t.co/vF6g9RvpyY",AmikoRoyAi,737,0,0,0,0
99,99,1235507529142198272,My birthdays  on the 16th can someone give me a $10 psn card atleast? Cause i really wanna buy something! Please? #playstation #cod #dm #mw2 #warzone #fortnite,**this tweet had been deleted or hidden**,0,0,0,1,0
100,0,1620579137780944896,"RT @xbruised_peachx: you can't steal our souls
#FarahKarim #CallofDuty #MWII https://t.co/2ZJkAT479R",xbruised_peachx,195,0,0,0,0
101,1,923613792394792960,RT @661ave: #CallofDuty #MWII #König #Konig https://t.co/0rV56R9kKj,661ave,489,0,0,0,0
102,2,1219821299767422976,"RT @lexiissgone: leave me alone im always late for tiktok trends ugh

[ #soapghost #callofduty #MWII #ghost #soapmactavish #GhostSoap #ghos…",lexiissgone,206,0,0,0,0
103,3,1496083190850924547,"RT @HanumTaza: Drink milk! it will give you laser eyes power!
#MW2 #CallofDuty #TheBoys #soapghost https://t.co/XM6LngBDMz",HanumTaza,217,0,0,0,0
104,4,1525943652534693888,"RT @lexiissgone: leave me alone im always late for tiktok trends ugh

[ #soapghost #callofduty #MWII #ghost #soapmactavish #GhostSoap #ghos…",lexiissgone,206,0,0,0,0
105,5,1084201718492086274,"RT @HanumTaza: Drink milk! it will give you laser eyes power!
#MW2 #CallofDuty #TheBoys #soapghost https://t.co/XM6LngBDMz",HanumTaza,217,0,0,0,0
106,6,1525943652534693888,"RT @HanumTaza: Drink milk! it will give you laser eyes power!
#MW2 #CallofDuty #TheBoys #soapghost https://t.co/XM6LngBDMz",HanumTaza,217,0,0,0,0
107,7,1384190346146422785,"RT @xbruised_peachx: you can't steal our souls
#FarahKarim #CallofDuty #MWII https://t.co/2ZJkAT479R",xbruised_peachx,195,0,0,0,0
108,8,1420365324692586501,"RT @hestax_: he poses! 

#König #callofduty #MW2 https://t.co/1E5ZgIMztK",hestax_,101,0,0,0,0
109,9,825436432797937664,"RT @artimaaaeus: just gaz, checking you out 👁️👁️
---
#CallofDuty #MWII #MW2 #KyleGarrick #Gaz https://t.co/eG0zSCT0kb",artimaaaeus,311,0,0,0,0
110,10,1045842324633374720,"RT @HanumTaza: Drink milk! it will give you laser eyes power!
#MW2 #CallofDuty #TheBoys #soapghost https://t.co/XM6LngBDMz",HanumTaza,217,0,0,0,0
111,11,1672622358115524608,"RT @AmikoRoyAi: We must stay focused brothers.

09 #ghostsoap #soapghost #MWII #callofduty https://t.co/vF6g9RvpyY",AmikoRoyAi,737,0,0,0,0
112,12,1080292729521885184,"RT @azucarera_art: of all the people to fall for... smh 😔

#CallofDuty #MW2 #ModernWarfare2 #FarahKarim #AlexKeller #faralex https://t.co/j…",azucarera_art,506,0,0,0,0
113,13,1651984700645203973,RT @Lictor_GD: #укррайт #укрфанфікшн #укрслеш #SoapGhost #GhostSoap #AleRudy #korangi #soapmactavish #SimonGhostRiley #ghostmw2 #soapmw2 #C…,Lictor_GD,3,0,0,0,0
114,14,1452980782528700419,"RT @AmikoRoyAi: We must stay focused brothers.

09 #ghostsoap #soapghost #MWII #callofduty https://t.co/vF6g9RvpyY",AmikoRoyAi,737,0,0,0,0
115,15,900391016968187904,"@CallofDuty  MW2 Is becoming a complete trash, i mostly play 6v6 (from time to time Invasion) out of the 6 in the other team at least 4 have hacks in almost every match, some times even the whole 6, i pass more time denouncing Fckrs than playing the game, what a bad experienceTBH",CallofDuty,0,0,0,0,0
116,16,1391071083311386631,@jangjang1106 @PlayCODMobile Im pretty sure it means the ranked s6 and not the battlepass season6. So you'll need to wait until the end of the year.,jangjang1106,0,0,0,0,0
117,17,1010171600,"RT @BettyBRenders: 💀

#Ghost #SimonGhostRiley #ghostmw2 #MW2 #MWII #CallofDutyModernWarfare2 #CallofDuty https://t.co/JHeXg7TLwt",BettyBRenders,226,0,0,0,0
118,18,1421250797015285762,"the whole LAT squad has been wiped this going to be the first season without them being together :( 
#LAThieves #cdl2023",**this tweet had been deleted or hidden**,0,0,0,0,0
119,19,814541326167474176,"RT @HanumTaza: Drink milk! it will give you laser eyes power!
#MW2 #CallofDuty #TheBoys #soapghost https://t.co/XM6LngBDMz",HanumTaza,217,0,0,0,0
120,20,1629255968105046020,"RT @xbruised_peachx: you can't steal our souls
#FarahKarim #CallofDuty #MWII https://t.co/2ZJkAT479R",xbruised_peachx,195,0,0,0,0
121,21,1562731763319046146,Don't shoot at someone who's leaving you alone... #DMZ #Warzone #CallOfDuty #MW2 https://t.co/07Txhgcsq7,**this tweet had been deleted or hidden**,0,0,0,0,0
122,22,1667524025378119681,RT @661ave: #CallofDuty #MWII #König #Konig https://t.co/0rV56R9kKj,661ave,489,0,0,0,0
123,23,941494058249216000,"I am online and live on:-

Youtube:https://t.co/ykWXctPw2I

Twitch: https://t.co/Q5Z4hyDG90

Kick: https://t.co/GM9cJagqFG

Please view, like, share and support my live stream and channel.

#ActivisionBlizzard #Activision #CallOfDuty #Warzone2",**this tweet had been deleted or hidden**,0,0,0,0,0
124,24,1554116405133381633,"RT @BettyBRenders: 💀

#Ghost #SimonGhostRiley #ghostmw2 #MW2 #MWII #CallofDutyModernWarfare2 #CallofDuty https://t.co/JHeXg7TLwt",BettyBRenders,226,0,0,0,0
125,25,1351908230121754630,"RT @AmikoRoyAi: We must stay focused brothers.

09 #ghostsoap #soapghost #MWII #callofduty https://t.co/vF6g9RvpyY",AmikoRoyAi,737,0,0,0,0
126,26,925426627265298433,"RT @lexiissgone: leave me alone im always late for tiktok trends ugh

[ #soapghost #callofduty #MWII #ghost #soapmactavish #GhostSoap #ghos…",lexiissgone,206,0,0,0,0
127,27,313445990,RT @661ave: #CallofDuty #MWII #König #Konig https://t.co/0rV56R9kKj,661ave,489,0,0,0,0
128,28,1564789324562006016,"RT @BettyBRenders: 💀

#Ghost #SimonGhostRiley #ghostmw2 #MW2 #MWII #CallofDutyModernWarfare2 #CallofDuty https://t.co/JHeXg7TLwt",BettyBRenders,226,0,0,0,0
129,29,1605724704626581504,"RT @HotSatans: bro we need to get to the safe zone bro the gas is closing in brO-
König doodle to get back on the horse🤠 #nsfw #König #Call…",HotSatans,1248,0,0,0,0
130,30,1351908230121754630,"RT @Kqreal: Do you want to take it off?
Try to take a chance.

Photo editor - @DerNoun 
#CallofDuty #MW2  #König #Konig https://t.co/6XGYfd…",Kqreal,58,0,0,0,0
131,31,1603591209968177153,"RT @xbruised_peachx: you can't steal our souls
#FarahKarim #CallofDuty #MWII https://t.co/2ZJkAT479R",xbruised_peachx,195,0,0,0,0
132,32,1638264467988402177,"RT @BettyBRenders: 💀

#Ghost #SimonGhostRiley #ghostmw2 #MW2 #MWII #CallofDutyModernWarfare2 #CallofDuty https://t.co/JHeXg7TLwt",BettyBRenders,226,0,0,0,0
133,33,68636777,"Floating door, or Monster Inc. DLC? 😂
@CallofDuty @CODUpdates #Warzone2 #Warzone https://t.co/4v9OgzFqSd",CallofDuty,0,0,0,0,0
134,34,1662019227639857152,RT @661ave: #CallofDuty #MWII #König #Konig https://t.co/0rV56R9kKj,661ave,489,0,0,0,0
135,35,1392533755554840578,"RT @lexiissgone: leave me alone im always late for tiktok trends ugh

[ #soapghost #callofduty #MWII #ghost #soapmactavish #GhostSoap #ghos…",lexiissgone,206,0,0,0,0
136,36,2700378498,RT @CallofDuty: It's time to fight like a hero. Season 04 Reloaded drops July 12 in Call of Duty #Warzone and #MWII 👉 https://t.co/CMgkvPpR…,CallofDuty,1219,0,0,0,0
137,37,4064174596,@RebelCODM_ OMG! I thought this was for @PlayCODMobile Global! I know I only said Mythics from here on out BUT this would of been an insta-purchase!,RebelCODM_,0,0,2,0,0
138,38,1371129062811332609,RT @661ave: #CallofDuty #MWII #König #Konig https://t.co/0rV56R9kKj,661ave,489,0,0,0,0
139,39,1310765827503747072,"RT @xbruised_peachx: you can't steal our souls
#FarahKarim #CallofDuty #MWII https://t.co/2ZJkAT479R",xbruised_peachx,195,0,0,0,0
140,40,1288377279693783040,"RT @Kqreal: Do you want to take it off?
Try to take a chance.

Photo editor - @DerNoun 
#CallofDuty #MW2  #König #Konig https://t.co/6XGYfd…",Kqreal,58,0,0,0,0
141,41,1583326174180102145,"RT @Kqreal: Do you want to take it off?
Try to take a chance.

Photo editor - @DerNoun 
#CallofDuty #MW2  #König #Konig https://t.co/6XGYfd…",Kqreal,58,0,0,0,0
142,42,2958395925,RT @CallofDuty: It's time to fight like a hero. Season 04 Reloaded drops July 12 in Call of Duty #Warzone and #MWII 👉 https://t.co/CMgkvPpR…,CallofDuty,1219,0,0,0,0
143,43,1372472135885725698,"RT @Kqreal: Do you want to take it off?
Try to take a chance.

Photo editor - @DerNoun 
#CallofDuty #MW2  #König #Konig https://t.co/6XGYfd…",Kqreal,58,0,0,0,0
144,44,994070053896192001,"RT @BettyBRenders: 💀

#Ghost #SimonGhostRiley #ghostmw2 #MW2 #MWII #CallofDutyModernWarfare2 #CallofDuty https://t.co/JHeXg7TLwt",BettyBRenders,226,0,0,0,0
145,45,1275396865236668423,"ウィールソンしか勝たんꉂ🤭
【CoD：MW2】コールオブデューティDMZアシカ島ツキキャッスル🐰戦車攻略まだしてる？ #shorts #cod #dmz #mw2 https://t.co/7AdAvDDMMU @YouTubeより",YouTube,0,0,0,0,0
146,46,1331886471150759938,"TOUJOURS EN LIVE ON GO SUR WARZONE 

#CallofDuty #MWII #Warzone2
#ModernwarfareII

 #CristoEnLive #VtuberFr #streaming  #vtuber #TwitchStreamers 

https://t.co/TBxXTWSlo7 👀 https://t.co/MzOsEJUHco",**this tweet had been deleted or hidden**,0,0,0,0,0
147,47,270888133,RT @CallofDuty: It's time to fight like a hero. Season 04 Reloaded drops July 12 in Call of Duty #Warzone and #MWII 👉 https://t.co/CMgkvPpR…,CallofDuty,1219,0,0,0,0
148,48,1041105715840995328,"The Most FRUSTRATING Game Mechanic! | MWII DMZ 4 https://t.co/32ihxyH0L5 via @YouTube 

#mwii #dmz #streamer #livestream #twitch #quest #gameplay #funny #smallstreamer #gaming #gamingvideos #mwiiclips #pvp",YouTube,0,0,0,0,0
149,49,923613792394792960,RT @661ave: #Ghost #SimonGhostRiley #CallOfDuty #MWII #MW2 https://t.co/9FXEq9ZwyS,661ave,427,0,0,0,0
150,50,943769579280617472,"RT @loneghostwolf88: ""Back off!"" 
#GhostSoap   #CallofDuty #3DRender  #MWII https://t.co/o6DEF9i0me",loneghostwolf88,325,0,0,0,0
151,51,943769579280617472,RT @661ave: #CallofDuty #MWII #König #Konig https://t.co/0rV56R9kKj,661ave,489,0,0,0,0
152,52,1435723931843977219,"RT @AmikoRoyAi: We must stay focused brothers.

09 #ghostsoap #soapghost #MWII #callofduty https://t.co/vF6g9RvpyY",AmikoRoyAi,737,0,0,0,0
153,53,1475319803225198599,"RT @CODmwfeed: One #ModernWarfare2                #PS5 bundle to give away. To enter follow the steps below.💜

Follow+❤+♻️+Comment
#CallofD…",CODmwfeed,296,0,0,0,0
154,54,732129930415357952,"What could be better then a nice win on #ModernWarfare2 #Ranked ? 

A very nice KD of 2.77 😉 that’s what! 

MW2 Ranked gameplay 🔥2.77KD on Hardpoint 🔥 https://t.co/Jokx8W3gTo via @YouTube",YouTube,1,2,2,0,0
155,55,3020613797,RT @CallofDuty: It's time to fight like a hero. Season 04 Reloaded drops July 12 in Call of Duty #Warzone and #MWII 👉 https://t.co/CMgkvPpR…,CallofDuty,1219,0,0,0,0
156,56,1316433049098350593,"RT @lexiissgone: leave me alone im always late for tiktok trends ugh

[ #soapghost #callofduty #MWII #ghost #soapmactavish #GhostSoap #ghos…",lexiissgone,206,0,0,0,0
157,57,1426675442464010243,"RT @AmikoRoyAi: We must stay focused brothers.

09 #ghostsoap #soapghost #MWII #callofduty https://t.co/vF6g9RvpyY",AmikoRoyAi,737,0,0,0,0
158,58,1117377951333535744,"RT @Kchs_05: Drew the lil guy
#König #ModernWarfare2 #MW2 #CallofDuty https://t.co/UcVCyX9Mvu",Kchs_05,60,0,0,0,0
159,59,904444236468248580,"RT @AmikoRoyAi: We must stay focused brothers.

09 #ghostsoap #soapghost #MWII #callofduty https://t.co/vF6g9RvpyY",AmikoRoyAi,737,0,0,0,0
160,60,1481664871062196231,RT @tb_png: catching up on sleep 😴 #MWII #CallofDuty https://t.co/SLi2voBU8t,tb_png,529,0,0,0,0
161,61,1424847000395296768,CHEATING? ☠️🤖 #CallofDuty #MW2 #ModernWarfare2 #youtubegaming #YouTuber #gaming #gamingcommunity https://t.co/ECJGcRt57F,**this tweet had been deleted or hidden**,0,0,2,0,0
162,62,1042388458772283392,"RT @lexiissgone: leave me alone im always late for tiktok trends ugh

[ #soapghost #callofduty #MWII #ghost #soapmactavish #GhostSoap #ghos…",lexiissgone,206,0,0,0,0
163,63,1639076184679133184,"RT @Kchs_05: Drew the lil guy
#König #ModernWarfare2 #MW2 #CallofDuty https://t.co/UcVCyX9Mvu",Kchs_05,60,0,0,0,0
164,64,3020638243,RT @CallofDuty: It's time to fight like a hero. Season 04 Reloaded drops July 12 in Call of Duty #Warzone and #MWII 👉 https://t.co/CMgkvPpR…,CallofDuty,1219,0,0,0,0
165,65,1639076184679133184,RT @tb_png: catching up on sleep 😴 #MWII #CallofDuty https://t.co/SLi2voBU8t,tb_png,529,0,0,0,0
166,66,1657958318998970368,"RT @Kqreal: Do you want to take it off?
Try to take a chance.

Photo editor - @DerNoun 
#CallofDuty #MW2  #König #Konig https://t.co/6XGYfd…",Kqreal,58,0,0,0,0
167,67,1494969874929487872,"RT @SebArts24: Gaz - Ghillie Sniper

#Callofduty #MW2 #3DRender #blender3d https://t.co/YfmKcnCdMj",SebArts24,5,0,0,0,0
168,68,1655929805781516289,VONDEL RESURGENCE ! https://t.co/0tSKabubCI #CallofDuty #ModernWarfare2 #Warzone2 #Twitch #RoadToAffiliate,**this tweet had been deleted or hidden**,0,0,1,0,0
169,69,361054883,RT @CallofDuty: It's time to fight like a hero. Season 04 Reloaded drops July 12 in Call of Duty #Warzone and #MWII 👉 https://t.co/CMgkvPpR…,CallofDuty,1219,0,0,0,0
170,70,931530792433467392,"RT @lexiissgone: leave me alone im always late for tiktok trends ugh

[ #soapghost #callofduty #MWII #ghost #soapmactavish #GhostSoap #ghos…",lexiissgone,206,0,0,0,0
171,71,1298882284922298368,"RT @Kqreal: Do you want to take it off?
Try to take a chance.

Photo editor - @DerNoun 
#CallofDuty #MW2  #König #Konig https://t.co/6XGYfd…",Kqreal,58,0,0,0,0
172,72,337660527,RT @CallofDuty: It's time to fight like a hero. Season 04 Reloaded drops July 12 in Call of Duty #Warzone and #MWII 👉 https://t.co/CMgkvPpR…,CallofDuty,1219,0,0,0,0
173,73,1054259483407536128,"RT @Kqreal: Do you want to take it off?
Try to take a chance.

Photo editor - @DerNoun 
#CallofDuty #MW2  #König #Konig https://t.co/6XGYfd…",Kqreal,58,0,0,0,0
174,74,1098230075743457281,"RT @HanumTaza: Drink milk! it will give you laser eyes power!
#MW2 #CallofDuty #TheBoys #soapghost https://t.co/XM6LngBDMz",HanumTaza,217,0,0,0,0
175,75,3376223997,"RT @AmikoRoyAi: We must stay focused brothers.

09 #ghostsoap #soapghost #MWII #callofduty https://t.co/vF6g9RvpyY",AmikoRoyAi,737,0,0,0,0
176,76,875407499951828993,"RT @xbruised_peachx: you can't steal our souls
#FarahKarim #CallofDuty #MWII https://t.co/2ZJkAT479R",xbruised_peachx,195,0,0,0,0
177,77,817466889509208065,"RT @Kqreal: Do you want to take it off?
Try to take a chance.

Photo editor - @DerNoun 
#CallofDuty #MW2  #König #Konig https://t.co/6XGYfd…",Kqreal,58,0,0,0,0
178,78,1300149555862806528,"RT @Kqreal: Do you want to take it off?
Try to take a chance.

Photo editor - @DerNoun 
#CallofDuty #MW2  #König #Konig https://t.co/6XGYfd…",Kqreal,58,0,0,0,0
179,79,182633497,"RT @HanumTaza: Drink milk! it will give you laser eyes power!
#MW2 #CallofDuty #TheBoys #soapghost https://t.co/XM6LngBDMz",HanumTaza,217,0,0,0,0
180,80,1555540924218109952,"RT @AmikoRoyAi: We must stay focused brothers.

09 #ghostsoap #soapghost #MWII #callofduty https://t.co/vF6g9RvpyY",AmikoRoyAi,737,0,0,0,0
181,81,4307888189,"RT @HanumTaza: Drink milk! it will give you laser eyes power!
#MW2 #CallofDuty #TheBoys #soapghost https://t.co/XM6LngBDMz",HanumTaza,217,0,0,0,0
182,82,828839721472315392,"RT @Kqreal: Do you want to take it off?
Try to take a chance.

Photo editor - @DerNoun 
#CallofDuty #MW2  #König #Konig https://t.co/6XGYfd…",Kqreal,58,0,0,0,0
183,83,908493789718810624,"RT @HanumTaza: Drink milk! it will give you laser eyes power!
#MW2 #CallofDuty #TheBoys #soapghost https://t.co/XM6LngBDMz",HanumTaza,217,0,0,0,0
184,84,1433419392490950656,"RT @BettyBRenders: 💀

#Ghost #SimonGhostRiley #ghostmw2 #MW2 #MWII #CallofDutyModernWarfare2 #CallofDuty https://t.co/JHeXg7TLwt",BettyBRenders,226,0,0,0,0
185,85,153336572,RT @CallofDuty: It's time to fight like a hero. Season 04 Reloaded drops July 12 in Call of Duty #Warzone and #MWII 👉 https://t.co/CMgkvPpR…,CallofDuty,1219,0,0,0,0
186,86,1250099821752565760,"@TiagoDnery MW2 é completamente odiado pela playerbase de multiplayer mas é aclamado pela crítica e pela massa casual.

Rendeu milhões para Activision e provavelmente, renderá milhões para os cofres da Microsoft por compras ingame (já que a barreira de acesso será menor com o gamepass)",TiagoDnery,0,1,0,0,0
187,87,1646407288930926592,"RT @HanumTaza: Drink milk! it will give you laser eyes power!
#MW2 #CallofDuty #TheBoys #soapghost https://t.co/XM6LngBDMz",HanumTaza,217,0,0,0,0
188,88,1350858328797278211,"Got surprised by a player while looting? No problem!

Thank you @TheCatemis for the clip!

https://t.co/VdOnf4tpX6

#callofduty #warzone #warzoneclips #warzone2 #tiktok #battleroyale #viral https://t.co/uwbzZoH00w",TheCatemis,1,1,2,0,0
189,89,1217452216178528257,"【GenE-】わきおさん＆【warak】じゅんさんとMWII初レイド！ありがとうございました💜
めっちゃ楽しかったぁぁぁ⋆͛🎮⋆͛
IGLしてくれたり画面共有でみにきてくれた方々も優しい人ばっかりで頑張れました😘
トロフィーの名前「まだ序の口👑 ̖́-」ワロタww   #MWII  #CallofDuty https://t.co/cO6TciBI8Y",**this tweet had been deleted or hidden**,0,1,14,1,0
190,90,1518346822191886338,Mata em equipe #25 🤘🏽🤘🏽🤘🏽 #CallofDuty #MW2 #multiplayer #FPS #ps4fat https://t.co/uX0rDYEx2O,**this tweet had been deleted or hidden**,0,0,1,0,0
191,91,707067866,"RT @Kqreal: Do you want to take it off?
Try to take a chance.

Photo editor - @DerNoun 
#CallofDuty #MW2  #König #Konig https://t.co/6XGYfd…",Kqreal,58,0,0,0,0
192,92,935793498372038657,"RT @BettyBRenders: 💀

#Ghost #SimonGhostRiley #ghostmw2 #MW2 #MWII #CallofDutyModernWarfare2 #CallofDuty https://t.co/JHeXg7TLwt",BettyBRenders,226,0,0,0,0
193,93,1329097526469824516,"RT @BettyBRenders: 💀

#Ghost #SimonGhostRiley #ghostmw2 #MW2 #MWII #CallofDutyModernWarfare2 #CallofDuty https://t.co/JHeXg7TLwt",BettyBRenders,226,0,0,0,0
194,94,1589824459535433728,"RT @HanumTaza: Drink milk! it will give you laser eyes power!
#MW2 #CallofDuty #TheBoys #soapghost https://t.co/XM6LngBDMz",HanumTaza,217,0,0,0,0
195,95,1615841958299111424,"@Activision you really need to put on a shield on cod that you can’t shoot
Or can’t be killed if you just landed because this sucks ass ngl #codmw2 #Warzone2 #vondel",Activision,0,0,0,0,0
196,96,248410299,RT @CallofDuty: It's time to fight like a hero. Season 04 Reloaded drops July 12 in Call of Duty #Warzone and #MWII 👉 https://t.co/CMgkvPpR…,CallofDuty,1219,0,0,0,0
197,97,901914514920095744,"RT @HanumTaza: Drink milk! it will give you laser eyes power!
#MW2 #CallofDuty #TheBoys #soapghost https://t.co/XM6LngBDMz",HanumTaza,217,0,0,0,0
198,98,1669422412168073218,"RT @xbruised_peachx: you can't steal our souls
#FarahKarim #CallofDuty #MWII https://t.co/2ZJkAT479R",xbruised_peachx,195,0,0,0,0
199,99,842726235478212608,"RT @AmikoRoyAi: We must stay focused brothers.

09 #ghostsoap #soapghost #MWII #callofduty https://t.co/vF6g9RvpyY",AmikoRoyAi,737,0,0,0,0
200,0,1358502592809164805,"I'm live on twitch, join me ! 🙊🙉
#Warzone2 #cod #streaming #CallofDuty #gamer https://t.co/yJsfws0VJS",**this tweet had been deleted or hidden**,0,0,0,0,0
201,1,1299075538758381568,"RT @AmikoRoyAi: Portable heater

#ghostsoap #soapghost #MWII #callofduty https://t.co/N5zMoHWTaF",AmikoRoyAi,942,0,0,0,0
202,2,1325135732495708160,"RT @BettyBRenders: For @zayev_ 
The first giveaway winner.

Thanks for this wonderful idea! 🧼😏

#Soap #soapmactavish #soapmw2 #MW2 #MWII #C…",BettyBRenders,92,0,0,0,0
203,3,994070053896192001,"RT @HanumTaza: Drink milk! it will give you laser eyes power!
#MW2 #CallofDuty #TheBoys #soapghost https://t.co/XM6LngBDMz",HanumTaza,217,0,0,0,0
204,4,1221767930653872128,"DMZ LIVE - Saturday Night Smackdown...

https://t.co/q3miYPQ8VG

#MW2 #DMZ https://t.co/pP60D314cA",**this tweet had been deleted or hidden**,1,0,2,0,0
205,5,1592258539568844801,RT @Turbonade: Super jump is trolling me #Callofduty #Mw2 #Warzone2 #Contentcreator #Tiktok #Youtube #Twitchsteamer #Vibes https://t.co/Edj…,Turbonade,1,0,0,0,0
206,6,1303521844583182336,"RT @xbruised_peachx: you can't steal our souls
#FarahKarim #CallofDuty #MWII https://t.co/2ZJkAT479R",xbruised_peachx,195,0,0,0,0
207,7,1479346488115355651,RT @KiltedKiller29: What dev thought this would be a good idea to add into the game? 😂 #CallofDuty #MW2 #CallofDutyWarzone2 https://t.co/7Z…,KiltedKiller29,3,0,0,0,0
208,8,1622063762219102208,"RT @loneghostwolf88: simple Ghost render because I'm busy getting renders done for next week when I'll be away for 5 days 💀💞
#simonghostril…",loneghostwolf88,126,0,0,0,0
209,9,1115085734954684417,RT @661ave: #CallofDuty #MWII #König #Konig https://t.co/0rV56R9kKj,661ave,489,0,0,0,0
210,10,1275479483504562177,RT @HotSatans: bach for round 2 yeehaw ft. warm up request to get back on the horse 🤠🤘 i just kno it smells crazy in there☠️ #nsfw #ghostmw…,HotSatans,1391,0,0,0,0
211,11,1361849477817114631,"Cod titles I own and play 
Vanguard 
Mw2 this years 
Bo2 
Bo4
Advance warfare 
Mw2019
And I played 
Cold War and ww2 

Lmk if u wanna play 

#CallofDuty #MW2 #Vanguard #bo2 #Xbox",**this tweet had been deleted or hidden**,0,0,0,0,0
212,12,1625486973678022657,RT @661ave: #CallofDuty #MWII #König #Konig https://t.co/0rV56R9kKj,661ave,489,0,0,0,0
213,13,1462716365463162885,"RT @BettyBRenders: For @zayev_ 
The first giveaway winner.

Thanks for this wonderful idea! 🧼😏

#Soap #soapmactavish #soapmw2 #MW2 #MWII #C…",BettyBRenders,92,0,0,0,0
214,14,756485958959181824,@WarzoneTFN Movement for both multiplayer and warzone multiplayer is the heart and soul of every single cod since multiplayer in mw2 remake is suffering it needs more help than warzone and Dmz combined,WarzoneTFN,0,0,0,0,0
215,15,329757512,"Poll: Should the latest @ModernWarzone DMZ revive model be reverted back so that you can revive someone you have just killed?

#codmw2 #Warzone2 #warzone #DMZ @CallofDuty",ModernWarzone,0,0,0,0,0
216,16,3315881306,Super jump is trolling me #Callofduty #Mw2 #Warzone2 #Contentcreator #Tiktok #Youtube #Twitchsteamer #Vibes https://t.co/Edjp8TMiEE,**this tweet had been deleted or hidden**,1,0,1,0,0
217,17,1590147893729665024,"RT @BettyBRenders: For @zayev_ 
The first giveaway winner.

Thanks for this wonderful idea! 🧼😏

#Soap #soapmactavish #soapmw2 #MW2 #MWII #C…",BettyBRenders,92,0,0,0,0
218,18,1607359832117346305,"RT @BettyBRenders: For @zayev_ 
The first giveaway winner.

Thanks for this wonderful idea! 🧼😏

#Soap #soapmactavish #soapmw2 #MW2 #MWII #C…",BettyBRenders,92,0,0,0,0
219,19,1649896831021637636,"Good thing you have to attach the burst fire attachment to equip dragon's breath rounds on the new MX Guardian shotgun! It's already so overpowered!

#mw2 #cod #codmw2 #Callofduty #modernwarfare2 #Warzone2",**this tweet had been deleted or hidden**,0,0,1,0,0
220,20,623212683,"RT @HanumTaza: Drink milk! it will give you laser eyes power!
#MW2 #CallofDuty #TheBoys #soapghost https://t.co/XM6LngBDMz",HanumTaza,217,0,0,0,0
221,21,1095378227185496065,"RT @AmikoRoyAi: Safe with you

09 #ghostsoap #soapghost #callofduty #MWII https://t.co/wkFuP44Iul",AmikoRoyAi,1285,0,0,0,0
222,22,1412546766684266502,"RT @yumecore: Bravo 0-7
#CallofDuty #MWII #MW2 #SimonGhostRiley https://t.co/nhd6tvS2b6",yumecore,25,0,0,0,0
223,23,1095378227185496065,"RT @AmikoRoyAi: We must stay focused brothers.

09 #ghostsoap #soapghost #MWII #callofduty https://t.co/vF6g9RvpyY",AmikoRoyAi,737,0,0,0,0
224,24,1095378227185496065,"RT @AmikoRoyAi: Portable heater

#ghostsoap #soapghost #MWII #callofduty https://t.co/N5zMoHWTaF",AmikoRoyAi,942,0,0,0,0
225,25,1524445515907092480,"RT @hestax_: he poses! 

#König #callofduty #MW2 https://t.co/1E5ZgIMztK",hestax_,101,0,0,0,0
226,26,1635989615432863744,"DMZソロはさらに厳しくなりましたね！
パーティ推奨です🤝

家庭内ランク ブロンズのソロ配信👉
【DMZソロ】 派閥任務 ソロチャレンジ配信【CoD:MW2 Warzone 2 DMZ】
https://t.co/k2EXmoWAj3
 #cod #dmz #dmz募集 https://t.co/rMgsSWFXQe",**this tweet had been deleted or hidden**,0,0,6,0,0
227,27,1275479483504562177,"RT @AmikoRoyAi: We must stay focused brothers.

09 #ghostsoap #soapghost #MWII #callofduty https://t.co/vF6g9RvpyY",AmikoRoyAi,737,0,0,0,0
228,28,1479840996900982802,"RT @BettyBRenders: For @zayev_ 
The first giveaway winner.

Thanks for this wonderful idea! 🧼😏

#Soap #soapmactavish #soapmw2 #MW2 #MWII #C…",BettyBRenders,92,0,0,0,0
229,29,760633431537561600,"RT @That_Yasha_Guy: On my way into your girls DM's like:

#DMZ #MWII #XboxSeriesX #TMGC #Yasha #Twitch https://t.co/AwJMUrBeYX",That_Yasha_Guy,1,0,0,0,0
230,30,1576752386290376704,"RT @artimaaaeus: more of that hs au i did the other night 💥💥
---
#CallofDuty #MWII #MW2 #GhostSoapd https://t.co/TP1AtNbkMI",artimaaaeus,312,0,0,0,0
231,31,868290353975054336,"RT @artimaaaeus: more of that hs au i did the other night 💥💥
---
#CallofDuty #MWII #MW2 #GhostSoapd https://t.co/TP1AtNbkMI",artimaaaeus,312,0,0,0,0
232,32,717757497579282432,"RT @Debellaturus: Easy wipes🫡

 #callofduty #cod #warzone #warzone2 https://t.co/nTST1lzaVM",Debellaturus,1,0,0,0,0
233,33,1542621937721114625,"RT @HanumTaza: Drink milk! it will give you laser eyes power!
#MW2 #CallofDuty #TheBoys #soapghost https://t.co/XM6LngBDMz",HanumTaza,217,0,0,0,0
234,34,1644469377331232768,"RT @loneghostwolf88: simple Ghost render because I'm busy getting renders done for next week when I'll be away for 5 days 💀💞
#simonghostril…",loneghostwolf88,126,0,0,0,0
235,35,1656537981946318848,"RT @garoshu_art: Desidia

#Konig #CallofDuty #MWII https://t.co/OrDLTDuKWu",garoshu_art,54,0,0,0,0
236,36,3379680471,"More Bomb Ass #CallofDuty .. 

#Sniping .. 

And #trickshotting Content .. 

Where it at ? 

Drop some Clips 🔥

#warzone #warzone2 #twitch #twitchtv #kickstreaming https://t.co/Xaqgx3MfEz",**this tweet had been deleted or hidden**,0,0,0,0,0
237,37,1264390174235979776,"RT @BettyBRenders: For @zayev_ 
The first giveaway winner.

Thanks for this wonderful idea! 🧼😏

#Soap #soapmactavish #soapmw2 #MW2 #MWII #C…",BettyBRenders,92,0,0,0,0
238,38,1496083190850924547,"RT @artimaaaeus: more of that hs au i did the other night 💥💥
---
#CallofDuty #MWII #MW2 #GhostSoapd https://t.co/TP1AtNbkMI",artimaaaeus,312,0,0,0,0
239,39,1314749842581676032,@PlayCODMobile PLEASE CREATE A MODE IN BR W/ NO CLASSES. 😭,PlayCODMobile,0,0,0,0,0
240,40,3379680471,"More Bomb Ass #CallofDuty .. 

Sniping .. 

And #trickshotting Content .. 

Where it at ? 

Drop some Clips 🔥

#warzone #warzone2 #twitch #twitchtv #kickstreaming https://t.co/AMOHgyVFHQ",**this tweet had been deleted or hidden**,0,0,0,0,0
241,41,1247294359827025921,"I'm Takin' a Dive in to OG Call of Duty Modern Warfare 2 Multiplayer in 2023.

#callofduty #mw2 #mw #modernwarfare #modernwarfareclips #modernwarfare2 #callofdutymw2 #callofdutymw #callofdutymwii #callofdutymw3 #cod #codmobile #activision #fps #gaming #codcommunity https://t.co/EdW4dHs3L5",**this tweet had been deleted or hidden**,0,0,1,1,0
242,42,1655536285631623168,"RT @BettyBRenders: For @zayev_ 
The first giveaway winner.

Thanks for this wonderful idea! 🧼😏

#Soap #soapmactavish #soapmw2 #MW2 #MWII #C…",BettyBRenders,92,0,0,0,0
243,43,1624887254765166596,"RT @BettyBRenders: 👑 Such a mess, Babyboy. 😌

#König #Koenig #KönigMW2 #MW2 #MWII #CallofDutyModernWarfare2 #CallofDuty https://t.co/aO4AhU…",BettyBRenders,452,0,0,0,0
244,44,1707702582,"@ag5zera @rivotr1l2mg @oMayhems @alejozvv @necronzero @tonytheboy_ @_chirnes @CallofDutyBR @CallofDutyLATAM @necronzero
@tonytheboy_
@_chirnes
@CallofDutyBR
@CallofDutyLATAM
@Activision
@BobbyKotick
@InfoCoDES_ 
#Warzone2 
#Warzone",ag5zera,0,0,7,0,0
245,45,1577410081737482240,"RT @BettyBRenders: For @zayev_ 
The first giveaway winner.

Thanks for this wonderful idea! 🧼😏

#Soap #soapmactavish #soapmw2 #MW2 #MWII #C…",BettyBRenders,92,0,0,0,0
246,46,1187071989636325379,"RT @yumecore: When you caught him by surprise.. target spotted ♡
#CallofDuty #MWII #SimonGhostRiley https://t.co/F7qDTSVGUM",yumecore,349,0,0,0,0
247,47,1069691301598179328,"RT @artimaaaeus: more of that hs au i did the other night 💥💥
---
#CallofDuty #MWII #MW2 #GhostSoapd https://t.co/TP1AtNbkMI",artimaaaeus,312,0,0,0,0
248,48,1606725243107680257,"RT @BettyBRenders: For @zayev_ 
The first giveaway winner.

Thanks for this wonderful idea! 🧼😏

#Soap #soapmactavish #soapmw2 #MW2 #MWII #C…",BettyBRenders,92,0,0,0,0
249,49,898619394322034688,"RT @xbruised_peachx: you can't steal our souls
#FarahKarim #CallofDuty #MWII https://t.co/2ZJkAT479R",xbruised_peachx,195,0,0,0,0
250,50,1429231230738862080,"RT @BettyBRenders: For @zayev_ 
The first giveaway winner.

Thanks for this wonderful idea! 🧼😏

#Soap #soapmactavish #soapmw2 #MW2 #MWII #C…",BettyBRenders,92,0,0,0,0
251,51,879369645341503488,"Warzone Is Just Paper Mache!!
https://t.co/HKsoZVlChj
#KickArmy #KickStreamers #kickAffiliate #kickStreaming #kicklivestreaming #kickFam #KickTakingOver #kickcom #kickstreamingplatform #Warzoneclips #smallstreamers #SmallStreamersConnectRT #Activision #CallofDuty #MW2… https://t.co/RiHoPAsTGN https://t.co/vgJF2OfZm2",**this tweet had been deleted or hidden**,1,0,1,0,0
252,52,1091685721914564608,"RT @artimaaaeus: more of that hs au i did the other night 💥💥
---
#CallofDuty #MWII #MW2 #GhostSoapd https://t.co/TP1AtNbkMI",artimaaaeus,312,0,0,0,0
253,53,1543999430357041155,"RT @loneghostwolf88: simple Ghost render because I'm busy getting renders done for next week when I'll be away for 5 days 💀💞
#simonghostril…",loneghostwolf88,126,0,0,0,0
254,54,2161981757,"On my way into your girls DM's like:

#DMZ #MWII #XboxSeriesX #TMGC #Yasha #Twitch https://t.co/AwJMUrBeYX",**this tweet had been deleted or hidden**,1,0,4,0,0
255,55,1672774841160572928,"RT @BettyBRenders: For @zayev_ 
The first giveaway winner.

Thanks for this wonderful idea! 🧼😏

#Soap #soapmactavish #soapmw2 #MW2 #MWII #C…",BettyBRenders,92,0,0,0,0
256,56,1432778191047905284,"RT @xbruised_peachx: you can't steal our souls
#FarahKarim #CallofDuty #MWII https://t.co/2ZJkAT479R",xbruised_peachx,195,0,0,0,0
257,57,1496083190850924547,"RT @loneghostwolf88: simple Ghost render because I'm busy getting renders done for next week when I'll be away for 5 days 💀💞
#simonghostril…",loneghostwolf88,126,0,0,0,0
258,58,1494206455,"@CallofDuty the new MWII is having server issues, my party has hardly been able to find a game for 3 days. It’s getting stuck on “connecting” during the matchmaking process. All PlayStation.",CallofDuty,0,1,0,1,0
259,59,1102891247809646592,"RT @BettyBRenders: 🦿Broken…

#Alex #alexkeller #AlexMW2 #MW2 #MWII #CallofDutyModernWarfare2 #CallofDuty https://t.co/KVsDNZeil9",BettyBRenders,112,0,0,0,0
260,60,1102891247809646592,"RT @BettyBRenders: For @zayev_ 
The first giveaway winner.

Thanks for this wonderful idea! 🧼😏

#Soap #soapmactavish #soapmw2 #MW2 #MWII #C…",BettyBRenders,92,0,0,0,0
261,61,2834854785,"RT @BettyBRenders: For @zayev_ 
The first giveaway winner.

Thanks for this wonderful idea! 🧼😏

#Soap #soapmactavish #soapmw2 #MW2 #MWII #C…",BettyBRenders,92,0,0,0,0
262,62,1263600662153252867,"RT @loneghostwolf88: big boy got lost on the beach... 😎

#CallofDutyModernWarfare2 #CoDKönig   #CallofDuty  #3DRender #Rendering #Daz3D #MW…",loneghostwolf88,993,0,0,0,0
263,63,1677423507699908609,"@fredisito2009 @PlayCODMobile Tuve el mismo problema hace unas semanas, estaba muy triste hasta que un amigo me recomendó a @jp_hack247 en Instagram, arregló mi cuenta, te aconsejo que vayas con él ahora.",fredisito2009,0,0,0,0,0
264,64,1301164398250266624,"I've been noticing sometimes where peoples gameplay in COD MW2 doesn't look normal. I tend to stop playing and watch the game and kill cam on my gameplay. So I did my own test. On private match https://t.co/cbUUeZO1JK
UAV = 35 seconds",**this tweet had been deleted or hidden**,0,1,0,0,0
265,65,2489368154,"RT @loneghostwolf88: simple Ghost render because I'm busy getting renders done for next week when I'll be away for 5 days 💀💞
#simonghostril…",loneghostwolf88,126,0,0,0,0
266,66,1389379375687143429,"RT @HanumTaza: Drink milk! it will give you laser eyes power!
#MW2 #CallofDuty #TheBoys #soapghost https://t.co/XM6LngBDMz",HanumTaza,217,0,0,0,0
267,67,1531365512814333952,"RT @artimaaaeus: more of that hs au i did the other night 💥💥
---
#CallofDuty #MWII #MW2 #GhostSoapd https://t.co/TP1AtNbkMI",artimaaaeus,312,0,0,0,0
268,68,2858806586,"最近warzone楽しい🔪
#MW2 #CallofDuty #wazone https://t.co/oxAOILsRES",**this tweet had been deleted or hidden**,0,0,3,0,0
269,69,703304398437490689,Winning in rebirth is Too Easy!! Warzone 2 #rebirth #warzone #warzone2 #warzoneclips #callofduty #gaming #smallstreamer #contentcreator #like #follow #share #fyp #trending #viral https://t.co/aDeHA2GZI7,**this tweet had been deleted or hidden**,0,0,2,0,0
270,70,1455255125598081037,"🔴LIVE - Warzone 2 Vondel Solo (PS5) https://t.co/NvJyz7yNa2 via @YouTube 
#callofduty #warzone2 #warzone2season4 #warzonevondel #playstation5 #ps5",YouTube,0,0,2,0,0
271,71,1465740516360966151,"https://t.co/Dz8OQd94wS

Call of Duty Warzone 2.0 - SHIPMENT - MEAT GRINDER

#LionHunterChannel #Warzone2 #CallofDutyWarzone #CallOfDuty #COD #игра #шутер #game #shooter #FPS #YouTube #DMZ #SOLO",**this tweet had been deleted or hidden**,0,0,0,0,0
272,72,1634570151961014273,"RT @artimaaaeus: more of that hs au i did the other night 💥💥
---
#CallofDuty #MWII #MW2 #GhostSoapd https://t.co/TP1AtNbkMI",artimaaaeus,312,0,0,0,0
273,73,791800760514129920,"RT @artimaaaeus: late night gaming 🎮
---
#CallofDuty #MWII #MW2 #Ghost https://t.co/7ovQAGvU1E",artimaaaeus,325,0,0,0,0
274,74,1331155716489371648,"RT @BettyBRenders: 💀

#Ghost #SimonGhostRiley #ghostmw2 #MW2 #MWII #CallofDutyModernWarfare2 #CallofDuty https://t.co/JHeXg7TLwt",BettyBRenders,226,0,0,0,0
275,75,1359031969976225792,RT @tb_png: catching up on sleep 😴 #MWII #CallofDuty https://t.co/SLi2voBU8t,tb_png,529,0,0,0,0
276,76,1375862293947375619,"RT @garoshu_art: Desidia

#Konig #CallofDuty #MWII https://t.co/OrDLTDuKWu",garoshu_art,54,0,0,0,0
277,77,1617559757866385409,"RT @BettyBRenders: 💀

#Ghost #SimonGhostRiley #ghostmw2 #MW2 #MWII #CallofDutyModernWarfare2 #CallofDuty https://t.co/JHeXg7TLwt",BettyBRenders,226,0,0,0,0
278,78,1531023074094632966,"RT @loneghostwolf88: simple Ghost render because I'm busy getting renders done for next week when I'll be away for 5 days 💀💞
#simonghostril…",loneghostwolf88,126,0,0,0,0
279,79,1626574794308325378,"RT @artimaaaeus: more of that hs au i did the other night 💥💥
---
#CallofDuty #MWII #MW2 #GhostSoapd https://t.co/TP1AtNbkMI",artimaaaeus,312,0,0,0,0
280,80,1388886618170224644,"RT @Kqreal: Do you want to take it off?
Try to take a chance.

Photo editor - @DerNoun 
#CallofDuty #MW2  #König #Konig https://t.co/6XGYfd…",Kqreal,58,0,0,0,0
281,81,1663575157384916992,"Show my face? 
Are you ugly?
Quite the opposite 😉🎮#mw2
#gaymer #gay #GhostSoap #gaming #warzone #DMZ #femboy https://t.co/0ZqwUgFVFa",**this tweet had been deleted or hidden**,0,0,4,0,0
282,82,1500236908101779456,"RT @BettyBRenders: For @zayev_ 
The first giveaway winner.

Thanks for this wonderful idea! 🧼😏

#Soap #soapmactavish #soapmw2 #MW2 #MWII #C…",BettyBRenders,92,0,0,0,0
283,83,1281356222407507972,"RT @HotSatans: bro we need to get to the safe zone bro the gas is closing in brO-
König doodle to get back on the horse🤠 #nsfw #König #Call…",HotSatans,1248,0,0,0,0
284,84,1328832022656159746,sending a tactical deuce to @Activision @ATVIAssist if the MW2 PC performance isn't fixed in 4 hours,Activision,0,1,1,0,0
285,85,1626574794308325378,"RT @BettyBRenders: 💀

#Ghost #SimonGhostRiley #ghostmw2 #MW2 #MWII #CallofDutyModernWarfare2 #CallofDuty https://t.co/JHeXg7TLwt",BettyBRenders,226,0,0,0,0
286,86,1070466539965554688,"RT @xbruised_peachx: you can't steal our souls
#FarahKarim #CallofDuty #MWII https://t.co/2ZJkAT479R",xbruised_peachx,195,0,0,0,0
287,87,994070053896192001,"RT @loneghostwolf88: simple Ghost render because I'm busy getting renders done for next week when I'll be away for 5 days 💀💞
#simonghostril…",loneghostwolf88,126,0,0,0,0
288,88,1095378227185496065,"RT @bue_june: #konighost #König #Konig #MW2 #CallofDuty
Eventually, it's a fighting maid🥵🥵 https://t.co/EX5N68mXi8",bue_june,845,0,0,0,0
289,89,4517884841,"RT @HanumTaza: Drink milk! it will give you laser eyes power!
#MW2 #CallofDuty #TheBoys #soapghost https://t.co/XM6LngBDMz",HanumTaza,217,0,0,0,0
290,90,1492379717898584070,"RT @loneghostwolf88: simple Ghost render because I'm busy getting renders done for next week when I'll be away for 5 days 💀💞
#simonghostril…",loneghostwolf88,126,0,0,0,0
291,91,1634164536885534720,"RT @artimaaaeus: man has priorities 🤷‍♂️
---
#CallofDuty #MWII #MW2 #Ghost https://t.co/7JEIBeKjTJ",artimaaaeus,368,0,0,0,0
292,92,854178348553166848,"RT @artimaaaeus: more of that hs au i did the other night 💥💥
---
#CallofDuty #MWII #MW2 #GhostSoapd https://t.co/TP1AtNbkMI",artimaaaeus,312,0,0,0,0
293,93,83934517,"RT @BettyBRenders: For @zayev_ 
The first giveaway winner.

Thanks for this wonderful idea! 🧼😏

#Soap #soapmactavish #soapmw2 #MW2 #MWII #C…",BettyBRenders,92,0,0,0,0
294,94,1676982243955204097,"RT @xbruised_peachx: you can't steal our souls
#FarahKarim #CallofDuty #MWII https://t.co/2ZJkAT479R",xbruised_peachx,195,0,0,0,0
295,95,83934517,"RT @loneghostwolf88: simple Ghost render because I'm busy getting renders done for next week when I'll be away for 5 days 💀💞
#simonghostril…",loneghostwolf88,126,0,0,0,0
296,96,1634164536885534720,"RT @artimaaaeus: more of that hs au i did the other night 💥💥
---
#CallofDuty #MWII #MW2 #GhostSoapd https://t.co/TP1AtNbkMI",artimaaaeus,312,0,0,0,0
297,97,1240769855537778690,"RT @xbruised_peachx: you can't steal our souls
#FarahKarim #CallofDuty #MWII https://t.co/2ZJkAT479R",xbruised_peachx,195,0,0,0,0
298,98,936680848597897219,RT @661ave: #CallofDuty #MWII #König #Konig https://t.co/0rV56R9kKj,661ave,489,0,0,0,0
299,99,1669406806219583490,"FASTING KILLING AR IN WARZONE! (KASTOV 762 CLASS SETUP!) 

#warzone2 #warzone #callofdutywarzone2 #callofduty #warzonemeta #warzone2bestloadout #loadoutwarzone2meta #ashikaisland #ashikaislandwarzone2 #warzone2ashikaisland #islandkastov762warzone2 #kastov762classsetup #kastov762 https://t.co/r3m4IBAncL",**this tweet had been deleted or hidden**,0,0,0,0,0
