,Unnamed: 0,author_id,text,username,retweet,reply,like,quote,bookmark
0,0,1604228586919133185,"RT @alexgscod: What LT sees 💀🖤🧼
(+nsfw variants on patreon)

#GhostSoap #SoapGhost #CallOfDuty #MW2 https://t.co/0KxKQEGblR",alexgscod,395,0,0,0,0
1,1,1555927142571118594,"RT @BettyBRenders: 👑 Such a mess, Babyboy. 😌

#König #Koenig #KönigMW2 #MW2 #MWII #CallofDutyModernWarfare2 #CallofDuty https://t.co/aO4AhU…",BettyBRenders,452,0,0,0,0
2,2,1482723983720132609,RT @Lictor_GD: #укррайт #укрфанфікшн #укрслеш #SoapGhost #GhostSoap #soapmactavish #SimonGhostRiley #ghostmw2 #soapmw2 #CallOfDuty #MW2 @uk…,Lictor_GD,7,0,0,0,0
3,3,1217345485847121920,RT @BrevTk: Awareness got me accused smh #CDL2023 @CDCUpdate @CODLeague @OMiTGG @DecimateGG @ConvoyGamingPro @OfficiallyM7 @OfficialTeamWaR…,BrevTk,1,0,0,0,0
4,4,1526421521304018945,"RT @nickjmartineau: What are Horangi stans called?

#horangi #callofduty #mw2",nickjmartineau,139,0,0,0,0
5,5,469509775,"RT @nickjmartineau: What are Horangi stans called?

#horangi #callofduty #mw2",nickjmartineau,139,0,0,0,0
6,6,1284001122122752000,"RT @loneghostwolf88: 7th entry of the beach boy series - Alejandro Vargas ☀️📷  🏝️
#alejandrovargas #CoDAlejandro #CallofDuty #3DRender #MWI…",loneghostwolf88,246,0,0,0,0
7,7,1348598404750864390,"RT @yumecore: Lt. // focus
#CallofDuty #MWII #SimonGhostRiley https://t.co/C97Os6Os8L",yumecore,102,0,0,0,0
8,8,1195060819031019520,"RT @CDLHypeSquad: To The CoD Community, Thanks For a Great Season. 

Coming Soon... 
#CDL2023 💛 https://t.co/23gzDzUNSt",CDLHypeSquad,25,0,0,0,0
9,9,1612807321176141825,"RT @Hopefulonion: Very important tutorial ‼️
#mw2 #callofduty #ghostsoap #soapghost https://t.co/F9bkWPB4sf",Hopefulonion,552,0,0,0,0
10,10,1470272695220596738,@PlayCODMobile If I use express vpn in china to play codm global will I get banned?,PlayCODMobile,0,0,0,0,0
11,11,1341710940039860225,"RT @AmikoRoyAi: Preview of my drawing for @CoDFanZine 🥰

#callofduty #MWII #CoDZineSneakPeak https://t.co/8qUEEedigb",AmikoRoyAi,236,0,0,0,0
12,12,1304956607751577600,@TheCassiniJohn @PlayCODMobile John you're cool and all but this is just a png of nothing,TheCassiniJohn,0,0,0,0,0
13,13,3435035052,"動画の宣伝だよ(/・ω・)/

DMZのプロが作成したソロ専最強ARが強すぎる...あまり広めないで下さい【COD:MW2/最強武器】 https://t.co/cA5WTXtPS2 https://t.co/7UAUSNK0zc",**this tweet had been deleted or hidden**,1,0,20,0,0
14,14,1655762764772569088,RT @661ave: #JohnPrice #CaptainPrice #MWII #MW2 #CallofDuty https://t.co/sdOdCzsFZS,661ave,426,0,0,0,0
15,15,128076753,"@PlayCODMobile Final Boss' Vibe, who's the winner? #templar https://t.co/7GM7T42urj",PlayCODMobile,0,0,0,0,0
16,16,1284001122122752000,"RT @yumecore: Lt. // focus
#CallofDuty #MWII #SimonGhostRiley https://t.co/C97Os6Os8L",yumecore,102,0,0,0,0
17,17,1512468366027538438,RT @CallofDutyUK: It's time to fight like a hero. Season 04 Reloaded drops July 12 in Call of Duty #Warzone and #MWII 👉 https://t.co/EicHn4…,CallofDutyUK,37,0,0,0,0
18,18,1219175652013871104,Kefster is live on twitch!! don't miss it https://t.co/LU3uMLkvO5 #warzone #warzone2 #warzonenl #twitchstreamer #pro #nuke #cod #callofduty #bestplayer #smallstreamer #bigstreamer,**this tweet had been deleted or hidden**,0,0,0,0,0
19,19,1582875395849789440,@PAVEL_CODM @PlayCODMobile Do you understand that if Microsoft acquires Activision? CODM will be phased out for Warzone Mobile?,PAVEL_CODM,0,0,0,0,0
20,20,1615637256106135553,"RT @BettyBRenders: 🦿…but never giving up

#Alex #AlexKeller #AlexMW2 #MW2 #MWII #CallofDutyModernWarfare2 #CallofDuty https://t.co/f15lltBJ…",BettyBRenders,25,0,0,0,0
21,21,31659483,"RT @Johnny_k1802: Hi everyone uploaded a new video using @BuffNerdGaming1 AKS-74U conversion
Hope you enjoy
https://t.co/AMFWE4tIm1
#Callof…",Johnny_k1802,2,0,0,0,0
22,22,1671728773941821441,"RT @loneghostwolf88: Soap - Red team 
#MWII #CodSoap #CallofDuty #3DRender https://t.co/UHcYWD3c6e",loneghostwolf88,129,0,0,0,0
23,23,840235944,"RT @loneghostwolf88: Soap - Red team 
#MWII #CodSoap #CallofDuty #3DRender https://t.co/UHcYWD3c6e",loneghostwolf88,129,0,0,0,0
24,24,2723551382,"RT @loneghostwolf88: Soap - Red team 
#MWII #CodSoap #CallofDuty #3DRender https://t.co/UHcYWD3c6e",loneghostwolf88,129,0,0,0,0
25,25,254612355,"RT @ItzChazZ_: First rip on some quick play in about two months now 😅 #MW2 #CallofDuty 
•

Be sure to check out our Org’s sponsors, and use…",ItzChazZ_,3,0,0,0,0
26,26,3728870584,New vid  #CallOfDuty #MW2 #Season4 #Warzone #TikTok https://t.co/D6M6wSW4Zo,**this tweet had been deleted or hidden**,0,0,1,0,0
27,27,2922673573,RT @UpperDeckEsprts: If you have collected all of the #CDL2023 Game Dated Moments cards and redeemed for the 6 Major Auto Achievement cards…,UpperDeckEsprts,1,0,0,0,0
28,28,1600267983791837185,RT @simulacra098: Alejandro after Soap and Ghost broke him out of Shadow Company's captivity  #CallofDuty #MW2 https://t.co/W2CgllLDh1,simulacra098,289,0,0,0,0
29,29,1481664871062196231,"RT @AmikoRoyAi: Preview of my drawing for @CoDFanZine 🥰

#callofduty #MWII #CoDZineSneakPeak https://t.co/8qUEEedigb",AmikoRoyAi,236,0,0,0,0
30,30,1528476509303762944,"RT @puchipurin: 見た目ヤバいの追加されるw

#Warzone2
#CoD

 https://t.co/3e9X3S5POw",puchipurin,43,0,0,0,0
31,31,1470790439590633474,"RT @loneghostwolf88: Soap - Red team 
#MWII #CodSoap #CallofDuty #3DRender https://t.co/UHcYWD3c6e",loneghostwolf88,129,0,0,0,0
32,32,1540820089603252225,RT @Vefor_: uploaded the other day if you missed it. #montage #callofduty #blackopscoldwar #ModernWarfare2 #ModernWarfareII #MW2 #MWII #mod…,Vefor_,1,0,0,0,0
33,33,1615637256106135553,"RT @BettyBRenders: 🦿Broken…

#Alex #alexkeller #AlexMW2 #MW2 #MWII #CallofDutyModernWarfare2 #CallofDuty https://t.co/KVsDNZeil9",BettyBRenders,112,0,0,0,0
34,34,1427430673481011200,"#MW2
DMZの民度が、よく分からん。

ケース1
SUVで任務先(潜水艦に追跡装置仕掛ける任務）に通りかかった俺氏、他チームに倒される。アル･マズラ

ケース2
偶々、敵Ｐと遭遇したけど至近距離で睨み合い（フレ送信済）してお互いに発砲無しで行きたい所に通り過ぎる。アシカ島 https://t.co/QDW9rDF8G8",**this tweet had been deleted or hidden**,0,2,7,0,0
35,35,218801591,"RT @puchipurin: 見た目ヤバいの追加されるw

#Warzone2
#CoD

 https://t.co/3e9X3S5POw",puchipurin,43,0,0,0,0
36,36,1484741667601240069,Awareness got me accused smh #CDL2023 @CDCUpdate @CODLeague @OMiTGG @DecimateGG @ConvoyGamingPro @OfficiallyM7 @OfficialTeamWaR @OrbitGG @NrkAnarky https://t.co/JWTpip5FnO,CDCUpdate,1,0,5,0,0
37,37,1140406460129693697,"RT @aphasia4fog: Idk, did he really use a T-shirt as a mask?
#König
#MWII 
#CallofDuty https://t.co/4Yv9JGtNal",aphasia4fog,224,0,0,0,0
38,38,1340571337526415360,Me looking into the universe where Infinity Ward put Zombies to MWII instead of Special Ops https://t.co/XUIHZatuj5,**this tweet had been deleted or hidden**,0,1,0,0,0
39,39,1514527067647451136,"RT @AmikoRoyAi: Preview of my drawing for @CoDFanZine 🥰

#callofduty #MWII #CoDZineSneakPeak https://t.co/8qUEEedigb",AmikoRoyAi,236,0,0,0,0
40,40,1557031269527060483,RT @Lictor_GD: #укррайт #укрфанфікшн #укрслеш #SoapGhost #GhostSoap #soapmactavish #SimonGhostRiley #ghostmw2 #soapmw2 #CallOfDuty #MW2 @uk…,Lictor_GD,7,0,0,0,0
41,41,744532960527867908,"RT @puchipurin: 見た目ヤバいの追加されるw

#Warzone2
#CoD

 https://t.co/3e9X3S5POw",puchipurin,43,0,0,0,0
42,42,1586076198240911360,"RT @puchipurin: 見た目ヤバいの追加されるw

#Warzone2
#CoD

 https://t.co/3e9X3S5POw",puchipurin,43,0,0,0,0
43,43,1532385930862010368,"Hi ihr Raketen, 
bin wieder live für euch auf twitch!! Schaut gerne vorbei!
https://t.co/9ujdyMZBCa
#twitchDE #twitchtv #twitchstreamer #twitchaffiliate #twitchmoments #smallstreamer #twitchgermany #callofduty #community #mw2 #twitchclips",**this tweet had been deleted or hidden**,0,0,2,0,0
44,44,1002199082197307392,"I got called a cheater on MW2 for this gameplay , check it out ! #ModernWarfare2 #ModernWarfareII #MW2 https://t.co/R2ckVJqrfm",**this tweet had been deleted or hidden**,0,0,0,0,0
45,45,1498694497429069832,"@PlayCODMobile Dear call of duty mobile account, I have a question, do you think the Lk24 crimson royal box or lot will come back? https://t.co/lN16KiZdOL",PlayCODMobile,0,0,0,0,0
46,46,1470790439590633474,RT @661ave: #Ghost #SimonGhostRiley #CallOfDuty #MWII #MW2 https://t.co/9FXEq9ZwyS,661ave,427,0,0,0,0
47,47,1256484013952233472,@CallofDuty this a low blow 💀 @XboxP3 @InfinityWard @Treyarch @RavenSoftware @SHGames @CallofDuty @BeenoxCODPC @demonware @HighMoonStudios @ToysForBob @CODLeague @CallofDutyUK @kcaaj @JoeCecot @ElonMusk #Warzone #DMZ #MWII 💀 https://t.co/dmnocAfNVz,CallofDuty,0,2,0,1,0
48,48,1671163755252830210,"RT @AmikoRoyAi: Preview of my drawing for @CoDFanZine 🥰

#callofduty #MWII #CoDZineSneakPeak https://t.co/8qUEEedigb",AmikoRoyAi,236,0,0,0,0
49,49,1470790439590633474,"RT @loneghostwolf88: 7th entry of the beach boy series - Alejandro Vargas ☀️📷  🏝️
#alejandrovargas #CoDAlejandro #CallofDuty #3DRender #MWI…",loneghostwolf88,246,0,0,0,0
50,50,1203810420034809858,RT @Lictor_GD: #укррайт #укрфанфікшн #укрслеш #SoapGhost #GhostSoap #soapmactavish #SimonGhostRiley #ghostmw2 #soapmw2 #CallOfDuty #MW2 @uk…,Lictor_GD,7,0,0,0,0
51,51,1269680584407867392,"RT @colin_3dart: König - Smile

Inspired by @Tava_tavatic's work 😀

#Konig #callofduty #könig #CallofDutyModernWarfare2 #Warzone2 #mwii #Mo…",colin_3dart,234,0,0,0,0
52,52,1660293391920291841,"RT @AmikoRoyAi: Safe with you

09 #ghostsoap #soapghost #callofduty #MWII https://t.co/wkFuP44Iul",AmikoRoyAi,1285,0,0,0,0
53,53,1660293391920291841,"RT @AmikoRoyAi: Preview of my drawing for @CoDFanZine 🥰

#callofduty #MWII #CoDZineSneakPeak https://t.co/8qUEEedigb",AmikoRoyAi,236,0,0,0,0
54,54,1372502539476758529,"RT @codontwt: Even you now Farrah? 

#CallofDuty 
#ModernWarfare2 
#ModernWarfareII 
#MW2 
#FarAlex
#Farahmw
#Alexmw https://t.co/OjHtHmY5UI",codontwt,51,0,0,0,0
55,55,1621032577367687171,"@GhostTw1tter @PlayCODMobile Activision is really bad, Microsoft should buy them soon.Then GARENA GLOBAL LET ALL SERVERS BECOME ONE https://t.co/0Q03hhS4iv",GhostTw1tter,0,1,0,0,0
56,56,1507103401481490444,RT @Lictor_GD: #укррайт #укрфанфікшн #укрслеш #SoapGhost #GhostSoap #soapmactavish #SimonGhostRiley #ghostmw2 #soapmw2 #CallOfDuty #MW2 @uk…,Lictor_GD,7,0,0,0,0
57,57,1456682221239218181,"#укррайт #укрфанфікшн #укрслеш #SoapGhost #GhostSoap #soapmactavish #SimonGhostRiley #ghostmw2 #soapmw2 #CallOfDuty #MW2 @ukrfanficshn @ua_slash

Привид отримав несподівані гарні новини, і ввечері його чекає вечірка на його честь. Але спочатку у нього є набагато менш приємна ⬇️ https://t.co/2TdN4TH2iv",ukrfanficshn,7,1,24,0,2
58,58,1501281960680853510,Can’t be stopped #vondel #pinktape #gaming #mw2 #warzone #warzone2 #Ukraine #CallofDuty https://t.co/22l0apj2wM,**this tweet had been deleted or hidden**,0,0,1,0,0
59,59,804815831582568449,"RT @PlayCODMobile: Armada, but bigger. There’s more than meets the eye with Ground War: Armada! Live now in Season 6 🚢 https://t.co/bAfHHdE…",PlayCODMobile,31,0,0,0,0
60,60,1042388458772283392,"RT @AmikoRoyAi: Preview of my drawing for @CoDFanZine 🥰

#callofduty #MWII #CoDZineSneakPeak https://t.co/8qUEEedigb",AmikoRoyAi,236,0,0,0,0
61,61,4816394819,"RT @kitxo3: LIVE https://t.co/2cvpBcfGt8
#CallofDutyWarzone #CallofDuty #MW2 #PvP #Multiplayer #FaZeUp #LiveStream #SmallStreamersConnect #…",kitxo3,1,0,0,0,0
62,62,1121441082,"RT @AmikoRoyAi: Preview of my drawing for @CoDFanZine 🥰

#callofduty #MWII #CoDZineSneakPeak https://t.co/8qUEEedigb",AmikoRoyAi,236,0,0,0,0
63,63,25574389,"#DMZ #Toxic #Toxicplayers #mw2 #warzone

https://t.co/qPiTouMXR5",**this tweet had been deleted or hidden**,0,0,0,0,0
64,64,1648498549628477441,"RT @BettyBRenders: Like promised… a big, uncensored, needy boy 👑

#König #Koenig #KönigMW2 #MW2 #MWII #CallofDutyModernWarfare2 #CallofDuty…",BettyBRenders,437,0,0,0,0
65,65,1498334158522826762,The FSS HURRICANE is so unbelievably TRASH its not even worth being a weapon! Multiple hit markers on headshot? TRASH! #MWII #CallofDuty #Warzone2,**this tweet had been deleted or hidden**,0,0,0,0,0
66,66,1470790439590633474,"RT @Hopefulonion: Very important tutorial ‼️
#mw2 #callofduty #ghostsoap #soapghost https://t.co/F9bkWPB4sf",Hopefulonion,552,0,0,0,0
67,67,1379176569415983105,RT @661ave: #Ghost #SimonGhostRiley #CallOfDuty #MWII #MW2 https://t.co/9FXEq9ZwyS,661ave,427,0,0,0,0
68,68,363953532,@RageGamingAf @MobileMayhemGG @ESportsANews @PlayCODMobile @redmagicgaming @trovolive @jointribe_gg @RealBobbyPlays We got this 🙏🏽❤️,RageGamingAf,0,0,1,0,0
69,69,3268976102,"RT @bue_june: #konighost #König #Konig #MW2 #CallofDuty
The sense of sight when playing with friends
😇😇😇😇😇 https://t.co/FYVb9ckdhX",bue_june,983,0,0,0,0
70,70,1249155540376334338,"RT @yumecore: Lt. // focus
#CallofDuty #MWII #SimonGhostRiley https://t.co/C97Os6Os8L",yumecore,102,0,0,0,0
71,71,1425299218269315079,"LIVE https://t.co/2cvpBcfGt8
#CallofDutyWarzone #CallofDuty #MW2 #PvP #Multiplayer #FaZeUp #LiveStream #SmallStreamersConnect #RebirthIsland #TwitchAffiliate #SupportSmallStreamers #TwitchStreamers @SmallStreamersR @Streamer_Boost @StreamBoosts @StreamersRT1",SmallStreamersR,1,0,1,0,0
72,72,1597584191201619968,"RT @loneghostwolf88: Soap - Red team 
#MWII #CodSoap #CallofDuty #3DRender https://t.co/UHcYWD3c6e",loneghostwolf88,129,0,0,0,0
73,73,1618639305622142976,"@MldGhost if the quality of these games will drop nobody will fund your GP bs. They will try to get the money from you ans people like you. If PS users will stop buying the games, I can already see the increasing prices of Game Pass. This is what Activision did in MWII-",MldGhost,0,1,0,0,0
74,74,1193128618098135041,"RT @san_omiso: 戦友探しや情報交換などに使えるMW2ディスコ鯖を作っています。活動も活発なので興味がある方は是非とも参加してください！
#DMZ #DMZ募集 #MW2 #Warzone2 
https://t.co/svu31zgf6g",san_omiso,2,0,0,0,0
75,75,1217489875475275776,@RageGamingAf @MobileMayhemGG @ESportsANews @PlayCODMobile @redmagicgaming @trovolive @jointribe_gg @RealBobbyPlays ❤️,RageGamingAf,0,0,1,0,0
76,76,1612871267102728200,RT @6welfare9: Could these possibly turn into the new meta?!?!?!#viral #warzone #tiktok #CallofDuty  #meme #twitch #MW2  #SupportSmallStrea…,6welfare9,1,0,0,0,0
77,77,1327196576360632320,"RT @PlayCODMobile: Armada, but bigger. There’s more than meets the eye with Ground War: Armada! Live now in Season 6 🚢 https://t.co/bAfHHdE…",PlayCODMobile,31,0,0,0,0
78,78,1127642467065577472,"RT @yumecore: Lt. // focus
#CallofDuty #MWII #SimonGhostRiley https://t.co/C97Os6Os8L",yumecore,102,0,0,0,0
79,79,1607649789470216194,"RT @yumecore: Lt. // focus
#CallofDuty #MWII #SimonGhostRiley https://t.co/C97Os6Os8L",yumecore,102,0,0,0,0
80,80,989651941423661058,"Camping won't work against me.  Bots.  

#CallofDuty #Warzone2 #twitch https://t.co/daTUaoClyM",**this tweet had been deleted or hidden**,0,0,0,1,0
81,81,1084201718492086274,"RT @tim_hex: Fem!Ghost and Keegan🤭 

#SimonRiley #keeganpruss #MW2 #callofduty https://t.co/yirTbAC70t",tim_hex,61,0,0,0,0
82,82,1280425308521238530,"RT @DarianZIM: Please ban flash bangs 

@PlayCODMobile @ESLCODM 

The entire world would rejoice 🙏🏻",DarianZIM,8,0,0,0,0
83,83,956377540687429632,"RT @Dougfunnnys: Pistol PLAY! #CallofDuty #Warzone2 #MW3 #ModernWarfareIII #warzonemobile @EnduranceTweets 

https://t.co/u4Vi2yz9VP",Dougfunnnys,4,0,0,0,0
84,84,1487087808808615938,"凸砂っぽくなってきたあ🫰🏻
真似してみてね🫰🏻
#mw2 #ModernWarfare2 #mw2023 #CoD #CallofDuty #ShareFactoryStudio #PS5Share https://t.co/8iUx2XWjtJ",**this tweet had been deleted or hidden**,2,0,30,0,0
85,85,1142390783640817664,RT @HotSatans: bach for round 2 yeehaw ft. warm up request to get back on the horse 🤠🤘 i just kno it smells crazy in there☠️ #nsfw #ghostmw…,HotSatans,1391,0,0,0,0
86,86,1567584423348170752,"RT @tim_hex: Fem!Ghost and Keegan🤭 

#SimonRiley #keeganpruss #MW2 #callofduty https://t.co/yirTbAC70t",tim_hex,61,0,0,0,0
87,87,2721954605,RT @CallofDuty: It's time to fight like a hero. Season 04 Reloaded drops July 12 in Call of Duty #Warzone and #MWII 👉 https://t.co/CMgkvPpR…,CallofDuty,1219,0,0,0,0
88,88,1005660369224962048,RT @ArduousShe: Ayo the shirts came in!!! #MW2 #CallofDuty #ModernWarfare2 #könig https://t.co/LCNxJfEImD,ArduousShe,2,0,0,0,0
89,89,1497321395314900998,RT @CODLeague: 7️⃣ minutes of straight @HyDrAnml highlights from #CDL2023 🎞️ https://t.co/PB2LLznAFf,CODLeague,97,0,0,0,0
90,90,735348413412315141,"RT @AmikoRoyAi: Preview of my drawing for @CoDFanZine 🥰

#callofduty #MWII #CoDZineSneakPeak https://t.co/8qUEEedigb",AmikoRoyAi,236,0,0,0,0
91,91,1594893139575115776,RT @661ave: #Ghost #SimonGhostRiley #CallOfDuty #MWII #MW2 https://t.co/9FXEq9ZwyS,661ave,427,0,0,0,0
92,92,1611790183438991362,RT @CallofDuty: It's time to fight like a hero. Season 04 Reloaded drops July 12 in Call of Duty #Warzone and #MWII 👉 https://t.co/CMgkvPpR…,CallofDuty,1219,0,0,0,0
93,93,1671954001838096384,"RT @HellishDraws: Pride month may be over.. but that doesn’t stop me from feeding y’all trans Soap 
#GhostSoap #CallOfDuty #MW2 https://t.c…",HellishDraws,349,0,0,0,0
94,94,438950919,"なんかDMZは[1vs3,Solo]ってワードが検索に引っかかってるみたいだから、クリップ取りしてみるかー。
DMZよりwarzone2の1vs3の方が需要有りそうなのに、インプレ率低いの何でなんだ😵‍💫？",**this tweet had been deleted or hidden**,0,0,2,0,0
95,95,1069854076882497538,RT @HotSatans: bach for round 2 yeehaw ft. warm up request to get back on the horse 🤠🤘 i just kno it smells crazy in there☠️ #nsfw #ghostmw…,HotSatans,1391,0,0,0,0
96,96,1501281960680853510,Not even close to my prime #vondelpark #CallofDuty #mw2 #gaming #ps5share #NATOSummit #consolegaming https://t.co/MVePJifLRC,**this tweet had been deleted or hidden**,0,0,0,0,0
97,97,856349294,"RT @puchipurin: 見た目ヤバいの追加されるw

#Warzone2
#CoD

 https://t.co/3e9X3S5POw",puchipurin,43,0,0,0,0
98,98,1318533233697542147,RT @CallofDuty: It's time to fight like a hero. Season 04 Reloaded drops July 12 in Call of Duty #Warzone and #MWII 👉 https://t.co/CMgkvPpR…,CallofDuty,1219,0,0,0,0
99,0,1260069440072241153,"RT @aphasia4fog: Idk, did he really use a T-shirt as a mask?
#König
#MWII 
#CallofDuty https://t.co/4Yv9JGtNal",aphasia4fog,224,0,0,0,0
100,1,1200040089750892544,@AyanGamerX @PlayCODMobile same to you,AyanGamerX,0,1,0,0,0
101,2,4004268423,"RT @GreyFromYoutube: 🔴LIVE!
https://t.co/CeIzP3MuT4… 
#CallofDuty #MW2 https://t.co/CXOVJWwDGn",GreyFromYoutube,1,0,0,0,0
102,3,1610456683146248194,"12 e Dezert, muito bom no modo Lockdown. 💪🏼😜 #CallofDuty #Warzone2 #fps https://t.co/xMie4dWbi0",**this tweet had been deleted or hidden**,0,1,1,0,0
103,4,856693786046550016,live on twitch playing #callofduty RANKED vibing https://t.co/0GDQLJ9yv0 #twitch #smallstreamer #cod #mw2 #codupdate #codmw2 #warzone #chill #youtube #contentcreator,**this tweet had been deleted or hidden**,0,0,0,0,0
104,5,1582391425068515329,"RT @Ya_Pal_Pebbles: Bring this back when? 

@PlayCODMobile https://t.co/urNUT1ZbZe",Ya_Pal_Pebbles,7,0,0,0,0
105,6,1288377279693783040,"RT @aphasia4fog: Idk, did he really use a T-shirt as a mask?
#König
#MWII 
#CallofDuty https://t.co/4Yv9JGtNal",aphasia4fog,224,0,0,0,0
106,7,1294330994821074952,"Disappointed with Call of Duty: Modern Warfare 2. While it had its moments, the game's unbalanced multiplayer and lackluster updates. #MW2 #GamingOpinions @CallofDuty @Activision",CallofDuty,0,2,0,0,0
107,8,1452980782528700419,"RT @yumecore: Lt. // focus
#CallofDuty #MWII #SimonGhostRiley https://t.co/C97Os6Os8L",yumecore,102,0,0,0,0
108,9,1499014656853225477,"@PlayCODMobile I got hacked, lost 3years worth of grind, pls help!",PlayCODMobile,0,0,0,0,0
109,10,914769691,"RT @aphasia4fog: Idk, did he really use a T-shirt as a mask?
#König
#MWII 
#CallofDuty https://t.co/4Yv9JGtNal",aphasia4fog,224,0,0,0,0
110,11,978404490784198657,KV Broadside is an issue in MWII and Im gonna be an issue for Infinity Ward if they keep doing this shit https://t.co/dMLBA9SaR6,**this tweet had been deleted or hidden**,0,0,0,0,0
111,12,1034079239870373895,"RT @puchipurin: 【Warzone2最新アプデ情報】

WarzoneでもDMZのように特殊アーマーがドロップするようになるみたいです！
(死ぬとドロップし、倒した人は拾える)

#Warzone2
#MW2
#CoD https://t.co/CT2bGifyrn",puchipurin,5,0,0,0,0
112,13,825990749485293569,"MW2久々～
CODはやっぱり砂が楽しい！！
#CallofDuty #MWII https://t.co/MwDParVzKo",**this tweet had been deleted or hidden**,0,0,5,0,0
113,14,1533195834954743812,"RT @Rumfield_: *LIVE*

Warzone 2 games @KickStreaming @CallofDuty 

https://t.co/Oqmtv2k6r7

#CallofDuty #CallofDutyModernWarfare2 #Warzone…",Rumfield_,1,0,0,0,0
114,15,2835237879,RT @CODLeague: 7️⃣ minutes of straight @HyDrAnml highlights from #CDL2023 🎞️ https://t.co/PB2LLznAFf,CODLeague,97,0,0,0,0
115,16,2856778420,Live Call of Duty: Warzone Gameplay: The Boys are Back in Town https://t.co/Ur7RiOvGRO via @YouTube #CallofDuty #Warzone #Warzone2 with @FyrBorne,YouTube,1,0,1,0,0
116,17,1271723940478509060,"RT @puchipurin: 【Warzone2最新アプデ情報】

WarzoneでもDMZのように特殊アーマーがドロップするようになるみたいです！
(死ぬとドロップし、倒した人は拾える)

#Warzone2
#MW2
#CoD https://t.co/CT2bGifyrn",puchipurin,5,0,0,0,0
117,18,1583838694892572675,"RT @alexgscod: Thank you so much for 5k!!! 😊😭🙏
💀❤️🧼

#GhostSoap #SoapGhost #CallOfDuty #MWII https://t.co/3Wsq7SNXj5",alexgscod,875,0,0,0,0
118,19,1046416209539944448,RT @CODLeague: 7️⃣ minutes of straight @HyDrAnml highlights from #CDL2023 🎞️ https://t.co/PB2LLznAFf,CODLeague,97,0,0,0,0
119,20,1138596164314341376,"RT @aphasia4fog: Idk, did he really use a T-shirt as a mask?
#König
#MWII 
#CallofDuty https://t.co/4Yv9JGtNal",aphasia4fog,224,0,0,0,0
120,21,1148973293623549952,"Your eyes are not deceiving you. The worst map in Modern Warfare 2 is finally playable after 257 days 😱

📰 Here's how: https://t.co/Y3wFJhRYs6

#ModernWarfare2 #MW2
#COD #CallofDuty
#PS5 #Xbox https://t.co/pB2eh8BIHJ",**this tweet had been deleted or hidden**,0,0,0,0,0
121,22,1678574977329537031,#cod #hacker #gamer #streamer #kick #kickstreamer #follow #warzone2 #callofduty #drdisrespect #nickmercs #excision #Rumble  https://t.co/U5nznTllRC,**this tweet had been deleted or hidden**,0,0,0,0,0
122,23,1678574977329537031,#cod #hacker #gamer #streamer #kick #kickstreamer #follow #warzone2 #callofduty #drdisrespect #nickmercs #excision https://t.co/U5nznTllRC,**this tweet had been deleted or hidden**,0,0,0,0,0
123,24,1067373893436882949,"RT @AmikoRoyAi: Preview of my drawing for @CoDFanZine 🥰

#callofduty #MWII #CoDZineSneakPeak https://t.co/8qUEEedigb",AmikoRoyAi,236,0,0,0,0
124,25,833075325194084353,"🔴LIVE!
https://t.co/CeIzP3MuT4… 
#CallofDuty #MW2 https://t.co/CXOVJWwDGn",**this tweet had been deleted or hidden**,1,0,1,0,0
125,26,1077990961118998529,"RT @puchipurin: 【Warzone2最新アプデ情報】

WarzoneでもDMZのように特殊アーマーがドロップするようになるみたいです！
(死ぬとドロップし、倒した人は拾える)

#Warzone2
#MW2
#CoD https://t.co/CT2bGifyrn",puchipurin,5,0,0,0,0
126,27,2547329126,"RT @aphasia4fog: Idk, did he really use a T-shirt as a mask?
#König
#MWII 
#CallofDuty https://t.co/4Yv9JGtNal",aphasia4fog,224,0,0,0,0
127,28,2547329126,"RT @Unholykazoo: POV: you stayed in that one bunker in DMZ too long
#konig #König #mw2 #digitalart #CallofDuty https://t.co/hACJvOcGlc",Unholykazoo,18,0,0,0,0
128,29,17551677,RT @CallofDuty: It's time to fight like a hero. Season 04 Reloaded drops July 12 in Call of Duty #Warzone and #MWII 👉 https://t.co/CMgkvPpR…,CallofDuty,1219,0,0,0,0
129,30,1537447415552167941,"My Live stream tonight has gotten changed to the “Uninstall stream” Tune and learn how to uninstall this shit game so you can have better mood and happier play experiences elsewhere. 
#Callofduty #Activision #Cod #MW2 #Warzone2",**this tweet had been deleted or hidden**,0,0,0,0,0
130,31,1512337235349102601,"RT @Willows_Peak: My part for an art trend on TikTok!
#CallofDuty #SimonRiley #MWII #MW2 https://t.co/Qb6hrh9sjy",Willows_Peak,21,0,0,0,0
131,32,1639076184679133184,"RT @loneghostwolf88: Soap - Red team 
#MWII #CodSoap #CallofDuty #3DRender https://t.co/UHcYWD3c6e",loneghostwolf88,130,0,0,0,0
132,33,2253509707,"RT @RushWinRed: 配信開始！
【CoD:DMZ】プレイヤーから逃げて脱出できるか！ヴォンデルの武器ケースを回収せよ!残り１個！『WinRed』『MW2』 https://t.co/qx1EBoOkgQ",RushWinRed,3,0,0,0,0
133,34,1512337235349102601,RT @hestax_: the smell of blood. #König #MW2 #callofduty https://t.co/8ZDBGPZDsp,hestax_,119,0,0,0,0
134,35,268233943,"RT @Ya_Pal_Pebbles: Bring this back when? 

@PlayCODMobile https://t.co/urNUT1ZbZe",Ya_Pal_Pebbles,7,0,0,0,0
135,36,268233943,@Ya_Pal_Pebbles @PlayCODMobile post more old videos like this of battle royale,Ya_Pal_Pebbles,0,0,0,0,0
136,37,268233943,@Ya_Pal_Pebbles @PlayCODMobile either need to add toggle option between burst &amp; auto . or auto fire perk for burst weapons,Ya_Pal_Pebbles,0,0,1,0,0
137,38,850351803153756160,"RT @ESPNozaX: It's good to be back. See you guys next week 

#SupportSmallStreamers #SupportAllStreamers #Warzone2 #WarzoneClips #CallOfDut…",ESPNozaX,3,0,0,0,0
138,39,824318934690238464,"RT @InfoCoDES_: Notas del parche completas de la temporada 04 recargada en #MWII &amp; #Warzone ⬇️
https://t.co/FnJZww5Awv",InfoCoDES_,4,0,0,0,0
139,40,1082649499221311489,"RT @puchipurin: 見た目ヤバいの追加されるw

#Warzone2
#CoD

 https://t.co/3e9X3S5POw",puchipurin,43,0,0,0,0
140,41,1557931247535501315,"RT @Ya_Pal_Pebbles: Bring this back when? 

@PlayCODMobile https://t.co/urNUT1ZbZe",Ya_Pal_Pebbles,7,0,0,0,0
141,42,1447372252966756352,"How would CPT Price of @CallofDuty shave?
@WSP_shaving shave soap
@OneBladeShave Hybrid razor
@nakedarmor Scuttle lather bowl. 
#cptprice #mw2 #cod 
#asmr #asmrsounds #satisfying #shave #SOTD #wetshave
#shavetiktok #bobandelliothismustache https://t.co/mHvr7lcbkd",CallofDuty,0,0,5,0,0
142,43,1456496894222340103,RT @hestax_: the smell of blood. #König #MW2 #callofduty https://t.co/8ZDBGPZDsp,hestax_,119,0,0,0,0
143,44,1668899806432079873,"RT @Coruja3571: GHOST (Actual MW2 Outfit)

#garrysmod #gmod #digitalart #art #3drender #artwork #sourceart #military #tactical #CallofDuty…",Coruja3571,43,0,0,0,0
144,45,1673001131780472833,"@Ya_Pal_Pebbles @PlayCODMobile Currently one is ass IMO!?
CODM need Bring back the old Hs1216 animation!?",Ya_Pal_Pebbles,0,0,2,0,0
145,46,1668899806432079873,"RT @Coruja3571: Ghost (MW2 Inspired)

Since we just got some juicy MW2 arts released, it's only fair for me to make something inspired by t…",Coruja3571,240,0,0,0,0
146,47,1189031555265683456,"RT @artimaaaeus: really quick 141 baby bois, but they’re filo hs students LMAO
—-
#CallofDuty #MWII #MW2 https://t.co/lDYtdF8k5W",artimaaaeus,46,0,0,0,0
147,48,1152413715708469248,RT @hestax_: the smell of blood. #König #MW2 #callofduty https://t.co/8ZDBGPZDsp,hestax_,119,0,0,0,0
148,49,1604028294197923842,"RT @tim_hex: Fem!Ghost and Keegan🤭 

#SimonRiley #keeganpruss #MW2 #callofduty https://t.co/yirTbAC70t",tim_hex,61,0,0,0,0
149,50,1517937619358859267,"RT @yumecore: Lt. // focus
#CallofDuty #MWII #SimonGhostRiley https://t.co/C97Os6Os8L",yumecore,102,0,0,0,0
150,51,1136188957367123969,@Ya_Pal_Pebbles @PlayCODMobile SO weird and the New upcoming is bad,Ya_Pal_Pebbles,0,0,0,0,0
151,52,40053163,"RT @BulletSweats: Dear @Activision and @RavenSoftware 
Please make all squad sizes available on all maps, all the time.

Sincerely,
Everyon…",BulletSweats,1,0,0,0,0
152,53,1228720885546176512,u should nerf hover bike damage when it hit a player. just too overpowered @PlayCODMobile,PlayCODMobile,0,0,0,0,0
153,54,1475468609136824326,RT @vAndrewpr_: Don’t be like that team 🤫😎🤣 #Warzone2  #CallofDuty  #CoD  #ModernWarfareII https://t.co/Xtw7cSVYYT,vAndrewpr_,1,0,0,0,0
154,55,1517937619358859267,"RT @AmikoRoyAi: Preview of my drawing for @CoDFanZine 🥰

#callofduty #MWII #CoDZineSneakPeak https://t.co/8qUEEedigb",AmikoRoyAi,236,0,0,0,0
155,56,1675044358163415040,@CallofDuty I can’t wait to buy the new bundles ❤️ I saved up 100$ to buy all the new skins to support the studio and game 😘 can’t wait for MWII s5 and s6 and year 2.,CallofDuty,0,0,0,0,0
156,57,1639076184679133184,"RT @AmikoRoyAi: Preview of my drawing for @CoDFanZine 🥰

#callofduty #MWII #CoDZineSneakPeak https://t.co/8qUEEedigb",AmikoRoyAi,236,0,0,0,0
157,58,1214504106942795777,"RT @loneghostwolf88: Soap - Red team 
#MWII #CodSoap #CallofDuty #3DRender https://t.co/UHcYWD3c6e",loneghostwolf88,130,0,0,0,0
158,59,1357931320115044354,@Uziandothers @PlayCODMobile The current one is messed up,Uziandothers,0,1,1,0,0
159,60,1136188957367123969,@Ya_Pal_Pebbles @PlayCODMobile Better then current,Ya_Pal_Pebbles,0,1,0,0,0
160,61,1340571337526415360,@CallofDuty the boys collab is just underwhelming for players who mainly play MWII and not Warzone,CallofDuty,0,0,1,0,0
161,62,1258149849087778819,"RT @Willows_Peak: My part for an art trend on TikTok!
#CallofDuty #SimonRiley #MWII #MW2 https://t.co/Qb6hrh9sjy",Willows_Peak,21,0,0,0,0
162,63,233023141,"@Tyrone_9085 @stefd75 @klobrille Cod1 was pc only it got a port to consoles with mw2 hardened edition then eventually psn and xbla, finest hour was on ps2 Xbox and GameCube",Tyrone_9085,0,1,0,0,0
163,64,1652792040017518595,@Ya_Pal_Pebbles @PlayCODMobile 🥵,Ya_Pal_Pebbles,0,0,0,0,0
164,65,1385990668191997955,"RT @Idk_ghosty: #rodolfoparra #CallofDuty #MW2 #MWII #AleRudy 

Give me some delicate and quite feminine Rodolfo who doesn't know what frag…",Idk_ghosty,12,0,0,0,0
165,66,1220413113503305729,"RT @AmikoRoyAi: Preview of my drawing for @CoDFanZine 🥰

#callofduty #MWII #CoDZineSneakPeak https://t.co/8qUEEedigb",AmikoRoyAi,236,0,0,0,0
166,67,1496890326946099202,"Dear @Activision and @RavenSoftware 
Please make all squad sizes available on all maps, all the time.

Sincerely,
Everyone that plays #MW2 and #Warzone2 https://t.co/Tr0kkNMY0h",Activision,1,0,1,0,0
167,68,1586912327064064002,RT @JulianVentures: #MWII This shot gives me the impression that the game would be better if all players were lizard-men and ghouls who cou…,JulianVentures,1,0,0,0,0
168,69,24866482,"Season 4 reloaded patch notes are live for MW2…new changes to DMZ squads coming 

https://t.co/6Ug0aDU3YS",**this tweet had been deleted or hidden**,0,0,0,0,0
169,70,1452980782528700419,"RT @loneghostwolf88: Soap - Red team 
#MWII #CodSoap #CallofDuty #3DRender https://t.co/UHcYWD3c6e",loneghostwolf88,130,0,0,0,0
170,71,1517682682016288770,"The new ""Plea &amp; Assimilation"" settings are interesting to say the least. I am liking the PVP hunt bounty tho. It'll help dismiss platoons hunting people down all game. Being a heavy solo player, I got tired of 6v1 in DMZ. 
#MW2 #DMZ #Warzone #patchnotes https://t.co/e0k9R0V3YL",**this tweet had been deleted or hidden**,0,0,1,0,0
171,72,876619157898481664,sobre activision só sei q vão lançar o Black noir no mw2 e vai ser a mesma coisa que era a Rose no mw1. Foda einh,**this tweet had been deleted or hidden**,0,0,1,0,0
172,73,1640714388805140481,"RT @puchipurin: 【Warzone2最新アプデ情報】

WarzoneでもDMZのように特殊アーマーがドロップするようになるみたいです！
(死ぬとドロップし、倒した人は拾える)

#Warzone2
#MW2
#CoD https://t.co/CT2bGifyrn",puchipurin,5,0,0,0,0
173,74,1639076184679133184,"RT @yumecore: Lt. // focus
#CallofDuty #MWII #SimonGhostRiley https://t.co/C97Os6Os8L",yumecore,102,0,0,0,0
174,75,218799517,"MW:Ⅱは3D武器格闘アクションゲームだった...？
#CallofDuty #MWII #MW2 https://t.co/R2wdvmswa4",**this tweet had been deleted or hidden**,0,0,3,0,0
175,76,611761159,"Alors je suis pas le plus grand fan des jeu de Treyarch (avant parce que Infinity Ward nous pond de la grosse merde maintenant)

Mais BO2 c’est pas TOP 3, c’est TOP 2 juste derrière MW3.
Suivi de BO1, MW2 et World at War https://t.co/OgQmfNgXdP",**this tweet had been deleted or hidden**,0,0,0,0,0
176,77,1646642470610927616,"RT @Willows_Peak: My part for an art trend on TikTok!
#CallofDuty #SimonRiley #MWII #MW2 https://t.co/Qb6hrh9sjy",Willows_Peak,21,0,0,0,0
177,78,1647053260816101382,"RT @yumecore: Ghost's legs appreciation post :3
#CallofDuty #MWII #SimonGhostRiley https://t.co/wPXDDEslZa",yumecore,422,0,0,0,0
178,79,1289947193625911296,"【Warzone2最新アプデ情報】

WarzoneでもDMZのように特殊アーマーがドロップするようになるみたいです！
(死ぬとドロップし、倒した人は拾える)

#Warzone2
#MW2
#CoD https://t.co/CT2bGifyrn",**this tweet had been deleted or hidden**,5,1,35,0,0
179,80,1416055392589815816,"RT @DarianZIM: Please ban flash bangs 

@PlayCODMobile @ESLCODM 

The entire world would rejoice 🙏🏻",DarianZIM,8,0,0,0,0
180,81,1553948750464356352,"RT @Ya_Pal_Pebbles: Bring this back when? 

@PlayCODMobile https://t.co/urNUT1ZbZe",Ya_Pal_Pebbles,7,0,0,0,0
181,82,1639076184679133184,"RT @artimaaaeus: really quick 141 baby bois, but they’re filo hs students LMAO
—-
#CallofDuty #MWII #MW2 https://t.co/lDYtdF8k5W",artimaaaeus,46,0,0,0,0
182,83,1357931320115044354,"Bring this back when? 

@PlayCODMobile https://t.co/urNUT1ZbZe",PlayCODMobile,7,16,87,0,3
183,84,1537447415552167941,"Looks like Season 4 Reloaded is all FIXES, and Dumb content made for a kids shooter. I counted roughly 60 FIXES in patch notes. NONE footstep audio. There is nothing in this game that makes me want to play anymore. Yall have fun with it. @CallofDuty #CallofDuty #Cod #MW2",CallofDuty,0,0,1,0,0
184,85,1668899806432079873,"RT @lazaruskiller: decided to switch up the dynamic for once 🤭

🌿

#ghost #könig #simonriley #simonghostriley #konig #Koenigmw2 #ghostmw2 #…",lazaruskiller,108,0,0,0,0
185,86,1659481702555631617,"This has to be the biggest change in the update. 

Being able to revive enemies is huge, it will lead to more players on the map at the end of games, more potential for friendly interactions, could be really good. 

#dmz #warzone2 #callofduty https://t.co/6PN1DnV6Uq",**this tweet had been deleted or hidden**,0,1,0,0,0
186,87,1639553293528514561,RT @CallofDuty: It's time to fight like a hero. Season 04 Reloaded drops July 12 in Call of Duty #Warzone and #MWII 👉 https://t.co/CMgkvPpR…,CallofDuty,1219,0,0,0,0
187,88,1221378777575374851,"RT @yumecore: Lt. // focus
#CallofDuty #MWII #SimonGhostRiley https://t.co/C97Os6Os8L",yumecore,102,0,0,0,0
188,89,1569441205179633667,La stream è LIVE! Games con i followers https://t.co/DN83TNWzRq #callofduty #warzone2 #callofdutywarzone2 #gameplay #battleroyale #twitch #twitchstreamer #twitchclips #highlights #highlight #xbox #XboxSeriesX,**this tweet had been deleted or hidden**,0,0,1,0,0
189,90,1172651214737149952,"[ INFO |  23.07.11 ]
• The Boys llega a Call of Duty esta semana  •

Artículo completo:

🧷 https://t.co/AXJt7246xX
#getnplayzone #videogames #games #PlayStation #Xbox #Nintendo #PC #TheBoys #CallOfDuty #Amazon #ModernWarfareII #Warzone2 https://t.co/3xaDPugmLg",**this tweet had been deleted or hidden**,0,0,0,0,0
190,91,1678869029929271299,RT @CallofDuty: It's time to fight like a hero. Season 04 Reloaded drops July 12 in Call of Duty #Warzone and #MWII 👉 https://t.co/CMgkvPpR…,CallofDuty,1219,0,0,0,0
191,92,1659481702555631617,"Really? Are superpowers what DMZ needs?!

Hopefully just a daft gimmick. 

#dmz #warzone2 #callofduty https://t.co/SqnQwYHYEs",**this tweet had been deleted or hidden**,0,0,0,0,0
192,93,1659481702555631617,"Finally. Something to weaken the 6 man hunt squads. 

Only a deterrent, rather than eliminating the issue, but may encourage teams to go after them. 

Interesting to see how accurate the intel on their position will be 

#dmz #warzone2 #callofduty https://t.co/dEbmOlP2pI",**this tweet had been deleted or hidden**,0,0,0,0,0
193,94,947512052293218309,"RT @CallofDuty: Gather your best Operators for some waterfront action 💦

Read more below about the 6v6 #MWII map Vondel Waterfront, the new…",CallofDuty,52,0,0,0,0
194,95,1666715522128580609,"RT @BettyBRenders: When you want to post and see #König D 1 C K but twitter says… noooooo! 🖕🏻

#Koenig #KönigMW2 #MW2 #WMII #CallofDutyMode…",BettyBRenders,317,0,0,0,0
195,96,1095161955021537280,"Why they couldnt just tweak the design like swapping camos or changing the kit instead of throwing them away is just one of many bizarre takes Infinity Ward has taken with #MW2 

But tbh SAS milsims not coming into the game is fine to me since they dont look very unique like 2019 https://t.co/OuvVRwZMuf",**this tweet had been deleted or hidden**,0,1,31,0,0
196,97,1566960419125825539,RT @xinput_: Who's ready for Call of Duty Warzone 2 Season 4 Reloaded? Dropping today! #MWII #microsoft #Activision https://t.co/mhNIqyskzv,xinput_,1,0,0,0,0
197,98,1666715522128580609,"RT @BettyBRenders: 👑 Such a mess, Babyboy. 😌

#König #Koenig #KönigMW2 #MW2 #MWII #CallofDutyModernWarfare2 #CallofDuty https://t.co/aO4AhU…",BettyBRenders,452,0,0,0,0
198,0,1486234372969799680,"RT @AmikoRoyAi: Portable heater

#ghostsoap #soapghost #MWII #callofduty https://t.co/N5zMoHWTaF",AmikoRoyAi,942,0,0,0,0
199,1,1493370268294680577,"RT @alexgscod: Chilling bfs at the pool! 💀🧼☀️🌊
(nsfw variants on patreon)

#GhostSoap #SoapGhost #CallOfDuty #MWII #SimonGhostRiley #soapma…",alexgscod,169,0,0,0,0
200,2,1481561281572196355,"RT @AmikoRoyAi: Portable heater

#ghostsoap #soapghost #MWII #callofduty https://t.co/N5zMoHWTaF",AmikoRoyAi,942,0,0,0,0
201,3,1609578041738465280,"RT @AmikoRoyAi: Portable heater

#ghostsoap #soapghost #MWII #callofduty https://t.co/N5zMoHWTaF",AmikoRoyAi,942,0,0,0,0
202,4,1442437273216188418,"RT @CallofDuty: Take the fight to the canals and more 🏊‍♂️

Vondel Waterfront 24/7, Kill Streak Confirmed, and Deathmatch Domination plus m…",CallofDuty,54,0,0,0,0
203,5,1347287454928277506,"RT @artimaaaeus: touch
---
#CallofDuty #MWII #MW2 #GhostSoap https://t.co/Ini1wUlSax",artimaaaeus,411,0,0,0,0
204,6,1481561281572196355,"RT @artimaaaeus: touch
---
#CallofDuty #MWII #MW2 #GhostSoap https://t.co/Ini1wUlSax",artimaaaeus,411,0,0,0,0
205,7,1354366740382294016,"RT @AmikoRoyAi: Portable heater

#ghostsoap #soapghost #MWII #callofduty https://t.co/N5zMoHWTaF",AmikoRoyAi,942,0,0,0,0
206,8,1251206171618312193,Oi @CallofDuty  your game eats ass bro fix it. #warzone2 #theboys,CallofDuty,0,0,0,0,0
207,9,3234184750,"RT @AmikoRoyAi: Portable heater

#ghostsoap #soapghost #MWII #callofduty https://t.co/N5zMoHWTaF",AmikoRoyAi,942,0,0,0,0
208,10,3234184750,"RT @artimaaaeus: touch
---
#CallofDuty #MWII #MW2 #GhostSoap https://t.co/Ini1wUlSax",artimaaaeus,411,0,0,0,0
209,11,949932943102722048,"RT @loneghostwolf88: We know he's proud of his pecs 🤭❤️‍🔥
#CallofDutyModernWarfare2 #CodGhost #CodSoap #CallofDuty #3DRender #Rendering #MW…",loneghostwolf88,151,0,0,0,0
210,12,949932943102722048,"RT @loneghostwolf88: ""You got him, Lt."" 
#CallofDutyModernWarfare2 #CodGhost #CodSoap #CallofDuty #3DRender #Rendering #MWII https://t.co/g…",loneghostwolf88,109,0,0,0,0
211,13,1435474008066121730,Modo camperos🤣 #Warzone #Warzone2 #CallofDuty #CallofDutyModernWarfare2 #CallofDutyModernWarfareII #CallofDutyBlackOpsColdWar https://t.co/dvaoGumfDr,**this tweet had been deleted or hidden**,0,0,2,0,0
212,14,949932943102722048,"RT @loneghostwolf88: Soap for the beach boy series 🧼☀️🏝️
#CallofDutyModernWarfare2 #CodGhost #CodSoap #CallofDuty #3DRender #Rendering #MWI…",loneghostwolf88,231,0,0,0,0
213,15,19757511,"RT @artimaaaeus: touch
---
#CallofDuty #MWII #MW2 #GhostSoap https://t.co/Ini1wUlSax",artimaaaeus,411,0,0,0,0
214,16,1534305937627959296,"RT @AmikoRoyAi: Portable heater

#ghostsoap #soapghost #MWII #callofduty https://t.co/N5zMoHWTaF",AmikoRoyAi,942,0,0,0,0
215,17,2677513093,DMZ Death By Propeller #Warzone2 #callofduty #fyp #cod #funny #rebirthisland #warzone #warzoneclips #warzonefunnyclips #codwarzone #modernwarfare #gaming #streamer #twitch #joke #comedy #viral #caldera #battleroyale #fps #blackcreatives #blackcreator https://t.co/fpRKVJmrnh https://t.co/VDEuLm1Lnk,**this tweet had been deleted or hidden**,0,0,0,0,0
216,18,1069761984768303105,"RT @michelekoi: Poor Ghost

#Ghost #SimonGhostRiley #SimonRiley #cod #mw2 #mwii #fanart #cat #kitty #kitten #CallofDuty #ModernWarfare2 #Mo…",michelekoi,16,0,0,0,0
217,19,3223960740,"RT @AmikoRoyAi: Portable heater

#ghostsoap #soapghost #MWII #callofduty https://t.co/N5zMoHWTaF",AmikoRoyAi,942,0,0,0,0
218,20,1375061548436164616,@ArMeLiToOo @PlayCODMobile Ooh okay,ArMeLiToOo,0,0,0,0,0
219,21,617771243,"RT @michelekoi: Poor Ghost

#Ghost #SimonGhostRiley #SimonRiley #cod #mw2 #mwii #fanart #cat #kitty #kitten #CallofDuty #ModernWarfare2 #Mo…",michelekoi,16,0,0,0,0
220,22,949932943102722048,"RT @loneghostwolf88: Detective Mactavish 
#MWII  #CodSoap #CallofDuty #3DRender https://t.co/QYUOhkFzgm",loneghostwolf88,236,0,0,0,0
221,23,1349712630471032832,"RT @AmikoRoyAi: Portable heater

#ghostsoap #soapghost #MWII #callofduty https://t.co/N5zMoHWTaF",AmikoRoyAi,942,0,0,0,0
222,24,2545417406,LIVE NOW Heling in #DMZ Season 4 with Missions and Taking Out Platoon Squads #mw2 #modernwarfare2 https://t.co/7YejkrjOOX https://t.co/DYrWSDqtLS,**this tweet had been deleted or hidden**,0,0,0,0,0
223,25,949932943102722048,"RT @loneghostwolf88: Alexa play Lady Gaga's - Alejandro 

Finally got my hands on Alejandro's model. Here a quick test render.

#alejandrov…",loneghostwolf88,74,0,0,0,0
224,26,1320098179669315584,"RT @AmikoRoyAi: Portable heater

#ghostsoap #soapghost #MWII #callofduty https://t.co/N5zMoHWTaF",AmikoRoyAi,942,0,0,0,0
225,27,949932943102722048,"RT @loneghostwolf88: 6th entry of the beach boy series - Alex Keller ☀️📷 🏝️
#CallofDutyModernWarfare2 #CodAlexKeller #alexkeller #CallofDut…",loneghostwolf88,103,0,0,0,0
226,28,1509077111453401093,"RT @xbruised_peachx: inspired by littlezeng on tumblr
#Konig #König #Konigmw2 #CallofDuty #MWII https://t.co/6vEYh0qmq1",xbruised_peachx,261,0,0,0,0
227,29,1296339046503870464,"RT @AmikoRoyAi: Portable heater

#ghostsoap #soapghost #MWII #callofduty https://t.co/N5zMoHWTaF",AmikoRoyAi,942,0,0,0,0
228,30,949932943102722048,"RT @loneghostwolf88: 7th entry of the beach boy series - Alejandro Vargas ☀️📷  🏝️
#alejandrovargas #CoDAlejandro #CallofDuty #3DRender #MWI…",loneghostwolf88,246,0,0,0,0
229,31,1283172381079502848,"Well... 

That was easy 😂🤣 New Jak-12?

#CallofDutyModernWarfare2 #CallofDutyWarzone #Warzone2 #Warzone #Warzoneclips #WarzoneSeason3 #CallofDutyModernWarfare #callofduty #ActivisionBlizzard #ModernWarfare2 #cod #MW2 https://t.co/ZVSu4j8Yhs",**this tweet had been deleted or hidden**,0,0,1,0,0
230,32,375370036,"RT @artimaaaeus: touch
---
#CallofDuty #MWII #MW2 #GhostSoap https://t.co/Ini1wUlSax",artimaaaeus,411,0,0,0,0
231,33,949932943102722048,"RT @loneghostwolf88: What happens in a locker room, stays in a locker room 
#MWII #CodSoap #CallofDuty #3DRender https://t.co/x9vbK97gRm",loneghostwolf88,373,0,0,0,0
232,34,963555544819789826,"RT @AmikoRoyAi: Portable heater

#ghostsoap #soapghost #MWII #callofduty https://t.co/N5zMoHWTaF",AmikoRoyAi,942,0,0,0,0
233,35,1334723112722632704,"I´m so f***ing done with #Warzone2 🤬🤬
This Update is just **** 🤬
@Activision thanks for taking my fun! 🤬

Will do Just Chatting, Reactions and Slots in the Future till I find something different and my PC Build will be ready",Activision,1,0,3,0,0
234,36,1190416758492008449,"RT @WarzoneTFN: Starlight, Homelander, and Black Noir are now available in MWII x Warzone! 

 https://t.co/x4ytSYrmS4",WarzoneTFN,44,0,0,0,0
235,37,1253135831776129025,"目からビーム出したらフレンド申請来るよ！

#MW2
#DMZ
#リローデッドとは。",**this tweet had been deleted or hidden**,0,0,0,0,0
236,38,1262068804953288709,"I finally got &amp; unlocked the new MX Guardian shotgun in #MWII. Why? on last DMZ match, I stole it from an enemy player and stowed it in my backpack. 

Now, i don't have to worry about getting it free in the battle pass now. https://t.co/uyj4HnpfZq",**this tweet had been deleted or hidden**,1,0,2,0,0
237,39,1467771145017389056,"RT @loneghostwolf88: Just me appreciating his new model I'm using for my renders
#CoDMW2 #simonghostriley #CoDGhost #CallofDuty #3DRender…",loneghostwolf88,135,0,0,0,0
238,40,1467771145017389056,"RT @loneghostwolf88: 💀💞
#simonghostriley #CoDGhost #CallofDuty #3DRender  #MWII https://t.co/QsZDciE6lE",loneghostwolf88,113,0,0,0,0
239,41,1467771145017389056,RT @661ave: #Ghost #SimonGhostRiley #CallOfDuty #MWII #MW2 https://t.co/9FXEq9ZwyS,661ave,427,0,0,0,0
240,42,941937364464578560,RT @lilindermile: Oh god he’s grooving #simonghostriley #mw2 #callofduty #ghostsoap https://t.co/1JxMCvCSow,lilindermile,813,0,0,0,0
241,43,933263122286051328,"RT @AmikoRoyAi: Portable heater

#ghostsoap #soapghost #MWII #callofduty https://t.co/N5zMoHWTaF",AmikoRoyAi,942,0,0,0,0
242,44,1420475374853525504,"RT @aphasia4fog: Idk, did he really use a T-shirt as a mask?
#König
#MWII 
#CallofDuty https://t.co/4Yv9JGtNal",aphasia4fog,225,0,0,0,0
243,45,1614891986925887490,@charlieINTEL MW2's abysmal live service single handedly made me not give a shit about who gets to own Activision,charlieINTEL,0,0,0,0,0
244,46,777685447812218880,"RT @artimaaaeus: touch
---
#CallofDuty #MWII #MW2 #GhostSoap https://t.co/Ini1wUlSax",artimaaaeus,411,0,0,0,0
245,47,1030212060255277056,"RT @AmikoRoyAi: I love the hc that Ghost is always cold and Soap is a living furnace 🥺

#soapghost #ghostsoap #MWII #callofduty https://t.c…",AmikoRoyAi,1393,0,0,0,0
246,48,1437592012308553730,"RT @_GamingTherapy: Temp V Powers go Hard!! 🔥🔥

#CallofDuty #Warzone #Warzone2 #CODTopPlays https://t.co/2WpcMuwbnN",_GamingTherapy,184,0,0,0,0
247,49,1268666002969149440,"RT @_GamingTherapy: Temp V Powers go Hard!! 🔥🔥

#CallofDuty #Warzone #Warzone2 #CODTopPlays https://t.co/2WpcMuwbnN",_GamingTherapy,184,0,0,0,0
248,50,1030212060255277056,"RT @AmikoRoyAi: Portable heater

#ghostsoap #soapghost #MWII #callofduty https://t.co/N5zMoHWTaF",AmikoRoyAi,942,0,0,0,0
249,51,1380141943980756998,"RT @michelekoi: Poor Ghost

#Ghost #SimonGhostRiley #SimonRiley #cod #mw2 #mwii #fanart #cat #kitty #kitten #CallofDuty #ModernWarfare2 #Mo…",michelekoi,16,0,0,0,0
250,52,728630953,"RT @_GamingTherapy: Temp V Powers go Hard!! 🔥🔥

#CallofDuty #Warzone #Warzone2 #CODTopPlays https://t.co/2WpcMuwbnN",_GamingTherapy,184,0,0,0,0
251,53,1488235334798303238,"RT @xbruised_peachx: inspired by littlezeng on tumblr
#Konig #König #Konigmw2 #CallofDuty #MWII https://t.co/6vEYh0qmq1",xbruised_peachx,261,0,0,0,0
252,54,1587208279058522112,"RT @michelekoi: Poor Ghost

#Ghost #SimonGhostRiley #SimonRiley #cod #mw2 #mwii #fanart #cat #kitty #kitten #CallofDuty #ModernWarfare2 #Mo…",michelekoi,16,0,0,0,0
253,55,913442078088155142,"RT @AmikoRoyAi: Portable heater

#ghostsoap #soapghost #MWII #callofduty https://t.co/N5zMoHWTaF",AmikoRoyAi,942,0,0,0,0
254,56,941937364464578560,"RT @xbruised_peachx: inspired by littlezeng on tumblr
#Konig #König #Konigmw2 #CallofDuty #MWII https://t.co/6vEYh0qmq1",xbruised_peachx,261,0,0,0,0
255,57,732749402419417088,"RT @michelekoi: Poor Ghost

#Ghost #SimonGhostRiley #SimonRiley #cod #mw2 #mwii #fanart #cat #kitty #kitten #CallofDuty #ModernWarfare2 #Mo…",michelekoi,16,0,0,0,0
256,58,1091831330567008262,RT @bigbubbajake: THERE IS NO WAY I DID THIS 😤 #mwii #mw2 #modernwarfare2 #callofduty https://t.co/rq4dNEtA3n,bigbubbajake,2,0,0,0,0
257,59,714339759749922816,"RT @artimaaaeus: touch
---
#CallofDuty #MWII #MW2 #GhostSoap https://t.co/Ini1wUlSax",artimaaaeus,411,0,0,0,0
258,60,1408062545945006083,"RT @AmikoRoyAi: Portable heater

#ghostsoap #soapghost #MWII #callofduty https://t.co/N5zMoHWTaF",AmikoRoyAi,942,0,0,0,0
259,61,1130967297533906944,"RT @naruysae: Ghost 💀🔪  — Commission for Lu
#simonghostriley #mw2 #callofduty https://t.co/imdnST8tkA",naruysae,244,0,0,0,0
260,62,1071978665020395520,"RT @alexgscod: Chilling bfs at the pool! 💀🧼☀️🌊
(nsfw variants on patreon)

#GhostSoap #SoapGhost #CallOfDuty #MWII #SimonGhostRiley #soapma…",alexgscod,169,0,0,0,0
261,63,1644148541571334152,RT @hazmat6135: i don't know if this will help but it might point the devs in the direction to figure out what they messed up @Activision #…,hazmat6135,42,0,0,0,0
262,64,1286047944236572673,"RT @PrimeVics: New STARLIGHT,Homelander,Black nior skin - $10 each✅📲

Half off retail!

#Warzone2 #unlockall #cod #CallofDuty https://t.co/…",PrimeVics,3,0,0,0,0
263,65,1325139546846027782,"RT @alexgscod: 🧼 ""So ye DO believe in mi silly little dream of our happy ending after all, LT.""
💀 ""I do, Johnny.""
🥹🥹🥹🖤
#GhostSoap #SoapGhos…",alexgscod,432,0,0,0,0
264,66,2815454423,"RT @AmikoRoyAi: Portable heater

#ghostsoap #soapghost #MWII #callofduty https://t.co/N5zMoHWTaF",AmikoRoyAi,942,0,0,0,0
265,67,1597584191201619968,"RT @AmikoRoyAi: Portable heater

#ghostsoap #soapghost #MWII #callofduty https://t.co/N5zMoHWTaF",AmikoRoyAi,942,0,0,0,0
266,68,1597584191201619968,"RT @artimaaaeus: touch
---
#CallofDuty #MWII #MW2 #GhostSoap https://t.co/Ini1wUlSax",artimaaaeus,411,0,0,0,0
267,69,617771243,"RT @AmikoRoyAi: Portable heater

#ghostsoap #soapghost #MWII #callofduty https://t.co/N5zMoHWTaF",AmikoRoyAi,942,0,0,0,0
268,70,1388649885432356867,"RT @artimaaaeus: touch
---
#CallofDuty #MWII #MW2 #GhostSoap https://t.co/Ini1wUlSax",artimaaaeus,411,0,0,0,0
269,71,801713526905667584,wow @CallofDuty this new update for the super powers is absolute shit! Another shit update by a multi billion dollar company smh #CallofDuty #CallofDutyModernWarfare2 #Warzone2,CallofDuty,1,0,4,0,0
270,72,1630033745293062144,"RT @AmikoRoyAi: Portable heater

#ghostsoap #soapghost #MWII #callofduty https://t.co/N5zMoHWTaF",AmikoRoyAi,942,0,0,0,0
271,73,784581129974284290,"RT @AmikoRoyAi: Portable heater

#ghostsoap #soapghost #MWII #callofduty https://t.co/N5zMoHWTaF",AmikoRoyAi,942,0,0,0,0
272,74,1464201120264372225,"RT @artimaaaeus: touch
---
#CallofDuty #MWII #MW2 #GhostSoap https://t.co/Ini1wUlSax",artimaaaeus,411,0,0,0,0
273,75,1464201120264372225,"RT @AmikoRoyAi: Portable heater

#ghostsoap #soapghost #MWII #callofduty https://t.co/N5zMoHWTaF",AmikoRoyAi,942,0,0,0,0
274,76,1074786938077368320,@CallofDuty why is this MW2 update so laggy and glitchy? Hasn’t ever been like this.,CallofDuty,0,0,2,0,0
275,77,1249155540376334338,"RT @artimaaaeus: touch
---
#CallofDuty #MWII #MW2 #GhostSoap https://t.co/Ini1wUlSax",artimaaaeus,411,0,0,0,0
276,78,2570153485,"RT @AmikoRoyAi: Portable heater

#ghostsoap #soapghost #MWII #callofduty https://t.co/N5zMoHWTaF",AmikoRoyAi,942,0,0,0,0
277,79,19757511,"RT @AmikoRoyAi: Portable heater

#ghostsoap #soapghost #MWII #callofduty https://t.co/N5zMoHWTaF",AmikoRoyAi,942,0,0,0,0
278,80,1341956984946483200,"RT @zNova902: Soooo the new @CallofDuty update is fuckin chalkeddd … can’t find any ground loot guns, ammo or money lmao @RavenSoftware 

#…",zNova902,1,0,0,0,0
279,81,1238707299163619328,"RT @artimaaaeus: touch
---
#CallofDuty #MWII #MW2 #GhostSoap https://t.co/Ini1wUlSax",artimaaaeus,411,0,0,0,0
280,82,841707250691514370,"RT @AmikoRoyAi: Portable heater

#ghostsoap #soapghost #MWII #callofduty https://t.co/N5zMoHWTaF",AmikoRoyAi,942,0,0,0,0
281,83,1238707299163619328,"RT @AmikoRoyAi: Portable heater

#ghostsoap #soapghost #MWII #callofduty https://t.co/N5zMoHWTaF",AmikoRoyAi,942,0,0,0,0
282,84,732749402419417088,"RT @AmikoRoyAi: Portable heater

#ghostsoap #soapghost #MWII #callofduty https://t.co/N5zMoHWTaF",AmikoRoyAi,942,0,0,0,0
283,85,1500115428638666752,"RT @AmikoRoyAi: Portable heater

#ghostsoap #soapghost #MWII #callofduty https://t.co/N5zMoHWTaF",AmikoRoyAi,942,0,0,0,0
284,86,1642708437917372416,"RT @artimaaaeus: touch
---
#CallofDuty #MWII #MW2 #GhostSoap https://t.co/Ini1wUlSax",artimaaaeus,411,0,0,0,0
285,87,329162975,"I really like how you can put plates on the dummies in the firing range. Huge W. 

No Al Mazrah will piss some people off. 

Vondel BR is a W. 

#MW2 #CallofDuty #Warzone2",**this tweet had been deleted or hidden**,0,0,0,0,0
286,88,1559634465865048064,"RT @LUTION_TOKEN: #LUTIONARMY our weekly #MW2 team death match will resume Tonight! 
#PSN N8KED_VIKING 
#ACTIVISION N8KED_VIKING #5053242…",LUTION_TOKEN,42,0,0,0,0
287,89,1553712569478778881,"RT @loneghostwolf88: What happens in a locker room, stays in a locker room 
#MWII #CodSoap #CallofDuty #3DRender https://t.co/x9vbK97gRm",loneghostwolf88,373,0,0,0,0
288,90,3558766413,Call of Duty Mw2 Streamer Accused of Cheating After Insane Random Wall Bang In SND LOBBY! #cod #mw2 #warzone #gaming #CallofDuty #ModernWarfare2 https://t.co/Ifefvc8Asw,**this tweet had been deleted or hidden**,0,0,3,0,0
289,91,781913539799818240,"RT @CallofDuty: Take the fight to the canals and more 🏊‍♂️

Vondel Waterfront 24/7, Kill Streak Confirmed, and Deathmatch Domination plus m…",CallofDuty,54,0,0,0,0
290,92,1070945960212291584,"RT @loneghostwolf88: What happens in a locker room, stays in a locker room 
#MWII #CodSoap #CallofDuty #3DRender https://t.co/x9vbK97gRm",loneghostwolf88,373,0,0,0,0
291,93,1568110598050975750,"RT @alexgscod: Chilling bfs at the pool! 💀🧼☀️🌊
(nsfw variants on patreon)

#GhostSoap #SoapGhost #CallOfDuty #MWII #SimonGhostRiley #soapma…",alexgscod,169,0,0,0,0
292,94,1299782970056667136,"RT @loneghostwolf88: What happens in a locker room, stays in a locker room 
#MWII #CodSoap #CallofDuty #3DRender https://t.co/x9vbK97gRm",loneghostwolf88,373,0,0,0,0
293,95,913649558118215681,"RT @AmikoRoyAi: Portable heater

#ghostsoap #soapghost #MWII #callofduty https://t.co/N5zMoHWTaF",AmikoRoyAi,942,0,0,0,0
294,96,1568110598050975750,"RT @loneghostwolf88: What happens in a locker room, stays in a locker room 
#MWII #CodSoap #CallofDuty #3DRender https://t.co/x9vbK97gRm",loneghostwolf88,373,0,0,0,0
295,97,1610480427763916800,"RT @alexgscod: Thank you so much for 5k!!! 😊😭🙏
💀❤️🧼

#GhostSoap #SoapGhost #CallOfDuty #MWII https://t.co/3Wsq7SNXj5",alexgscod,875,0,0,0,0
296,98,1340694407205580801,"DMZアプデしたらめちゃくちゃカクつく😮‍💨
マルチは問題ないからアプデの問題？
#dmz #mw2",**this tweet had been deleted or hidden**,0,0,2,0,0
297,99,1675536037236428801,"RT @artimaaaeus: just a valeria dood i painted the other night 🩸
---
#CallofDuty #MWII #MW2 #valeriagarza https://t.co/1sIwAqFdnb",artimaaaeus,58,0,0,0,0
