,Unnamed: 0,author_id,text,username,retweet,reply,like,quote,bookmark
0,0,1112277751,"RT @CODmwfeed: One #ModernWarfare2                #PS5 bundle to give away. To enter follow the steps below.💜

Follow+❤+♻️+Comment
#CallofD…",CODmwfeed,296,0,0,0,0
1,1,1290258392276238336,@VishuCODMobile @PlayCODMobile @CODMobileIN @raiderCODM @BoomtheGrinder Let's see if you get grau before me😼🤯,VishuCODMobile,0,1,2,0,0
2,2,4795446212,RT @SuperheroTVcom: #TheBoys #ConsiderTheBoys #CallOfDuty #MWII #Warzone https://t.co/uaYb0WLvOC,SuperheroTVcom,1,0,0,0,0
3,3,1290258392276238336,"RT @VishuCODMobile: Diamond 💎 #101, #102, #103, #104 &amp; #105:
HVK-30, FR 556, Swordfish, Oden &amp; EM2 💎 Camo Done &amp; Dusted...🔥🔥🔥
Also I Almost…",VishuCODMobile,3,0,0,0,0
4,4,1616968515159994370,"RT @loneghostwolf88: 8th entry of the beach boy series - Rodolfo 'Rudy' Parra ☀️🏝️ 
#rodolfoparra #CoDRudy #CallofDuty #3DRender #MWII http…",loneghostwolf88,154,0,0,0,0
5,5,1233358378811834370,"RT @loneghostwolf88: ""Back off!"" 
#GhostSoap   #CallofDuty #3DRender  #MWII https://t.co/o6DEF9i0me",loneghostwolf88,325,0,0,0,0
6,6,1233358378811834370,"RT @artimaaaeus: just gaz, checking you out 👁️👁️
---
#CallofDuty #MWII #MW2 #KyleGarrick #Gaz https://t.co/eG0zSCT0kb",artimaaaeus,311,0,0,0,0
7,7,313445990,"RT @yumecore: When you caught him by surprise.. target spotted ♡
#CallofDuty #MWII #SimonGhostRiley https://t.co/F7qDTSVGUM",yumecore,349,0,0,0,0
8,8,1415509565899120641,"RT @yumecore: When you caught him by surprise.. target spotted ♡
#CallofDuty #MWII #SimonGhostRiley https://t.co/F7qDTSVGUM",yumecore,349,0,0,0,0
9,9,1159956934759501824,RT @tb_png: catching up on sleep 😴 #MWII #CallofDuty https://t.co/SLi2voBU8t,tb_png,529,0,0,0,0
10,10,1433760767354884105,"RT @yumecore: When you caught him by surprise.. target spotted ♡
#CallofDuty #MWII #SimonGhostRiley https://t.co/F7qDTSVGUM",yumecore,349,0,0,0,0
11,11,1646716128516001794,"RT @artimaaaeus: simon w/o trauma is prolly very flirtatious
---
#CallofDuty #MWII #MW2 #Ghost https://t.co/CELOykoKiU",artimaaaeus,526,0,0,0,0
12,12,1415509565899120641,RT @tb_png: catching up on sleep 😴 #MWII #CallofDuty https://t.co/SLi2voBU8t,tb_png,529,0,0,0,0
13,13,1483158960878366721,@CallofDuty wtf y’all do to #warzone2 ? Can’t get over 80fps because yall want to keep updating 🤦🏽‍♂️ CAN WE JUST PLAY THE GAME …..,CallofDuty,0,0,0,0,0
14,14,1424971383365373955,RT @tb_png: catching up on sleep 😴 #MWII #CallofDuty https://t.co/SLi2voBU8t,tb_png,529,0,0,0,0
15,15,1350858328797278211,"Grab your coffee and enjoy watching me die to the superheroes 🤣

Live now: https://t.co/VdOnf4tpX6 

#CallofDuty #BattleRoyale #Warzone2",**this tweet had been deleted or hidden**,0,0,1,0,0
16,16,1097565694768701440,"RT @CODmwfeed: One #ModernWarfare2                #PS5 bundle to give away. To enter follow the steps below.💜

Follow+❤+♻️+Comment
#CallofD…",CODmwfeed,296,0,0,0,0
17,17,1624236141103796226,"RT @yumecore: When you caught him by surprise.. target spotted ♡
#CallofDuty #MWII #SimonGhostRiley https://t.co/F7qDTSVGUM",yumecore,349,0,0,0,0
18,18,1233358378811834370,RT @tb_png: catching up on sleep 😴 #MWII #CallofDuty https://t.co/SLi2voBU8t,tb_png,529,0,0,0,0
19,19,1651984700645203973,RT @Lictor_GD: #укррайт #укрфанфікшн #укрслеш #König #Horangi #korangi #Horangicod #GhostSoap #Konigmw2 #CallOfDuty #MW2 @ukrfanficshn @ua_…,Lictor_GD,7,0,0,0,0
20,20,22260917,"RT @SamuraiStyleTV: @CallofDuty @CODUpdates Hey, how about you apologize to @NICKMERCS for twisting his words, bring back his skin and then…",SamuraiStyleTV,1,0,0,0,0
21,21,1164836102374481920,@CosmoPlayzGG @PlayCODMobile Facts,CosmoPlayzGG,0,0,1,0,0
22,22,2570153485,RT @tb_png: catching up on sleep 😴 #MWII #CallofDuty https://t.co/SLi2voBU8t,tb_png,529,0,0,0,0
23,23,313445990,"RT @artimaaaeus: just gaz, checking you out 👁️👁️
---
#CallofDuty #MWII #MW2 #KyleGarrick #Gaz https://t.co/eG0zSCT0kb",artimaaaeus,311,0,0,0,0
24,24,1274999228973096962,"RT @artimaaaeus: just gaz, checking you out 👁️👁️
---
#CallofDuty #MWII #MW2 #KyleGarrick #Gaz https://t.co/eG0zSCT0kb",artimaaaeus,311,0,0,0,0
25,25,949507114401128448,RT @tb_png: catching up on sleep 😴 #MWII #CallofDuty https://t.co/SLi2voBU8t,tb_png,529,0,0,0,0
26,26,2428839319,"RANKED PLAY LOCKED IN! | WARZONE 2.0 LIVE!
https://t.co/LDzj4XdT1y

#callofduty #twitchtv #mw2 t #modernwarfare2 #twitchstreamer #twitch #trending #youtube #gaming #TwitchStreamers",**this tweet had been deleted or hidden**,0,1,3,0,0
27,27,1494383021503438849,"RT @artimaaaeus: just gaz, checking you out 👁️👁️
---
#CallofDuty #MWII #MW2 #KyleGarrick #Gaz https://t.co/eG0zSCT0kb",artimaaaeus,311,0,0,0,0
28,28,1476582865081184264,RT @tb_png: catching up on sleep 😴 #MWII #CallofDuty https://t.co/SLi2voBU8t,tb_png,529,0,0,0,0
29,29,1331725097850318856,RT @tb_png: catching up on sleep 😴 #MWII #CallofDuty https://t.co/SLi2voBU8t,tb_png,529,0,0,0,0
30,30,837196737517236224,@Speedy_CODM @PlayCODMobile I never get lucky,Speedy_CODM,0,1,2,0,0
31,31,1316608383705919490,RT @tb_png: catching up on sleep 😴 #MWII #CallofDuty https://t.co/SLi2voBU8t,tb_png,529,0,0,0,0
32,32,1380108181423071238,"RT @CODmwfeed: One #ModernWarfare2                #PS5 bundle to give away. To enter follow the steps below.💜

Follow+❤+♻️+Comment
#CallofD…",CODmwfeed,296,0,0,0,0
33,33,723466708623577088,"RT @AmikoRoyAi: Portable heater

#ghostsoap #soapghost #MWII #callofduty https://t.co/N5zMoHWTaF",AmikoRoyAi,942,0,0,0,0
34,34,1388011762419646465,"RT @CODmwfeed: One #ModernWarfare2                #PS5 bundle to give away. To enter follow the steps below.💜

Follow+❤+♻️+Comment
#CallofD…",CODmwfeed,14,0,0,0,0
35,35,1559243410321670144,RT @Lictor_GD: #укррайт #укрфанфікшн #укрслеш #König #Horangi #korangi #Horangicod #GhostSoap #Konigmw2 #CallOfDuty #MW2 @ukrfanficshn @ua_…,Lictor_GD,7,0,0,0,0
36,36,1677055351739260928,"RT @Treyarch: Ranked Play is back online and ready for Season 04 Competitors in #ModernWarfareII and #Warzone.

ICYMI: Patch Notes for Seas…",Treyarch,61,0,0,0,0
37,37,989651941423661058,"Short compilation of clips from MW2 Ranked/Warzone 2 just dropped on YouTube. 

https://t.co/HJuOhll0B8 

#twitch #YouTube #twitchgamer #twitchstreamer #CallofDuty #Warzone2 #MW2",**this tweet had been deleted or hidden**,0,0,1,0,0
38,38,768300668,RT @tb_png: catching up on sleep 😴 #MWII #CallofDuty https://t.co/SLi2voBU8t,tb_png,529,0,0,0,0
39,39,1667292268888195080,"RT @CODmwfeed: One #ModernWarfare2                #PS5 bundle to give away. To enter follow the steps below.💜

Follow+❤+♻️+Comment
#CallofD…",CODmwfeed,296,0,0,0,0
40,40,1278053241293545475,RT @tb_png: catching up on sleep 😴 #MWII #CallofDuty https://t.co/SLi2voBU8t,tb_png,529,0,0,0,0
41,41,177615192,RT @tb_png: catching up on sleep 😴 #MWII #CallofDuty https://t.co/SLi2voBU8t,tb_png,529,0,0,0,0
42,42,1557031269527060483,RT @Lictor_GD: #укррайт #укрфанфікшн #укрслеш #König #Horangi #korangi #Horangicod #GhostSoap #Konigmw2 #CallOfDuty #MW2 @ukrfanficshn @ua_…,Lictor_GD,7,0,0,0,0
43,43,1474993030037860352,"RT @artimaaaeus: just gaz, checking you out 👁️👁️
---
#CallofDuty #MWII #MW2 #KyleGarrick #Gaz https://t.co/eG0zSCT0kb",artimaaaeus,311,0,0,0,0
44,44,838905083576233985,"RT @PescaroDB: With the #CDL2023 Season in the rearview mirror, can we all agree that the Vaznev/TAQ-56 meta was the most boring we've had…",PescaroDB,16,0,0,0,0
45,45,920455317204361216,"RT @CallofDutyJP: シーズン04リローデッドが7月13日(日本時間)にCall of Duty #Warzone と #MWII に登場。こちらで全情報をチェック 👉 https://t.co/jZNg3e5yFe…

🦸‍♂️ ザ・ボーイズ参戦 
🗺 ヴォンデ…",CallofDutyJP,117,0,0,0,0
46,46,966244002348412929,"RT @loneghostwolf88: 8th entry of the beach boy series - Rodolfo 'Rudy' Parra ☀️🏝️ 
#rodolfoparra #CoDRudy #CallofDuty #3DRender #MWII http…",loneghostwolf88,154,0,0,0,0
47,47,1433357676554117121,"RT @HotSatans: bro we need to get to the safe zone bro the gas is closing in brO-
König doodle to get back on the horse🤠 #nsfw #König #Call…",HotSatans,1248,0,0,0,0
48,48,296912320,"RT @yumecore: Captain John Price
I loove his expressions and body language *-* Portrayed by the best.
#captainjohnprice #captainprice #john…",yumecore,11,0,0,0,0
49,49,755614008107859968,RT @tb_png: catching up on sleep 😴 #MWII #CallofDuty https://t.co/SLi2voBU8t,tb_png,529,0,0,0,0
50,50,1377834282836750336,"RT @yumecore: When you caught him by surprise.. target spotted ♡
#CallofDuty #MWII #SimonGhostRiley https://t.co/F7qDTSVGUM",yumecore,349,0,0,0,0
51,51,941937364464578560,"RT @yumecore: When you caught him by surprise.. target spotted ♡
#CallofDuty #MWII #SimonGhostRiley https://t.co/F7qDTSVGUM",yumecore,349,0,0,0,0
52,52,3380657247,RT @tb_png: catching up on sleep 😴 #MWII #CallofDuty https://t.co/SLi2voBU8t,tb_png,529,0,0,0,0
53,53,1588216279177072646,"RT @CallofShame: Microsoft have not wasted anytime.
Within hours of the official announcement of Microsoft now allowed to purchase Activisi…",CallofShame,4,0,0,0,0
54,54,249991881,"RT @CallofDutyJP: 最高峰のオペレーターを集めて港での戦いに臨もう 💦

シーズン04リローデッドに登場する新たな水辺の戦場となる #MWII 6V6マップのヴォンデル・ウォーターフロントについて下記で詳細をチェックしよう 👇

https://t.co/30k…",CallofDutyJP,1,0,0,0,0
55,55,3380657247,"RT @yumecore: When you caught him by surprise.. target spotted ♡
#CallofDuty #MWII #SimonGhostRiley https://t.co/F7qDTSVGUM",yumecore,349,0,0,0,0
56,56,1456682221239218181,"#укррайт #укрфанфікшн #укрслеш #König #Horangi #korangi #Horangicod #GhostSoap #Konigmw2 #CallOfDuty #MW2 @ukrfanficshn @ua_slash

Кьоніг має особисті плани, але їх не так просто приховати від Хорангі. Врешті решт вони вирушають вдвох, але це закінчується для них не дуже добре.⬇️ https://t.co/MiXC9OQClP",ukrfanficshn,7,1,32,0,2
57,57,1090632644562284544,@PlayCODMobile When can we expect og season 1 and season 2 battle pass vault??,PlayCODMobile,0,0,1,0,0
58,58,1665892709230342144,"RT @yumecore: When you caught him by surprise.. target spotted ♡
#CallofDuty #MWII #SimonGhostRiley https://t.co/F7qDTSVGUM",yumecore,349,0,0,0,0
59,59,1507034478916608005,@Ya_Pal_Pebbles @PlayCODMobile This is way cooler than the new reload animation that is in the test servers.,Ya_Pal_Pebbles,0,0,0,0,0
60,60,3971656301,RT @tb_png: catching up on sleep 😴 #MWII #CallofDuty https://t.co/SLi2voBU8t,tb_png,529,0,0,0,0
61,61,1425321616511225857,"RT @CODmwfeed: One #ModernWarfare2                #PS5 bundle to give away. To enter follow the steps below.💜

Follow+❤+♻️+Comment
#CallofD…",CODmwfeed,296,0,0,0,0
62,62,1673666360797274114,"RT @Cheeriogoddess: Ghost just needed a snack.

Credit: My edit 

~
#MW2 #MWII #ModernWarfare2 #CallofDuty #GhostSoap #GhostxSoap #ghostmw2…",Cheeriogoddess,8,0,0,0,0
63,63,1377834282836750336,RT @tb_png: catching up on sleep 😴 #MWII #CallofDuty https://t.co/SLi2voBU8t,tb_png,529,0,0,0,0
64,64,1573168809967759360,RT @tb_png: catching up on sleep 😴 #MWII #CallofDuty https://t.co/SLi2voBU8t,tb_png,529,0,0,0,0
65,65,1668933755938172928,"RT @loneghostwolf88: ""Back off!"" 
#GhostSoap   #CallofDuty #3DRender  #MWII https://t.co/o6DEF9i0me",loneghostwolf88,325,0,0,0,0
66,66,225595826,"RT @artimaaaeus: just gaz, checking you out 👁️👁️
---
#CallofDuty #MWII #MW2 #KyleGarrick #Gaz https://t.co/eG0zSCT0kb",artimaaaeus,311,0,0,0,0
67,67,1639076184679133184,"RT @artimaaaeus: just gaz, checking you out 👁️👁️
---
#CallofDuty #MWII #MW2 #KyleGarrick #Gaz https://t.co/eG0zSCT0kb",artimaaaeus,311,0,0,0,0
68,68,1576667549911388161,"RT @loneghostwolf88: ""Back off!"" 
#GhostSoap   #CallofDuty #3DRender  #MWII https://t.co/o6DEF9i0me",loneghostwolf88,325,0,0,0,0
69,69,1639076184679133184,"RT @loneghostwolf88: 8th entry of the beach boy series - Rodolfo 'Rudy' Parra ☀️🏝️ 
#rodolfoparra #CoDRudy #CallofDuty #3DRender #MWII http…",loneghostwolf88,154,0,0,0,0
70,70,411209906,"マジか⁉️お宝いっぱいやん🤩

でもちょっと前なら喉から手が出るくらい欲しかったけど……

今はいいや☺️

#MW2
#MWII 
#DMZ https://t.co/Ek8fFJB2v2",**this tweet had been deleted or hidden**,0,0,2,0,0
71,71,1297643112194625536,"@Activision’s Quality Assurance testers number 1100 as of July 1, they get paid $18 USD an hour, why is everyone surprised with these ass updates? #Warzone2 @RavenSoftware",Activision,0,0,0,0,0
72,72,765733596,"RT @Roots_esports: 🏆ROOTS  SUMMER🏆

第２報チェックしてください🔥

📆スケジュール    7/21～23 

💡エントリー期間  7/14 23:59迄  

✍大会概要・規約・エントリー等https://t.co/AkI5inTWJZ…",Roots_esports,65,0,0,0,0
73,73,1672883742300422144,"RT @CODmwfeed: One #ModernWarfare2                #PS5 bundle to give away. To enter follow the steps below.💜

Follow+❤+♻️+Comment
#CallofD…",CODmwfeed,296,0,0,0,0
74,74,1012132164442320896,"最高峰のオペレーターを集めて港での戦いに臨もう 💦

シーズン04リローデッドに登場する新たな水辺の戦場となる #MWII 6V6マップのヴォンデル・ウォーターフロントについて下記で詳細をチェックしよう 👇

https://t.co/30kELai381 https://t.co/wllf4TbZF9",**this tweet had been deleted or hidden**,1,2,31,0,0
75,75,831899298426212353,"Isn't this amazing? 
I always wanted this collab with @PlayCODMobile 

Wish it happens one day https://t.co/PNY822iz82",PlayCODMobile,0,0,1,0,0
76,76,1477380613581721604,"RT @CODmwfeed: One #ModernWarfare2                #PS5 bundle to give away. To enter follow the steps below.💜

Follow+❤+♻️+Comment
#CallofD…",CODmwfeed,296,0,0,0,0
77,77,1479840996900982802,"RT @artimaaaeus: just gaz, checking you out 👁️👁️
---
#CallofDuty #MWII #MW2 #KyleGarrick #Gaz https://t.co/eG0zSCT0kb",artimaaaeus,311,0,0,0,0
78,78,1249988170818686976,"RT @artimaaaeus: just gaz, checking you out 👁️👁️
---
#CallofDuty #MWII #MW2 #KyleGarrick #Gaz https://t.co/eG0zSCT0kb",artimaaaeus,311,0,0,0,0
79,79,1493370268294680577,RT @tb_png: catching up on sleep 😴 #MWII #CallofDuty https://t.co/SLi2voBU8t,tb_png,529,0,0,0,0
80,80,1639076184679133184,"RT @loneghostwolf88: ""Back off!"" 
#GhostSoap   #CallofDuty #3DRender  #MWII https://t.co/o6DEF9i0me",loneghostwolf88,325,0,0,0,0
81,81,2328978614,"RT @yumecore: When you caught him by surprise.. target spotted ♡
#CallofDuty #MWII #SimonGhostRiley https://t.co/F7qDTSVGUM",yumecore,349,0,0,0,0
82,82,4093942522,"Activision removing / rotating playlists was a big L, but adding superpowers made Warzone fully unplayable for me. MW2 multiplayer is trash, so I have to play a whole new game, SMH. #Warzone2 #MW2 #CallofDutyModernWarfare2 #CallofDutyWarzone  https://t.co/J1Ynf18b7V",**this tweet had been deleted or hidden**,0,0,0,0,0
83,83,4862156118,Boom boom #callofduty #callofdutymodernwarfare2 #mw2 #veteran https://t.co/wqbuMrNZgD via @YouTube,YouTube,0,0,0,0,0
84,84,891230031107821568,@SpectReckyaup @PlayCODMobile Lol 😂,SpectReckyaup,0,0,1,0,0
85,85,1405484751314558979,"RT @loneghostwolf88: ""Back off!"" 
#GhostSoap   #CallofDuty #3DRender  #MWII https://t.co/o6DEF9i0me",loneghostwolf88,325,0,0,0,0
86,86,1633536991345139727,RT @tb_png: catching up on sleep 😴 #MWII #CallofDuty https://t.co/SLi2voBU8t,tb_png,529,0,0,0,0
87,87,1090632644562284544,@Speedy_CODM @PlayCODMobile All know codm has only one true love …money…,Speedy_CODM,0,0,2,0,0
88,88,887620213704806400,"RT @loneghostwolf88: ""Back off!"" 
#GhostSoap   #CallofDuty #3DRender  #MWII https://t.co/o6DEF9i0me",loneghostwolf88,325,0,0,0,0
89,89,1577235974626607106,RT @hestax_: the smell of blood. #König #MW2 #callofduty https://t.co/8ZDBGPZDsp,hestax_,119,0,0,0,0
90,90,920611210621419520,@raiderCODM @PlayCODMobile https://t.co/E6N5eDOZCN,raiderCODM,0,0,2,0,0
91,91,1200754033058729985,"RT @artimaaaeus: just gaz, checking you out 👁️👁️
---
#CallofDuty #MWII #MW2 #KyleGarrick #Gaz https://t.co/eG0zSCT0kb",artimaaaeus,311,0,0,0,0
92,92,1138224166543532033,RT @tb_png: catching up on sleep 😴 #MWII #CallofDuty https://t.co/SLi2voBU8t,tb_png,529,0,0,0,0
93,93,1495989418523381763,"Quick threadfic bc why not. 
#Ghost #Soap #Ghoap #ModernWarfare2 #MW2 #MWII  #GhostSoap #SoapGhost #CallofDuty 
Blood Pact
THE TEXT IN QUOTE MARKS THAT HAVE ELLIPSIS AT THE END ARE GHOST’S STATE OF MIND/THOUGHTS.
Cw: blood, depression, childhood trauma, BIG ANGST, self-harm-ish?",**this tweet had been deleted or hidden**,0,2,0,0,0
94,94,1508193702744932353,"RT @PlayCODMobile: 🤝 Meet the newest member of the family: GRAU 5.56. A weapon that is perfect for shorter range combat! 

Click the link t…",PlayCODMobile,38,0,0,0,0
95,95,140559148,RT @tb_png: catching up on sleep 😴 #MWII #CallofDuty https://t.co/SLi2voBU8t,tb_png,529,0,0,0,0
96,96,1221378777575374851,"RT @yumecore: When you caught him by surprise.. target spotted ♡
#CallofDuty #MWII #SimonGhostRiley https://t.co/F7qDTSVGUM",yumecore,349,0,0,0,0
97,97,1610896979101421568,"RT @loneghostwolf88: ""Back off!"" 
#GhostSoap   #CallofDuty #3DRender  #MWII https://t.co/o6DEF9i0me",loneghostwolf88,325,0,0,0,0
98,98,876882888272338945,RT @tb_png: catching up on sleep 😴 #MWII #CallofDuty https://t.co/SLi2voBU8t,tb_png,529,0,0,0,0
99,0,1647961896790953984,"RT @yumecore: When you caught him by surprise.. target spotted ♡
#CallofDuty #MWII #SimonGhostRiley https://t.co/F7qDTSVGUM",yumecore,349,0,0,0,0
100,1,1150729203563806720,RT @Taestyy: Beating mfs downnnnn 😂😂 #Warzone2 #CallofDuty @CallofDuty @CODLeague @sme_rt https://t.co/WcmOz5dvRM,Taestyy,5,0,0,0,0
101,2,1474096195949707271,"RT @yumecore: When you caught him by surprise.. target spotted ♡
#CallofDuty #MWII #SimonGhostRiley https://t.co/F7qDTSVGUM",yumecore,349,0,0,0,0
102,3,1643548852882948097,Beating mfs downnnnn 😂😂 #Warzone2 #CallofDuty @CallofDuty @CODLeague @sme_rt https://t.co/WcmOz5dvRM,CallofDuty,5,0,8,0,0
103,4,1535291450249945091,"Still no BR on big map except from Ranked, why does this keep regressing? #Warzone2 @InfinityWard @CallofDuty",InfinityWard,0,0,1,0,0
104,5,938297902430146566,"LIVE - DMZ IS STILL BROKEN!
#MW2 #DMZ #CallofDuty 

https://t.co/cyrFEmRynX",**this tweet had been deleted or hidden**,0,0,0,0,0
105,6,1654159802778648576,🚀🚀🚀🚀 #lol #fazeup #gameplayer #LeagueOfLegends #FazeUp #篝火スマブラ #CDL2023 https://t.co/b4mrz9M8AL,**this tweet had been deleted or hidden**,0,0,0,0,0
106,7,714339759749922816,"RT @artimaaaeus: just gaz, checking you out 👁️👁️
---
#CallofDuty #MWII #MW2 #KyleGarrick #Gaz https://t.co/eG0zSCT0kb",artimaaaeus,311,0,0,0,0
107,8,3399447863,"New video out: https://t.co/ZDLcNYOy7Z

MW2 TDM - PS5 Gameplay",**this tweet had been deleted or hidden**,0,0,0,0,0
108,9,1470218422982172680,"RT @artimaaaeus: just gaz, checking you out 👁️👁️
---
#CallofDuty #MWII #MW2 #KyleGarrick #Gaz https://t.co/eG0zSCT0kb",artimaaaeus,311,0,0,0,0
109,10,1400091339790831623,"RT @Godwreker: New short just a quickie if you like what you see drop a comment and like please 🙏 appreciate the support!
DING 🍟 ARE DONE!…",Godwreker,4,0,0,0,0
110,11,176537023,"The ping distance indicator is totally random

#cod #mwii #CallofDuty #Garzone #warzone2
@Treyarch @RavenSoftware @ATVIAssist https://t.co/SH4eiVN3uN",Treyarch,0,0,0,0,0
111,12,1559940614086488066,play some call of duty mw2 then record some skyrim gameplay have a great gaming day my people,**this tweet had been deleted or hidden**,0,0,1,0,0
112,13,1597313211958640641,RT @b1inkinTV: KV Broadside is DISGUSTING up close! #CallofDuty #cod #gaming #mw2 #warzone2 https://t.co/MM8GlYs1DV,b1inkinTV,10,0,0,0,0
113,14,1005115280576610304,RT @tb_png: catching up on sleep 😴 #MWII #CallofDuty https://t.co/SLi2voBU8t,tb_png,529,0,0,0,0
114,15,1541161195163500546,"Tra Frame-lag e Cheaters non si faranno più live su cod fino a che non avrò sistemato il pc.

Peace and love 🙂🙂

#CallofDuty #Cheaters #MW2 #newupdate #Italia",**this tweet had been deleted or hidden**,0,1,1,0,0
115,16,1583240473589825543,RT @tb_png: catching up on sleep 😴 #MWII #CallofDuty https://t.co/SLi2voBU8t,tb_png,529,0,0,0,0
116,17,714339759749922816,"RT @loneghostwolf88: ""Back off!"" 
#GhostSoap   #CallofDuty #3DRender  #MWII https://t.co/o6DEF9i0me",loneghostwolf88,325,0,0,0,0
117,18,4180633240,RT @tb_png: catching up on sleep 😴 #MWII #CallofDuty https://t.co/SLi2voBU8t,tb_png,529,0,0,0,0
118,19,1677656176572366848,"RT @DrunkYosukeFF14: Fuck Valderas Museum.

My Homies Hates Museum

#MMDツイステ #MMD #Persona3 #kotoneshiomi #MW2 #CallofDuty https://t.co/TsT…",DrunkYosukeFF14,4,0,0,0,0
119,20,1071324705360089088,"RT @DrunkYosukeFF14: Fuck Valderas Museum.

My Homies Hates Museum

#MMDツイステ #MMD #Persona3 #kotoneshiomi #MW2 #CallofDuty https://t.co/TsT…",DrunkYosukeFF14,4,0,0,0,0
120,21,1465683564406747142,"Fuck Valderas Museum.

My Homies Hates Museum

#MMDツイステ #MMD #Persona3 #kotoneshiomi #MW2 #CallofDuty https://t.co/TsT0kdHu9c",**this tweet had been deleted or hidden**,4,1,6,1,0
121,22,1677820716031385604,"RT @AmikoRoyAi: Portable heater

#ghostsoap #soapghost #MWII #callofduty https://t.co/N5zMoHWTaF",AmikoRoyAi,942,0,0,0,0
122,23,1653684067441729538,"RT @PlayCODMobile: 🤝 Meet the newest member of the family: GRAU 5.56. A weapon that is perfect for shorter range combat! 

Click the link t…",PlayCODMobile,38,0,0,0,0
123,24,989005847970963456,Fixxxxxxx your game @ModernWarzone  @CallofDuty  I am lagging bad #COD #Warzone2,ModernWarzone,0,0,1,0,0
124,25,109574785,Bonus challenges give tier skips now ? #CallofDuty #ModernWarfare2 #Warzone2 https://t.co/mr33kQApoX,**this tweet had been deleted or hidden**,0,0,0,0,0
125,26,1601807258198937600,RT @tb_png: catching up on sleep 😴 #MWII #CallofDuty https://t.co/SLi2voBU8t,tb_png,529,0,0,0,0
126,27,1502062418247106564,"RT @BettyBRenders: 🦿Broken…

#Alex #alexkeller #AlexMW2 #MW2 #MWII #CallofDutyModernWarfare2 #CallofDuty https://t.co/KVsDNZeil9",BettyBRenders,112,0,0,0,0
127,28,1629312286103044096,"RT @yumecore: When you caught him by surprise.. target spotted ♡
#CallofDuty #MWII #SimonGhostRiley https://t.co/F7qDTSVGUM",yumecore,349,0,0,0,0
128,29,1474755769941868548,"RT @CODmwfeed: One #ModernWarfare2                #PS5 bundle to give away. To enter follow the steps below.💜

Follow+❤+♻️+Comment
#CallofD…",CODmwfeed,296,0,0,0,0
129,30,1615637256106135553,RT @tb_png: catching up on sleep 😴 #MWII #CallofDuty https://t.co/SLi2voBU8t,tb_png,529,0,0,0,0
130,31,2960688510,@tre_trigga1 Xbox bought Activision and fixed all the old Cod servers so mw2 is back up,tre_trigga1,0,1,2,0,0
131,32,1008830399886364672,"RT @yumecore: When you caught him by surprise.. target spotted ♡
#CallofDuty #MWII #SimonGhostRiley https://t.co/F7qDTSVGUM",yumecore,349,0,0,0,0
132,33,1607150740484624384,"RT @yumecore: When you caught him by surprise.. target spotted ♡
#CallofDuty #MWII #SimonGhostRiley https://t.co/F7qDTSVGUM",yumecore,349,0,0,0,0
133,34,1635330090467819520,RT @SinbadDaGod06: Please god hear me for ONCE! Lol #callofduty #warzone2 #warzone #sinbad https://t.co/muq1DjtpaQ via @YouTube,SinbadDaGod06,1,0,0,0,0
134,35,931668684229304320,"RT @JayGlizzy864: New video 🔥 

This ISO 45 SMG Will Smoke Any Racist! Best ISO 45 Class Setup

https://t.co/cT0QBFwUYh
https://t.co/cT0QBF…",JayGlizzy864,2,0,0,0,0
135,36,1310765827503747072,RT @tb_png: catching up on sleep 😴 #MWII #CallofDuty https://t.co/SLi2voBU8t,tb_png,529,0,0,0,0
136,37,1650059023561965569,RT @MIKEDASHOOTAYT: @SpotemGang ☢️🎥🕹️My COD sniping montage Mikedasniper Ep.3 is out on @YouTube click this link ➡️ https://t.co/aUNmKv5ZnT…,MIKEDASHOOTAYT,1,0,0,0,0
137,38,4064174596,@webbygirl_ @PlayCODMobile Ohhhh nice,webbygirl_,0,0,2,0,0
138,39,170197342,I played CoD competitively for a decade. MW2 is the best to ever be. The MW sniping will always be better than BO sniping. The black ops games were great once you get over the fact they aren’t infinity ward. Ghosts was better than people gave it credit for.,**this tweet had been deleted or hidden**,0,1,0,0,0
139,40,1233875124014780418,Please god hear me for ONCE! Lol #callofduty #warzone2 #warzone #sinbad https://t.co/muq1DjtpaQ via @YouTube,YouTube,1,0,1,0,0
140,41,1606033714881896474,"RT @artimaaaeus: just gaz, checking you out 👁️👁️
---
#CallofDuty #MWII #MW2 #KyleGarrick #Gaz https://t.co/eG0zSCT0kb",artimaaaeus,311,0,0,0,0
141,42,1292810643993657350,RT @Jzambardino41: The RAAL Hits HARD🔥🤯| Im LIVE Now on Twitch! Come through and hang out! https://t.co/yrRnk2Jfx6 | #Warzone #Warzone2 #Ca…,Jzambardino41,7,0,0,0,0
142,43,1051172875317719041,"RT @yumecore: When you caught him by surprise.. target spotted ♡
#CallofDuty #MWII #SimonGhostRiley https://t.co/F7qDTSVGUM",yumecore,349,0,0,0,0
143,44,823876526,"RT @artimaaaeus: just gaz, checking you out 👁️👁️
---
#CallofDuty #MWII #MW2 #KyleGarrick #Gaz https://t.co/eG0zSCT0kb",artimaaaeus,311,0,0,0,0
144,45,1316878980092514304,"New video 🔥 

This ISO 45 SMG Will Smoke Any Racist! Best ISO 45 Class Setup

https://t.co/cT0QBFwUYh
https://t.co/cT0QBFwUYh
https://t.co/cT0QBFwUYh

#Modernwarfare2 #Mw2 #Callofduty https://t.co/OCXPikO06L",**this tweet had been deleted or hidden**,2,0,6,0,0
145,46,1484262030706151425,"RT @yumecore: When you caught him by surprise.. target spotted ♡
#CallofDuty #MWII #SimonGhostRiley https://t.co/F7qDTSVGUM",yumecore,349,0,0,0,0
146,47,1462855792537706500,RT @tb_png: catching up on sleep 😴 #MWII #CallofDuty https://t.co/SLi2voBU8t,tb_png,529,0,0,0,0
147,48,1310765827503747072,"RT @yumecore: When you caught him by surprise.. target spotted ♡
#CallofDuty #MWII #SimonGhostRiley https://t.co/F7qDTSVGUM",yumecore,349,0,0,0,0
148,49,1292810643993657350,"RT @CODmwfeed: One #ModernWarfare2                #PS5 bundle to give away. To enter follow the steps below.💜

Follow+❤+♻️+Comment
#CallofD…",CODmwfeed,296,0,0,0,0
149,50,1660699518617133056,@Bunny_KZ_ @PlayCODMobile Send a message to ALLEN_TECHS on his instagram handle to fix your account permanently,Bunny_KZ_,0,0,0,0,0
150,51,1461116373300568068,"RT @yumecore: When you caught him by surprise.. target spotted ♡
#CallofDuty #MWII #SimonGhostRiley https://t.co/F7qDTSVGUM",yumecore,349,0,0,0,0
151,52,1013415203374010368,"@sophos_g @SmallStreamersC @SmallStreamersR @SupStreamers ☢️🎥🕹️My COD sniping montage Mikedasniper Ep.3 is out on @YouTube click this link ➡️ https://t.co/aUNmKv5ZnT
  ⬅️ check it out🔥#Subscribe  #Like #warzone2 #MWII #Gameplay #CallOfDutyWarzone2 #Resurgence   #Ashikalsland #LinkinBio 🔗",sophos_g,0,0,0,0,0
152,53,617290186,"SUPER JUMP?. 😂🤣

#MW2 #MWII #TheBoys #Apex #cod #CallofDuty #Fortnite #twitchstreamer #Twitch #Warzone2 https://t.co/ilBrRMdE3m",**this tweet had been deleted or hidden**,0,0,4,1,0
153,54,1566478200821137409,RT @tb_png: catching up on sleep 😴 #MWII #CallofDuty https://t.co/SLi2voBU8t,tb_png,529,0,0,0,0
154,55,899950472924155904,@Quiceno969696 @PlayCODMobile This Is An Epic M4 Skin.,Quiceno969696,0,0,0,0,0
155,56,1371519823973351425,"RT @CODmwfeed: One #ModernWarfare2                #PS5 bundle to give away. To enter follow the steps below.💜

Follow+❤+♻️+Comment
#CallofD…",CODmwfeed,296,0,0,0,0
156,57,899950472924155904,@PlayCODMobile We Want 2019 S1 Battle Pass.,PlayCODMobile,0,0,0,0,0
157,58,2519133940,"RT @RegularNova_: 🚨New #Youtube Video!!🚨

MWII SnD With The Boys!!!
Link —&gt; https://t.co/yeIp0Mh7fD

#CallofDuty #MWII #SearchandDestroy ht…",RegularNova_,1,0,0,0,0
158,59,1013415203374010368,"@virtu_01 @BlazedRTs @sme_rt @rtsmallstreams @SupStreamersRt @promo_streams @StreamersRT1 @DUIT_Services ☢️🎥🕹️My COD sniping montage Mikedasniper Ep.3 is out on @YouTube click this link ➡️ https://t.co/aUNmKv5ZnT
  ⬅️ check it out🔥#Subscribe  #Like #warzone2 #MWII #Gameplay #CallOfDutyWarzone2 #Resurgence   #Ashikalsland #LinkinBio 🔗",virtu_01,0,0,0,0,0
159,60,1679541413548023830,"RT @CODmwfeed: One #ModernWarfare2                #PS5 bundle to give away. To enter follow the steps below.💜

Follow+❤+♻️+Comment
#CallofD…",CODmwfeed,296,0,0,0,0
160,61,3732264081,"Para mi no es el mapa en si, aunque tiene mucho que ver.... Pero si hicieran las cosas de diferente manera los de @Activision seguramente la gran mayoría de los han dejado de jugar #Warzone #Warzone2 no se habrían ido, y los que quedan no estarían CABREADOS
Gracias @ATVIAssist https://t.co/9PPYqliyuy",Activision,0,0,1,0,0
161,62,1291731429777453056,"I would be upset 
#gaming #fps #codwarzone #warzone #mw2 #dmz #dmzclips #dmzwarzone #warzoneclips #gulag #CapCut https://t.co/Vub903E4fS",**this tweet had been deleted or hidden**,0,1,2,0,0
162,63,1675167723989651457,RT @ChicoGamingYT: Shotgun Warfare ☠️ #CallofDuty #MW2 #gaming #COD https://t.co/uZACmmhjzA,ChicoGamingYT,1,0,0,0,0
163,64,2744806270,"@CODUpdates Thank god I have an Xbox X series, but sadly I had to reactivate my Live account and buy ANOTHER copy of MW2, bet you like that Acti/Infinity/Treyarch, so I can play a tournament I'm in. Ridiculous how you fubar something and don't test. Joke.",CODUpdates,0,0,0,0,0
164,65,1639076184679133184,"RT @yumecore: When you caught him by surprise.. target spotted ♡
#CallofDuty #MWII #SimonGhostRiley https://t.co/F7qDTSVGUM",yumecore,349,0,0,0,0
165,66,1660299813072564226,"RT @alexgscod: Chilling bfs at the pool! 💀🧼☀️🌊
(nsfw variants on patreon)

#GhostSoap #SoapGhost #CallOfDuty #MWII #SimonGhostRiley #soapma…",alexgscod,169,0,0,0,0
166,67,821836362991149058,"RT @CODmwfeed: One #ModernWarfare2                #PS5 bundle to give away. To enter follow the steps below.💜

Follow+❤+♻️+Comment
#CallofD…",CODmwfeed,296,0,0,0,0
167,68,2513185975,RT @tb_png: catching up on sleep 😴 #MWII #CallofDuty https://t.co/SLi2voBU8t,tb_png,529,0,0,0,0
168,69,123639484,😂 😂 😂🤪 #Warzone2 #CallofDuty #proximitychat 🤘😎🕹️ https://t.co/s5AdkGOjTc,**this tweet had been deleted or hidden**,0,0,0,0,0
169,70,1424847000395296768,Shotgun Warfare ☠️ #CallofDuty #MW2 #gaming #COD https://t.co/uZACmmhjzA,**this tweet had been deleted or hidden**,1,1,2,0,0
170,71,1467901596302512143,"RT @artimaaaeus: just gaz, checking you out 👁️👁️
---
#CallofDuty #MWII #MW2 #KyleGarrick #Gaz https://t.co/eG0zSCT0kb",artimaaaeus,311,0,0,0,0
171,72,2433459937,I really have no words about this crap #warzone2. I played 10 games and no one of that was even close to fun. @Activision just once again made something beautiful into a shitty hole,Activision,0,0,0,0,0
172,73,1655318473851977728,"RT @yumecore: When you caught him by surprise.. target spotted ♡
#CallofDuty #MWII #SimonGhostRiley https://t.co/F7qDTSVGUM",yumecore,349,0,0,0,0
173,74,82939902,RT @BulletSweats: 🎮We had a good time last night on #Warzone2 and #MW2 despite the packet loss issues the #season4reloaded update introduce…,BulletSweats,2,0,0,0,0
174,75,1041105715840995328,"How To Practice For XDefiant! | MWII Multiplayer 1 https://t.co/qMaGUfWvlB via @YouTube 

#mwii #xdefiant  #livestream #twitch #gameplay #funny #smallstreamer #gaming #gamingvideos #mwiiclips #pvp #multiplayer",YouTube,0,0,0,0,0
175,76,1030212060255277056,"RT @artimaaaeus: just gaz, checking you out 👁️👁️
---
#CallofDuty #MWII #MW2 #KyleGarrick #Gaz https://t.co/eG0zSCT0kb",artimaaaeus,311,0,0,0,0
176,77,1070376427156054018,"RT @yumecore: When you caught him by surprise.. target spotted ♡
#CallofDuty #MWII #SimonGhostRiley https://t.co/F7qDTSVGUM",yumecore,349,0,0,0,0
177,78,1593829552588873728,"RT @_ohholy: #CallofDuty #MWII #KyleGazGarrick
this was the funniest shit in the whole cod history https://t.co/KTF9JM3IZ0",_ohholy,1152,0,0,0,0
178,79,1350781164378734592,RT @lilindermile: Oh god he’s grooving #simonghostriley #mw2 #callofduty #ghostsoap https://t.co/1JxMCvCSow,lilindermile,813,0,0,0,0
179,80,1354096621865197568,"@im_bon3z @ModernWarzone @CallofDuty Well the fixes for MW2019 and Warzone 1 were promised in MW2 warzone 2, remember they said most advanced Modern Warfare game ever 🤡. So if rebuilding is the answer I guess you gotta pay 80$ more for MW3 now ... devs and Activision are a joke",im_bon3z,0,0,0,0,0
180,81,1494969874929487872,"RT @artimaaaeus: just gaz, checking you out 👁️👁️
---
#CallofDuty #MWII #MW2 #KyleGarrick #Gaz https://t.co/eG0zSCT0kb",artimaaaeus,311,0,0,0,0
181,82,1013415203374010368,"@SpotemGang ☢️🎥🕹️My COD sniping montage Mikedasniper Ep.3 is out on @YouTube click this link ➡️ https://t.co/aUNmKv5ZnT
  ⬅️ check it out🔥#Subscribe  #Like #warzone2 #MWII #Gameplay #CallOfDutyWarzone2 #Resurgence   #Ashikalsland #LinkinBio 🔗",SpotemGang,1,0,1,0,0
182,83,1656092824830455808,"RT @yumecore: When you caught him by surprise.. target spotted ♡
#CallofDuty #MWII #SimonGhostRiley https://t.co/F7qDTSVGUM",yumecore,349,0,0,0,0
183,84,788162726925185024,RT @tb_png: catching up on sleep 😴 #MWII #CallofDuty https://t.co/SLi2voBU8t,tb_png,529,0,0,0,0
184,85,88957985,"RT @CODmwfeed: One #ModernWarfare2                #PS5 bundle to give away. To enter follow the steps below.💜

Follow+❤+♻️+Comment
#CallofD…",CODmwfeed,296,0,0,0,0
185,86,4214967136,"@CallofDuty @WarzoneQG
IS THIS NORMAL IN RANKED!

#Warzone2
https://t.co/br0u4JaTYq",CallofDuty,0,0,0,0,0
186,87,1514057603755651075,RT @tb_png: catching up on sleep 😴 #MWII #CallofDuty https://t.co/SLi2voBU8t,tb_png,529,0,0,0,0
187,88,1581256413543895040,"RT @Godwreker: New short just a quickie if you like what you see drop a comment and like please 🙏 appreciate the support!
DING 🍟 ARE DONE!…",Godwreker,4,0,0,0,0
188,89,1654118570681581570,"RT @CODmwfeed: One #ModernWarfare2                #PS5 bundle to give away. To enter follow the steps below.💜

Follow+❤+♻️+Comment
#CallofD…",CODmwfeed,296,0,0,0,0
189,90,1316433049098350593,"RT @artimaaaeus: just gaz, checking you out 👁️👁️
---
#CallofDuty #MWII #MW2 #KyleGarrick #Gaz https://t.co/eG0zSCT0kb",artimaaaeus,311,0,0,0,0
190,91,1517937619358859267,"RT @yumecore: When you caught him by surprise.. target spotted ♡
#CallofDuty #MWII #SimonGhostRiley https://t.co/F7qDTSVGUM",yumecore,349,0,0,0,0
191,92,1650560739940130821,"RT @loneghostwolf88: 8th entry of the beach boy series - Rodolfo 'Rudy' Parra ☀️🏝️ 
#rodolfoparra #CoDRudy #CallofDuty #3DRender #MWII http…",loneghostwolf88,154,0,0,0,0
192,93,327817323,"@CallofDuty https://t.co/L7hl2AVNRc

Bring the prime days or atleast verdansk back smh.",CallofDuty,0,0,0,0,0
193,94,1535699291590762496,"RT @yumecore: When you caught him by surprise.. target spotted ♡
#CallofDuty #MWII #SimonGhostRiley https://t.co/F7qDTSVGUM",yumecore,349,0,0,0,0
194,95,1262872446,Id do regular mp and stuff in mw2 too but my xbox  gold expired  awhile back least i found out i can still do warzone and dmz stuff so thats the plan,**this tweet had been deleted or hidden**,0,0,0,0,0
195,96,588474566,RT @tb_png: catching up on sleep 😴 #MWII #CallofDuty https://t.co/SLi2voBU8t,tb_png,529,0,0,0,0
196,97,1534305937627959296,RT @tb_png: catching up on sleep 😴 #MWII #CallofDuty https://t.co/SLi2voBU8t,tb_png,529,0,0,0,0
197,98,1287710557,"RT @yumecore: When you caught him by surprise.. target spotted ♡
#CallofDuty #MWII #SimonGhostRiley https://t.co/F7qDTSVGUM",yumecore,349,0,0,0,0
198,99,1550818793802407937,"RT @artimaaaeus: just gaz, checking you out 👁️👁️
---
#CallofDuty #MWII #MW2 #KyleGarrick #Gaz https://t.co/eG0zSCT0kb",artimaaaeus,311,0,0,0,0
199,0,67368122,RT @BryceBallard97: @CallofDuty  add gunfight back to mw2,BryceBallard97,1,0,0,0,0
200,1,67368122,RT @GavinTh90798476: Put gunfight back on MW2 tf @Activision @CallofDuty,GavinTh90798476,1,0,0,0,0
201,2,1630691112766562304,RT @tb_png: catching up on sleep 😴 #MWII #CallofDuty https://t.co/SLi2voBU8t,tb_png,529,0,0,0,0
202,3,1634670278490873857,"RT @BettyBRenders: 💀

#Ghost #SimonGhostRiley #ghostmw2 #MW2 #MWII #CallofDutyModernWarfare2 #CallofDuty https://t.co/JHeXg7TLwt",BettyBRenders,226,0,0,0,0
203,4,1534946919574818818,"RT @CODmwfeed: One #ModernWarfare2                #PS5 bundle to give away. To enter follow the steps below.💜

Follow+❤+♻️+Comment
#CallofD…",CODmwfeed,117,0,0,0,0
204,5,1658155386929655810,"RT @AmikoRoyAi: We must stay focused brothers.

09 #ghostsoap #soapghost #MWII #callofduty https://t.co/vF6g9RvpyY",AmikoRoyAi,737,0,0,0,0
205,6,1325624381251481600,"RT @hestax_: he poses! 

#König #callofduty #MW2 https://t.co/1E5ZgIMztK",hestax_,101,0,0,0,0
206,7,901575963787620352,"RT @AmikoRoyAi: We must stay focused brothers.

09 #ghostsoap #soapghost #MWII #callofduty https://t.co/vF6g9RvpyY",AmikoRoyAi,737,0,0,0,0
207,8,896563383851335680,"RT @AmikoRoyAi: We must stay focused brothers.

09 #ghostsoap #soapghost #MWII #callofduty https://t.co/vF6g9RvpyY",AmikoRoyAi,737,0,0,0,0
208,9,152172424,"RT @PlayCODMobile: 👀 Find the old manuscript and discover the true meaning behind each S6 draw!

🏹 Archer’s Fury Draw goes live 7/17 at 5PM…",PlayCODMobile,29,0,0,0,0
209,10,1645912886085025792,RT @661ave: #CallofDuty #MWII #König #Konig https://t.co/0rV56R9kKj,661ave,489,0,0,0,0
210,11,1284022806691418114,"RT @AmikoRoyAi: We must stay focused brothers.

09 #ghostsoap #soapghost #MWII #callofduty https://t.co/vF6g9RvpyY",AmikoRoyAi,737,0,0,0,0
211,12,1479531028763103234,"RT @Kchs_05: Drew the lil guy
#König #ModernWarfare2 #MW2 #CallofDuty https://t.co/UcVCyX9Mvu",Kchs_05,60,0,0,0,0
212,13,1348317195080671233,"RT @AmikoRoyAi: We must stay focused brothers.

09 #ghostsoap #soapghost #MWII #callofduty https://t.co/vF6g9RvpyY",AmikoRoyAi,737,0,0,0,0
213,14,941937364464578560,"RT @AmikoRoyAi: We must stay focused brothers.

09 #ghostsoap #soapghost #MWII #callofduty https://t.co/vF6g9RvpyY",AmikoRoyAi,737,0,0,0,0
214,15,1653509392510365696,"RT @ZonedOutGaming: Our defending champs @TSSgg_ open up against @EsportsXiled tonight @ 9:30pm EST!! 🔥🔥🔥

What’s your prediction for the r…",ZonedOutGaming,2,0,0,0,0
215,16,1361396129850556416,"RT @yumecore: When you caught him by surprise.. target spotted ♡
#CallofDuty #MWII #SimonGhostRiley https://t.co/F7qDTSVGUM",yumecore,349,0,0,0,0
216,17,1069775612708048896,"RT @FlickiTuts: Izanami's alt skin lookin hella 😳

#izanami #MWII #ModernWarfare2 #Warzone2 #warzone #CallofDutyModernWarfare2 #CallofDuty…",FlickiTuts,29,0,0,0,0
217,18,838789244575432704,"Our defending champs @TSSgg_ open up against @EsportsXiled tonight @ 9:30pm EST!! 🔥🔥🔥

What’s your prediction for the returning champs?

🎵: @Nlechoppa1 - Champions
.
.
.
#ZonedOutGaming #ZGL #Gaming #Gamer #eSports #MW2 #CDL #CallofDuty #FPS #GamingCommunity #League https://t.co/LWElVNXFzd",TSSgg_,2,1,8,1,0
218,19,1071978665020395520,"RT @AmikoRoyAi: We must stay focused brothers.

09 #ghostsoap #soapghost #MWII #callofduty https://t.co/vF6g9RvpyY",AmikoRoyAi,737,0,0,0,0
219,20,1590147893729665024,"RT @AmikoRoyAi: We must stay focused brothers.

09 #ghostsoap #soapghost #MWII #callofduty https://t.co/vF6g9RvpyY",AmikoRoyAi,737,0,0,0,0
220,21,1481617111051026435,"@CODMW2Informer Myself and a buddy, on Series S and a launch XB1, have had no issues in about 5 hours  of gameplay on MW2, across TDM, DOM, DEMO. Also tested MW3, and BO2 both also working well. Its awesome, and the games are on sale rn.",CODMW2Informer,0,0,7,0,0
221,22,880768956885225473,"RT @AmikoRoyAi: We must stay focused brothers.

09 #ghostsoap #soapghost #MWII #callofduty https://t.co/vF6g9RvpyY",AmikoRoyAi,737,0,0,0,0
222,23,1515404837994827783,"RT @yumecore: When you caught him by surprise.. target spotted ♡
#CallofDuty #MWII #SimonGhostRiley https://t.co/F7qDTSVGUM",yumecore,349,0,0,0,0
223,24,1290852651555528705,"RT @Kchs_05: Drew the lil guy
#König #ModernWarfare2 #MW2 #CallofDuty https://t.co/UcVCyX9Mvu",Kchs_05,60,0,0,0,0
224,25,1515404837994827783,RT @tb_png: catching up on sleep 😴 #MWII #CallofDuty https://t.co/SLi2voBU8t,tb_png,529,0,0,0,0
225,26,1216937110328041474,What's happening with @Activision ? PC players are struggling after this new Mid-Season update for MW2!!,Activision,0,0,2,0,0
226,27,1498142751392604165,RT @tb_png: catching up on sleep 😴 #MWII #CallofDuty https://t.co/SLi2voBU8t,tb_png,529,0,0,0,0
227,28,1515404837994827783,"RT @AmikoRoyAi: We must stay focused brothers.

09 #ghostsoap #soapghost #MWII #callofduty https://t.co/vF6g9RvpyY",AmikoRoyAi,737,0,0,0,0
228,29,1322194901879185416,"RT @AmikoRoyAi: We must stay focused brothers.

09 #ghostsoap #soapghost #MWII #callofduty https://t.co/vF6g9RvpyY",AmikoRoyAi,737,0,0,0,0
229,30,1498142751392604165,"RT @BettyBRenders: 💀

#Ghost #SimonGhostRiley #ghostmw2 #MW2 #MWII #CallofDutyModernWarfare2 #CallofDuty https://t.co/JHeXg7TLwt",BettyBRenders,226,0,0,0,0
230,31,1225451911895298048,#Warzone2  gameplay ft my son koa  https://t.co/liSyGwQHgB,**this tweet had been deleted or hidden**,0,0,1,0,0
231,32,935274855712292865,"#CallofDuty Oc in the making!! I have almost a whole character sheet and backstory ready!! Can't wait to show you guys!
#CallofDutyModernWarfareII #MW2 #illustration #codoc https://t.co/ebNzTPQctN",**this tweet had been deleted or hidden**,0,0,1,0,0
232,33,1279905572712824837,"RT @loneghostwolf88: ""Back off!"" 
#GhostSoap   #CallofDuty #3DRender  #MWII https://t.co/o6DEF9i0me",loneghostwolf88,325,0,0,0,0
233,34,1604228586919133185,"RT @theeggrollslord: König sitting alone at lunch🥪

#König #Konig #MW2 #CallofDuty https://t.co/AgRmq82n0c",theeggrollslord,575,0,0,0,0
234,35,1604228586919133185,"RT @theeggrollslord: König presenting in front of fellow cadets 🥲

#König #Konig #MW2 #CallofDuty https://t.co/efk8k3aLQh",theeggrollslord,287,0,0,0,0
235,36,1602377331930435584,"RT @AmikoRoyAi: Portable heater

#ghostsoap #soapghost #MWII #callofduty https://t.co/N5zMoHWTaF",AmikoRoyAi,942,0,0,0,0
236,37,904689820416561152,"RT @remix3s: 👻👻👻

#Ghost #SimonGhostRiley #mw2 #CallofDuty https://t.co/Dc81lhF0YX",remix3s,356,0,0,0,0
237,38,1623751557463392256,"RT @AmikoRoyAi: We must stay focused brothers.

09 #ghostsoap #soapghost #MWII #callofduty https://t.co/vF6g9RvpyY",AmikoRoyAi,737,0,0,0,0
238,39,1114012225063153664,"RT @AmikoRoyAi: We must stay focused brothers.

09 #ghostsoap #soapghost #MWII #callofduty https://t.co/vF6g9RvpyY",AmikoRoyAi,737,0,0,0,0
239,40,1163405732777250818,"RT @CODmwfeed: One #ModernWarfare2                #PS5 bundle to give away. To enter follow the steps below.💜

Follow+❤+♻️+Comment
#CallofD…",CODmwfeed,117,0,0,0,0
240,41,1679997779140116480,"More proof of the cheating @Symfuhny playing without his aimbot on 

absolutely disgusting.
#symfuhny #MW2 #Cheaters #CallofDuty #CallofDutyModernWarfare2 #CallofDutyWarzone https://t.co/25nDo7sk8j",Symfuhny,0,0,0,0,0
241,42,904689820416561152,RT @remix3s: #konig #konigmw2 #mw2 #CallofDuty https://t.co/wS6GYD3VDl,remix3s,403,0,0,0,0
242,43,282762779,"RT @CODmwfeed: One #ModernWarfare2                #PS5 bundle to give away. To enter follow the steps below.💜

Follow+❤+♻️+Comment
#CallofD…",CODmwfeed,296,0,0,0,0
243,44,1604228586919133185,"RT @yumecore: When you caught him by surprise.. target spotted ♡
#CallofDuty #MWII #SimonGhostRiley https://t.co/F7qDTSVGUM",yumecore,349,0,0,0,0
244,45,1242992482410881024,"よっしゃー😭ランチャーマスチャレ完了👏
追加を除いてもう少しで全武器終わりそう😉
#CoD #MW2 #CallofDuty https://t.co/XLnVOaehiH",**this tweet had been deleted or hidden**,1,3,60,0,0
245,46,1455226530666360834,"RT @BettyBRenders: 💀

#Ghost #SimonGhostRiley #ghostmw2 #MW2 #MWII #CallofDutyModernWarfare2 #CallofDuty https://t.co/JHeXg7TLwt",BettyBRenders,226,0,0,0,0
246,47,1251820329745346560,RT @661ave: #CallofDuty #MWII #König #Konig https://t.co/0rV56R9kKj,661ave,489,0,0,0,0
247,48,1500469288184033283,"RT @AmikoRoyAi: We must stay focused brothers.

09 #ghostsoap #soapghost #MWII #callofduty https://t.co/vF6g9RvpyY",AmikoRoyAi,737,0,0,0,0
248,49,969472231511175168,"RT @AjaxTVGaming: LIVE RIGHT NOW ON #Kick 
PLAYING #Warzone2 W/THE BOYS!
https://t.co/gPFMFE8Nd4
SO CLOSE TO AFFILIATE(60/75)!!

#KickStrea…",AjaxTVGaming,1,0,0,0,0
249,50,6667522,#DMZ Hunted Become the Hunters Who Become the Marked Squad Bounty. #MWII #CoDMW2 #Warzone2 #PCGaming #Xbox #Playstation #XboxSeriesX #PS4 #PS5 #CodClips #DMZClips -- https://t.co/HvMTOVIyav,**this tweet had been deleted or hidden**,0,1,3,0,0
250,51,236082758,"i'm LIVE🔴 @kickstreaming &amp; @twitch

Playing Warzone, earn channel points by tuning in! 🎁, they can be spent on sounds and stickers etc in loyalty store :) 

Come join now! --&gt; 
https://t.co/IWUsTiJfgd

#Noob #chatting #Warzone #Callofduty #Carefill #Warzone2 #Twitch #Gaming https://t.co/0DY2ehKc4b",KickStreaming,0,0,2,0,0
251,52,1189031555265683456,"RT @artimaaaeus: just gaz, checking you out 👁️👁️
---
#CallofDuty #MWII #MW2 #KyleGarrick #Gaz https://t.co/eG0zSCT0kb",artimaaaeus,311,0,0,0,0
252,53,2328978614,"RT @AmikoRoyAi: We must stay focused brothers.

09 #ghostsoap #soapghost #MWII #callofduty https://t.co/vF6g9RvpyY",AmikoRoyAi,737,0,0,0,0
253,54,1536103298415075328,"RT @2ToneSkeleton: Ghost wanted ice cream too, but refuses to take his mask off and Soap keeps teasing him.

Spicier variation available yo…",2ToneSkeleton,108,0,0,0,0
254,55,1330582575140712455,"RT @AmikoRoyAi: We must stay focused brothers.

09 #ghostsoap #soapghost #MWII #callofduty https://t.co/vF6g9RvpyY",AmikoRoyAi,737,0,0,0,0
255,56,80950380,"RT @AmikoRoyAi: We must stay focused brothers.

09 #ghostsoap #soapghost #MWII #callofduty https://t.co/vF6g9RvpyY",AmikoRoyAi,737,0,0,0,0
256,57,392688332,RT @661ave: #CallofDuty #MWII #König #Konig https://t.co/0rV56R9kKj,661ave,489,0,0,0,0
257,58,1009942484225527808,"@ATVIAssist MW2 keeps saying that connection has been interrupted by user. Unable to get onto the game. Behind this error message, I can see another error saying something about a ban but there's no reason for this? Xbox Gamertag JoshGowland https://t.co/QEhXiUX0oH https://t.co/jAcrYYlPlq",ATVIAssist,0,8,2,1,0
258,59,1291987398717390848,RT @tb_png: catching up on sleep 😴 #MWII #CallofDuty https://t.co/SLi2voBU8t,tb_png,529,0,0,0,0
259,60,2328978614,"RT @BettyBRenders: 💀

#Ghost #SimonGhostRiley #ghostmw2 #MW2 #MWII #CallofDutyModernWarfare2 #CallofDuty https://t.co/JHeXg7TLwt",BettyBRenders,226,0,0,0,0
260,61,1677378301881376773,RT @tb_png: catching up on sleep 😴 #MWII #CallofDuty https://t.co/SLi2voBU8t,tb_png,529,0,0,0,0
261,62,1354257493879377923,"RT @AmikoRoyAi: We must stay focused brothers.

09 #ghostsoap #soapghost #MWII #callofduty https://t.co/vF6g9RvpyY",AmikoRoyAi,737,0,0,0,0
262,63,1464343895744327681,RT @661ave: #CallofDuty #MWII #König #Konig https://t.co/0rV56R9kKj,661ave,489,0,0,0,0
263,64,1679996789254942722,"Season 04 Reloaded is here, and it's time to fight like a hero!

Read more on the COD Blog 👇 
https://t.co/k0IW4KHd0A

#MWII #Warzone #CallofDutyModernWarfare2",**this tweet had been deleted or hidden**,0,0,0,0,0
264,65,1620681261063852032,"RT @AmikoRoyAi: We must stay focused brothers.

09 #ghostsoap #soapghost #MWII #callofduty https://t.co/vF6g9RvpyY",AmikoRoyAi,737,0,0,0,0
265,66,1615196436861272064,"RT @AmikoRoyAi: We must stay focused brothers.

09 #ghostsoap #soapghost #MWII #callofduty https://t.co/vF6g9RvpyY",AmikoRoyAi,737,0,0,0,0
266,67,559991845,I mean if they can market it then they can sell it …. pay to gain more frames anyone? #CallofDuty #MW2 https://t.co/5yczPHZRpB,**this tweet had been deleted or hidden**,0,0,3,0,0
267,68,1385990668191997955,"RT @_Eidetic_: 💥👊💥💜💥👊💥

#modernwarfare2 #codmw #soapghost #ghostsoap #johnmactavish #soapmactavish #johnsoapmactavish #johnnymactavish #cal…",_Eidetic_,6,0,0,0,0
268,69,824074005040795648,What is the #meta in #CallofDuty #Warzone2 after the most recent update?,**this tweet had been deleted or hidden**,0,0,3,0,0
269,70,1550532599243743233,"RT @AmikoRoyAi: We must stay focused brothers.

09 #ghostsoap #soapghost #MWII #callofduty https://t.co/vF6g9RvpyY",AmikoRoyAi,737,0,0,0,0
270,71,1385990668191997955,"RT @lexiissgone: leave me alone im always late for tiktok trends ugh

[ #soapghost #callofduty #MWII #ghost #soapmactavish #GhostSoap #ghos…",lexiissgone,206,0,0,0,0
271,72,882606218321199104,"RT @AmikoRoyAi: We must stay focused brothers.

09 #ghostsoap #soapghost #MWII #callofduty https://t.co/vF6g9RvpyY",AmikoRoyAi,737,0,0,0,0
272,73,703304398437490689,BEST MOMENTS AND PLAYS WARZONE 2 AND MODERN WARFARE 2 https://t.co/68Iot6r9x3 via @YouTube #gaming #callofduty #mw2 #warzone #warzone2 #youtube #cod #trending #like #fyp https://t.co/S0jqp7m8cj,YouTube,0,0,1,0,0
273,74,890468455140524032,"RT @AmikoRoyAi: We must stay focused brothers.

09 #ghostsoap #soapghost #MWII #callofduty https://t.co/vF6g9RvpyY",AmikoRoyAi,737,0,0,0,0
274,75,1432831659699838978,"RT @AmikoRoyAi: We must stay focused brothers.

09 #ghostsoap #soapghost #MWII #callofduty https://t.co/vF6g9RvpyY",AmikoRoyAi,737,0,0,0,0
275,76,1162961225027915776,RT @661ave: #CallofDuty #MWII #König #Konig https://t.co/0rV56R9kKj,661ave,489,0,0,0,0
276,77,166323904,mw2 e hogwarts legacy com uma promo razoavel na psn https://t.co/d2QaHS1PKy,**this tweet had been deleted or hidden**,0,0,0,0,0
277,78,1328589866892980226,"Go pop into the boys stream at 5:30pm (PST) most entertaining stream out there! I guarantee you will have a good time💯 

Click the link⬇️
https://t.co/s3CgDHGeKG 

#CallofDuty #CallofDutyWarzone #warzone #Warzone2 #ModernWarfare2 #kickstream #KickStreamer #KickStreaming… https://t.co/c8UUKSymfo https://t.co/OanIH0WpIq",**this tweet had been deleted or hidden**,0,0,5,0,0
278,79,52319005,"RT @BettyBRenders: 💀

#Ghost #SimonGhostRiley #ghostmw2 #MW2 #MWII #CallofDutyModernWarfare2 #CallofDuty https://t.co/JHeXg7TLwt",BettyBRenders,226,0,0,0,0
279,80,1493370268294680577,"RT @BettyBRenders: 💀

#Ghost #SimonGhostRiley #ghostmw2 #MW2 #MWII #CallofDutyModernWarfare2 #CallofDuty https://t.co/JHeXg7TLwt",BettyBRenders,226,0,0,0,0
280,81,2530821750,"RT @BettyBRenders: 💀

#Ghost #SimonGhostRiley #ghostmw2 #MW2 #MWII #CallofDutyModernWarfare2 #CallofDuty https://t.co/JHeXg7TLwt",BettyBRenders,226,0,0,0,0
281,82,1365802599862124544,RT @661ave: #CallofDuty #MWII #König #Konig https://t.co/0rV56R9kKj,661ave,489,0,0,0,0
282,83,1429848889469935619,"RT @AmikoRoyAi: We must stay focused brothers.

09 #ghostsoap #soapghost #MWII #callofduty https://t.co/vF6g9RvpyY",AmikoRoyAi,737,0,0,0,0
283,84,1069005867356442625,"@BlazeQF @TheTrueMrENigma @CODMW2Informer @Activision @CallofDuty @Xbox thats good to know. i definitely plan on playin MWII soon, and probably a few others once they come to game pass",BlazeQF,0,0,2,0,0
284,85,2910487406,RT @661ave: #CallofDuty #MWII #König #Konig https://t.co/0rV56R9kKj,661ave,489,0,0,0,0
285,86,1160906293911142401,"RT @BettyBRenders: 💀

#Ghost #SimonGhostRiley #ghostmw2 #MW2 #MWII #CallofDutyModernWarfare2 #CallofDuty https://t.co/JHeXg7TLwt",BettyBRenders,226,0,0,0,0
286,87,2328978614,RT @661ave: #CallofDuty #MWII #König #Konig https://t.co/0rV56R9kKj,661ave,489,0,0,0,0
287,88,1551065172755693569,RT @tb_png: catching up on sleep 😴 #MWII #CallofDuty https://t.co/SLi2voBU8t,tb_png,529,0,0,0,0
288,89,2590110334,RT @661ave: #CallofDuty #MWII #König #Konig https://t.co/0rV56R9kKj,661ave,489,0,0,0,0
289,90,1536103298415075328,"RT @AmikoRoyAi: We must stay focused brothers.

09 #ghostsoap #soapghost #MWII #callofduty https://t.co/vF6g9RvpyY",AmikoRoyAi,737,0,0,0,0
290,91,1198463549539942401,"RT @AmikoRoyAi: We must stay focused brothers.

09 #ghostsoap #soapghost #MWII #callofduty https://t.co/vF6g9RvpyY",AmikoRoyAi,737,0,0,0,0
291,92,1438870945087823873,"RT @BettyBRenders: 💀

#Ghost #SimonGhostRiley #ghostmw2 #MW2 #MWII #CallofDutyModernWarfare2 #CallofDuty https://t.co/JHeXg7TLwt",BettyBRenders,226,0,0,0,0
292,93,1263506617955504128,Yeet 😂 #codclipsdaily #warzoneclips #modernwarfareii #modernwarfare2 #mwii #mw2 #Warzone2 #WarzoneII #cod #callofduty #proximitychat #gaming  #akalytesgaming https://t.co/2inczkXfyp,**this tweet had been deleted or hidden**,0,0,3,0,0
293,94,63270042,"LIVE (SOLO DMZ) #KickStreamer #KickStreaming #DMZ  #CallofDutyModernWarfareII #MW2
🟢Kick: https://t.co/mxpVPHcJ6f 
🔴 YT: https://t.co/fJV13VpDzb https://t.co/bMCJzZgfwp",**this tweet had been deleted or hidden**,0,0,2,0,0
294,95,1618729326966444032,"RT @CODmwfeed: One #ModernWarfare2                #PS5 bundle to give away. To enter follow the steps below.💜

Follow+❤+♻️+Comment
#CallofD…",CODmwfeed,117,0,0,0,0
295,96,1561050716550172672,RT @661ave: #CallofDuty #MWII #König #Konig https://t.co/0rV56R9kKj,661ave,489,0,0,0,0
296,97,1276997562864721921,"RT @AmikoRoyAi: We must stay focused brothers.

09 #ghostsoap #soapghost #MWII #callofduty https://t.co/vF6g9RvpyY",AmikoRoyAi,737,0,0,0,0
297,98,1628047161727279108,"RT @Kchs_05: Drew the lil guy
#König #ModernWarfare2 #MW2 #CallofDuty https://t.co/UcVCyX9Mvu",Kchs_05,60,0,0,0,0
298,99,1670939654965665794,RT @661ave: #CallofDuty #MWII #König #Konig https://t.co/0rV56R9kKj,661ave,489,0,0,0,0
