,Unnamed: 0,author_id,text,username,retweet,reply,like,quote,bookmark
0,0,3315881306,No way !!!!! #Ashikaisland #Vondel #Cod #Callofduty #Mw2 #Warzone2 #Contentcreator #Callofduty #Tiktok #Youtube https://t.co/E3XVLl8JLh,**this tweet had been deleted or hidden**,0,0,2,0,0
1,1,1464036197634773006,"RT @BettyBRenders: 👑 Such a mess, Babyboy. 😌

#König #Koenig #KönigMW2 #MW2 #MWII #CallofDutyModernWarfare2 #CallofDuty https://t.co/aO4AhU…",BettyBRenders,426,0,0,0,0
2,2,1259103831302066176,@IPROZY1 @PlayCODMobile I just got brain damage 😂,IPROZY1,0,0,1,0,0
3,3,1070180019442470912,RT @HotSatans: request number uno aka König edging dONE 🫡 #nsfw #König #CallofDuty #MW2 #Konigmw2 https://t.co/J0Nw2iGNVe,HotSatans,1640,0,0,0,0
4,4,1678301010308268032,@n8theknight Sunday streaming with the boys #Warzone2 #CallOfDuty #resurgence #asone https://t.co/vHO0ylyVlE,n8theknight,0,0,2,0,0
5,5,1573633579623804928,"RT @yuntungchen0929: What are you doing?
@KimMazyckCos 

#CallofDuty #Callofdutymobile #ModernWarfare2 #MWII #GhostSoap #soapghost https://…",yuntungchen0929,31,0,0,0,0
6,6,1535816245358268416,"@PlayCODMobile despite me not owning the nee mythical operator templar ,I would still like to know why the decision to reduce the modified left arm size to a twig? It looks very weird and seems to be a stupid decision on you part,just make the ame same size as the right arm",PlayCODMobile,0,0,0,0,0
7,7,1642702389831516167,"RT @naruysae: Ghost 💀🔪  — Commission for Lu
#simonghostriley #mw2 #callofduty https://t.co/imdnST8tkA",naruysae,233,0,0,0,0
8,8,3262657801,"RT @AmikoRoyAi: Safe with you

09 #ghostsoap #soapghost #callofduty #MWII https://t.co/wkFuP44Iul",AmikoRoyAi,1259,0,0,0,0
9,9,1559243410321670144,RT @Lictor_GD: #укррайт #укрфанфікшн #укрслеш #SoapGhost #GhostSoap #soapmactavish #SimonGhostRiley #ghostmw2 #soapmw2 #CallOfDuty #MW2 @uk…,Lictor_GD,4,0,0,0,0
10,10,1573633579623804928,"RT @AmikoRoyAi: So Ghost new outfit huh😩

#ghostsoap #soapghost #mwii #callofduty https://t.co/vymDc1spfC",AmikoRoyAi,662,0,0,0,0
11,11,1456682221239218181,"#укррайт #укрфанфікшн #укрслеш #SoapGhost #GhostSoap #soapmactavish #SimonGhostRiley #ghostmw2 #soapmw2 #CallOfDuty #MW2 @ukrfanficshn @ua_slash

Нова місія підрозділу відбувається на карнавалі на честь мексиканського Дня мертвих, і Привида накриває спогадами, тому що люди ⬇️ https://t.co/UZf6sEWEGm",ukrfanficshn,4,1,29,1,0
12,12,1004315193474764805,"RT @AmikoRoyAi: Safe with you

09 #ghostsoap #soapghost #callofduty #MWII https://t.co/wkFuP44Iul",AmikoRoyAi,1259,0,0,0,0
13,13,1273298737809330177,"RT @AmikoRoyAi: Safe with you

09 #ghostsoap #soapghost #callofduty #MWII https://t.co/wkFuP44Iul",AmikoRoyAi,1259,0,0,0,0
14,14,1454191979210940417,"RT @alexgscod: Lifeguard Soap! 🧼☀️⛱️
I hope Ghost is drowning and needs mouth-to-mouth resuscitation 😩🛟
(NSFW+variants on patreon)

#CallOf…",alexgscod,211,0,0,0,0
15,15,1427430673481011200,"#mw2
本日のdmz成果

ホステージレスキュー
カーゴ輸送を無事クリア",**this tweet had been deleted or hidden**,0,1,3,0,0
16,16,1349797582977921026,"RT @PlayCODMobile: Guard the fortress and push the enemies away 🏰

⚔️ Greatest Empire Draw goes live tomorrow at 5PM PT! https://t.co/SjVCg…",PlayCODMobile,27,0,0,0,0
17,17,1495989418523381763,"RT @AmikoRoyAi: I love the hc that Ghost is always cold and Soap is a living furnace 🥺

#soapghost #ghostsoap #MWII #callofduty https://t.c…",AmikoRoyAi,1384,0,0,0,0
18,18,1454191979210940417,"RT @661ave: 141! ♥  #MWII #MW2 #CallofDuty 
#CaptainPrice #SimonGhostRiley #JohnSoapMactavish #KyleGazGarrick https://t.co/BTni156iIX",661ave,701,0,0,0,0
19,19,1506279121634144257,@IPROZY1 @PlayCODMobile Holy shit that sounds awful💀,IPROZY1,0,0,2,0,0
20,20,1131904177301610496,@PlayCODMobile @PlayCODMobile create a BR map without classes,PlayCODMobile,0,0,0,0,0
21,21,1456496894222340103,"RT @naruysae: Ghost 💀🔪  — Commission for Lu
#simonghostriley #mw2 #callofduty https://t.co/imdnST8tkA",naruysae,233,0,0,0,0
22,22,1186119574669942784,"RT @naruysae: Ghost 💀🔪  — Commission for Lu
#simonghostriley #mw2 #callofduty https://t.co/imdnST8tkA",naruysae,233,0,0,0,0
23,23,1258019956265848833,"RT @naruysae: Ghost 💀🔪  — Commission for Lu
#simonghostriley #mw2 #callofduty https://t.co/imdnST8tkA",naruysae,233,0,0,0,0
24,24,1575762163561508864,"@Huqum2 @PlayCODMobile I deleted, i need someone to check mine
ill give uid :)
do the needful",Huqum2,0,2,2,0,0
25,25,1551733148353970178,RT @skeletib: Ghost contemplating life while König's feeling it [ears &amp; tail made by me &amp; for sale] #König #ghostmw2 #CallofDuty #MWII #MW2…,skeletib,9,0,0,0,0
26,26,1363110887175847942,"@PlayCODMobile They are used to cheat
Need delete these accounts now in CoD mobile
#CoDMobile https://t.co/dT7ICJDyiu",PlayCODMobile,1,0,0,0,0
27,27,1259103831302066176,"RT @ChuckysCarnage: The upcoming NEW Mythic Taq 56 in #CODM it sets your enemy’s body and soul on fire, the draw got 3 Mythic guns, AR (ISO…",ChuckysCarnage,2,0,0,0,0
28,28,1057910708543737857,"RT @AmikoRoyAi: Safe with you

09 #ghostsoap #soapghost #callofduty #MWII https://t.co/wkFuP44Iul",AmikoRoyAi,1259,0,0,0,0
29,29,1071978665020395520,"RT @AmikoRoyAi: Safe with you

09 #ghostsoap #soapghost #callofduty #MWII https://t.co/wkFuP44Iul",AmikoRoyAi,1259,0,0,0,0
30,30,469509775,"RT @AmikoRoyAi: Safe with you

09 #ghostsoap #soapghost #callofduty #MWII https://t.co/wkFuP44Iul",AmikoRoyAi,1259,0,0,0,0
31,31,1262686629451362306,"RT @AmikoRoyAi: Safe with you

09 #ghostsoap #soapghost #callofduty #MWII https://t.co/wkFuP44Iul",AmikoRoyAi,1259,0,0,0,0
32,32,1613887212608966656,"RT @AmikoRoyAi: Safe with you

09 #ghostsoap #soapghost #callofduty #MWII https://t.co/wkFuP44Iul",AmikoRoyAi,1259,0,0,0,0
33,33,1657959608374403074,"💕 #callofduty #Warcraft #game #MWII #BlackOpsColdWar #IWD2023  
Original: iMykka https://t.co/gkLzEAqptO",**this tweet had been deleted or hidden**,0,0,4,0,0
34,34,320690024,"ノーアタ入手してその場でカスタムしたFENNEC４５。
#MW2 
#DMZ https://t.co/kz3UC2J2fE",**this tweet had been deleted or hidden**,0,0,0,0,0
35,35,1457486902496428033,"RT @AmikoRoyAi: Safe with you

09 #ghostsoap #soapghost #callofduty #MWII https://t.co/wkFuP44Iul",AmikoRoyAi,1259,0,0,0,0
36,36,1673596067496198144,"RT @BettyBRenders: Hola Papi 😏

#Alejandro #alejandrovargas #ElPapi #AlejandroMW2 #MW2 #MWII #CallofDutyModernWarfare2 #CallofDuty https://…",BettyBRenders,155,0,0,0,0
37,37,1057910708543737857,"RT @artimaaaeus: someone on tumblr sent me an ask and hc'ed that if non-traumatized ghost was maskless but fully-clothed, then masked ghost…",artimaaaeus,71,0,0,0,0
38,38,1632933042921824256,"RT @AmikoRoyAi: Safe with you

09 #ghostsoap #soapghost #callofduty #MWII https://t.co/wkFuP44Iul",AmikoRoyAi,1259,0,0,0,0
39,39,1611272931362963456,"RT @BettyBRenders: 👑 Such a mess, Babyboy. 😌

#König #Koenig #KönigMW2 #MW2 #MWII #CallofDutyModernWarfare2 #CallofDuty https://t.co/aO4AhU…",BettyBRenders,426,0,0,0,0
40,40,878717129842970624,"RT @AmikoRoyAi: Safe with you

09 #ghostsoap #soapghost #callofduty #MWII https://t.co/wkFuP44Iul",AmikoRoyAi,1259,0,0,0,0
41,41,1629800350252417024,"RT @naruysae: Ghost 💀🔪  — Commission for Lu
#simonghostriley #mw2 #callofduty https://t.co/imdnST8tkA",naruysae,233,0,0,0,0
42,42,1231517589853134848,"RT @AmikoRoyAi: I love the hc that Ghost is always cold and Soap is a living furnace 🥺

#soapghost #ghostsoap #MWII #callofduty https://t.c…",AmikoRoyAi,1384,0,0,0,0
43,43,1552673771424649217,@Huqum2 @PlayCODMobile I have 75k kills I started playing codm 2 years ago(not a og)🫠🫠🫠,Huqum2,0,1,1,0,0
44,44,882606218321199104,"RT @AmikoRoyAi: Safe with you

09 #ghostsoap #soapghost #callofduty #MWII https://t.co/wkFuP44Iul",AmikoRoyAi,1259,0,0,0,0
45,45,1425679040598454274,"RT @AmikoRoyAi: Safe with you

09 #ghostsoap #soapghost #callofduty #MWII https://t.co/wkFuP44Iul",AmikoRoyAi,1259,0,0,0,0
46,46,1158513011956551683,"RT @naruysae: Ghost 💀🔪  — Commission for Lu
#simonghostriley #mw2 #callofduty https://t.co/imdnST8tkA",naruysae,233,0,0,0,0
47,47,1478319900108079109,"You think they like sharing? 
#MW2 #MWII #GhostSoap #SoapGhost #CallOfDuty #SimonGhostRiley #JohnSoapMactavish https://t.co/YcWKssGVCx",**this tweet had been deleted or hidden**,0,0,17,0,0
48,48,1036243287147986945,RT @CallofDuty: 2XP is now live for 24 hours in Call of Duty #Warzone and #MWII 🔥🔥 https://t.co/4yFU9rgfxN,CallofDuty,119,0,0,0,0
49,49,1333234688752840704,@BigtruzzzSzn @PlayCODMobile You have to wait till the tomorrow,BigtruzzzSzn,0,0,0,0,0
50,50,1625680400,"RT @CallofDuty: SEASON 04 IS HERE. Vondel, increased health in Warzone, new MP maps, Battle Pass and so much more 🔥 

Stand above the rest…",CallofDuty,321,0,0,0,0
51,51,1549343204927229952,"【COD MW2】ヘリの一撃は何より怖い…

#cod #mw2 #dmz #アルマズラ #スナイパーJOJO https://t.co/xBmoYLUQO7",**this tweet had been deleted or hidden**,0,0,6,0,0
52,52,1579363703102722048,"Warzone mobile (60 FPS) IPHONE XR ASIA GAMEPLAY - INTENSE MATCH….⬇️

Link -https://t.co/JJErNgB6QO

#warzonemobile #Warzone2 https://t.co/iDGtkYV2Ln",**this tweet had been deleted or hidden**,0,0,1,0,0
53,53,4816394819,"RT @Stormislivee: READING EVERY COMMENT | COME HANG OUT!! | FG 24/75       

@RABIDPANDAGANG_

https://t.co/g3yp3KQ2st 

#KICKSTREAMERS #KI…",Stormislivee,1,0,0,0,0
54,54,21617664,"RT @artimaaaeus: someone on tumblr sent me an ask and hc'ed that if non-traumatized ghost was maskless but fully-clothed, then masked ghost…",artimaaaeus,71,0,0,0,0
55,55,704583568316633088,"RT @tobitobsn88: Hi ihr Raketen, 
bin wieder live für euch auf twitch!! Schaut gerne vorbei!
https://t.co/9ujdyMZBCa
#twitchDE #twitchtv #t…",tobitobsn88,1,0,0,0,0
56,56,1330574183101849601,"RT @AmikoRoyAi: Safe with you

09 #ghostsoap #soapghost #callofduty #MWII https://t.co/wkFuP44Iul",AmikoRoyAi,1259,0,0,0,0
57,57,1211334425771819008,"RT @_Eidetic_: Never said Simon was a good flirt 

#ghostcosplay #simonghostriley #simonriley #simonrileyghost #modernwarfare #modernwarfar…",_Eidetic_,4,0,0,0,0
58,58,1532385930862010368,"Hi ihr Raketen, 
bin wieder live für euch auf twitch!! Schaut gerne vorbei!
https://t.co/9ujdyMZBCa
#twitchDE #twitchtv #twitchstreamer #twitchaffiliate #twitchmoments #smallstreamer #twitchgermany #callofduty #community #mw2 #twitchclips",**this tweet had been deleted or hidden**,1,0,2,0,0
59,59,1310709872275709958,"RT @yumecore: Ghost's legs appreciation post :3
#CallofDuty #MWII #SimonGhostRiley https://t.co/wPXDDEslZa",yumecore,419,0,0,0,0
60,60,846038926569754624,"RT @naruysae: Ghost 💀🔪  — Commission for Lu
#simonghostriley #mw2 #callofduty https://t.co/imdnST8tkA",naruysae,233,0,0,0,0
61,61,1262068804953288709,"It's time... to unleash a new #MWII &amp; #Warzone 17th birthday operator in the battlefield.

@CallofDuty https://t.co/8gXeWBhdmo",CallofDuty,0,0,3,0,0
62,62,1101937412064854017,"RT @AmikoRoyAi: Safe with you

09 #ghostsoap #soapghost #callofduty #MWII https://t.co/wkFuP44Iul",AmikoRoyAi,1259,0,0,0,0
63,63,1083501554877923328,"RT @AmikoRoyAi: Safe with you

09 #ghostsoap #soapghost #callofduty #MWII https://t.co/wkFuP44Iul",AmikoRoyAi,1259,0,0,0,0
64,64,755614008107859968,"RT @artimaaaeus: someone on tumblr sent me an ask and hc'ed that if non-traumatized ghost was maskless but fully-clothed, then masked ghost…",artimaaaeus,71,0,0,0,0
65,65,1247332080452866048,"RT @remix3s: 👻👻👻

#Ghost #SimonGhostRiley #mw2 #CallofDuty https://t.co/Dc81lhF0YX",remix3s,354,0,0,0,0
66,66,1268069114,"RT @AmikoRoyAi: Safe with you

09 #ghostsoap #soapghost #callofduty #MWII https://t.co/wkFuP44Iul",AmikoRoyAi,1259,0,0,0,0
67,67,459249257,"RT @AmikoRoyAi: Safe with you

09 #ghostsoap #soapghost #callofduty #MWII https://t.co/wkFuP44Iul",AmikoRoyAi,1259,0,0,0,0
68,68,1265125228402937856,"Is it a bug ?? Showing total 593 kills ? We need 600 kills to unlock full sand camo and I unlocked Gold means I should have more than 600 kills in total .

It's showing 593? @PlayCODMobile 
@PlayCODMobile 

@EVILXJUG 
@Cato_0001 
@IPROZY1 
@Iskeone214 https://t.co/fYqkBBI8nR",PlayCODMobile,0,2,5,0,0
69,69,1211334425771819008,"RT @AmikoRoyAi: So Ghost new outfit huh😩

#ghostsoap #soapghost #mwii #callofduty https://t.co/vymDc1spfC",AmikoRoyAi,662,0,0,0,0
70,70,1619205241185996800,"RT @AmikoRoyAi: Safe with you

09 #ghostsoap #soapghost #callofduty #MWII https://t.co/wkFuP44Iul",AmikoRoyAi,1259,0,0,0,0
71,71,890728144772182016,"RT @naruysae: Ghost 💀🔪  — Commission for Lu
#simonghostriley #mw2 #callofduty https://t.co/imdnST8tkA",naruysae,233,0,0,0,0
72,72,704583568316633088,"RT @JaredMcdaniel93: Slicin’ and dicin’ baby! Always a damn good time on stream! More clips are on my Twitch, and I’m halfway to my 50 foll…",JaredMcdaniel93,4,0,0,0,0
73,73,715492170392846336,"RT @JaredMcdaniel93: Slicin’ and dicin’ baby! Always a damn good time on stream! More clips are on my Twitch, and I’m halfway to my 50 foll…",JaredMcdaniel93,4,0,0,0,0
74,74,1275936344091406336,"Slicin’ and dicin’ baby! Always a damn good time on stream! More clips are on my Twitch, and I’m halfway to my 50 follower goal to do a 24 hour stream! So hit me with that follow 🙏🏻 @BlazedRTs @Retweelgend @MighmaMob #gamingclips #Warzone2 #twitchstreamer #CallofDuty #Warzone https://t.co/EQyOJQtKoL",BlazedRTs,4,0,3,0,0
75,75,1410750950604673028,"RT @AmikoRoyAi: Safe with you

09 #ghostsoap #soapghost #callofduty #MWII https://t.co/wkFuP44Iul",AmikoRoyAi,1259,0,0,0,0
76,76,1333234688752840704,@ChuckysCarnage @ArbiterYT @PlayCODMobile Seems P2L,ChuckysCarnage,0,0,1,0,0
77,77,1399242309154136064,"@_Meta_Ph3nom_ @FaZeScope @lVlitts Don’t get me wrong, I loved cod 4 and mw2, but Halo 3 was truly special. Armor customization, good gameplay, forge, fantastic matchmaking system, file share, progression, co op campaign etc.",_Meta_Ph3nom_,0,0,3,0,0
78,78,704583568316633088,"RT @JaredMcdaniel93: Always having fun, and always catching some 🏆s. BTW, I can’t stand riot shielders 😂 Check out my twitch for more clips…",JaredMcdaniel93,3,0,0,0,0
79,79,847197142255067138,"RT @AmikoRoyAi: Safe with you

09 #ghostsoap #soapghost #callofduty #MWII https://t.co/wkFuP44Iul",AmikoRoyAi,1259,0,0,0,0
80,80,3883183793,"RT @AmikoRoyAi: Safe with you

09 #ghostsoap #soapghost #callofduty #MWII https://t.co/wkFuP44Iul",AmikoRoyAi,1259,0,0,0,0
81,81,715492170392846336,"RT @JaredMcdaniel93: Always having fun, and always catching some 🏆s. BTW, I can’t stand riot shielders 😂 Check out my twitch for more clips…",JaredMcdaniel93,3,0,0,0,0
82,82,1247332080452866048,"RT @yumecore: #CallofDuty #MWII #MW2 #SimonGhostRiley
Full shots below  1/2
POV↓  (I'm smol like that :3) https://t.co/WLjLK4214R",yumecore,104,0,0,0,0
83,83,1275936344091406336,"Always having fun, and always catching some 🏆s. BTW, I can’t stand riot shielders 😂 Check out my twitch for more clips and hit me with a follow if you’d like 🙏🏻 @BlazedRTs @MighmaMob @Retweelgend #gamingclips #gamingcommunity #Warzone2 #Warzone #twitchstreamer #CallofDuty https://t.co/OSBJM2OmFs",BlazedRTs,3,0,3,0,0
84,84,1265125228402937856,"RT @PlayCODMobile: When one enemy team isn’t enough, add another ✚

📲Hop into the new 4v4v4 Arena Mode tomorrow! https://t.co/EmwWXXqeFQ",PlayCODMobile,44,0,0,0,0
85,85,1495840064844226562,"RT @AmikoRoyAi: Safe with you

09 #ghostsoap #soapghost #callofduty #MWII https://t.co/wkFuP44Iul",AmikoRoyAi,1259,0,0,0,0
86,86,1261151406439817219,"READING EVERY COMMENT | COME HANG OUT!! | FG 24/75       

@RABIDPANDAGANG_

https://t.co/g3yp3KQ2st 

#KICKSTREAMERS #KICKSTREAMS #WARZONE2 #CALLOFDUTY #LIVESTREAMS #LIVENOW #VIRAL #SUPPORTSMALLSTREAMERS",RabidPandaGang_,1,0,3,0,0
87,87,1265125228402937856,"RT @PlayCODMobile: Guard the fortress and push the enemies away 🏰

⚔️ Greatest Empire Draw goes live tomorrow at 5PM PT! https://t.co/SjVCg…",PlayCODMobile,27,0,0,0,0
88,88,704583568316633088,RT @Bad6Gaming: Last seconds. #vondel #WARZONE #streamer #twitch #gamer #gaming #twitchstreamer #ps #youtube #streaming #stream #videogames…,Bad6Gaming,4,0,0,0,0
89,89,1382355455549259778,RT @Bad6Gaming: Last seconds. #vondel #WARZONE #streamer #twitch #gamer #gaming #twitchstreamer #ps #youtube #streaming #stream #videogames…,Bad6Gaming,4,0,0,0,0
90,90,1493370268294680577,"RT @AmikoRoyAi: I love the hc that Ghost is always cold and Soap is a living furnace 🥺

#soapghost #ghostsoap #MWII #callofduty https://t.c…",AmikoRoyAi,1384,0,0,0,0
91,91,4816394819,"RT @xFrio_: Blocked

#MW2 #eSports #CallofDuty #gamingpc #RICOCHET #twitchstreamer #twitchaffiliate #Competition #gaming #SCRIMFINDER #CODF…",xFrio_,1,0,0,0,0
92,92,4816394819,"RT @xFrio_: Staying on a swivel

#MW2 #eSports #CallofDuty #gamingpc #RICOCHET #twitchstreamer #twitchaffiliate #Competition #gaming #SCRIM…",xFrio_,1,0,0,0,0
93,93,1065618273985806336,RT @Lictor_GD: #укррайт #укрфанфікшн #укрслеш #SoapGhost #GhostSoap #soapmactavish #SimonGhostRiley #ghostmw2 #soapmw2 #CallOfDuty #MW2 @uk…,Lictor_GD,7,0,0,0,0
94,94,1673394404931796997,RT @cxsmichirai: @RavenSoftware @InfinityWard @Activision you really really need to fix ranked play on MW2 it's ridiculous we play against…,cxsmichirai,1,0,0,0,0
95,95,1645370110910287874,"RT @AmikoRoyAi: Safe with you

09 #ghostsoap #soapghost #callofduty #MWII https://t.co/wkFuP44Iul",AmikoRoyAi,1259,0,0,0,0
96,96,1518542978016583682,"RT @AmikoRoyAi: Safe with you

09 #ghostsoap #soapghost #callofduty #MWII https://t.co/wkFuP44Iul",AmikoRoyAi,1259,0,0,0,0
97,97,2494099076,"Hey @CallofDuty, your game is a joke, I JUST got un-shadow banned, and I'm back into shadow ban lobbies, you just checked my account, I play your game daily, I (used to) stream your game daily, and this is the shit your game does...

#MWII",CallofDuty,1,7,3,1,0
98,98,1646431125663805440,"RT @PlayCODMobile: When one enemy team isn’t enough, add another ✚

📲Hop into the new 4v4v4 Arena Mode tomorrow! https://t.co/EmwWXXqeFQ",PlayCODMobile,44,0,0,0,0
99,99,4883418989,"RT @AmikoRoyAi: Safe with you

09 #ghostsoap #soapghost #callofduty #MWII https://t.co/wkFuP44Iul",AmikoRoyAi,1259,0,0,0,0
100,0,1044458280708239361,"RT @CallofVines: Top ten anime betrayals 

#CoDMW2 #CallofDuty #MWII
#GhostMW2 #SimonRiley #RoachCoD #GarySanderson #GeneralSheperd #Sheper…",CallofVines,15,0,0,0,0
101,1,1069761984768303105,"RT @Hopefulonion: Very important tutorial ‼️
#mw2 #callofduty #ghostsoap #soapghost https://t.co/F9bkWPB4sf",Hopefulonion,539,0,0,0,0
102,2,1562879200272338944,RT @yumecore: #CallofDuty #MWII #MW2 #SimonGhostRiley https://t.co/edOGtlmw5J,yumecore,68,0,0,0,0
103,3,1899218611,"RT @Hopefulonion: Very important tutorial ‼️
#mw2 #callofduty #ghostsoap #soapghost https://t.co/F9bkWPB4sf",Hopefulonion,539,0,0,0,0
104,4,2548619526,"RT @AmikoRoyAi: Safe with you

09 #ghostsoap #soapghost #callofduty #MWII https://t.co/wkFuP44Iul",AmikoRoyAi,1259,0,0,0,0
105,5,420573238,Hell no. Take that shit to Fortnight. #Warzone2 @CallofDuty https://t.co/SL7sgoFgjq,CallofDuty,0,0,0,0,0
106,6,3913387876,"@Dabsyboi @TheCringeMan69 @ih4seeb @TheBoysTV @CallofDuty I just think BR is getting stale, mw2 game is good but the map rotation sucks, wish I could vote other maps. DMZ is my go to right now.",Dabsyboi,0,1,1,0,0
107,7,542950447,RT @chainer2111: Got Em #MW2 #CallofDuty #ModernWarfareII https://t.co/0OGyFi8QMR,chainer2111,1,0,0,0,0
108,8,1505507312647106574,"RT @Hopefulonion: Very important tutorial ‼️
#mw2 #callofduty #ghostsoap #soapghost https://t.co/F9bkWPB4sf",Hopefulonion,539,0,0,0,0
109,9,2733333242,RT @yumecore: #CallofDuty #MWII #MW2 #SimonGhostRiley https://t.co/edOGtlmw5J,yumecore,68,0,0,0,0
110,10,1477465388212445184,"RT @Hopefulonion: Very important tutorial ‼️
#mw2 #callofduty #ghostsoap #soapghost https://t.co/F9bkWPB4sf",Hopefulonion,539,0,0,0,0
111,11,3301342864,@PrestigeIsKey Not me really idk I’m always just told to scan a QR code with the news and I just play I also follow the infinity mw2 issues account so I see all the new updates and bug fixes I think you only see bundles because that’s what you focus on,PrestigeIsKey,0,1,0,0,0
112,12,1402688449346510850,"RT @naruysae: Ghost 💀🔪  — Commission for Lu
#simonghostriley #mw2 #callofduty https://t.co/imdnST8tkA",naruysae,233,0,0,0,0
113,13,1572952583509053442,"MOON MAN!  #CallofDuty #Warzone #Warzone2 #CallofDuty2023 @EnduranceTweets 

https://t.co/hpXvMYhGoz https://t.co/5tvSkb7VHS",EnduranceTweets,2,0,4,0,0
114,14,1510676831548194820,"RT @witchmeetsevil: ""easy, easy,
pull out your heart to make the
being alone
easy""

#CoDMW2 #CallofDuty #soapghost #MWII #MW2 
reinterpreta…",witchmeetsevil,1422,0,0,0,0
115,15,1674425587002380291,"Stay tuned 

https://t.co/qsDfQ0bgEt
#CallofDuty  #YouTube #MW2 https://t.co/Kayo31myrC",**this tweet had been deleted or hidden**,0,0,0,0,0
116,16,1211334425771819008,"RT @Hopefulonion: Very important tutorial ‼️
#mw2 #callofduty #ghostsoap #soapghost https://t.co/F9bkWPB4sf",Hopefulonion,539,0,0,0,0
117,17,104046980,"RT @Hopefulonion: Very important tutorial ‼️
#mw2 #callofduty #ghostsoap #soapghost https://t.co/F9bkWPB4sf",Hopefulonion,539,0,0,0,0
118,18,1665455923005988876,"RT @Hopefulonion: Very important tutorial ‼️
#mw2 #callofduty #ghostsoap #soapghost https://t.co/F9bkWPB4sf",Hopefulonion,539,0,0,0,0
119,19,1530939809790713857,"RT @BettyBRenders: 👑 Such a mess, Babyboy. 😌

#König #Koenig #KönigMW2 #MW2 #MWII #CallofDutyModernWarfare2 #CallofDuty https://t.co/aO4AhU…",BettyBRenders,426,0,0,0,0
120,20,1402431212791250946,"RT @Hopefulonion: Very important tutorial ‼️
#mw2 #callofduty #ghostsoap #soapghost https://t.co/F9bkWPB4sf",Hopefulonion,539,0,0,0,0
121,21,1327934446855569409,"RT @Hopefulonion: Very important tutorial ‼️
#mw2 #callofduty #ghostsoap #soapghost https://t.co/F9bkWPB4sf",Hopefulonion,539,0,0,0,0
122,22,1441174708930576386,#CallofDuty #MWII #MW2 #SimonGhostRiley https://t.co/edOGtlmw5J,**this tweet had been deleted or hidden**,68,1,1068,5,23
123,23,1660279605700198401,"RT @CallofDuty: SEASON 04 IS HERE. Vondel, increased health in Warzone, new MP maps, Battle Pass and so much more 🔥 

Stand above the rest…",CallofDuty,321,0,0,0,0
124,24,1429984592015106051,"RT @Hopefulonion: Very important tutorial ‼️
#mw2 #callofduty #ghostsoap #soapghost https://t.co/F9bkWPB4sf",Hopefulonion,539,0,0,0,0
125,25,777839598458118145,【リスナー参加型】談合とかチーターが蔓延るゲームをします【COD MW2　DMZ】 https://t.co/Lwx4BpKRG1 @YouTubeより,YouTube,0,0,0,0,0
126,26,1114930702368141312,【リスナー参加型】談合とかチーターが蔓延るゲームをします【COD MW2　DMZ】 https://t.co/Z7d8jWM1pb @YouTubeより,YouTube,0,0,0,0,0
127,27,1218468948972331013,Liebes @ATVIAssist @Activision und @CallofDutyDE ich fühle mich gemobbt. Ich will eine Schweizerflagge bei Cod MW2!!!! Jedes kack Land gibts nur Schweiz nicht. Bitte. Danke,ATVIAssist,0,7,2,1,0
128,28,1189031555265683456,"RT @Hopefulonion: Very important tutorial ‼️
#mw2 #callofduty #ghostsoap #soapghost https://t.co/F9bkWPB4sf",Hopefulonion,539,0,0,0,0
129,29,1409445166893600769,"RT @Hopefulonion: Very important tutorial ‼️
#mw2 #callofduty #ghostsoap #soapghost https://t.co/F9bkWPB4sf",Hopefulonion,539,0,0,0,0
130,30,1336072713262272518,"RT @Hopefulonion: Very important tutorial ‼️
#mw2 #callofduty #ghostsoap #soapghost https://t.co/F9bkWPB4sf",Hopefulonion,539,0,0,0,0
131,31,2369825617,"RT @naruysae: Ghost 💀🔪  — Commission for Lu
#simonghostriley #mw2 #callofduty https://t.co/imdnST8tkA",naruysae,233,0,0,0,0
132,32,1617370586157666315,"RT @Totsukiz: The 🌎 will know 
#mw2 #CallofDuty https://t.co/QCEBLRs54X",Totsukiz,2,0,0,0,0
133,33,1510199436420567042,"RT @661ave: 141! ♥  #MWII #MW2 #CallofDuty 
#CaptainPrice #SimonGhostRiley #JohnSoapMactavish #KyleGazGarrick https://t.co/BTni156iIX",661ave,701,0,0,0,0
134,34,2570153485,"RT @Hopefulonion: Very important tutorial ‼️
#mw2 #callofduty #ghostsoap #soapghost https://t.co/F9bkWPB4sf",Hopefulonion,539,0,0,0,0
135,35,1052904336773255169,"The 🌎 will know 
#mw2 #CallofDuty https://t.co/QCEBLRs54X",**this tweet had been deleted or hidden**,2,0,3,0,0
136,36,432701027,"RT @Hopefulonion: Very important tutorial ‼️
#mw2 #callofduty #ghostsoap #soapghost https://t.co/F9bkWPB4sf",Hopefulonion,539,0,0,0,0
137,37,1005115280576610304,"RT @naruysae: Ghost 💀🔪  — Commission for Lu
#simonghostriley #mw2 #callofduty https://t.co/imdnST8tkA",naruysae,233,0,0,0,0
138,38,1092608543369371648,"RT @Hopefulonion: Very important tutorial ‼️
#mw2 #callofduty #ghostsoap #soapghost https://t.co/F9bkWPB4sf",Hopefulonion,539,0,0,0,0
139,39,745196836940582916,"RT @Hopefulonion: Very important tutorial ‼️
#mw2 #callofduty #ghostsoap #soapghost https://t.co/F9bkWPB4sf",Hopefulonion,539,0,0,0,0
140,40,171697706,Seriously how does a Baton kill someone in 2 fucking hits in @CallofDuty MW2 when you can empty half a clip into someone and nothing. Some of these melee weapons are fucking dumb #CallofDuty,CallofDuty,0,0,0,0,0
141,41,1375862293947375619,"RT @661ave: #CallofDuty #MWII #König #Konig 
Inspired by @Tava_tavatic drawing!♥ https://t.co/IVL9kvL9rh",661ave,211,0,0,0,0
142,42,1235828147800571906,"RT @Hopefulonion: Very important tutorial ‼️
#mw2 #callofduty #ghostsoap #soapghost https://t.co/F9bkWPB4sf",Hopefulonion,539,0,0,0,0
143,43,1639076184679133184,"RT @yumecore: Lt. Riley
#CallofDuty #MWII #MW2 #SimonGhostRiley https://t.co/FzwHF7U9rt",yumecore,49,0,0,0,0
144,44,1461116373300568068,"RT @Hopefulonion: Very important tutorial ‼️
#mw2 #callofduty #ghostsoap #soapghost https://t.co/F9bkWPB4sf",Hopefulonion,539,0,0,0,0
145,45,1480928012866670599,"RT @Hopefulonion: Very important tutorial ‼️
#mw2 #callofduty #ghostsoap #soapghost https://t.co/F9bkWPB4sf",Hopefulonion,539,0,0,0,0
146,46,19997877,"RT @Hopefulonion: Very important tutorial ‼️
#mw2 #callofduty #ghostsoap #soapghost https://t.co/F9bkWPB4sf",Hopefulonion,539,0,0,0,0
147,47,1291764542284763136,"RT @aphasia4fog: Idk, did he really use a T-shirt as a mask?
#König
#MWII 
#CallofDuty https://t.co/4Yv9JGtNal",aphasia4fog,108,0,0,0,0
148,48,1347286009541750788,"RT @Hopefulonion: Very important tutorial ‼️
#mw2 #callofduty #ghostsoap #soapghost https://t.co/F9bkWPB4sf",Hopefulonion,539,0,0,0,0
149,49,1316433049098350593,"RT @Hopefulonion: Very important tutorial ‼️
#mw2 #callofduty #ghostsoap #soapghost https://t.co/F9bkWPB4sf",Hopefulonion,539,0,0,0,0
150,50,824594177161916418,"New video today on YouTube at 1pm EST/12pm CT/10am PT✅ Make sure you dont miss it! 🙌 
#yt #video #gaming #mw2 #CallofDuty 

📺-  https://t.co/RTzAjbwKtS https://t.co/tjdilUP0bL",**this tweet had been deleted or hidden**,0,0,0,0,0
151,51,1042388458772283392,"RT @Hopefulonion: Very important tutorial ‼️
#mw2 #callofduty #ghostsoap #soapghost https://t.co/F9bkWPB4sf",Hopefulonion,539,0,0,0,0
152,52,1117327341305225217,"RT @Hopefulonion: Very important tutorial ‼️
#mw2 #callofduty #ghostsoap #soapghost https://t.co/F9bkWPB4sf",Hopefulonion,539,0,0,0,0
153,53,2733333242,"RT @Hopefulonion: Very important tutorial ‼️
#mw2 #callofduty #ghostsoap #soapghost https://t.co/F9bkWPB4sf",Hopefulonion,539,0,0,0,0
154,54,933263122286051328,"RT @AmikoRoyAi: I love the hc that Ghost is always cold and Soap is a living furnace 🥺

#soapghost #ghostsoap #MWII #callofduty https://t.c…",AmikoRoyAi,1384,0,0,0,0
155,55,1514268684105170951,"We keep on Nuking in Season 4 of COD Warzone 2, that's the 4th NUKE challenge completed in S4! If you want to go for a 5-winstreak and need help or want to hit your nuke contract with solid players, hit us up! #nukechallenge #championsquest #warzone2 #callofduty #takamuratv https://t.co/4Cc7F7jVJC",**this tweet had been deleted or hidden**,1,0,2,0,0
156,56,1553876832205918208,"@CoDMobileSports @RealBobbyPlays @IHOLDSHIFT @beefmum @GlitterXplosion . Hey, tell the community something... do you shut down your production of home streaming to the viewership when it's raining on your house/apt? (Rhetorical, obvi). Smh. Big L @PlayCODMobile",CoDMobileSports,0,0,1,0,0
157,57,19757511,"RT @AmikoRoyAi: Safe with you

09 #ghostsoap #soapghost #callofduty #MWII https://t.co/wkFuP44Iul",AmikoRoyAi,1259,0,0,0,0
158,58,1355731411,RT @bigbubbajake: I GOT REPORTED FOR THIS AIM IN RANKED 😂 #mwii #mw2 #modernwarfare2 #callofduty https://t.co/K3BPhlAMNh,bigbubbajake,3,0,0,0,0
159,59,1253160205279346688,"RT @Hopefulonion: Very important tutorial ‼️
#mw2 #callofduty #ghostsoap #soapghost https://t.co/F9bkWPB4sf",Hopefulonion,539,0,0,0,0
160,60,1413849020217372676,"RT @Hopefulonion: Very important tutorial ‼️
#mw2 #callofduty #ghostsoap #soapghost https://t.co/F9bkWPB4sf",Hopefulonion,539,0,0,0,0
161,61,1223683053396144129,"RT @TheLord_G3: Somebody made plans for later....

Check me on https://t.co/ZUZjwlVn6K and https://t.co/OgP4arks2S

#DMZ #gaming #warzone #…",TheLord_G3,1,0,0,0,0
162,62,963555544819789826,"RT @Hopefulonion: Very important tutorial ‼️
#mw2 #callofduty #ghostsoap #soapghost https://t.co/F9bkWPB4sf",Hopefulonion,539,0,0,0,0
163,63,1657603883806474240,RT @Veradia_: FINALLY DREW PRICEE 🧡 #CallofDuty #MW2 https://t.co/HnvinBn6Ot,Veradia_,307,0,0,0,0
164,64,1531226814974423040,"RT @Hopefulonion: Very important tutorial ‼️
#mw2 #callofduty #ghostsoap #soapghost https://t.co/F9bkWPB4sf",Hopefulonion,539,0,0,0,0
165,65,1044458280708239361,"RT @artimaaaeus: someone on tumblr sent me an ask and hc'ed that if non-traumatized ghost was maskless but fully-clothed, then masked ghost…",artimaaaeus,71,0,0,0,0
166,66,4883418989,"RT @Hopefulonion: Very important tutorial ‼️
#mw2 #callofduty #ghostsoap #soapghost https://t.co/F9bkWPB4sf",Hopefulonion,539,0,0,0,0
167,67,855577569051201537,Warzone 2.0 Gameplay #growth #foryou #gaming #callofduty #warzone2 #fyp ... https://t.co/Ccja3kcKzx via @YouTube,YouTube,0,0,0,1,0
168,68,1651716355010478080,"#COD MW2

気持はふうせんさんとまるなるさんで
DMZ🐈‍⬛🐦🐗
たくさん笑わせてもらいました♪
明日も頑張ろー♪
アシカのお酒おしまい♪ https://t.co/bFRBFar5wl",**this tweet had been deleted or hidden**,1,0,3,0,0
169,69,877244463772512256,"RT @Hopefulonion: Very important tutorial ‼️
#mw2 #callofduty #ghostsoap #soapghost https://t.co/F9bkWPB4sf",Hopefulonion,539,0,0,0,0
170,70,1646191911244374016,"RT @Hopefulonion: Very important tutorial ‼️
#mw2 #callofduty #ghostsoap #soapghost https://t.co/F9bkWPB4sf",Hopefulonion,539,0,0,0,0
171,71,1669188541702868992,RT @ToxicRoxic: pov the thorn bush is a lot sharper than u thought #König #CallofDuty #MW2 https://t.co/HABaMe2CUx,ToxicRoxic,633,0,0,0,0
172,72,855577569051201537,Warzone what happen #growth #foryou #gaming #callofduty #fyp #warzone2 #... https://t.co/Pec5uH862J via @YouTube,YouTube,0,0,0,0,0
173,73,1636931567942778884,"RT @Hopefulonion: Very important tutorial ‼️
#mw2 #callofduty #ghostsoap #soapghost https://t.co/F9bkWPB4sf",Hopefulonion,539,0,0,0,0
174,74,588474566,"RT @Hopefulonion: Very important tutorial ‼️
#mw2 #callofduty #ghostsoap #soapghost https://t.co/F9bkWPB4sf",Hopefulonion,539,0,0,0,0
175,75,717103544,"RT @AmikoRoyAi: Safe with you

09 #ghostsoap #soapghost #callofduty #MWII https://t.co/wkFuP44Iul",AmikoRoyAi,1259,0,0,0,0
176,76,1639041902912602112,"🚨Breaking

Homelander, starlight y Black Noir. Personajes de la aclamada serie #TheBoys han sido adicionados como skins a la tienda de #CallofDuty #MWII https://t.co/0KM35RXjTL",**this tweet had been deleted or hidden**,0,0,1,0,0
177,77,750488210254561280,"RT @Hopefulonion: Very important tutorial ‼️
#mw2 #callofduty #ghostsoap #soapghost https://t.co/F9bkWPB4sf",Hopefulonion,539,0,0,0,0
178,78,4324114937,"RT @AmikoRoyAi: Safe with you

09 #ghostsoap #soapghost #callofduty #MWII https://t.co/wkFuP44Iul",AmikoRoyAi,1259,0,0,0,0
179,79,3425308787,"RT @Hopefulonion: Very important tutorial ‼️
#mw2 #callofduty #ghostsoap #soapghost https://t.co/F9bkWPB4sf",Hopefulonion,539,0,0,0,0
180,80,813811887544664066,"RT @Hopefulonion: Very important tutorial ‼️
#mw2 #callofduty #ghostsoap #soapghost https://t.co/F9bkWPB4sf",Hopefulonion,539,0,0,0,0
181,81,1455466910355705858,"Here is A better In Game Look At The Boys X Call Of duty Collab Operator bundles Wich Will Be Added On July 12.🔥

#TheBoys | #CallofDuty 
#ModernWarfare2 #ModernWarfareII 
#MWII #MW2 
#CallofDutyModernWarfare2 
#CallofDutyModernWarfareII 
#Warzone2 #Warzone https://t.co/bRZ5sfIm93",**this tweet had been deleted or hidden**,0,0,0,0,0
182,82,3194686652,"RT @Hopefulonion: Very important tutorial ‼️
#mw2 #callofduty #ghostsoap #soapghost https://t.co/F9bkWPB4sf",Hopefulonion,539,0,0,0,0
183,83,57710849,"WARZONE 2 VONDEL Solo #Gameplay - 14 Kills with META Guns (#NoCommentary)

https://t.co/gWcuqt1LAm

#cod #lordZidaner #pcgaming #gaming #gamers #gamer #MW2 #MWII #CODMWII #CallofDuty #Warzone2 #games #gameplays #BattleRoyale #VONDEL #warzone",**this tweet had been deleted or hidden**,0,1,1,0,0
184,84,1231517589853134848,"RT @Hopefulonion: Very important tutorial ‼️
#mw2 #callofduty #ghostsoap #soapghost https://t.co/F9bkWPB4sf",Hopefulonion,539,0,0,0,0
185,85,1517265740826558466,"Neues #CallofDuty #RankedPlay Video auf meinem Kanal:

https://t.co/DySUI9u8LJ

#MW2 #MWII #ModernWarfare2 #ModernWarfareII #Gameplay #PS5",**this tweet had been deleted or hidden**,0,0,1,0,0
186,86,1620759260941651970,"RT @Min36690662: Part 2
König shows Horangi the cat he found.
[I thought it would be cute]
:)
#horangi #könig #Konigmw2 #horangimw2 #MW2 #M…",Min36690662,316,0,0,0,0
187,87,1562879200272338944,"RT @Hopefulonion: Very important tutorial ‼️
#mw2 #callofduty #ghostsoap #soapghost https://t.co/F9bkWPB4sf",Hopefulonion,539,0,0,0,0
188,88,1356010660962955264,#warzone2 #callofduty #modarnwarfare2 #cod #codclips #warzoneclips #mw2clips #foryoupage #foryou #fyp #pc #ps #xbox #twitch #viral #viralvideo #viraltiktok #instagram #love #CapCut https://t.co/JnFkediGVG,**this tweet had been deleted or hidden**,0,0,1,0,0
189,89,1620130220056403968,"RT @AmikoRoyAi: Safe with you

09 #ghostsoap #soapghost #callofduty #MWII https://t.co/wkFuP44Iul",AmikoRoyAi,1259,0,0,0,0
190,90,284092127,"RT @Hopefulonion: Very important tutorial ‼️
#mw2 #callofduty #ghostsoap #soapghost https://t.co/F9bkWPB4sf",Hopefulonion,539,0,0,0,0
191,91,1636854622705926144,"RT @Hopefulonion: Very important tutorial ‼️
#mw2 #callofduty #ghostsoap #soapghost https://t.co/F9bkWPB4sf",Hopefulonion,539,0,0,0,0
192,92,984056647093022723,"RT @PlayCODMobile: When one enemy team isn’t enough, add another ✚

📲Hop into the new 4v4v4 Arena Mode tomorrow! https://t.co/EmwWXXqeFQ",PlayCODMobile,44,0,0,0,0
193,93,1642595725178556418,"RT @Hopefulonion: Very important tutorial ‼️
#mw2 #callofduty #ghostsoap #soapghost https://t.co/F9bkWPB4sf",Hopefulonion,539,0,0,0,0
194,94,1331725097850318856,"RT @Hopefulonion: Very important tutorial ‼️
#mw2 #callofduty #ghostsoap #soapghost https://t.co/F9bkWPB4sf",Hopefulonion,539,0,0,0,0
195,95,942456804256174081,"RT @Hopefulonion: Very important tutorial ‼️
#mw2 #callofduty #ghostsoap #soapghost https://t.co/F9bkWPB4sf",Hopefulonion,539,0,0,0,0
196,96,985046050946867200,"RT @naruysae: Ghost 💀🔪  — Commission for Lu
#simonghostriley #mw2 #callofduty https://t.co/imdnST8tkA",naruysae,233,0,0,0,0
197,97,1471768883308773376,@DiscussingFilm I’d be excited of MW2 was better and Activision weren’t POS,DiscussingFilm,0,0,0,0,0
198,98,913771083651788800,"RT @Hopefulonion: Very important tutorial ‼️
#mw2 #callofduty #ghostsoap #soapghost https://t.co/F9bkWPB4sf",Hopefulonion,539,0,0,0,0
199,99,1588961655366492160,@IPROZY1 @PlayCODMobile tf is that sound bug 💀,IPROZY1,0,0,1,0,0
200,0,355649339,RT @CallofDuty: It's time to fight like a hero. Season 04 Reloaded drops July 12 in Call of Duty #Warzone and #MWII 👉 https://t.co/CMgkvPpR…,CallofDuty,1166,0,0,0,0
201,1,355649339,"RT @CallofDuty: Gather your best Operators for some waterfront action 💦

Read more below about the 6v6 #MWII map Vondel Waterfront, the new…",CallofDuty,52,0,0,0,0
202,2,1631865130588991488,"RT @naruysae: Ghost 💀🔪  — Commission for Lu
#simonghostriley #mw2 #callofduty https://t.co/imdnST8tkA",naruysae,233,0,0,0,0
203,3,1284026298159906817,RT @661ave: #Ghost #SimonGhostRiley #CallOfDuty #MWII #MW2 https://t.co/9FXEq9ZwyS,661ave,407,0,0,0,0
204,4,1660358226569834497,"I’m Zachary FREAKIN’ Muk!

#mw2 #warzone #warzone2 #meta #warzonemeta #modernwarfare2 #wz #wz2 #cod #callofduty #activision #resurgence #ashika #lachmannsub #mp5 #sethrollins #warzonebestclips #mw2clips #mwii #codmw2 #codwarzone #wztips #romanreigns #warzonefunny https://t.co/6XPWXlDDNI",**this tweet had been deleted or hidden**,1,1,1,0,0
205,5,1341190608208211969,"RT @alexgscod: Thank you so much for 5k!!! 😊😭🙏
💀❤️🧼

#GhostSoap #SoapGhost #CallOfDuty #MWII https://t.co/3Wsq7SNXj5",alexgscod,792,0,0,0,0
206,6,1296153766023106563,"RT @alexgscod: Thank you so much for 5k!!! 😊😭🙏
💀❤️🧼

#GhostSoap #SoapGhost #CallOfDuty #MWII https://t.co/3Wsq7SNXj5",alexgscod,792,0,0,0,0
207,7,1677474222292054022,"@FabledOrion @PlayVALORANT It’s really frustrating how we get banned for no reason,i got banned  also didn’t let me make an appeal But thanks to this man #Cisco_techs on Instagram he got me unbanned successfully I recommend his good Job #MW2 #COD #CallofDuty #unbanned #Activision #Warzone",FabledOrion,0,0,0,0,0
208,8,1095983118622715905,"RT @BettyBRenders: 🦿Broken…

#Alex #alexkeller #AlexMW2 #MW2 #MWII #CallofDutyModernWarfare2 #CallofDuty https://t.co/KVsDNZeil9",BettyBRenders,108,0,0,0,0
209,9,1045814830777622528,"公開マルチ終了のお知らせ
ま    た    お    前    か
#MW2 https://t.co/YdwfNcqoiM",**this tweet had been deleted or hidden**,0,0,0,0,0
210,10,1619721033153662976,"RT @Hopefulonion: Very important tutorial ‼️
#mw2 #callofduty #ghostsoap #soapghost https://t.co/F9bkWPB4sf",Hopefulonion,539,0,0,0,0
211,11,811558235492716544,RT @CallofDuty: It's time to fight like a hero. Season 04 Reloaded drops July 12 in Call of Duty #Warzone and #MWII 👉 https://t.co/CMgkvPpR…,CallofDuty,1166,0,0,0,0
212,12,1607359832117346305,"RT @BettyBRenders: 🦿Broken…

#Alex #alexkeller #AlexMW2 #MW2 #MWII #CallofDutyModernWarfare2 #CallofDuty https://t.co/KVsDNZeil9",BettyBRenders,108,0,0,0,0
213,13,1187071989636325379,"RT @Hopefulonion: Very important tutorial ‼️
#mw2 #callofduty #ghostsoap #soapghost https://t.co/F9bkWPB4sf",Hopefulonion,539,0,0,0,0
214,14,1471340102,"RT @alexgscod: Thank you so much for 5k!!! 😊😭🙏
💀❤️🧼

#GhostSoap #SoapGhost #CallOfDuty #MWII https://t.co/3Wsq7SNXj5",alexgscod,792,0,0,0,0
215,15,1619721033153662976,"RT @alexgscod: Thank you so much for 5k!!! 😊😭🙏
💀❤️🧼

#GhostSoap #SoapGhost #CallOfDuty #MWII https://t.co/3Wsq7SNXj5",alexgscod,792,0,0,0,0
216,16,3558766413,Call of Duty Mw2 Streamer Hit's Mid 720 Trickshot on Dude setting up but the reaction's were crazy 😱🤯#cod #gaming #anime #CallofDuty #ModernWarfare2 https://t.co/Vg4s3Q7owA,**this tweet had been deleted or hidden**,0,0,1,0,0
217,17,1306591597484584962,"RT @Hopefulonion: Very important tutorial ‼️
#mw2 #callofduty #ghostsoap #soapghost https://t.co/F9bkWPB4sf",Hopefulonion,539,0,0,0,0
218,18,1677480861497737216,"@MrSyFi @LBDecoy @RavenSoftware @CallofDuty @JustTeddii @InfinityWard It’s really frustrating how we get banned for no reason,i got banned  also didn’t let me make an appeal But thanks to this man #Cisco_techs on Instagram he got me unbanned successfully I recommend his good Job #MW2 #COD #CallofDuty #unbanned #Activision #Warzone",MrSyFi,0,0,0,0,0
219,19,1363110887175847942,"@PlayCODMobile They are used to cheat
Need delete these accounts now in CoD mobile
#CoDMobile https://t.co/OlNwKD7tIz",PlayCODMobile,0,0,0,0,0
220,20,788162726925185024,"RT @Hopefulonion: Very important tutorial ‼️
#mw2 #callofduty #ghostsoap #soapghost https://t.co/F9bkWPB4sf",Hopefulonion,539,0,0,0,0
221,21,1203601670451666944,"RT @MW4ar: - نظرة على ماب Vondel Waterfront الجديد 6v6 راح يتوفر مع تحديث منتصف الموسم الرابع في 12 يوليو 🔥

#MWII 
 https://t.co/SeSIGchmRW",MW4ar,4,0,0,0,0
222,22,1282387407225184256,"RT @loneghostwolf88: 7th entry of the beach boy series - Alejandro Vargas ☀️📷  🏝️
#alejandrovargas #CoDAlejandro #CallofDuty #3DRender #MWI…",loneghostwolf88,235,0,0,0,0
223,23,712222832,RT @661ave: #Ghost #SimonGhostRiley #CallOfDuty #MWII #MW2 https://t.co/9FXEq9ZwyS,661ave,407,0,0,0,0
224,24,773669539645095936,RT @CallofDuty: It's time to fight like a hero. Season 04 Reloaded drops July 12 in Call of Duty #Warzone and #MWII 👉 https://t.co/CMgkvPpR…,CallofDuty,1166,0,0,0,0
225,25,1417998762082017280,"RT @alexgscod: Thank you so much for 5k!!! 😊😭🙏
💀❤️🧼

#GhostSoap #SoapGhost #CallOfDuty #MWII https://t.co/3Wsq7SNXj5",alexgscod,792,0,0,0,0
226,26,2328978614,RT @661ave: #Ghost #SimonGhostRiley #CallOfDuty #MWII #MW2 https://t.co/9FXEq9ZwyS,661ave,407,0,0,0,0
227,27,3773191154,RT @CallofDuty: It's time to fight like a hero. Season 04 Reloaded drops July 12 in Call of Duty #Warzone and #MWII 👉 https://t.co/CMgkvPpR…,CallofDuty,1166,0,0,0,0
228,28,1660358226569834497,"RT @LSD_Cherry: WZ dub on Ashika Island! Almost choked it but then remembered I’m big brained 😎😂

#mw2 #warzone2 #modernwarfare2 #wz2 #cod…",LSD_Cherry,1,0,0,0,0
229,29,714439389548445697,RT @CallofDuty: It's time to fight like a hero. Season 04 Reloaded drops July 12 in Call of Duty #Warzone and #MWII 👉 https://t.co/CMgkvPpR…,CallofDuty,1166,0,0,0,0
230,30,1397839108236533761,"RT @alexgscod: Thank you so much for 5k!!! 😊😭🙏
💀❤️🧼

#GhostSoap #SoapGhost #CallOfDuty #MWII https://t.co/3Wsq7SNXj5",alexgscod,792,0,0,0,0
231,31,1417998762082017280,"RT @artimaaaeus: simon w/o trauma is prolly very flirtatious
---
#CallofDuty #MWII #MW2 #Ghost https://t.co/CELOykoKiU",artimaaaeus,518,0,0,0,0
232,32,844090471026692096,"RT @BettyBRenders: 🦿Broken…

#Alex #alexkeller #AlexMW2 #MW2 #MWII #CallofDutyModernWarfare2 #CallofDuty https://t.co/KVsDNZeil9",BettyBRenders,108,0,0,0,0
233,33,3035433907,RT @CallofDuty: It's time to fight like a hero. Season 04 Reloaded drops July 12 in Call of Duty #Warzone and #MWII 👉 https://t.co/CMgkvPpR…,CallofDuty,1166,0,0,0,0
234,34,1008164159832199174,"RT @Min36690662: Part 2
König shows Horangi the cat he found.
[I thought it would be cute]
:)
#horangi #könig #Konigmw2 #horangimw2 #MW2 #M…",Min36690662,316,0,0,0,0
235,35,1326775500698738688,"RT @alexgscod: Thank you so much for 5k!!! 😊😭🙏
💀❤️🧼

#GhostSoap #SoapGhost #CallOfDuty #MWII https://t.co/3Wsq7SNXj5",alexgscod,792,0,0,0,0
236,36,1568110598050975750,"RT @alexgscod: Thank you so much for 5k!!! 😊😭🙏
💀❤️🧼

#GhostSoap #SoapGhost #CallOfDuty #MWII https://t.co/3Wsq7SNXj5",alexgscod,792,0,0,0,0
237,37,1343107878182412290,"RT @BettyBRenders: 🦿Broken…

#Alex #alexkeller #AlexMW2 #MW2 #MWII #CallofDutyModernWarfare2 #CallofDuty https://t.co/KVsDNZeil9",BettyBRenders,108,0,0,0,0
238,38,1590425082911866881,"RT @alexgscod: Thank you so much for 5k!!! 😊😭🙏
💀❤️🧼

#GhostSoap #SoapGhost #CallOfDuty #MWII https://t.co/3Wsq7SNXj5",alexgscod,792,0,0,0,0
239,39,1511702780175560705,"RT @alexgscod: Thank you so much for 5k!!! 😊😭🙏
💀❤️🧼

#GhostSoap #SoapGhost #CallOfDuty #MWII https://t.co/3Wsq7SNXj5",alexgscod,792,0,0,0,0
240,40,704583568316633088,"RT @CraftyReacts: 🟢 LIVE with the boyz 💪🏽

https://t.co/APBRbBSS5b

#CallofDuty #CallofDutyModernWarfare2 #ModernWarfareII #ModernWarfare2…",CraftyReacts,1,0,0,0,0
241,41,34235457,Polyatomic grind and some other stuff #diablo4 #warzone2 #callofduty #modernwarfare2 #modernwarfareII https://t.co/y1lhwwvyGJ,**this tweet had been deleted or hidden**,0,0,0,0,0
242,42,2150249967,"🟢 LIVE with the boyz 💪🏽

https://t.co/APBRbBSS5b

#CallofDuty #CallofDutyModernWarfare2 #ModernWarfareII #ModernWarfare2 #MW2 #MWII #KickAffiliate #kicklivestreaming #KickStreamer #kickstream #KickStreamers #smallstreamers #gaming #gamingcommunity #trending",**this tweet had been deleted or hidden**,1,0,0,0,0
243,43,956402256613552128,"『COD:MWⅡ』シーズン04リローデッド。オペレーター対スーパーヒーロー。The Boys特別限定バンドルが登場！
https://t.co/HihmurbRAv

#COD #コールオブデューティ #callofduty #CODMW2 #MW2 #CoDMWII #DMZ #warzone2 #シーズン4 #リローデッド #バンドル https://t.co/w9au7SsGDv",**this tweet had been deleted or hidden**,0,0,0,0,0
244,44,2390593164,"RT @alexgscod: Bubble bath 🖤💀🧼
#GhostSoap #SoapGhost 
#CallOfDuty #MW2 https://t.co/4pJNs1dxQq",alexgscod,281,0,0,0,0
245,45,1070376427156054018,RT @661ave: #Ghost #SimonGhostRiley #CallOfDuty #MWII #MW2 https://t.co/9FXEq9ZwyS,661ave,407,0,0,0,0
246,46,1468804498617663488,RT @CallofDuty: It's time to fight like a hero. Season 04 Reloaded drops July 12 in Call of Duty #Warzone and #MWII 👉 https://t.co/CMgkvPpR…,CallofDuty,1166,0,0,0,0
247,47,199633652,RT @CallofDuty: It's time to fight like a hero. Season 04 Reloaded drops July 12 in Call of Duty #Warzone and #MWII 👉 https://t.co/CMgkvPpR…,CallofDuty,1166,0,0,0,0
248,48,1636214756833984513,"RT @Hopefulonion: Very important tutorial ‼️
#mw2 #callofduty #ghostsoap #soapghost https://t.co/F9bkWPB4sf",Hopefulonion,539,0,0,0,0
249,49,2783287969,"RT @loneghostwolf88: 7th entry of the beach boy series - Alejandro Vargas ☀️📷  🏝️
#alejandrovargas #CoDAlejandro #CallofDuty #3DRender #MWI…",loneghostwolf88,235,0,0,0,0
250,50,1576752386290376704,RT @661ave: #Ghost #SimonGhostRiley #CallOfDuty #MWII #MW2 https://t.co/9FXEq9ZwyS,661ave,407,0,0,0,0
251,51,956402256613552128,"『COD:MWⅡ』シーズン04リローデッドの最新情報。レイドアトムグラッドの壮大な結末、新マップヴォンデルウォーターフロント、新武器「MXGuardian」7月13日配信！
https://t.co/bO7M8H8Okl

 #COD #コールオブデューティ #callofduty #CODMW2 #MW2 #CoDMWII #DMZ #warzone2 #シーズン4 #リローデッド https://t.co/RrnLnkE5q3",**this tweet had been deleted or hidden**,0,0,1,0,0
252,52,2328978614,"RT @alexgscod: Thank you so much for 5k!!! 😊😭🙏
💀❤️🧼

#GhostSoap #SoapGhost #CallOfDuty #MWII https://t.co/3Wsq7SNXj5",alexgscod,792,0,0,0,0
253,53,2783287969,"RT @alexgscod: Thank you so much for 5k!!! 😊😭🙏
💀❤️🧼

#GhostSoap #SoapGhost #CallOfDuty #MWII https://t.co/3Wsq7SNXj5",alexgscod,792,0,0,0,0
254,54,1529684577878433796,RT @CallofDuty: It's time to fight like a hero. Season 04 Reloaded drops July 12 in Call of Duty #Warzone and #MWII 👉 https://t.co/CMgkvPpR…,CallofDuty,1166,0,0,0,0
255,55,26422087,"RT @HomelessGurl: My latest video feat. the homie @suzayyy_m &amp; show it some love. She set me up with a crazy class to run 

https://t.co/t7…",HomelessGurl,6,0,0,0,0
256,56,2229051642,"RT @HomelessGurl: My latest video feat. the homie @suzayyy_m &amp; show it some love. She set me up with a crazy class to run 

https://t.co/t7…",HomelessGurl,6,0,0,0,0
257,57,40098994,RT @CallofDuty: It's time to fight like a hero. Season 04 Reloaded drops July 12 in Call of Duty #Warzone and #MWII 👉 https://t.co/CMgkvPpR…,CallofDuty,1166,0,0,0,0
258,58,2390593164,"RT @alexgscod: Tight 😩💀🧼 ❤️

#GhostSoap #SoapGhost #CallOfDuty #MW2 #MWII #SoapMacTavish #SimonGhostRiley #JohnSoapMacTavish #SoapMW2 #Ghos…",alexgscod,146,0,0,0,0
259,59,1358437502671986689,"RT @alexgscod: Thank you so much for 5k!!! 😊😭🙏
💀❤️🧼

#GhostSoap #SoapGhost #CallOfDuty #MWII https://t.co/3Wsq7SNXj5",alexgscod,792,0,0,0,0
260,60,31882425,RT @CallofDuty: It's time to fight like a hero. Season 04 Reloaded drops July 12 in Call of Duty #Warzone and #MWII 👉 https://t.co/CMgkvPpR…,CallofDuty,1166,0,0,0,0
261,61,1668091755734990849,"RT @loneghostwolf88: 7th entry of the beach boy series - Alejandro Vargas ☀️📷  🏝️
#alejandrovargas #CoDAlejandro #CallofDuty #3DRender #MWI…",loneghostwolf88,235,0,0,0,0
262,62,3359698218,RT @CallofDuty: It's time to fight like a hero. Season 04 Reloaded drops July 12 in Call of Duty #Warzone and #MWII 👉 https://t.co/CMgkvPpR…,CallofDuty,1166,0,0,0,0
263,63,1021169282665861121,@MozSouls @puritycpl @LogTman123 @KidDurantula @charlieINTEL Bc Jesus they wanna make their game so realistic now. I love infinity ward bc they made the original mw trilogy. But damn oh damn. They’ve been selling. I loved mw1 bc of the updates and the pandemic. But now is mw2 really the same bro?,MozSouls,0,0,1,0,0
264,64,1328589866892980226,"🚨STREAM ALERT🚨 
 I am live lesss gooo!
Ashika/vondel vibes
Playing @CallofDuty warzone🔥

Click the link⬇️
https://t.co/7QmRibiNmK

#CallofDuty #CallofDutyWarzone #warzone #Warzone2 #ModernWarfare2 #kickstream #KickStreamer #KickStreaming #KickAffiliate #PCGamer  #pcgaming https://t.co/uf4RqiOIfy",CallofDuty,0,0,3,1,0
265,65,1264076432122281985,"RT @SoulsPerception: Would you rather:   

▪️ Be given $1 𝐦𝐢𝐥𝐥𝐢𝐨𝐧 upfront 
𝗢𝗥 
▪️ $10 𝐦𝐢𝐥𝐥𝐢𝐨𝐧 if you can get at least 15 Kills in a @CODLea…",SoulsPerception,6,0,0,0,0
266,66,1426603501195517956,RT @CallofDuty: It's time to fight like a hero. Season 04 Reloaded drops July 12 in Call of Duty #Warzone and #MWII 👉 https://t.co/CMgkvPpR…,CallofDuty,1166,0,0,0,0
267,67,1521417890448420865,"RT @Hopefulonion: Very important tutorial ‼️
#mw2 #callofduty #ghostsoap #soapghost https://t.co/F9bkWPB4sf",Hopefulonion,539,0,0,0,0
268,68,249991881,"RT @puchipurin: 【MW2 シーズン4.5最新情報】

マルチの新マップ「ウォーターフロント」

#Warzone2
#MW2
#CoD

 https://t.co/g3HqxtKbxr",puchipurin,12,0,0,0,0
269,69,1289341588800442368,Check out my weekly stats in #CallofDuty #MWII 💪 https://t.co/BWtNoB6ll1,**this tweet had been deleted or hidden**,0,0,0,0,0
270,70,1631240838431817730,"RT @HellishDraws: After 22 hours.. My commission for @vedettare based off of their fic Exfil is DONE HEHEHEH *barking*
#GhostSoap #CallOfDu…",HellishDraws,276,0,0,0,0
271,71,72499058,RT @CallofDuty: It's time to fight like a hero. Season 04 Reloaded drops July 12 in Call of Duty #Warzone and #MWII 👉 https://t.co/CMgkvPpR…,CallofDuty,1166,0,0,0,0
272,72,1084116944708497408,RT @CallofDuty: It's time to fight like a hero. Season 04 Reloaded drops July 12 in Call of Duty #Warzone and #MWII 👉 https://t.co/CMgkvPpR…,CallofDuty,1166,0,0,0,0
273,73,1576752386290376704,"RT @Hopefulonion: Very important tutorial ‼️
#mw2 #callofduty #ghostsoap #soapghost https://t.co/F9bkWPB4sf",Hopefulonion,539,0,0,0,0
274,74,1373994377245302784,"RT @BettyBRenders: 🦿Broken…

#Alex #alexkeller #AlexMW2 #MW2 #MWII #CallofDutyModernWarfare2 #CallofDuty https://t.co/KVsDNZeil9",BettyBRenders,108,0,0,0,0
275,75,1480978690649505792,RT @CallofDuty: It's time to fight like a hero. Season 04 Reloaded drops July 12 in Call of Duty #Warzone and #MWII 👉 https://t.co/CMgkvPpR…,CallofDuty,1166,0,0,0,0
276,76,1069907243942916098,RT @CallofDuty: It's time to fight like a hero. Season 04 Reloaded drops July 12 in Call of Duty #Warzone and #MWII 👉 https://t.co/CMgkvPpR…,CallofDuty,1166,0,0,0,0
277,77,1259195560826777601,RT @661ave: #Ghost #SimonGhostRiley #CallOfDuty #MWII #MW2 https://t.co/9FXEq9ZwyS,661ave,407,0,0,0,0
278,78,1491549006757085191,"RT @661ave: 141! ♥  #MWII #MW2 #CallofDuty 
#CaptainPrice #SimonGhostRiley #JohnSoapMactavish #KyleGazGarrick https://t.co/BTni156iIX",661ave,701,0,0,0,0
279,79,770016884968288258,"RT @BettyBRenders: 🦿Broken…

#Alex #alexkeller #AlexMW2 #MW2 #MWII #CallofDutyModernWarfare2 #CallofDuty https://t.co/KVsDNZeil9",BettyBRenders,108,0,0,0,0
280,80,1429231230738862080,"RT @BettyBRenders: 🦿Broken…

#Alex #alexkeller #AlexMW2 #MW2 #MWII #CallofDutyModernWarfare2 #CallofDuty https://t.co/KVsDNZeil9",BettyBRenders,108,0,0,0,0
281,81,1370443157356224515,"RT @alexgscod: Thank you so much for 5k!!! 😊😭🙏
💀❤️🧼

#GhostSoap #SoapGhost #CallOfDuty #MWII https://t.co/3Wsq7SNXj5",alexgscod,792,0,0,0,0
282,82,916606831,"RT @Hopefulonion: Very important tutorial ‼️
#mw2 #callofduty #ghostsoap #soapghost https://t.co/F9bkWPB4sf",Hopefulonion,539,0,0,0,0
283,83,1429231230738862080,"RT @alexgscod: Thank you so much for 5k!!! 😊😭🙏
💀❤️🧼

#GhostSoap #SoapGhost #CallOfDuty #MWII https://t.co/3Wsq7SNXj5",alexgscod,792,0,0,0,0
284,84,1457673712216739840,RT @661ave: #Ghost #SimonGhostRiley #CallOfDuty #MWII #MW2 https://t.co/9FXEq9ZwyS,661ave,407,0,0,0,0
285,85,853690386,"RT @Hopefulonion: Very important tutorial ‼️
#mw2 #callofduty #ghostsoap #soapghost https://t.co/F9bkWPB4sf",Hopefulonion,539,0,0,0,0
286,86,3340983493,"RT @Hopefulonion: Very important tutorial ‼️
#mw2 #callofduty #ghostsoap #soapghost https://t.co/F9bkWPB4sf",Hopefulonion,539,0,0,0,0
287,87,1631240838431817730,RT @661ave: #Ghost #SimonGhostRiley #CallOfDuty #MWII #MW2 https://t.co/9FXEq9ZwyS,661ave,407,0,0,0,0
288,88,1631240838431817730,"RT @BettyBRenders: 🦿Broken…

#Alex #alexkeller #AlexMW2 #MW2 #MWII #CallofDutyModernWarfare2 #CallofDuty https://t.co/KVsDNZeil9",BettyBRenders,108,0,0,0,0
289,89,83934517,"RT @BettyBRenders: 🦿Broken…

#Alex #alexkeller #AlexMW2 #MW2 #MWII #CallofDutyModernWarfare2 #CallofDuty https://t.co/KVsDNZeil9",BettyBRenders,108,0,0,0,0
290,90,34235457,"Polyatomic #14 - M16

All done in the Hardcore playlist

#MWII   #ModernWarfare2       #MW2    #callofduty       #ModernWarfareII        #CallofDutyModernWarfareII https://t.co/T6eeSVjAYe",**this tweet had been deleted or hidden**,0,0,0,0,0
291,91,1488639840040198159,"Check out my new video where I turn Team Medic into team savior..

Please like and Subscribe

#DMZ #Warzone #Warzone2 #gaming #gameplay #medic #team

https://t.co/5eoQxEdUzD",**this tweet had been deleted or hidden**,0,0,0,0,0
292,92,551505698,RT @CallofDuty: It's time to fight like a hero. Season 04 Reloaded drops July 12 in Call of Duty #Warzone and #MWII 👉 https://t.co/CMgkvPpR…,CallofDuty,1166,0,0,0,0
293,93,956020279,RT @CallofDuty: It's time to fight like a hero. Season 04 Reloaded drops July 12 in Call of Duty #Warzone and #MWII 👉 https://t.co/CMgkvPpR…,CallofDuty,1166,0,0,0,0
294,94,810679342627962880,"RT @BettyBRenders: 🦿Broken…

#Alex #alexkeller #AlexMW2 #MW2 #MWII #CallofDutyModernWarfare2 #CallofDuty https://t.co/KVsDNZeil9",BettyBRenders,108,0,0,0,0
295,95,2328978614,"RT @loneghostwolf88: 7th entry of the beach boy series - Alejandro Vargas ☀️📷  🏝️
#alejandrovargas #CoDAlejandro #CallofDuty #3DRender #MWI…",loneghostwolf88,235,0,0,0,0
296,96,1493370268294680577,"RT @alexgscod: Thank you so much for 5k!!! 😊😭🙏
💀❤️🧼

#GhostSoap #SoapGhost #CallOfDuty #MWII https://t.co/3Wsq7SNXj5",alexgscod,792,0,0,0,0
297,97,1013969186383695872,"RT @Phixate: They Tried to SPAWN KILL Me in DMZ...
#DMZ #Warzone2

https://t.co/cyHo5N8Mqi https://t.co/eMIOe2aPFy",Phixate,2,0,0,0,0
298,98,1480284877673189379,🚨Im LIVE NOW!!🚨| Come vibe with me on Vondel! https://t.co/yrRnk2Jfx6 | #Warzone2 #Warzone #CallofDuty #CallofDutyWarzone #MW2 #fps #gamingcommunity #twitchstreaming,**this tweet had been deleted or hidden**,1,0,2,0,0
299,99,1147443787427405824,"RT @loneghostwolf88: big boy got lost on the beach... 😎

#CallofDutyModernWarfare2 #CoDKönig   #CallofDuty  #3DRender #Rendering #Daz3D #MW…",loneghostwolf88,983,0,0,0,0
