,Unnamed: 0,author_id,text,username,retweet,reply,like,quote,bookmark
0,0,1497852605464252418,"RT @Hopefulonion: Very important tutorial ‼️
#mw2 #callofduty #ghostsoap #soapghost https://t.co/F9bkWPB4sf",Hopefulonion,539,0,0,0,0
1,1,1394922343617736707,"RT @alexgscod: Thank you so much for 5k!!! 😊😭🙏
💀❤️🧼

#GhostSoap #SoapGhost #CallOfDuty #MWII https://t.co/3Wsq7SNXj5",alexgscod,794,0,0,0,0
2,2,1582391425068515329,RT @someone_7635: @PlayCODMobile M4 mythic 👀,someone_7635,1,0,0,0,0
3,3,1375819838740955137,RT @ToxicRoxic: 🌿warm up doodle of the scrimply scrumbus🌿 #König #MWII #CallofDuty #konigmw https://t.co/AkFLsEih4a,ToxicRoxic,789,0,0,0,0
4,4,1132571744676585474,RT @CallofDuty: It's time to fight like a hero. Season 04 Reloaded drops July 12 in Call of Duty #Warzone and #MWII 👉 https://t.co/CMgkvPpR…,CallofDuty,1166,0,0,0,0
5,5,1606238082994507779,"RT @Hopefulonion: Very important tutorial ‼️
#mw2 #callofduty #ghostsoap #soapghost https://t.co/F9bkWPB4sf",Hopefulonion,539,0,0,0,0
6,6,1582391425068515329,"RT @PlayCODMobile: 💪 Only the strong survive! 

Tag your squad in the comments and let’s get this party started in Arena Mode 😎 https://t.c…",PlayCODMobile,42,0,0,0,0
7,7,1363110887175847942,"@PlayCODMobile They are used to cheat
Need delete these accounts now in CoD mobile
#CoDmobaile https://t.co/DArJCMQChR",PlayCODMobile,0,0,0,0,0
8,8,1394564781466660867,"RT @alexgscod: Thank you so much for 5k!!! 😊😭🙏
💀❤️🧼

#GhostSoap #SoapGhost #CallOfDuty #MWII https://t.co/3Wsq7SNXj5",alexgscod,794,0,0,0,0
9,9,1331744150904049665,"RT @loneghostwolf88: 7th entry of the beach boy series - Alejandro Vargas ☀️📷  🏝️
#alejandrovargas #CoDAlejandro #CallofDuty #3DRender #MWI…",loneghostwolf88,235,0,0,0,0
10,10,1411809080360931328,"ほぼシップメントで、この数字は我ながら満足
自分の #CallofDuty #MWII での週間ステータスをチェック 💪 https://t.co/ZPsRNMrV1T",**this tweet had been deleted or hidden**,0,0,0,0,0
11,11,240658806,"Lots of Expedite12 shotgun fun in Modern Warfare 2 - Zarqwa Hydroelectric TDM
https://t.co/EVWkSTPzjX
#callofduty #modernwarfare2 #MW2 #gaming #seniorgamer #seniorgaming #shotgun #TDM #YouTube #youtubechannel",**this tweet had been deleted or hidden**,0,0,0,0,0
12,12,3080207409,RT @CallofDuty: It's time to fight like a hero. Season 04 Reloaded drops July 12 in Call of Duty #Warzone and #MWII 👉 https://t.co/CMgkvPpR…,CallofDuty,1166,0,0,0,0
13,13,868156202785615874,RT @661ave: #Ghost #SimonGhostRiley #CallOfDuty #MWII #MW2 https://t.co/9FXEq9ZwyS,661ave,407,0,0,0,0
14,14,382475587,"RT @CallofDutyJP: シーズン04リローデッドが7月13日(日本時間)にCall of Duty #Warzone と #MWII に登場。こちらで全情報をチェック 👉 https://t.co/jZNg3e5yFe…

🦸‍♂️ ザ・ボーイズ参戦 
🗺 ヴォンデ…",CallofDutyJP,113,0,0,0,0
15,15,755614008107859968,"RT @a_secret_mf: did some more thinking😈(intersex Soap, pregnancy)

tags: #soapghost #cod #CallofDuty #MW2 #LGBTQ #fic

Okay so, secondary…",a_secret_mf,59,0,0,0,0
16,16,1591285038011891713,PA are off. Notifications are no where near the actual PA. @RavenSoftware @Activision WTF are u doing with all that $$$$? MW2 is horrible 😑.,RavenSoftware,0,0,0,0,0
17,17,1582391425068515329,RT @CallofDuty: It's time to fight like a hero. Season 04 Reloaded drops July 12 in Call of Duty #Warzone and #MWII 👉 https://t.co/CMgkvPpR…,CallofDuty,1166,0,0,0,0
18,18,4002504989,"RT @alexgscod: Thank you so much for 5k!!! 😊😭🙏
💀❤️🧼

#GhostSoap #SoapGhost #CallOfDuty #MWII https://t.co/3Wsq7SNXj5",alexgscod,794,0,0,0,0
19,19,1196417651716702209,"RT @CallofDutyJP: シーズン04リローデッドが7月13日(日本時間)にCall of Duty #Warzone と #MWII に登場。こちらで全情報をチェック 👉 https://t.co/jZNg3e5yFe…

🦸‍♂️ ザ・ボーイズ参戦 
🗺 ヴォンデ…",CallofDutyJP,113,0,0,0,0
20,20,933503300606894080,"RT @CallofDutyJP: シーズン04リローデッドが7月13日(日本時間)にCall of Duty #Warzone と #MWII に登場。こちらで全情報をチェック 👉 https://t.co/jZNg3e5yFe…

🦸‍♂️ ザ・ボーイズ参戦 
🗺 ヴォンデ…",CallofDutyJP,113,0,0,0,0
21,21,1032477501073678336,"ただでさえドラゴンブレスKVを脳死で撃ってるつまんねぇプレイヤーばかりなのにこのタイミングでセミオートショットガン追加かよ…さらに荒れるぞこれ
#MW2 
#DMZ",**this tweet had been deleted or hidden**,0,1,0,0,0
22,22,19997877,"RT @witchmeetsevil: just soft quiet kisses ❤️

#ghostsoap #ghoap #callofduty #CoD #MWII https://t.co/TfOi2Wy4fj",witchmeetsevil,846,0,0,0,0
23,23,1261416404479143938,"RT @a_secret_mf: did some more thinking😈(intersex Soap, pregnancy)

tags: #soapghost #cod #CallofDuty #MW2 #LGBTQ #fic

Okay so, secondary…",a_secret_mf,59,0,0,0,0
24,24,1643121771263201281,"RT @AmikoRoyAi: I love the hc that Ghost is always cold and Soap is a living furnace 🥺

#soapghost #ghostsoap #MWII #callofduty https://t.c…",AmikoRoyAi,1384,0,0,0,0
25,25,1119842592101814272,"RT @CallofDutyJP: シーズン04リローデッドが7月13日(日本時間)にCall of Duty #Warzone と #MWII に登場。こちらで全情報をチェック 👉 https://t.co/jZNg3e5yFe…

🦸‍♂️ ザ・ボーイズ参戦 
🗺 ヴォンデ…",CallofDutyJP,113,0,0,0,0
26,26,1243350528530083840,"RT @loneghostwolf88: 7th entry of the beach boy series - Alejandro Vargas ☀️📷  🏝️
#alejandrovargas #CoDAlejandro #CallofDuty #3DRender #MWI…",loneghostwolf88,235,0,0,0,0
27,27,1363120122081251330,"It’s really frustrating how we get banned for no reason,i got banned  also didn’t let me make an appeal But thanks to this man 𝟰𝟴𝗦𝗧𝗥𝗢𝗢𝗧𝗠𝗔𝗡 on Instagram he got me unbanned successfully I recommend his good Job #MW2 #COD #CallofDuty #unbanned #Activision #Warzone #ban",**this tweet had been deleted or hidden**,0,0,1,0,0
28,28,1334509562779607040,Cold War feels HORRIBLE after playing MW2 so much. And I used to love it 😂 #callofduty #warzone2 #mw2,**this tweet had been deleted or hidden**,0,0,1,0,0
29,29,1084290123481735168,"RT @alexgscod: Thank you so much for 5k!!! 😊😭🙏
💀❤️🧼

#GhostSoap #SoapGhost #CallOfDuty #MWII https://t.co/3Wsq7SNXj5",alexgscod,794,0,0,0,0
30,30,1104742760437899264,"RT @CallofDutyJP: シーズン04リローデッドが7月13日(日本時間)にCall of Duty #Warzone と #MWII に登場。こちらで全情報をチェック 👉 https://t.co/jZNg3e5yFe…

🦸‍♂️ ザ・ボーイズ参戦 
🗺 ヴォンデ…",CallofDutyJP,113,0,0,0,0
31,31,938297902430146566,"DMZ SOLO SNIPER MASTERCLASS
#MW2 #DMZ #cod #CallofDutyModernWarfare2 

https://t.co/qdn5DzMSID",**this tweet had been deleted or hidden**,0,0,0,0,0
32,32,929195327336226816,"RT @CallofDutyJP: シーズン04リローデッドが7月13日(日本時間)にCall of Duty #Warzone と #MWII に登場。こちらで全情報をチェック 👉 https://t.co/jZNg3e5yFe…

🦸‍♂️ ザ・ボーイズ参戦 
🗺 ヴォンデ…",CallofDutyJP,113,0,0,0,0
33,33,1394922343617736707,"RT @Hopefulonion: Very important tutorial ‼️
#mw2 #callofduty #ghostsoap #soapghost https://t.co/F9bkWPB4sf",Hopefulonion,539,0,0,0,0
34,34,1531364864471474178,"RT @BettyBRenders: 👑 Such a mess, Babyboy. 😌

#König #Koenig #KönigMW2 #MW2 #MWII #CallofDutyModernWarfare2 #CallofDuty https://t.co/aO4AhU…",BettyBRenders,426,0,0,0,0
35,35,1071978665020395520,"RT @Hopefulonion: Very important tutorial ‼️
#mw2 #callofduty #ghostsoap #soapghost https://t.co/F9bkWPB4sf",Hopefulonion,539,0,0,0,0
36,36,532264788,"なんかきてた
自分の #CallofDuty #MWII での週間ステータスをチェック 💪 https://t.co/AJLkKQEbZ5",**this tweet had been deleted or hidden**,0,0,0,0,0
37,37,177615192,RT @661ave: #Ghost #SimonGhostRiley #CallOfDuty #MWII #MW2 https://t.co/9FXEq9ZwyS,661ave,407,0,0,0,0
38,38,1276997562864721921,RT @661ave: #Ghost #SimonGhostRiley #CallOfDuty #MWII #MW2 https://t.co/9FXEq9ZwyS,661ave,407,0,0,0,0
39,39,1272289021163601930,"RT @BettyBRenders: 👑 Such a mess, Babyboy. 😌

#König #Koenig #KönigMW2 #MW2 #MWII #CallofDutyModernWarfare2 #CallofDuty https://t.co/aO4AhU…",BettyBRenders,426,0,0,0,0
40,40,531780458,"RT @iTzZigma: 29 on Vondel! 

🔥🔥😭😭😭

#warzone2 #callofduty https://t.co/M601mcH2xD",iTzZigma,2,0,0,0,0
41,41,1678000733130457088,"New multiplayer map in Call Of Duty coming soon. 
https://t.co/FZKdYSez8e
#CallofDuty #MWII #ModernWarfareII #vondel #Season4reloaded",**this tweet had been deleted or hidden**,0,0,0,0,0
42,42,1151555779910131714,Showdown Lighthouse the highway map and black gold all play so badly on #MWII @CallofDuty please give us some good maps in your next game,CallofDuty,0,0,1,0,0
43,43,731860206032977924,"RT @Hopefulonion: Very important tutorial ‼️
#mw2 #callofduty #ghostsoap #soapghost https://t.co/F9bkWPB4sf",Hopefulonion,539,0,0,0,0
44,44,1363110887175847942,"@PlayCODMobile They are used to cheat
Need delete these accounts now in CoD mobile
#CoDmobile https://t.co/yj2n3tCTKn",PlayCODMobile,0,0,0,0,0
45,45,572375224,RT @661ave: #Ghost #SimonGhostRiley #CallOfDuty #MWII #MW2 https://t.co/9FXEq9ZwyS,661ave,407,0,0,0,0
46,46,380806102,"RT @PlayCODMobile: Have the GRAU 5.56 your way!

Tell us in the comments which GRAU 5.56 you’re most tempted to try in Season 6 👇 https://t…",PlayCODMobile,25,0,0,0,0
47,47,868156202785615874,"RT @Girliemelemon: Simon enjoys soap baths ;) (he hurt his hand so soap has to help him)
#ghostsoap #soapghost #ghostmw2 #soapmw2 #CallofDu…",Girliemelemon,329,0,0,0,0
48,48,1156694368557731840,RT @661ave: #Ghost #SimonGhostRiley #CallOfDuty #MWII #MW2 https://t.co/9FXEq9ZwyS,661ave,407,0,0,0,0
49,49,807222452551987200,"RT @CallofDutyJP: シーズン04リローデッドが7月13日(日本時間)にCall of Duty #Warzone と #MWII に登場。こちらで全情報をチェック 👉 https://t.co/jZNg3e5yFe…

🦸‍♂️ ザ・ボーイズ参戦 
🗺 ヴォンデ…",CallofDutyJP,113,0,0,0,0
50,50,380806102,"RT @PlayCODMobile: 💪 Only the strong survive! 

Tag your squad in the comments and let’s get this party started in Arena Mode 😎 https://t.c…",PlayCODMobile,42,0,0,0,0
51,51,1170492160208248833,"RT @AmikoRoyAi: Safe with you

09 #ghostsoap #soapghost #callofduty #MWII https://t.co/wkFuP44Iul",AmikoRoyAi,1259,0,0,0,0
52,52,1350858328797278211,"Live now!
Grab your coffee ☕️ and enjoy the stream🙌

https://t.co/VdOnf4tXME

#CallofDuty #Warzone2 #BattleRoyale",**this tweet had been deleted or hidden**,0,0,2,0,0
53,53,742360933700239360,RT @661ave: #Ghost #SimonGhostRiley #CallOfDuty #MWII #MW2 https://t.co/9FXEq9ZwyS,661ave,407,0,0,0,0
54,54,868156202785615874,RT @Girliemelemon: “The one who gave me life is gone. I have never felt so lost and alone.” #soapghost #ghostsoap #mw2 #mw2fanart #MWII #Ca…,Girliemelemon,456,0,0,0,0
55,55,1631240838431817730,RT @ToxicRoxic: 🌿warm up doodle of the scrimply scrumbus🌿 #König #MWII #CallofDuty #konigmw https://t.co/AkFLsEih4a,ToxicRoxic,789,0,0,0,0
56,56,1165790522100854784,"RT @Hopefulonion: Very important tutorial ‼️
#mw2 #callofduty #ghostsoap #soapghost https://t.co/F9bkWPB4sf",Hopefulonion,539,0,0,0,0
57,57,1173980121700753408,@Hannielking1 @Asukulord3 @PlayCODMobile @MobileLegendsOL ✔️,Hannielking1,0,0,1,0,0
58,58,868156202785615874,"RT @Girliemelemon: 🫣😳
#soapghost #ghostsoap #cod #mw2fanart #CallofDuty #mw2 https://t.co/rnggVFiwll",Girliemelemon,281,0,0,0,0
59,59,994940759525634049,RT @661ave: #Ghost #SimonGhostRiley #CallOfDuty #MWII #MW2 https://t.co/9FXEq9ZwyS,661ave,407,0,0,0,0
60,60,985191384033497088,@PlayCODMobile will you show some love to the zombies mod!,PlayCODMobile,0,0,0,0,0
61,61,468755203,RT @CallofDuty: It's time to fight like a hero. Season 04 Reloaded drops July 12 in Call of Duty #Warzone and #MWII 👉 https://t.co/CMgkvPpR…,CallofDuty,1166,0,0,0,0
62,62,1678663558836506624,"RT @CallofDuty: Gather your best Operators for some waterfront action 💦

Read more below about the 6v6 #MWII map Vondel Waterfront, the new…",CallofDuty,52,0,0,0,0
63,63,421461541,RT @WS23Gaming: THIS ONE SHOT SPX IS JUST LIKE THE KAR98 FROM VERDANSK!!!   💀🎮https://t.co/HY6GmmmLTO via @YouTube #Warzone #Warzone2 #Warz…,WS23Gaming,1,0,0,0,0
64,64,1371894203970691074,THIS ONE SHOT SPX IS JUST LIKE THE KAR98 FROM VERDANSK!!!   💀🎮https://t.co/HY6GmmmLTO via @YouTube #Warzone #Warzone2 #WarzoneMobile #WZ #COD #CallofDuty #ModernWarfare #MW2 #MWII #SPX #Kar98 #gaming #gamer #videogames #YouTube #youtubeshorts #shorts #PS5 #PS5Share #PlayStation https://t.co/JYnHEs54my,YouTube,1,0,2,0,0
65,65,1533343902731841537,"RT @loneghostwolf88: Detective Mactavish 
#MWII  #CodSoap #CallofDuty #3DRender https://t.co/QYUOhkFzgm",loneghostwolf88,233,0,0,0,0
66,66,772916305,Seht euch meine wöchentlichen Statistiken in #CallofDuty #MWII an 💪 https://t.co/uJf9Tql8eq,**this tweet had been deleted or hidden**,0,0,0,0,0
67,67,1533343902731841537,"RT @loneghostwolf88: 6th entry of the beach boy series - Alex Keller ☀️📷 🏝️
#CallofDutyModernWarfare2 #CodAlexKeller #alexkeller #CallofDut…",loneghostwolf88,99,0,0,0,0
68,68,1305404248742596608,"RT @alexgscod: Thank you so much for 5k!!! 😊😭🙏
💀❤️🧼

#GhostSoap #SoapGhost #CallOfDuty #MWII https://t.co/3Wsq7SNXj5",alexgscod,794,0,0,0,0
69,69,1542420279502458880,@ArbiterYT @AliasWZMobile @PlayCODMobile @CODMobileIN Yes confirmed,ArbiterYT,0,0,3,0,0
70,70,2235214448,RT @CallofDuty: It's time to fight like a hero. Season 04 Reloaded drops July 12 in Call of Duty #Warzone and #MWII 👉 https://t.co/CMgkvPpR…,CallofDuty,1166,0,0,0,0
71,71,1298034950877229056,"RT @CallofDutyJP: シーズン04リローデッドが7月13日(日本時間)にCall of Duty #Warzone と #MWII に登場。こちらで全情報をチェック 👉 https://t.co/jZNg3e5yFe…

🦸‍♂️ ザ・ボーイズ参戦 
🗺 ヴォンデ…",CallofDutyJP,113,0,0,0,0
72,72,1532385930862010368,"Hi ihr Raketen, 
bin wieder live für euch auf twitch!! Schaut gerne vorbei!
https://t.co/9ujdyMZBCa
#twitchDE #twitchtv #twitchstreamer #twitchaffiliate #twitchmoments #smallstreamer #twitchgermany #callofduty #community #mw2 #twitchclips",**this tweet had been deleted or hidden**,0,0,2,0,0
73,73,1524887439571050501,RT @HotSatans: request number uno aka König edging dONE 🫡 #nsfw #König #CallofDuty #MW2 #Konigmw2 https://t.co/J0Nw2iGNVe,HotSatans,1640,0,0,0,0
74,74,1524887439571050501,RT @HotSatans: bach for round 2 yeehaw ft. warm up request to get back on the horse 🤠🤘 i just kno it smells crazy in there☠️ #nsfw #ghostmw…,HotSatans,1388,0,0,0,0
75,75,1622666614029123584,"Today we want to have a short fun with TONFA🎯🔥😂
📌👇FULL SHORTVIDEO LINK 🎬👇📌
 👉📌https://t.co/7LRIpUGMH9📌👈
_____________
#mw2 #modernwarfare2 #MWII #CallofDuty #Callofdutymobile #warzone #warzone2 #mw #game  #shortsvideo #ViralVideos #Memes #ps5 #xbox #trending #gameplay https://t.co/FJs2961Rp4",**this tweet had been deleted or hidden**,0,0,1,0,0
76,76,1162904904211607552,@PlayCODMobile Bring back the SAC-2045 mythic switchblade draw,PlayCODMobile,0,0,0,0,0
77,77,1556398118765297666,"RT @AmikoRoyAi: I love the hc that Ghost is always cold and Soap is a living furnace 🥺

#soapghost #ghostsoap #MWII #callofduty https://t.c…",AmikoRoyAi,1384,0,0,0,0
78,78,1435786509655834626,"RT @alexgscod: Thank you so much for 5k!!! 😊😭🙏
💀❤️🧼

#GhostSoap #SoapGhost #CallOfDuty #MWII https://t.co/3Wsq7SNXj5",alexgscod,794,0,0,0,0
79,79,1315310585148518401,RT @HotSatans: bach for round 2 yeehaw ft. warm up request to get back on the horse 🤠🤘 i just kno it smells crazy in there☠️ #nsfw #ghostmw…,HotSatans,1388,0,0,0,0
80,80,1668972382801854466,"RT @AmikoRoyAi: So Ghost new outfit huh😩

#ghostsoap #soapghost #mwii #callofduty https://t.co/vymDc1spfC",AmikoRoyAi,662,0,0,0,0
81,81,1379096344334381059,@PlayCODMobile Did not bought the BP cuz the blueprint is 🗑️ with obstructive irons as well. Default is much better in any level. lmao,PlayCODMobile,0,0,0,0,0
82,82,1492014629626781705,Ranked with Randy’s…… Need two Ranked Teammates #CallofDuty #Warzone2 #ranked #trading #Warzone  #MW2 #FYP https://t.co/UZpuiam7QK,**this tweet had been deleted or hidden**,0,0,1,0,0
83,83,804815831582568449,"RT @PlayCODMobile: 💪 Only the strong survive! 

Tag your squad in the comments and let’s get this party started in Arena Mode 😎 https://t.c…",PlayCODMobile,42,0,0,0,0
84,84,1012348217726398466,"RT @alexgscod: Thank you so much for 5k!!! 😊😭🙏
💀❤️🧼

#GhostSoap #SoapGhost #CallOfDuty #MWII https://t.co/3Wsq7SNXj5",alexgscod,794,0,0,0,0
85,85,1498465119189315594,"RT @Hopefulonion: Very important tutorial ‼️
#mw2 #callofduty #ghostsoap #soapghost https://t.co/F9bkWPB4sf",Hopefulonion,539,0,0,0,0
86,86,1247029087438172160,"RT @CallofDutyJP: シーズン04リローデッドが7月13日(日本時間)にCall of Duty #Warzone と #MWII に登場。こちらで全情報をチェック 👉 https://t.co/jZNg3e5yFe…

🦸‍♂️ ザ・ボーイズ参戦 
🗺 ヴォンデ…",CallofDutyJP,113,0,0,0,0
87,87,966491299728703490,"RT @CallofDutyJP: シーズン04リローデッドが7月13日(日本時間)にCall of Duty #Warzone と #MWII に登場。こちらで全情報をチェック 👉 https://t.co/jZNg3e5yFe…

🦸‍♂️ ザ・ボーイズ参戦 
🗺 ヴォンデ…",CallofDutyJP,113,0,0,0,0
88,88,1552531120352243712,@PlayCODMobile 2 more draws until Mythic Temper and Gun 🥳,PlayCODMobile,0,0,0,0,0
89,89,1219175652013871104,Kefster is live on twitch!! don't miss it https://t.co/LU3uMLkvO5 #warzone #warzone2 #warzonenl #twitchstreamer #pro #nuke #cod #callofduty #bestplayer #smallstreamer #bigstreamer,**this tweet had been deleted or hidden**,0,0,0,0,0
90,90,1547317838146424832,"I definitely got BS'ed, but then recovered and won out that gunfight! 

#Warzone2
#CallofDuty
#AshikaIsland
#ModernWarfare2 https://t.co/qLlDZS2rAP",**this tweet had been deleted or hidden**,0,0,0,0,0
91,91,1524356895519166464,"RT @alexgscod: Thank you so much for 5k!!! 😊😭🙏
💀❤️🧼

#GhostSoap #SoapGhost #CallOfDuty #MWII https://t.co/3Wsq7SNXj5",alexgscod,794,0,0,0,0
92,92,554524392,"RT @CallofDutyJP: シーズン04リローデッドが7月13日(日本時間)にCall of Duty #Warzone と #MWII に登場。こちらで全情報をチェック 👉 https://t.co/jZNg3e5yFe…

🦸‍♂️ ザ・ボーイズ参戦 
🗺 ヴォンデ…",CallofDutyJP,113,0,0,0,0
93,93,1569910368813862914,@Templar_AceXY @FalconGamer24 @PlayCODMobile @Asher_Jamin @JackHer98166660 @Jennacodm @AlexeiEspino1 @ac it won't,Templar_AceXY,0,1,0,0,0
94,94,949507114401128448,RT @HotSatans: bach for round 2 yeehaw ft. warm up request to get back on the horse 🤠🤘 i just kno it smells crazy in there☠️ #nsfw #ghostmw…,HotSatans,1388,0,0,0,0
95,95,1646903634221842433,RT @HotSatans: when ur trying to do stealth kills but the clap of ur asscheeks keep alerting the shadows #nsfw #ghostmw2 #CallofDuty #ghost…,HotSatans,1005,0,0,0,0
96,96,826221339128139777,"RT @alexgscod: Thank you so much for 5k!!! 😊😭🙏
💀❤️🧼

#GhostSoap #SoapGhost #CallOfDuty #MWII https://t.co/3Wsq7SNXj5",alexgscod,794,0,0,0,0
97,97,1023102655999172608,"RT @loneghostwolf88: 7th entry of the beach boy series - Alejandro Vargas ☀️📷  🏝️
#alejandrovargas #CoDAlejandro #CallofDuty #3DRender #MWI…",loneghostwolf88,235,0,0,0,0
98,98,1609168527717433347,RT @ThisEntertain: #Warzone #Warzone2 #CallofDuty #ModernWarfare2 #Pod #Parody https://t.co/3hFsQYd5FT,ThisEntertain,1,0,0,0,0
99,99,1227503557655572480,#Warzone #Warzone2 #CallofDuty #ModernWarfare2 #Pod #Parody https://t.co/3hFsQYd5FT,**this tweet had been deleted or hidden**,1,0,2,0,0
100,0,1380318454553530370,RT @KreationIsKey: Some of my COD Thumbnails that vie worked for the montage scene. Hmu if you want 3D Text Thumbnails and we can talk Pric…,KreationIsKey,4,0,0,0,0
101,1,432107618,"Funny Moments | WARZONE 2.0
@triple_low @dont_look_h3re @notyourkitties
@kingofphillytv #CallofDuty #Callofdutymobile
#CallofDutyWarzone #Warzone2 #GTA6 #GTAOnline #Fortnite #OnlyUp #twitch #TwitchStreamers #twitchaffiliate #YouTube #youtubeshorts #rumble
https://t.co/K3smiL7K95",triple_low,0,0,2,0,0
102,2,49411512,"RT @Trikksterttv: Heyooooo y'all, new video on my #YouTube channel, go check it out!!! #CallofDuty #MWII 

https://t.co/6KdaWElYzo",Trikksterttv,4,0,0,0,0
103,3,1675538278164856835,@AdefuyeAdeleke @PlayCODNews @PlayCODMobile @Ferg Contact COLLIN_TECHS on Instagram he help me got my own account unbanned after I was bañned too,AdefuyeAdeleke,0,0,1,1,0
104,4,1094978284498997248,"RT @a_secret_mf: did some more thinking😈(intersex Soap, pregnancy)

tags: #soapghost #cod #CallofDuty #MW2 #LGBTQ #fic

Okay so, secondary…",a_secret_mf,59,0,0,0,0
105,5,1671315774340837381,"@Dr_LAZARUS__YT @PlayCODMobile Don't waste your time,i've experienced this with cod support,they suck.
Reach out to blisstech20 on Instagram instead,he will help you. I don't know how he does it but he recovered my account within few minutes.",Dr_LAZARUS__YT,0,0,0,0,0
106,6,1474096195949707271,RT @661ave: #Ghost #SimonGhostRiley #CallOfDuty #MWII #MW2 https://t.co/9FXEq9ZwyS,661ave,407,0,0,0,0
107,7,1616343487925870595,"RT @lexiissgone: I HAD TO REPOST IT CUZ I CAN'T CALM DOWN FUCK

[ #soapghost #GhostSoap #CallofDuty #MWII #cod #art #SoapMacTavish #ghostco…",lexiissgone,481,0,0,0,0
108,8,1562879200272338944,"RT @tim_hex: Fem!Ghost and Keegan🤭 

#SimonRiley #keeganpruss #MW2 #callofduty https://t.co/yirTbAC70t",tim_hex,59,0,0,0,0
109,9,1527390636256546828,"Hear me out...COD MW2 as Attack on Titan, Titans....HEAR ME OUT-

#CoD #ModernWarfare2 #CallofDuty #CallofDutyModernWarfare2",**this tweet had been deleted or hidden**,0,0,0,0,0
110,10,1641777856056311810,"🗞️ MW2 E WARZONE 2.0: LE NOVITÀ DELLA SEASON 4 RELOADED

👇 Visualizza articolo completo 👇

#Activision #CallofDuty #ModernWarfare2 #Multiplayer #Season4 #Season4Reloaded #Warzone2

https://t.co/rOYYQhO7um https://t.co/gNE5DMz2pF",**this tweet had been deleted or hidden**,1,0,2,0,0
111,11,1452849017260363786,RT @SpectReckyaup: Mythic vs Legendary featuring Spectre @PlayCODMobile https://t.co/FZz7bmdWEt,SpectReckyaup,4,0,0,0,0
112,12,1264112429795074048,Best SO-14 CLASS SETUP‼️#Fyp #viral #Cod #callofduty #MW2 #WZ #WZ2 #vondel #Warzone2 #Codtopplays #CDL2023 #Rank #Gfuel #CLASS #CLASSSETUP #WZRank https://t.co/UocwYlVjGW,**this tweet had been deleted or hidden**,0,0,1,0,0
113,13,1227897234928259072,"RT @alexgscod: Thank you so much for 5k!!! 😊😭🙏
💀❤️🧼

#GhostSoap #SoapGhost #CallOfDuty #MWII https://t.co/3Wsq7SNXj5",alexgscod,794,0,0,0,0
114,14,1653879642200186881,"RT @Nidus_4425: Lick

#Ghost #König #CallofDuty #MWII https://t.co/qAktKNTA7k",Nidus_4425,12,0,0,0,0
115,15,1401376874438303745,RT @CallofDuty: It's time to fight like a hero. Season 04 Reloaded drops July 12 in Call of Duty #Warzone and #MWII 👉 https://t.co/CMgkvPpR…,CallofDuty,1166,0,0,0,0
116,16,840237670601224193,"Fem!Ghost and Keegan🤭 

#SimonRiley #keeganpruss #MW2 #callofduty https://t.co/yirTbAC70t",**this tweet had been deleted or hidden**,59,5,678,1,29
117,17,1643121771263201281,"RT @alexgscod: Thank you so much for 5k!!! 😊😭🙏
💀❤️🧼

#GhostSoap #SoapGhost #CallOfDuty #MWII https://t.co/3Wsq7SNXj5",alexgscod,794,0,0,0,0
118,18,1653879642200186881,"RT @loneghostwolf88: one more render from the latest little render session with Ghost 💀
#simonghostriley #CoDGhost #CallofDuty #3DRender #M…",loneghostwolf88,278,0,0,0,0
119,19,1653879642200186881,"RT @loneghostwolf88: 6th entry of the beach boy series - Alex Keller ☀️📷 🏝️
#CallofDutyModernWarfare2 #CodAlexKeller #alexkeller #CallofDut…",loneghostwolf88,99,0,0,0,0
120,20,1643610015960297473,"@CallofDuty @Activision Bring back theater mode 😭
#CallofDuty #ModernWarfare2 #MW2 #MWII #CODLeague #RankedPlay #Warzone #WZ #Warzone2 #XDefiant #CDLChamps #GOAT #GOML #Swept #MainStage #Sweat #LAN #ProPlayer #Gaming #Raid #MLG #eSports #PlayStation #Ps5 #EZMoney #GetTheBag",CallofDuty,0,0,0,0,0
121,21,1653879642200186881,"RT @loneghostwolf88: big boy got lost on the beach... 😎

#CallofDutyModernWarfare2 #CoDKönig   #CallofDuty  #3DRender #Rendering #Daz3D #MW…",loneghostwolf88,983,0,0,0,0
122,22,1653879642200186881,"RT @loneghostwolf88: 7th entry of the beach boy series - Alejandro Vargas ☀️📷  🏝️
#alejandrovargas #CoDAlejandro #CallofDuty #3DRender #MWI…",loneghostwolf88,235,0,0,0,0
123,23,1645883729234018308,RT @HotSatans: when ur trying to do stealth kills but the clap of ur asscheeks keep alerting the shadows #nsfw #ghostmw2 #CallofDuty #ghost…,HotSatans,1005,0,0,0,0
124,24,742753468826411008,"Let’s get real here. Microsoft buying Activision. Is this a major deal breaker for most PlayStation owners? 
Apart from Call Of Duty, what else do Activision release?
Call Of Duty hasn’t been good since MW2/3 and Black Ops 2.

#Playstation
#Xbox
#CODRIP

 https://t.co/cyasXYJRE7",**this tweet had been deleted or hidden**,1,0,3,0,0
125,25,1616430197904900096,"The Homelander and other heroes of the ""The Boys"" will appear in Call of Duty on July 12, along with the new season.

My Telegram: https://t.co/yg9O2YaLSH

#TheBoys #CallofDuty #Warzone2 #CallofDutyModernWarfare2 #ModernWarfare2 https://t.co/XDbue2VDIN",**this tweet had been deleted or hidden**,0,0,0,0,0
126,26,1645883729234018308,RT @HotSatans: request number uno aka König edging dONE 🫡 #nsfw #König #CallofDuty #MW2 #Konigmw2 https://t.co/J0Nw2iGNVe,HotSatans,1640,0,0,0,0
127,27,1136736775114809344,RT @661ave: #Ghost #SimonGhostRiley #CallOfDuty #MWII #MW2 https://t.co/9FXEq9ZwyS,661ave,407,0,0,0,0
128,28,1645883729234018308,RT @HotSatans: bach for round 2 yeehaw ft. warm up request to get back on the horse 🤠🤘 i just kno it smells crazy in there☠️ #nsfw #ghostmw…,HotSatans,1388,0,0,0,0
129,29,1616826026541338624,"RT @loneghostwolf88: 7th entry of the beach boy series - Alejandro Vargas ☀️📷  🏝️
#alejandrovargas #CoDAlejandro #CallofDuty #3DRender #MWI…",loneghostwolf88,235,0,0,0,0
130,30,1610707654858399744,Check out my weekly stats in #CallofDuty #MWII 💪 https://t.co/o98n3Rl7W2,**this tweet had been deleted or hidden**,0,0,0,0,0
131,31,3342065578,"@Hinata23Hyuga Kkkkkkkk

Coitada de ti, acho que o MW2 tá em promoção na Amazon e na PSN, mas nn tenho ctz.",Hinata23Hyuga,0,0,0,0,0
132,32,1400091339790831623,"RT @Trikksterttv: Heyooooo y'all, new video on my #YouTube channel, go check it out!!! #CallofDuty #MWII 

https://t.co/6KdaWElYzo",Trikksterttv,4,0,0,0,0
133,33,1591261720156192771,"RT @PlayCODMobile: 💪 Only the strong survive! 

Tag your squad in the comments and let’s get this party started in Arena Mode 😎 https://t.c…",PlayCODMobile,42,0,0,0,0
134,34,1429300691852414984,RT @Mask1_0ff: #CallofDuty #MWII #ghost  🤣 https://t.co/dVkCl3CSRb,Mask1_0ff,2,0,0,0,0
135,35,1670939654965665794,RT @yumecore: #CallofDuty #MWII #MW2 #SimonGhostRiley https://t.co/edOGtlmw5J,yumecore,68,0,0,0,0
136,36,833751826897870848,"Heyooooo y'all, new video on my #YouTube channel, go check it out!!! #CallofDuty #MWII 

https://t.co/6KdaWElYzo",**this tweet had been deleted or hidden**,4,1,3,0,0
137,37,1257501216269111296,RT @661ave: #Ghost #SimonGhostRiley #CallOfDuty #MWII #MW2 https://t.co/9FXEq9ZwyS,661ave,407,0,0,0,0
138,38,1022141717787504640,"RT @alexgscod: Thank you so much for 5k!!! 😊😭🙏
💀❤️🧼

#GhostSoap #SoapGhost #CallOfDuty #MWII https://t.co/3Wsq7SNXj5",alexgscod,794,0,0,0,0
139,39,1049398235326951424,"RT @alexgscod: Thank you so much for 5k!!! 😊😭🙏
💀❤️🧼

#GhostSoap #SoapGhost #CallOfDuty #MWII https://t.co/3Wsq7SNXj5",alexgscod,794,0,0,0,0
140,40,1651123559857639425,"RT @HotSatans: bro we need to get to the safe zone bro the gas is closing in brO-
König doodle to get back on the horse🤠 #nsfw #König #Call…",HotSatans,1240,0,0,0,0
141,41,1651123559857639425,RT @HotSatans: request number uno aka König edging dONE 🫡 #nsfw #König #CallofDuty #MW2 #Konigmw2 https://t.co/J0Nw2iGNVe,HotSatans,1640,0,0,0,0
142,42,368594951,MW2 Why We Hate Activision https://t.co/FFKdIdGwK6 via @YouTube,YouTube,0,0,0,0,0
143,43,1253160205279346688,"RT @alexgscod: Thank you so much for 5k!!! 😊😭🙏
💀❤️🧼

#GhostSoap #SoapGhost #CallOfDuty #MWII https://t.co/3Wsq7SNXj5",alexgscod,794,0,0,0,0
144,44,1651123559857639425,RT @HotSatans: bach for round 2 yeehaw ft. warm up request to get back on the horse 🤠🤘 i just kno it smells crazy in there☠️ #nsfw #ghostmw…,HotSatans,1388,0,0,0,0
145,45,1187527573330386946,"RT @a_secret_mf: did some more thinking😈(intersex Soap, pregnancy)

tags: #soapghost #cod #CallofDuty #MW2 #LGBTQ #fic

Okay so, secondary…",a_secret_mf,59,0,0,0,0
146,46,1574804022309036033,"@charlieINTEL Good, that means we just have to deal with one final money grab from activision(MWII) and then the community can rejoice. Hopefully…",charlieINTEL,0,0,0,0,0
147,47,1560142276189245441,"RT @alexgscod: Thank you so much for 5k!!! 😊😭🙏
💀❤️🧼

#GhostSoap #SoapGhost #CallOfDuty #MWII https://t.co/3Wsq7SNXj5",alexgscod,794,0,0,0,0
148,48,3040448224,@PlayCODMobile https://t.co/xF9Q2ja9Bx,PlayCODMobile,0,0,0,0,0
149,49,3040448224,@PlayCODMobile https://t.co/gPkq2PGY2k,PlayCODMobile,0,0,0,0,0
150,50,3040448224,@PlayCODMobile https://t.co/Owdpxke1ZV,PlayCODMobile,0,0,0,0,0
151,51,3040448224,@PlayCODMobile TRAGAM ESSA BY15 PRO COD MOBILE GLOBAL POR FAVOR! https://t.co/Ir2NpkiBRa,PlayCODMobile,0,0,0,0,0
152,52,942849389164486659,"RT @JakeMaverik: REACTING TO CDL HOT TAKES! 🔥

The hot takes in my latest video are pretty spicy, you should check it out 🌶️

Link in my bi…",JakeMaverik,1,0,0,0,0
153,53,1185747470233456641,"RT @loneghostwolf88: 7th entry of the beach boy series - Alejandro Vargas ☀️📷  🏝️
#alejandrovargas #CoDAlejandro #CallofDuty #3DRender #MWI…",loneghostwolf88,235,0,0,0,0
154,54,3040448224,@PlayCODMobile tragam está by15 lendária para o Cod mobile Global por favor ! https://t.co/ZTf0JAAYrU,PlayCODMobile,0,0,0,0,0
155,55,1106092916903153665,"RT @Hopefulonion: Very important tutorial ‼️
#mw2 #callofduty #ghostsoap #soapghost https://t.co/F9bkWPB4sf",Hopefulonion,539,0,0,0,0
156,56,1631756706181963776,"RT @BettyBRenders: 🦿Broken…

#Alex #alexkeller #AlexMW2 #MW2 #MWII #CallofDutyModernWarfare2 #CallofDuty https://t.co/KVsDNZeil9",BettyBRenders,108,0,0,0,0
157,57,2959045650,"Might Turn into a Ghost . . .Because that Ultimate Perk can be great on Vondel Waterfront, the new Multiplayer map where stealth maneuvers are your focus. 

#MWII Season 04 Reloaded | July 12

https://t.co/3wspdwjOE4 https://t.co/CkjBCV7JUb",**this tweet had been deleted or hidden**,0,0,0,0,0
158,58,1092444381855051777,"RT @alexgscod: Thank you so much for 5k!!! 😊😭🙏
💀❤️🧼

#GhostSoap #SoapGhost #CallOfDuty #MWII https://t.co/3Wsq7SNXj5",alexgscod,794,0,0,0,0
159,59,1615637256106135553,"RT @Hopefulonion: Very important tutorial ‼️
#mw2 #callofduty #ghostsoap #soapghost https://t.co/F9bkWPB4sf",Hopefulonion,539,0,0,0,0
160,60,223247238,"RT @DEON66666: Today We have MASS MURDER in VONDEL🎯🔥😎
📌👇FULL VIDEO LINK 🎬👇📌
 👉📌https://t.co/EBSVu6JckT📌👈
___________________
#mw2 #modernwa…",DEON66666,1,0,0,0,0
161,61,1676033932842680320,"@MrHoudine @Drakesincero5 Irrelevante? Não, mas que a franquia está decaindo na mão da activision está. Call of duty mw2 💩",MrHoudine,0,0,0,0,0
162,62,1607475715024343040,"@medster101 Wtf are you on, Activision still hasn't lowered the price to their 16 year old games. MWII is still €80!",medster101,0,0,0,0,0
163,63,1222540393,"RT @Hopefulonion: Very important tutorial ‼️
#mw2 #callofduty #ghostsoap #soapghost https://t.co/F9bkWPB4sf",Hopefulonion,539,0,0,0,0
164,64,49411512,RT @5TARSKiLLz: Can't take me off my killstreaks Vaznev 9k op shipment #vaznev9k #shipment #mw2 #callofduty #like #share #gaming https://t.…,5TARSKiLLz,1,0,0,0,0
165,65,1438345131955040261,Need team for warzone ranked??? Who’s in? #Warzone2 #CallofDuty,**this tweet had been deleted or hidden**,0,1,0,0,0
166,66,1666715522128580609,"RT @Alizethaaa: Innocent doodle :) 

#MW2 #Konig #CallofDuty https://t.co/BeBVIxqa3E",Alizethaaa,478,0,0,0,0
167,67,1021097015235706880,"RT @a_secret_mf: did some more thinking😈(intersex Soap, pregnancy)

tags: #soapghost #cod #CallofDuty #MW2 #LGBTQ #fic

Okay so, secondary…",a_secret_mf,59,0,0,0,0
168,68,2667512689,RT @CallofDuty: It's time to fight like a hero. Season 04 Reloaded drops July 12 in Call of Duty #Warzone and #MWII 👉 https://t.co/CMgkvPpR…,CallofDuty,1166,0,0,0,0
169,69,1450249394331152386,"RT @CallofDutyJP: シーズン04リローデッドが7月13日(日本時間)にCall of Duty #Warzone と #MWII に登場。こちらで全情報をチェック 👉 https://t.co/jZNg3e5yFe…

🦸‍♂️ ザ・ボーイズ参戦 
🗺 ヴォンデ…",CallofDutyJP,113,0,0,0,0
170,70,1340082754185256962,"RT @alexgscod: Thank you so much for 5k!!! 😊😭🙏
💀❤️🧼

#GhostSoap #SoapGhost #CallOfDuty #MWII https://t.co/3Wsq7SNXj5",alexgscod,794,0,0,0,0
171,71,2845939652,"RT @VanillaJazz_: Watch me play DMZ and make friends! #dmz #callofduty #MW2 #twitch #streaming 

https://t.co/Aepc3e1sM9",VanillaJazz_,1,0,0,0,0
172,72,2363526016,RT @CallofDuty: It's time to fight like a hero. Season 04 Reloaded drops July 12 in Call of Duty #Warzone and #MWII 👉 https://t.co/CMgkvPpR…,CallofDuty,1166,0,0,0,0
173,73,1483204622,"RT @a_secret_mf: did some more thinking😈(intersex Soap, pregnancy)

tags: #soapghost #cod #CallofDuty #MW2 #LGBTQ #fic

Okay so, secondary…",a_secret_mf,59,0,0,0,0
174,74,1110817535262257153,"RT @Hopefulonion: Very important tutorial ‼️
#mw2 #callofduty #ghostsoap #soapghost https://t.co/F9bkWPB4sf",Hopefulonion,539,0,0,0,0
175,75,1254050278179049472,"RT @alexgscod: Thank you so much for 5k!!! 😊😭🙏
💀❤️🧼

#GhostSoap #SoapGhost #CallOfDuty #MWII https://t.co/3Wsq7SNXj5",alexgscod,794,0,0,0,0
176,76,1595760163,"@Txharleyquinn That's because it's not the same people.
Almost half of the crew that made Modern Warfare 2019 (Writers, designers,...) have left Infinity Ward.

Originally, MWII had a way different storyline for the Campaign and Warzone, but everything got changed during mid-dev.
There's some… https://t.co/xNAWkhd50x",Txharleyquinn,0,0,0,0,0
177,77,1483204622,RT @HotSatans: request number uno aka König edging dONE 🫡 #nsfw #König #CallofDuty #MW2 #Konigmw2 https://t.co/J0Nw2iGNVe,HotSatans,1640,0,0,0,0
178,78,3638320217,"RT @a_secret_mf: did some more thinking😈(intersex Soap, pregnancy)

tags: #soapghost #cod #CallofDuty #MW2 #LGBTQ #fic

Okay so, secondary…",a_secret_mf,59,0,0,0,0
179,79,1405580207700987907,"RT @colin_3dart: König - Smile

Inspired by @Tava_tavatic's work 😀

#Konig #callofduty #könig #CallofDutyModernWarfare2 #Warzone2 #mwii #Mo…",colin_3dart,234,0,0,0,0
180,80,1102792123,RT @CallofDuty: It's time to fight like a hero. Season 04 Reloaded drops July 12 in Call of Duty #Warzone and #MWII 👉 https://t.co/CMgkvPpR…,CallofDuty,1166,0,0,0,0
181,81,1554288839958708225,RT @CallofDuty: It's time to fight like a hero. Season 04 Reloaded drops July 12 in Call of Duty #Warzone and #MWII 👉 https://t.co/CMgkvPpR…,CallofDuty,1166,0,0,0,0
182,82,1134830155942236161,RT @puffpuffgamee: i thought i was bad but damn what was he doing. #CallofDuty #Warzone2 @CallofDuty https://t.co/tzvD9QbgLD,puffpuffgamee,3,0,0,0,0
183,83,1565687724899766273,"RT @alexgscod: Thank you so much for 5k!!! 😊😭🙏
💀❤️🧼

#GhostSoap #SoapGhost #CallOfDuty #MWII https://t.co/3Wsq7SNXj5",alexgscod,794,0,0,0,0
184,84,1512415683073650688,"[参加型！7月フリプ！zombie]
CallofDuty Viewer Participation Live!
初見さん！常連様！いらっしゃい！

さいころ029のCODBOCWゾンビ！配信！

#参加型
#フリプ
#BOCW #zombie
#CallofDuty #COD
#MW2 #DMZ
#配信 #Live #YouTube 

https://t.co/l6Q7Bqjyy2",**this tweet had been deleted or hidden**,0,0,1,0,0
185,85,1564454581161050115,RT @CallofDuty: It's time to fight like a hero. Season 04 Reloaded drops July 12 in Call of Duty #Warzone and #MWII 👉 https://t.co/CMgkvPpR…,CallofDuty,1166,0,0,0,0
186,86,1378046829355536389,RT @_artist_ely: can i join the pricegaz/gazprice club now #gazprice #pricegaz #mw2 #mwii #cod #callofduty #johnprice #kylegaz #pricemw2 #g…,_artist_ely,203,0,0,0,0
187,87,467076747,Check out my new tiktok!! #CallofDuty #Warzone2 #twitchclips #TikTok https://t.co/ZF7cp0Uq0i,**this tweet had been deleted or hidden**,0,0,0,0,0
188,88,918435632866660354,"RT @alexgscod: Thank you so much for 5k!!! 😊😭🙏
💀❤️🧼

#GhostSoap #SoapGhost #CallOfDuty #MWII https://t.co/3Wsq7SNXj5",alexgscod,794,0,0,0,0
189,89,1409983614553575426,"RT @Hopefulonion: Very important tutorial ‼️
#mw2 #callofduty #ghostsoap #soapghost https://t.co/F9bkWPB4sf",Hopefulonion,539,0,0,0,0
190,90,1387566174767026176,"RT @a_secret_mf: did some more thinking😈(intersex Soap, pregnancy)

tags: #soapghost #cod #CallofDuty #MW2 #LGBTQ #fic

Okay so, secondary…",a_secret_mf,59,0,0,0,0
191,91,1666538886992887813,"Nobody is going to die in a spec ops mode lol 
#MWII
#CallofDuty https://t.co/tICXeBhZlL",**this tweet had been deleted or hidden**,0,0,0,0,0
192,92,1279905572712824837,"RT @loneghostwolf88: 7th entry of the beach boy series - Alejandro Vargas ☀️📷  🏝️
#alejandrovargas #CoDAlejandro #CallofDuty #3DRender #MWI…",loneghostwolf88,235,0,0,0,0
193,93,1243350528530083840,"RT @colin_3dart: König - Smile

Inspired by @Tava_tavatic's work 😀

#Konig #callofduty #könig #CallofDutyModernWarfare2 #Warzone2 #mwii #Mo…",colin_3dart,234,0,0,0,0
194,94,1110817535262257153,"RT @alexgscod: Thank you so much for 5k!!! 😊😭🙏
💀❤️🧼

#GhostSoap #SoapGhost #CallOfDuty #MWII https://t.co/3Wsq7SNXj5",alexgscod,794,0,0,0,0
195,95,316542233,"Watch me play DMZ and make friends! #dmz #callofduty #MW2 #twitch #streaming 

https://t.co/Aepc3e1sM9",**this tweet had been deleted or hidden**,1,0,1,0,0
196,96,3380657247,"RT @a_secret_mf: did some more thinking😈(intersex Soap, pregnancy)

tags: #soapghost #cod #CallofDuty #MW2 #LGBTQ #fic

Okay so, secondary…",a_secret_mf,59,0,0,0,0
197,97,771791135748435968,RT @CallofDuty: It's time to fight like a hero. Season 04 Reloaded drops July 12 in Call of Duty #Warzone and #MWII 👉 https://t.co/CMgkvPpR…,CallofDuty,1166,0,0,0,0
198,98,19987766,"Gotta love the idiots in #DMZ they rescued me... after killing me to make a 6 man , they all died rushing another 6 man while I was doing a quest, thats a them problem not a me problem , KARMA right there.. and listen to the salt... one sounds underage.. 🧂 #COD #CallOfDuty #MW2 https://t.co/MPrySEaVf9",**this tweet had been deleted or hidden**,0,2,1,0,0
199,99,1375109864565923843,"RT @BIGROB_129: 🚨🔥NEW VIDEO🔥🚨 

https://t.co/y1PRfOkVQj
https://t.co/y1PRfOkVQj
https://t.co/y1PRfOkVQj

#cod #CallofDuty #codmw2 #codgamer…",BIGROB_129,3,0,0,0,0
200,0,1461220891078103040,"Ran some numbers on TTK with popular WZ/DMZ weapons as well as personal favs.

(all weapons had no attachments except a recoil grip or stock in the SO-14's case. all body shots. max shield.)

#CallofDuty #Warzone #Warzone2 #COD #MW2 https://t.co/IfjE6ZY1My",**this tweet had been deleted or hidden**,0,1,2,0,0
201,1,1463669319078981633,RT @661ave: #Ghost #SimonGhostRiley #CallOfDuty #MWII #MW2 https://t.co/9FXEq9ZwyS,661ave,407,0,0,0,0
202,2,1092989623314325504,"RT @a_secret_mf: did some more thinking😈(intersex Soap, pregnancy)

tags: #soapghost #cod #CallofDuty #MW2 #LGBTQ #fic

Okay so, secondary…",a_secret_mf,59,0,0,0,0
203,3,1324517784450035712,"RT @loneghostwolf88: 7th entry of the beach boy series - Alejandro Vargas ☀️📷  🏝️
#alejandrovargas #CoDAlejandro #CallofDuty #3DRender #MWI…",loneghostwolf88,235,0,0,0,0
204,4,1505570270488186881,"RT @alexgscod: Thank you so much for 5k!!! 😊😭🙏
💀❤️🧼

#GhostSoap #SoapGhost #CallOfDuty #MWII https://t.co/3Wsq7SNXj5",alexgscod,794,0,0,0,0
205,5,1561441651016474624,I’m live on Twitch! Resurgence! Joins us! #callofduty #mw2 - Watch me at https://t.co/mVR9mGDJ8R,**this tweet had been deleted or hidden**,0,0,1,0,0
206,6,1572952583509053442,"Pistol PLAY! #CallofDuty #Warzone2 #MW3 #ModernWarfareIII #warzonemobile @EnduranceTweets 

https://t.co/u4Vi2yz9VP",EnduranceTweets,3,0,5,0,0
207,7,2328978614,"RT @AmikoRoyAi: Preview of my drawing for @CoDFanZine 🥰

#callofduty #MWII #CoDZineSneakPeak https://t.co/8qUEEedigb",AmikoRoyAi,223,0,0,0,0
208,8,2959045650,"🔫 MX Guardian 🔫
Need something “up close and personal?” Unlocked via challenge through the Battle Pass, this highly versatile full-auto Shotgun is limited only by its effective range. 

#MWII &amp; #Warzone Season 04 Reloaded | July 12

https://t.co/3wspdwjOE4 https://t.co/6q7N6t7Qim",**this tweet had been deleted or hidden**,0,0,1,0,0
209,9,169939629,"RT @lamblegz: 😤Quick Team Wipe😤
  https://t.co/BmLCDQSoKt 
@CTzEsports 
@BlazedRTs 
@sme_rt 
@Retweelgend 
@golfimbulls 
@SpotemGang 
@brew…",lamblegz,3,0,0,0,0
210,10,1566482150358011904,"RT @alexgscod: Thank you so much for 5k!!! 😊😭🙏
💀❤️🧼

#GhostSoap #SoapGhost #CallOfDuty #MWII https://t.co/3Wsq7SNXj5",alexgscod,794,0,0,0,0
211,11,2328978614,"RT @BettyBRenders: 🦿…but never giving up

#Alex #AlexKeller #AlexMW2 #MW2 #MWII #CallofDutyModernWarfare2 #CallofDuty https://t.co/f15lltBJ…",BettyBRenders,22,0,0,0,0
212,12,1505570270488186881,"RT @loneghostwolf88: 7th entry of the beach boy series - Alejandro Vargas ☀️📷  🏝️
#alejandrovargas #CoDAlejandro #CallofDuty #3DRender #MWI…",loneghostwolf88,235,0,0,0,0
213,13,1678914858320904192,"@Activision fuck yourselves with that anti cheat bullshit. Simply stealing kids money and not putting any money back into the game to prevent this. Learn how to develop a game, or fire the security engineers you have for these games. One or the other, biggest spam yet. Fuck MW2. https://t.co/ULGBtQwkNZ",Activision,0,1,0,0,0
214,14,1251683967474053121,"RT @BettyBRenders: 🦿Broken…

#Alex #alexkeller #AlexMW2 #MW2 #MWII #CallofDutyModernWarfare2 #CallofDuty https://t.co/KVsDNZeil9",BettyBRenders,108,0,0,0,0
215,15,1216564119999922176,"RT @661ave: 141! ♥  #MWII #MW2 #CallofDuty 
#CaptainPrice #SimonGhostRiley #JohnSoapMactavish #KyleGazGarrick https://t.co/BTni156iIX",661ave,701,0,0,0,0
216,16,1514697749261950979,"RT @AmikoRoyAi: Preview of my drawing for @CoDFanZine 🥰

#callofduty #MWII #CoDZineSneakPeak https://t.co/8qUEEedigb",AmikoRoyAi,223,0,0,0,0
217,17,1091685721914564608,"RT @AmikoRoyAi: Preview of my drawing for @CoDFanZine 🥰

#callofduty #MWII #CoDZineSneakPeak https://t.co/8qUEEedigb",AmikoRoyAi,223,0,0,0,0
218,18,2215668269,"I bought MW2 on 6/18/23. Completely legitimately played endlessly. Gained 344 levels in that short time. On 7/09/23 I got a 5k (HC S&amp;D) and got the message ""Kicked from Session. (Server)"".
I don't cheat, yet I got false shadowbanned? Whats going on?
@Activision @ATVI_AB",Activision,0,0,0,0,0
219,19,1416922100133105669,"RT @lilya_neko: I'm drawing again! I really like the idea of ​​this Johnny. Glad to have you back Neil and inspire the fans.
#CallofDutyMod…",lilya_neko,147,0,0,0,0
220,20,1375109864565923843,RT @Dougfunnnys: Dumbfounded! #CallofDuty #Warzone #MW2 #MW3 #CallofDutyWarzone @EnduranceTweets https://t.co/nGt7B847x7,Dougfunnnys,3,0,0,0,0
221,21,1448606136769335296,RT @CallofDuty: It's time to fight like a hero. Season 04 Reloaded drops July 12 in Call of Duty #Warzone and #MWII 👉 https://t.co/CMgkvPpR…,CallofDuty,1166,0,0,0,0
222,22,1666525493892468747,RT @I0Commandments: #PS5Share #MW2 #CallofDuty #COD2022 #MW22022 #Cod Get out smarted get out played!!! 🤣🖕 https://t.co/0GA43Du4ef,I0Commandments,1,0,0,0,0
223,23,1392533755554840578,"RT @AmikoRoyAi: Preview of my drawing for @CoDFanZine 🥰

#callofduty #MWII #CoDZineSneakPeak https://t.co/8qUEEedigb",AmikoRoyAi,223,0,0,0,0
224,24,1375109864565923843,RT @Jzambardino41: The RAAL Hits HARD🔥🤯| Im LIVE Now on Twitch! Come through and hang out! https://t.co/yrRnk2Jfx6 | #Warzone #Warzone2 #Ca…,Jzambardino41,5,0,0,0,0
225,25,1091685721914564608,"RT @artimaaaeus: really quick 141 baby bois, but they’re filo hs students LMAO
—-
#CallofDuty #MWII #MW2 https://t.co/lDYtdF8k5W",artimaaaeus,38,0,0,0,0
226,26,1416922100133105669,"RT @AmikoRoyAi: Preview of my drawing for @CoDFanZine 🥰

#callofduty #MWII #CoDZineSneakPeak https://t.co/8qUEEedigb",AmikoRoyAi,223,0,0,0,0
227,27,1416922100133105669,"RT @BettyBRenders: 🦿…but never giving up

#Alex #AlexKeller #AlexMW2 #MW2 #MWII #CallofDutyModernWarfare2 #CallofDuty https://t.co/f15lltBJ…",BettyBRenders,22,0,0,0,0
228,28,874295157817868288,"RT @puchipurin: 見た目ヤバいの追加されるw

#Warzone2
#CoD

 https://t.co/3e9X3S5POw",puchipurin,43,0,0,0,0
229,29,1622061990,"Live Now!!!!  #callofduty #warzonelive #battleroyale #Season4 #Vondel #live #stream #Battleroyal2 #mw2 #modernwarfare  #modernwarfare2 #campaign  #warzone #warzone2 #Playstation5 #PS5

https://t.co/jWttvJugMt https://t.co/iQdkm0zlXq",**this tweet had been deleted or hidden**,0,0,0,0,0
230,30,823106513111650304,"RT @puchipurin: 見た目ヤバいの追加されるw

#Warzone2
#CoD

 https://t.co/3e9X3S5POw",puchipurin,43,0,0,0,0
231,31,760639606354305024,"RT @loneghostwolf88: Soap - Red team 
#MWII #CodSoap #CallofDuty #3DRender https://t.co/UHcYWD3c6e",loneghostwolf88,121,0,0,0,0
232,32,723532208179404800,"Even though the gameplay remains incredibly fun, #CallOfDuty #COD is not in a good place for a lot of reasons. #VideoGames #CODMW2 #Warzone2

 https://t.co/uS8hn02zWo",**this tweet had been deleted or hidden**,0,0,0,0,0
233,33,1363110887175847942,"@PlayCODMobile They are used to cheat
Need delete these accounts now in CoD mobile
#CoDMobile https://t.co/LAP1w2doIK",PlayCODMobile,0,0,0,0,0
234,34,1159956934759501824,"RT @AmikoRoyAi: Preview of my drawing for @CoDFanZine 🥰

#callofduty #MWII #CoDZineSneakPeak https://t.co/8qUEEedigb",AmikoRoyAi,223,0,0,0,0
235,35,1876483554,"@MediaTek @PlayCODMobile 
I've been using my Realme GT Neo 3T for a couple of months when the 90fps will be activated for my device I have already contacted support but I have not received a response or there has been any change within the game
 I have Android 13 and Realme UI 4 https://t.co/Yg4uKgmJXm",MediaTek,0,0,0,0,0
236,36,1673899816525414403,"RT @yumecore: Lt. // focus
#CallofDuty #MWII #SimonGhostRiley https://t.co/C97Os6Os8L",yumecore,93,0,0,0,0
237,37,1410336659736993800,"RT @alexgscod: Thank you so much for 5k!!! 😊😭🙏
💀❤️🧼

#GhostSoap #SoapGhost #CallOfDuty #MWII https://t.co/3Wsq7SNXj5",alexgscod,794,0,0,0,0
238,38,1304133612397187072,RT @CODLeague: 7️⃣ minutes of straight @HyDrAnml highlights from #CDL2023 🎞️ https://t.co/PB2LLznAFf,CODLeague,94,0,0,0,0
239,39,1428330191932248066,@hackt1v1st @raiderCODM @PlayCODMobile It means “ok”,hackt1v1st,0,0,0,0,0
240,40,1496295674224291844,"RT @AmikoRoyAi: Preview of my drawing for @CoDFanZine 🥰

#callofduty #MWII #CoDZineSneakPeak https://t.co/8qUEEedigb",AmikoRoyAi,223,0,0,0,0
241,41,1673899816525414403,"RT @AmikoRoyAi: Preview of my drawing for @CoDFanZine 🥰

#callofduty #MWII #CoDZineSneakPeak https://t.co/8qUEEedigb",AmikoRoyAi,223,0,0,0,0
242,42,991842194364416001,"RT @AmikoRoyAi: Preview of my drawing for @CoDFanZine 🥰

#callofduty #MWII #CoDZineSneakPeak https://t.co/8qUEEedigb",AmikoRoyAi,223,0,0,0,0
243,43,177615192,"RT @AmikoRoyAi: Preview of my drawing for @CoDFanZine 🥰

#callofduty #MWII #CoDZineSneakPeak https://t.co/8qUEEedigb",AmikoRoyAi,223,0,0,0,0
244,44,886595706978545665,"RT @ItzChazZ_: First rip on some quick play in about two months now 😅 #MW2 #CallofDuty 
•

Be sure to check out our Org’s sponsors, and use…",ItzChazZ_,3,0,0,0,0
245,45,1456605803121676288,"RT @yumecore: Lt. // focus
#CallofDuty #MWII #SimonGhostRiley https://t.co/C97Os6Os8L",yumecore,93,0,0,0,0
246,46,2328978614,"RT @loneghostwolf88: Soap - Red team 
#MWII #CodSoap #CallofDuty #3DRender https://t.co/UHcYWD3c6e",loneghostwolf88,121,0,0,0,0
247,47,1189031555265683456,"RT @tim_hex: Fem!Ghost and Keegan🤭 

#SimonRiley #keeganpruss #MW2 #callofduty https://t.co/yirTbAC70t",tim_hex,59,0,0,0,0
248,48,1221378777575374851,"RT @AmikoRoyAi: Preview of my drawing for @CoDFanZine 🥰

#callofduty #MWII #CoDZineSneakPeak https://t.co/8qUEEedigb",AmikoRoyAi,223,0,0,0,0
249,49,1253135831776129025,"自称台湾人からフレンド申請が来てパーティに誘われる。
英語で話しかけられるも何を言ってるのかさっぱり分からず。
脱出ヘリの中で「サンキュー！ありがとう！」ぐらいしかまともに返せなかった。
そんな自分と2マッチ。

英語ぐらい話せないとアカン御時世なのか。。
#MW2
#DMZ
#疲れた",**this tweet had been deleted or hidden**,0,0,3,0,0
250,50,2328978614,"RT @yumecore: Lt. // focus
#CallofDuty #MWII #SimonGhostRiley https://t.co/C97Os6Os8L",yumecore,93,0,0,0,0
251,51,2280301711,"RT @AmikoRoyAi: Preview of my drawing for @CoDFanZine 🥰

#callofduty #MWII #CoDZineSneakPeak https://t.co/8qUEEedigb",AmikoRoyAi,223,0,0,0,0
252,52,83934517,"RT @AmikoRoyAi: Preview of my drawing for @CoDFanZine 🥰

#callofduty #MWII #CoDZineSneakPeak https://t.co/8qUEEedigb",AmikoRoyAi,223,0,0,0,0
253,53,1220054389299318784,"RT @AmikoRoyAi: Preview of my drawing for @CoDFanZine 🥰

#callofduty #MWII #CoDZineSneakPeak https://t.co/8qUEEedigb",AmikoRoyAi,223,0,0,0,0
254,54,1184659336666255360,#PS5Share #MW2 #CallofDuty #COD2022 #MW22022 #Cod Get out smarted get out played!!! 🤣🖕 https://t.co/0GA43Du4ef,**this tweet had been deleted or hidden**,1,0,3,0,0
255,55,1409445166893600769,"RT @tim_hex: Fem!Ghost and Keegan🤭 

#SimonRiley #keeganpruss #MW2 #callofduty https://t.co/yirTbAC70t",tim_hex,59,0,0,0,0
256,56,1601516980091047936,"RT @AmikoRoyAi: Preview of my drawing for @CoDFanZine 🥰

#callofduty #MWII #CoDZineSneakPeak https://t.co/8qUEEedigb",AmikoRoyAi,223,0,0,0,0
257,57,83934517,"RT @loneghostwolf88: Soap - Red team 
#MWII #CodSoap #CallofDuty #3DRender https://t.co/UHcYWD3c6e",loneghostwolf88,121,0,0,0,0
258,58,1216564119999922176,"RT @AmikoRoyAi: Preview of my drawing for @CoDFanZine 🥰

#callofduty #MWII #CoDZineSneakPeak https://t.co/8qUEEedigb",AmikoRoyAi,223,0,0,0,0
259,59,1223612212931104769,"RT @tim_hex: Fem!Ghost and Keegan🤭 

#SimonRiley #keeganpruss #MW2 #callofduty https://t.co/yirTbAC70t",tim_hex,59,0,0,0,0
260,60,827230416,RT @CODLeague: 7️⃣ minutes of straight @HyDrAnml highlights from #CDL2023 🎞️ https://t.co/PB2LLznAFf,CODLeague,94,0,0,0,0
261,61,1345949874378850307,"RT @yumecore: Lt. // focus
#CallofDuty #MWII #SimonGhostRiley https://t.co/C97Os6Os8L",yumecore,93,0,0,0,0
262,62,1505572760147353600,"Streaming @CallofDuty 

#ModernWarfare2 #Warzone2 

https://t.co/G2riyhUJMO",CallofDuty,0,0,1,0,0
263,63,723616970961121280,"RT @theeggrollslord: König presenting in front of fellow cadets 🥲

#König #Konig #MW2 #CallofDuty https://t.co/efk8k3aLQh",theeggrollslord,282,0,0,0,0
264,64,1640067977834897408,"RT @tim_hex: Fem!Ghost and Keegan🤭 

#SimonRiley #keeganpruss #MW2 #callofduty https://t.co/yirTbAC70t",tim_hex,59,0,0,0,0
265,65,1644469377331232768,"RT @loneghostwolf88: Soap - Red team 
#MWII #CodSoap #CallofDuty #3DRender https://t.co/UHcYWD3c6e",loneghostwolf88,121,0,0,0,0
266,66,1223612212931104769,"RT @loneghostwolf88: Soap - Red team 
#MWII #CodSoap #CallofDuty #3DRender https://t.co/UHcYWD3c6e",loneghostwolf88,121,0,0,0,0
267,67,723616970961121280,"RT @theeggrollslord: König sitting alone at lunch🥪

#König #Konig #MW2 #CallofDuty https://t.co/AgRmq82n0c",theeggrollslord,572,0,0,0,0
268,68,701345653939576832,RT @PlayCODMobile: 🗡️Season 6: Templar's Oath goes live on 7/5 at 5PM PT and you don't want to miss it!🙅‍♂️ https://t.co/evzKSQEud3,PlayCODMobile,47,0,0,0,0
269,69,1645408050680037378,"RT @loneghostwolf88: Soap - Red team 
#MWII #CodSoap #CallofDuty #3DRender https://t.co/UHcYWD3c6e",loneghostwolf88,121,0,0,0,0
270,70,3267463363,"RT @PlayCODMobile: 🗡️Aid those that have fallen and fight for the empire! Greatest Empire Draw is live now!

📲Head to the in-game store to…",PlayCODMobile,21,0,0,0,0
271,71,1246455816552509445,"RT @BettyBRenders: 🦿…but never giving up

#Alex #AlexKeller #AlexMW2 #MW2 #MWII #CallofDutyModernWarfare2 #CallofDuty https://t.co/f15lltBJ…",BettyBRenders,22,0,0,0,0
272,72,876971624666365952,RT @CallofDuty: It's time to fight like a hero. Season 04 Reloaded drops July 12 in Call of Duty #Warzone and #MWII 👉 https://t.co/CMgkvPpR…,CallofDuty,1166,0,0,0,0
273,73,1459632196361371656,RT @661ave: #Ghost #SimonGhostRiley #CallOfDuty #MWII #MW2 https://t.co/9FXEq9ZwyS,661ave,407,0,0,0,0
274,74,1455671807525232648,"Microsoft CHAD👌 . Espero que limpiéis Cod de Hackers , Camperos y Pay to win.  #Microsoft #Activision #CallofDuty #hackers #camper #MW2 #MWII https://t.co/nftJ50qayy",**this tweet had been deleted or hidden**,0,0,0,0,0
275,75,1333887587812044800,RT @CODLeague: 7️⃣ minutes of straight @HyDrAnml highlights from #CDL2023 🎞️ https://t.co/PB2LLznAFf,CODLeague,94,0,0,0,0
276,76,2733333242,"RT @AmikoRoyAi: Preview of my drawing for @CoDFanZine 🥰

#callofduty #MWII #CoDZineSneakPeak https://t.co/8qUEEedigb",AmikoRoyAi,223,0,0,0,0
277,77,2196874154,"@Lincoln39394852 @HayashiXPG @FunkyBlackCat A própria Activision já disse que nada vai acontecer ao COD Mobile, eles até mesmo fizeram um tweet no Twitter oficial na época quando a Microsoft falou sobre isso. Inclusive até a própria Microsoft depois de retratou sobre.
https://t.co/NVlwOhPsPD",Lincoln39394852,0,1,4,0,0
278,78,1246455816552509445,"RT @loneghostwolf88: Soap - Red team 
#MWII #CodSoap #CallofDuty #3DRender https://t.co/UHcYWD3c6e",loneghostwolf88,121,0,0,0,0
279,79,944774085460086784,"RT @a_secret_mf: did some more thinking😈(intersex Soap, pregnancy)

tags: #soapghost #cod #CallofDuty #MW2 #LGBTQ #fic

Okay so, secondary…",a_secret_mf,59,0,0,0,0
280,80,65890357,"Seven punch kills 🤣

#cod #codwarzone2 #warzone2 #CallofDuty #CallofDutyWarzone https://t.co/y2hWd3ouRQ",**this tweet had been deleted or hidden**,0,0,0,0,0
281,81,898850514812768258,Echa un vistazo a mis estadísticas semanales en #CallofDuty #MWII 💪 https://t.co/kNCmwiqFt0,**this tweet had been deleted or hidden**,0,0,0,0,0
282,82,1326522711766671362,"RT @AmikoRoyAi: Preview of my drawing for @CoDFanZine 🥰

#callofduty #MWII #CoDZineSneakPeak https://t.co/8qUEEedigb",AmikoRoyAi,223,0,0,0,0
283,83,1243350528530083840,"RT @loneghostwolf88: Soap - Red team 
#MWII #CodSoap #CallofDuty #3DRender https://t.co/UHcYWD3c6e",loneghostwolf88,121,0,0,0,0
284,84,1628300787150467073,A Estratégia Infalível - Call of Duty: Warzone 2.0 https://t.co/t4SeDTgv2b #warzone #callofduty #warzone2 https://t.co/VNO93YRckG,**this tweet had been deleted or hidden**,0,0,0,0,0
285,85,1291987398717390848,"RT @AmikoRoyAi: Preview of my drawing for @CoDFanZine 🥰

#callofduty #MWII #CoDZineSneakPeak https://t.co/8qUEEedigb",AmikoRoyAi,223,0,0,0,0
286,86,1456711164612825097,"You Just Had to Be There @CallofDuty @CallofDutyUK
#TwitchStreamer #Twitch #Affiliate #Streamer #GG
#CallofDuty #ModernWarfare2 #ModernWarfare3 #W
#BackInTheDay #GoodTimes #STREAMING #Gaming
#COD #FPS #FirstPersonShooter #Live #MW2 #MW3 https://t.co/AKNDDGjrVK",CallofDuty,0,0,0,0,0
287,87,1525096963682799617,"RT @loneghostwolf88: Soap - Red team 
#MWII #CodSoap #CallofDuty #3DRender https://t.co/UHcYWD3c6e",loneghostwolf88,121,0,0,0,0
288,88,1512158323864338436,"RT @aphasia4fog: Idk, did he really use a T-shirt as a mask?
#König
#MWII 
#CallofDuty https://t.co/4Yv9JGtNal",aphasia4fog,109,0,0,0,0
289,89,2707452810,"@Fuck_its_J No y yo porque leí que estaba buena, y porque a mi si me gustó la campaña del 2019 y el cold war. Pero Vanguard y MWII me parecen TAAN malas... tienen algunas misiones buenas, pero no lo vale el resto de gameplay.",Fuck_its_J,0,1,0,0,0
290,90,1512158323864338436,"RT @yumecore: Lt. // focus
#CallofDuty #MWII #SimonGhostRiley https://t.co/C97Os6Os8L",yumecore,93,0,0,0,0
291,91,777954747177369600,Call Of Duty Warzone 2 “Solo cruiser drives straight into bullet “😂💀 #wa... https://t.co/4UldBcZz5c via @YouTube #ActivisionBlizzard  #cod #MW2 #action #BreakingNews #CallofDuty,YouTube,0,0,0,0,0
292,92,1325675777350897665,"RT @azucarera_art: of all the people to fall for... smh 😔

#CallofDuty #MW2 #ModernWarfare2 #FarahKarim #AlexKeller #faralex https://t.co/j…",azucarera_art,503,0,0,0,0
293,93,1640130348473372673,"Victoria en Warzone con 18 kills. [Parte 2] 
#CallOfDuty #CallOfDutyWarzone #Warzone #Warzone2 #ModernWarfare2 https://t.co/HwxVTc8WLT",**this tweet had been deleted or hidden**,0,0,0,0,0
294,94,1512743231922253828,"RT @AmikoRoyAi: Preview of my drawing for @CoDFanZine 🥰

#callofduty #MWII #CoDZineSneakPeak https://t.co/8qUEEedigb",AmikoRoyAi,223,0,0,0,0
295,95,1587208279058522112,"RT @AmikoRoyAi: Preview of my drawing for @CoDFanZine 🥰

#callofduty #MWII #CoDZineSneakPeak https://t.co/8qUEEedigb",AmikoRoyAi,223,0,0,0,0
296,96,1644469377331232768,"RT @BettyBRenders: 🦿…but never giving up

#Alex #AlexKeller #AlexMW2 #MW2 #MWII #CallofDutyModernWarfare2 #CallofDuty https://t.co/f15lltBJ…",BettyBRenders,22,0,0,0,0
297,97,2721954004,"https://t.co/EXIcYm8MKt #live #TwitchStreamers #smallstreamers #SmallStreamersConnectRT #SmallStreamerCommunity #rt
#CallofDuty #Callofdutymobile #MW2 #news #FaZe",**this tweet had been deleted or hidden**,0,0,0,0,0
298,98,1495572326687019009,"RT @loneghostwolf88: 7th entry of the beach boy series - Alejandro Vargas ☀️📷  🏝️
#alejandrovargas #CoDAlejandro #CallofDuty #3DRender #MWI…",loneghostwolf88,235,0,0,0,0
299,99,822059603189989376,"@OpTicTexas MW2.

MW3 is honestly bad, every good thing about MW2 was taken away with MW3. Oversized maps, slow gameplay. Shit, MW3 is just a Ghosts beta idc",OpTicTexas,0,0,2,0,0
