{
    "data": [
        {
            "text": "RT @CLIPSC0: Imagine being up 19 lives and folding like this 😵‍💫 …. \n\n#MW2 | #CDL2023 https://t.co/RDChPSkWmq",
            "edit_history_tweet_ids": [
                "1665859198368862210"
            ],
            "author_id": "1885308679",
            "id": "1665859198368862210",
            "entities": {
                "mentions": [
                    {
                        "start": 3,
                        "end": 11,
                        "username": "CLIPSC0",
                        "id": "1345085789177311234"
                    }
                ]
            },
            "public_metrics": {
                "retweet_count": 6,
                "reply_count": 0,
                "like_count": 0,
                "quote_count": 0,
                "bookmark_count": 0,
                "impression_count": 0
            }
        },
        {
            "text": "RT @alexgscod: Tired Soap 🧼❤️💀\n\n#GhostSoap #SoapGhost #CallOfDuty #MW2 #MWII #SoapMacTavish #SimonGhostRiley #JohnSoapMacTavish #SoapMW2 #G…",
            "edit_history_tweet_ids": [
                "1665859194417733633"
            ],
            "author_id": "1429231230738862080",
            "id": "1665859194417733633",
            "entities": {
                "mentions": [
                    {
                        "start": 3,
                        "end": 13,
                        "username": "alexgscod",
                        "id": "1613363724152094722"
                    }
                ]
            },
            "public_metrics": {
                "retweet_count": 81,
                "reply_count": 0,
                "like_count": 0,
                "quote_count": 0,
                "bookmark_count": 0,
                "impression_count": 0
            }
        },
        {
            "text": "Holding it Down… 🫳 #clutch ⚙️🤏\n      (All the ⏳) \n\n🧬 @EliteWGaming 👍🎮👍 #Work📊\n\n#CallofDuty #MW2 #CDL2023 https://t.co/t0qnOAENTr",
            "edit_history_tweet_ids": [
                "1665859142861438985"
            ],
            "author_id": "1440699372929372169",
            "id": "1665859142861438985",
            "entities": {
                "mentions": [
                    {
                        "start": 53,
                        "end": 66,
                        "username": "EliteWGaming",
                        "id": "1546526617631182850"
                    }
                ]
            },
            "public_metrics": {
                "retweet_count": 1,
                "reply_count": 2,
                "like_count": 2,
                "quote_count": 1,
                "bookmark_count": 0,
                "impression_count": 12083
            }
        },
        {
            "text": "Even though the gameplay remains incredibly fun, #CallOfDuty #COD is not in a good place for a lot of reasons. #VideoGames #CODMW2 #Warzone2\n\n https://t.co/uS8hn02zWo",
            "edit_history_tweet_ids": [
                "1665859123596914693"
            ],
            "author_id": "723532208179404800",
            "id": "1665859123596914693",
            "public_metrics": {
                "retweet_count": 0,
                "reply_count": 0,
                "like_count": 1,
                "quote_count": 0,
                "bookmark_count": 0,
                "impression_count": 43
            }
        },
        {
            "text": "RT @xbruised_peachx: shh, he's trying to explain why he sings a church hymn at 21:37 CET, no matter what timezone he's deployed to\n#Gromsko…",
            "edit_history_tweet_ids": [
                "1665859090998804483"
            ],
            "author_id": "1285568479274209291",
            "id": "1665859090998804483",
            "entities": {
                "mentions": [
                    {
                        "start": 3,
                        "end": 19,
                        "username": "xbruised_peachx",
                        "id": "4720277247"
                    }
                ]
            },
            "public_metrics": {
                "retweet_count": 52,
                "reply_count": 0,
                "like_count": 0,
                "quote_count": 0,
                "bookmark_count": 0,
                "impression_count": 0
            }
        },
        {
            "text": "RT @artimaaaeus: rudy dood? rudy dood 💙\n---\n#CallofDuty #MWII #MW2 #RodolfoParra https://t.co/M5d7KcWHQM",
            "edit_history_tweet_ids": [
                "1665859014435938304"
            ],
            "author_id": "1022141717787504640",
            "id": "1665859014435938304",
            "entities": {
                "mentions": [
                    {
                        "start": 3,
                        "end": 15,
                        "username": "artimaaaeus",
                        "id": "1021771255957995520"
                    }
                ]
            },
            "public_metrics": {
                "retweet_count": 96,
                "reply_count": 0,
                "like_count": 0,
                "quote_count": 0,
                "bookmark_count": 0,
                "impression_count": 0
            }
        },
        {
            "text": "@PlayCODMobile Can you please bring back the kilo mythic draw? Some of us couldn't cop it. Even if it's for just a week, I'll appreciate it 🙏",
            "edit_history_tweet_ids": [
                "1665858981485506560"
            ],
            "author_id": "1369855378733862912",
            "id": "1665858981485506560",
            "entities": {
                "mentions": [
                    {
                        "start": 0,
                        "end": 14,
                        "username": "PlayCODMobile",
                        "id": "1166443278834659328"
                    }
                ]
            },
            "public_metrics": {
                "retweet_count": 0,
                "reply_count": 0,
                "like_count": 0,
                "quote_count": 0,
                "bookmark_count": 0,
                "impression_count": 23
            }
        },
        {
            "text": "RT @CODLeague: \"When you tell me, it makes me forget\" 🤨\n\nSee what the pros were saying in our #CDL2023 Major V Comms Check. https://t.co/eX…",
            "edit_history_tweet_ids": [
                "1665858960123895809"
            ],
            "author_id": "1586132691279351810",
            "id": "1665858960123895809",
            "entities": {
                "mentions": [
                    {
                        "start": 3,
                        "end": 13,
                        "username": "CODLeague",
                        "id": "294198566"
                    }
                ]
            },
            "public_metrics": {
                "retweet_count": 21,
                "reply_count": 0,
                "like_count": 0,
                "quote_count": 0,
                "bookmark_count": 0,
                "impression_count": 0
            }
        },
        {
            "text": "RT @Marndraws: Pride 😊\n\n#mw2 #codmw2 #callofduty https://t.co/XHfuXBolMh",
            "edit_history_tweet_ids": [
                "1665858461937139713"
            ],
            "author_id": "1430549523819028483",
            "id": "1665858461937139713",
            "entities": {
                "mentions": [
                    {
                        "start": 3,
                        "end": 13,
                        "username": "Marndraws",
                        "id": "1373694678302744580"
                    }
                ]
            },
            "public_metrics": {
                "retweet_count": 167,
                "reply_count": 0,
                "like_count": 0,
                "quote_count": 0,
                "bookmark_count": 0,
                "impression_count": 0
            }
        },
        {
            "text": "RT @Marndraws: Pride 😊\n\n#mw2 #codmw2 #callofduty https://t.co/XHfuXBolMh",
            "edit_history_tweet_ids": [
                "1665858258551046144"
            ],
            "author_id": "1405063685064859650",
            "id": "1665858258551046144",
            "entities": {
                "mentions": [
                    {
                        "start": 3,
                        "end": 13,
                        "username": "Marndraws",
                        "id": "1373694678302744580"
                    }
                ]
            },
            "public_metrics": {
                "retweet_count": 167,
                "reply_count": 0,
                "like_count": 0,
                "quote_count": 0,
                "bookmark_count": 0,
                "impression_count": 0
            }
        },
        {
            "text": "RT @yumecore: NIGHTWAR GHOST\n#CallofDuty #MWII #SimonGhostRiley\nHe's done with my shenanigans 🙃  1/2 https://t.co/UTIoNPWM6k",
            "edit_history_tweet_ids": [
                "1665858179614355457"
            ],
            "author_id": "1071154407822245890",
            "id": "1665858179614355457",
            "entities": {
                "mentions": [
                    {
                        "start": 3,
                        "end": 12,
                        "username": "yumecore",
                        "id": "1441174708930576386"
                    }
                ]
            },
            "public_metrics": {
                "retweet_count": 65,
                "reply_count": 0,
                "like_count": 0,
                "quote_count": 0,
                "bookmark_count": 0,
                "impression_count": 0
            }
        },
        {
            "text": "SIGO VIVO C4BR0N3S Y YA POR FIN VACACIONES 🤠\n#Twitch #CallofDuty #ModernWarfare2 #Warzone2\nhttps://t.co/EnJBvioJXu",
            "edit_history_tweet_ids": [
                "1665858091592630272"
            ],
            "author_id": "1437532506987794435",
            "id": "1665858091592630272",
            "public_metrics": {
                "retweet_count": 0,
                "reply_count": 0,
                "like_count": 2,
                "quote_count": 0,
                "bookmark_count": 0,
                "impression_count": 32
            }
        },
        {
            "text": "RT @sonsomething: U shouldn’t be focusing too much on lucky draw, your game is falling apart with so many bugs and cheaters.",
            "edit_history_tweet_ids": [
                "1665857993668435968"
            ],
            "author_id": "1550815460081676288",
            "id": "1665857993668435968",
            "entities": {
                "mentions": [
                    {
                        "start": 3,
                        "end": 16,
                        "username": "sonsomething",
                        "id": "2766603050"
                    }
                ]
            },
            "public_metrics": {
                "retweet_count": 1,
                "reply_count": 0,
                "like_count": 0,
                "quote_count": 0,
                "bookmark_count": 0,
                "impression_count": 0
            }
        },
        {
            "text": "Happy to announce today was my first day as a Level Designer at @RavenSoftware I've grinded every CoD since MW2, hit masters in AW, played gbs till the sun came up, and now I get a chance to turn my life long passion into my job?!?! Im truly living my dream🤯 #Warzone #CallofDuty https://t.co/w1HKhYsjGp",
            "edit_history_tweet_ids": [
                "1665857921501020160"
            ],
            "author_id": "157211316",
            "id": "1665857921501020160",
            "entities": {
                "mentions": [
                    {
                        "start": 64,
                        "end": 78,
                        "username": "RavenSoftware",
                        "id": "19136295"
                    }
                ]
            },
            "public_metrics": {
                "retweet_count": 0,
                "reply_count": 1,
                "like_count": 6,
                "quote_count": 0,
                "bookmark_count": 0,
                "impression_count": 279
            }
        },
        {
            "text": "RT @Josh_Hodlin: So anyone that plays @CallofDuty.  In DMZ right before the game starts you'll see this in the top right corner briefly.. @…",
            "edit_history_tweet_ids": [
                "1665857841377288194"
            ],
            "author_id": "21011137",
            "id": "1665857841377288194",
            "entities": {
                "mentions": [
                    {
                        "start": 3,
                        "end": 15,
                        "username": "Josh_Hodlin",
                        "id": "1402631462336204805"
                    },
                    {
                        "start": 38,
                        "end": 49,
                        "username": "CallofDuty",
                        "id": "290097288"
                    }
                ]
            },
            "public_metrics": {
                "retweet_count": 2,
                "reply_count": 0,
                "like_count": 0,
                "quote_count": 0,
                "bookmark_count": 0,
                "impression_count": 0
            }
        },
        {
            "text": "RT @SRuki_: ここつよよ。こうれいのヘリガンナーシュートハウスのみきてるよお🤞🏻\n#mw2 #ModernWarfare2 #mw2023 #CallofDuty #CoD #ShareFactoryStudio #PS5Share https://t.co/ClKY…",
            "edit_history_tweet_ids": [
                "1665857057063604224"
            ],
            "author_id": "1011569847761686528",
            "id": "1665857057063604224",
            "entities": {
                "mentions": [
                    {
                        "start": 3,
                        "end": 10,
                        "username": "SRuki_",
                        "id": "1487087808808615938"
                    }
                ]
            },
            "public_metrics": {
                "retweet_count": 2,
                "reply_count": 0,
                "like_count": 0,
                "quote_count": 0,
                "bookmark_count": 0,
                "impression_count": 0
            }
        },
        {
            "text": "RT @yumecore: NIGHTWAR GHOST\n#CallofDuty #MWII #SimonGhostRiley\nHe's done with my shenanigans 🙃  1/2 https://t.co/UTIoNPWM6k",
            "edit_history_tweet_ids": [
                "1665856618716708865"
            ],
            "author_id": "1638264467988402177",
            "id": "1665856618716708865",
            "entities": {
                "mentions": [
                    {
                        "start": 3,
                        "end": 12,
                        "username": "yumecore",
                        "id": "1441174708930576386"
                    }
                ]
            },
            "public_metrics": {
                "retweet_count": 65,
                "reply_count": 0,
                "like_count": 0,
                "quote_count": 0,
                "bookmark_count": 0,
                "impression_count": 0
            }
        },
        {
            "text": "RT @loneghostwolf88: Thank you so much for 10K followers. I still can't believe it 🥺🎊🎉🥳❤️\n\nPlease have a Ghost to protect you 💀💞\n\n#CallofDu…",
            "edit_history_tweet_ids": [
                "1665856613712818184"
            ],
            "author_id": "1470790439590633474",
            "id": "1665856613712818184",
            "entities": {
                "mentions": [
                    {
                        "start": 3,
                        "end": 19,
                        "username": "loneghostwolf88",
                        "id": "1112278494682271747"
                    }
                ]
            },
            "public_metrics": {
                "retweet_count": 135,
                "reply_count": 0,
                "like_count": 0,
                "quote_count": 0,
                "bookmark_count": 0,
                "impression_count": 0
            }
        },
        {
            "text": "RT @alexgscod: Tired Soap 🧼❤️💀\n\n#GhostSoap #SoapGhost #CallOfDuty #MW2 #MWII #SoapMacTavish #SimonGhostRiley #JohnSoapMacTavish #SoapMW2 #G…",
            "edit_history_tweet_ids": [
                "1665856554464149505"
            ],
            "author_id": "1470790439590633474",
            "id": "1665856554464149505",
            "entities": {
                "mentions": [
                    {
                        "start": 3,
                        "end": 13,
                        "username": "alexgscod",
                        "id": "1613363724152094722"
                    }
                ]
            },
            "public_metrics": {
                "retweet_count": 81,
                "reply_count": 0,
                "like_count": 0,
                "quote_count": 0,
                "bookmark_count": 0,
                "impression_count": 0
            }
        },
        {
            "text": "RT @achemeanspain: There should be some more arts but my ipad died 🫡 anyways have this lovely boy\n\n#CallofDuty #MW2 #MWII #SoapMacTavish @n…",
            "edit_history_tweet_ids": [
                "1665856376218722305"
            ],
            "author_id": "2489368154",
            "id": "1665856376218722305",
            "entities": {
                "mentions": [
                    {
                        "start": 3,
                        "end": 17,
                        "username": "achemeanspain",
                        "id": "1160267907940671488"
                    }
                ]
            },
            "public_metrics": {
                "retweet_count": 22,
                "reply_count": 0,
                "like_count": 0,
                "quote_count": 0,
                "bookmark_count": 0,
                "impression_count": 0
            }
        },
        {
            "text": "RT @witchmeetsevil: cw/ mild torture , blood , cuts\n\nsergeant's bitch ❤️\n#CallofDuty #soapghost #MW2 https://t.co/H7whCgDU08",
            "edit_history_tweet_ids": [
                "1665855978724622336"
            ],
            "author_id": "1579376926287958017",
            "id": "1665855978724622336",
            "entities": {
                "mentions": [
                    {
                        "start": 3,
                        "end": 18,
                        "username": "witchmeetsevil",
                        "id": "1116440865415802888"
                    }
                ]
            },
            "public_metrics": {
                "retweet_count": 404,
                "reply_count": 0,
                "like_count": 0,
                "quote_count": 0,
                "bookmark_count": 0,
                "impression_count": 0
            }
        },
        {
            "text": "RT @yumecore: NIGHTWAR GHOST\n#CallofDuty #MWII #SimonGhostRiley\nHe's done with my shenanigans 🙃  1/2 https://t.co/UTIoNPWM6k",
            "edit_history_tweet_ids": [
                "1665855812235939842"
            ],
            "author_id": "1470790439590633474",
            "id": "1665855812235939842",
            "entities": {
                "mentions": [
                    {
                        "start": 3,
                        "end": 12,
                        "username": "yumecore",
                        "id": "1441174708930576386"
                    }
                ]
            },
            "public_metrics": {
                "retweet_count": 65,
                "reply_count": 0,
                "like_count": 0,
                "quote_count": 0,
                "bookmark_count": 0,
                "impression_count": 0
            }
        },
        {
            "text": "RT @HellishDraws: In honour of pride month and brainrot… Here is some Trans Soap 🧼🏳️‍⚧️ sending some.. photos to a certain someone 🫦\n#Ghost…",
            "edit_history_tweet_ids": [
                "1665855676030279681"
            ],
            "author_id": "1329679299083866114",
            "id": "1665855676030279681",
            "entities": {
                "mentions": [
                    {
                        "start": 3,
                        "end": 16,
                        "username": "HellishDraws",
                        "id": "1336527669161324544"
                    }
                ]
            },
            "public_metrics": {
                "retweet_count": 527,
                "reply_count": 0,
                "like_count": 0,
                "quote_count": 0,
                "bookmark_count": 0,
                "impression_count": 0
            }
        },
        {
            "text": "@tlaskaldalhlyl @Activision @CallofDuty The best man in recovering accounts is @Kevincybertool on twitter he helped me recovered my lost pictures, documents, and hacking related problems,inbox him now on twitter for help…he will help you out.",
            "edit_history_tweet_ids": [
                "1665855671047168001"
            ],
            "author_id": "2354375497",
            "id": "1665855671047168001",
            "entities": {
                "mentions": [
                    {
                        "start": 0,
                        "end": 15,
                        "username": "tlaskaldalhlyl",
                        "id": "1665048397504565251"
                    },
                    {
                        "start": 16,
                        "end": 27,
                        "username": "Activision",
                        "id": "612782611"
                    },
                    {
                        "start": 28,
                        "end": 39,
                        "username": "CallofDuty",
                        "id": "290097288"
                    },
                    {
                        "start": 79,
                        "end": 94,
                        "username": "Kevincybertool",
                        "id": "480923615"
                    }
                ]
            },
            "public_metrics": {
                "retweet_count": 0,
                "reply_count": 0,
                "like_count": 1,
                "quote_count": 0,
                "bookmark_count": 0,
                "impression_count": 15
            }
        },
        {
            "text": "@Activision @CallofDuty Dear members of the Cod game, my Google account has been hacked, and I cannot log into the game. Please help. My name is in the game Atlas 🙏🙏",
            "edit_history_tweet_ids": [
                "1665855379291492353"
            ],
            "author_id": "1665048397504565251",
            "id": "1665855379291492353",
            "entities": {
                "mentions": [
                    {
                        "start": 0,
                        "end": 11,
                        "username": "Activision",
                        "id": "612782611"
                    },
                    {
                        "start": 12,
                        "end": 23,
                        "username": "CallofDuty",
                        "id": "290097288"
                    }
                ]
            },
            "public_metrics": {
                "retweet_count": 0,
                "reply_count": 16,
                "like_count": 7,
                "quote_count": 14,
                "bookmark_count": 0,
                "impression_count": 1314
            }
        },
        {
            "text": "RT @loneghostwolf88: Thank you so much for 10K followers. I still can't believe it 🥺🎊🎉🥳❤️\n\nPlease have a Ghost to protect you 💀💞\n\n#CallofDu…",
            "edit_history_tweet_ids": [
                "1665855245455613952"
            ],
            "author_id": "1095983118622715905",
            "id": "1665855245455613952",
            "entities": {
                "mentions": [
                    {
                        "start": 3,
                        "end": 19,
                        "username": "loneghostwolf88",
                        "id": "1112278494682271747"
                    }
                ]
            },
            "public_metrics": {
                "retweet_count": 135,
                "reply_count": 0,
                "like_count": 0,
                "quote_count": 0,
                "bookmark_count": 0,
                "impression_count": 0
            }
        },
        {
            "text": "RT @loneghostwolf88: Beach boys 🧼💀☀️🌊⛱️\n\n(thanks for all the birthday wishes ❤️ - there were way too many to answer all of them🥺 )\n#CallofD…",
            "edit_history_tweet_ids": [
                "1665855190933594116"
            ],
            "author_id": "961958869147664384",
            "id": "1665855190933594116",
            "entities": {
                "mentions": [
                    {
                        "start": 3,
                        "end": 19,
                        "username": "loneghostwolf88",
                        "id": "1112278494682271747"
                    }
                ]
            },
            "public_metrics": {
                "retweet_count": 142,
                "reply_count": 0,
                "like_count": 0,
                "quote_count": 0,
                "bookmark_count": 0,
                "impression_count": 0
            }
        },
        {
            "text": "@CallofDuty Count YOUR FUCKING DAYS 🤬 #Callofduty #MW2 🚮🗑️ #JustThrowTheWholeGameAway https://t.co/sSwuK9RwEc",
            "edit_history_tweet_ids": [
                "1665854865203970048"
            ],
            "author_id": "119628370",
            "id": "1665854865203970048",
            "entities": {
                "mentions": [
                    {
                        "start": 0,
                        "end": 11,
                        "username": "CallofDuty",
                        "id": "290097288"
                    }
                ]
            },
            "public_metrics": {
                "retweet_count": 0,
                "reply_count": 0,
                "like_count": 0,
                "quote_count": 0,
                "bookmark_count": 0,
                "impression_count": 22
            }
        },
        {
            "text": "Back at it again. Grinding Gold on CDL #MWII #CallofDuty  https://t.co/r2HC2wMdxA",
            "edit_history_tweet_ids": [
                "1665854632390975489"
            ],
            "author_id": "1522747623580524551",
            "id": "1665854632390975489",
            "public_metrics": {
                "retweet_count": 0,
                "reply_count": 1,
                "like_count": 1,
                "quote_count": 0,
                "bookmark_count": 0,
                "impression_count": 28
            }
        },
        {
            "text": "RT @AmikoRoyAi: Ghost, Farah and Gaz 🥰\n\n#callofduty #MWII https://t.co/R7t0FOFSMc",
            "edit_history_tweet_ids": [
                "1665854053807431687"
            ],
            "author_id": "2795111700",
            "id": "1665854053807431687",
            "entities": {
                "mentions": [
                    {
                        "start": 3,
                        "end": 14,
                        "username": "AmikoRoyAi",
                        "id": "4883418989"
                    }
                ]
            },
            "public_metrics": {
                "retweet_count": 763,
                "reply_count": 0,
                "like_count": 0,
                "quote_count": 0,
                "bookmark_count": 0,
                "impression_count": 0
            }
        },
        {
            "text": "RT @electrotom_: #warzone2 with the squad? Get in!!! …live on https://t.co/2gt1l50F3z  #cod #callofduty  #codwarzone #callofdutywarzone \n#S…",
            "edit_history_tweet_ids": [
                "1665853927332491266"
            ],
            "author_id": "1486780680033951746",
            "id": "1665853927332491266",
            "entities": {
                "mentions": [
                    {
                        "start": 3,
                        "end": 15,
                        "username": "electrotom_",
                        "id": "1276456313900457985"
                    }
                ]
            },
            "public_metrics": {
                "retweet_count": 6,
                "reply_count": 0,
                "like_count": 0,
                "quote_count": 0,
                "bookmark_count": 0,
                "impression_count": 0
            }
        },
        {
            "text": "make sure to sign up a team !! hurry hurry !! #Callofduty @CallofDuty #Warzone2 https://t.co/fdFNtZIMDh",
            "edit_history_tweet_ids": [
                "1665853811049525248"
            ],
            "author_id": "1204477010770374660",
            "id": "1665853811049525248",
            "entities": {
                "mentions": [
                    {
                        "start": 58,
                        "end": 69,
                        "username": "CallofDuty",
                        "id": "290097288"
                    }
                ]
            },
            "public_metrics": {
                "retweet_count": 0,
                "reply_count": 0,
                "like_count": 0,
                "quote_count": 0,
                "bookmark_count": 0,
                "impression_count": 97
            }
        },
        {
            "text": "RT @mace_senpai: Drills To Pay The Bills \n#HundroClan #TheClansFamily #Twitch #AshikaIsland #ContentSurge #Resurgance #clutch #Gamedev #Cal…",
            "edit_history_tweet_ids": [
                "1665853776119431170"
            ],
            "author_id": "1486202402659344388",
            "id": "1665853776119431170",
            "entities": {
                "mentions": [
                    {
                        "start": 3,
                        "end": 15,
                        "username": "mace_senpai",
                        "id": "1239260514200535042"
                    }
                ]
            },
            "public_metrics": {
                "retweet_count": 4,
                "reply_count": 0,
                "like_count": 0,
                "quote_count": 0,
                "bookmark_count": 0,
                "impression_count": 0
            }
        },
        {
            "text": "『COD:DMZ』DMZシーズン4のアップデートに合わせてワイプが実施される模様。今回は保証武器スロットもリセットされる可能性も？\nhttps://t.co/oJxmBPPHib\n\n#COD #コールオブデューティ #callofduty #CODMW2 #MW2 #CoDMWII #DMZ #warzone2 #ランクプレイ #コシチェイ #保証武器 https://t.co/fWoeyeSodG",
            "edit_history_tweet_ids": [
                "1665853664299298817"
            ],
            "author_id": "956402256613552128",
            "id": "1665853664299298817",
            "public_metrics": {
                "retweet_count": 1,
                "reply_count": 0,
                "like_count": 1,
                "quote_count": 0,
                "bookmark_count": 0,
                "impression_count": 1111
            }
        },
        {
            "text": "RT @mace_senpai: Drills To Pay The Bills \n#HundroClan #TheClansFamily #Twitch #AshikaIsland #ContentSurge #Resurgance #clutch #Gamedev #Cal…",
            "edit_history_tweet_ids": [
                "1665853594287976450"
            ],
            "author_id": "360621656",
            "id": "1665853594287976450",
            "entities": {
                "mentions": [
                    {
                        "start": 3,
                        "end": 15,
                        "username": "mace_senpai",
                        "id": "1239260514200535042"
                    }
                ]
            },
            "public_metrics": {
                "retweet_count": 4,
                "reply_count": 0,
                "like_count": 0,
                "quote_count": 0,
                "bookmark_count": 0,
                "impression_count": 0
            }
        },
        {
            "text": "RT @alexgscod: Tired Soap 🧼❤️💀\n\n#GhostSoap #SoapGhost #CallOfDuty #MW2 #MWII #SoapMacTavish #SimonGhostRiley #JohnSoapMacTavish #SoapMW2 #G…",
            "edit_history_tweet_ids": [
                "1665853094100455424"
            ],
            "author_id": "1398150593332535298",
            "id": "1665853094100455424",
            "entities": {
                "mentions": [
                    {
                        "start": 3,
                        "end": 13,
                        "username": "alexgscod",
                        "id": "1613363724152094722"
                    }
                ]
            },
            "public_metrics": {
                "retweet_count": 81,
                "reply_count": 0,
                "like_count": 0,
                "quote_count": 0,
                "bookmark_count": 0,
                "impression_count": 0
            }
        },
        {
            "text": "RT @Marndraws: Pride 😊\n\n#mw2 #codmw2 #callofduty https://t.co/XHfuXBolMh",
            "edit_history_tweet_ids": [
                "1665852901095350273"
            ],
            "author_id": "1238629224778543104",
            "id": "1665852901095350273",
            "entities": {
                "mentions": [
                    {
                        "start": 3,
                        "end": 13,
                        "username": "Marndraws",
                        "id": "1373694678302744580"
                    }
                ]
            },
            "public_metrics": {
                "retweet_count": 167,
                "reply_count": 0,
                "like_count": 0,
                "quote_count": 0,
                "bookmark_count": 0,
                "impression_count": 0
            }
        },
        {
            "text": "RT @artimaaaeus: rudy dood? rudy dood 💙\n---\n#CallofDuty #MWII #MW2 #RodolfoParra https://t.co/M5d7KcWHQM",
            "edit_history_tweet_ids": [
                "1665852589890580490"
            ],
            "author_id": "1276997562864721921",
            "id": "1665852589890580490",
            "entities": {
                "mentions": [
                    {
                        "start": 3,
                        "end": 15,
                        "username": "artimaaaeus",
                        "id": "1021771255957995520"
                    }
                ]
            },
            "public_metrics": {
                "retweet_count": 96,
                "reply_count": 0,
                "like_count": 0,
                "quote_count": 0,
                "bookmark_count": 0,
                "impression_count": 0
            }
        },
        {
            "text": "RT @loneghostwolf88: Thank you so much for 10K followers. I still can't believe it 🥺🎊🎉🥳❤️\n\nPlease have a Ghost to protect you 💀💞\n\n#CallofDu…",
            "edit_history_tweet_ids": [
                "1665852168878817282"
            ],
            "author_id": "1276997562864721921",
            "id": "1665852168878817282",
            "entities": {
                "mentions": [
                    {
                        "start": 3,
                        "end": 19,
                        "username": "loneghostwolf88",
                        "id": "1112278494682271747"
                    }
                ]
            },
            "public_metrics": {
                "retweet_count": 135,
                "reply_count": 0,
                "like_count": 0,
                "quote_count": 0,
                "bookmark_count": 0,
                "impression_count": 0
            }
        },
        {
            "text": "#callofduty #mw2 #shorts #cod #ranked #snd #savagedadgaming https://t.co/jHCPcOKK4q",
            "edit_history_tweet_ids": [
                "1665852154689486848"
            ],
            "author_id": "1382489173144264711",
            "id": "1665852154689486848",
            "public_metrics": {
                "retweet_count": 0,
                "reply_count": 0,
                "like_count": 0,
                "quote_count": 0,
                "bookmark_count": 0,
                "impression_count": 87
            }
        },
        {
            "text": "RT @loneghostwolf88: Beach boys 🧼💀☀️🌊⛱️\n\n(thanks for all the birthday wishes ❤️ - there were way too many to answer all of them🥺 )\n#CallofD…",
            "edit_history_tweet_ids": [
                "1665851803882213376"
            ],
            "author_id": "1224326734184615936",
            "id": "1665851803882213376",
            "entities": {
                "mentions": [
                    {
                        "start": 3,
                        "end": 19,
                        "username": "loneghostwolf88",
                        "id": "1112278494682271747"
                    }
                ]
            },
            "public_metrics": {
                "retweet_count": 142,
                "reply_count": 0,
                "like_count": 0,
                "quote_count": 0,
                "bookmark_count": 0,
                "impression_count": 0
            }
        },
        {
            "text": "RT @remix3s: 👻👻👻\n\n#Ghost #SimonGhostRiley #mw2 #CallofDuty https://t.co/Dc81lhF0YX",
            "edit_history_tweet_ids": [
                "1665851530811981824"
            ],
            "author_id": "1661504663412252672",
            "id": "1665851530811981824",
            "entities": {
                "mentions": [
                    {
                        "start": 3,
                        "end": 11,
                        "username": "remix3s",
                        "id": "1266193455966859265"
                    }
                ]
            },
            "public_metrics": {
                "retweet_count": 350,
                "reply_count": 0,
                "like_count": 0,
                "quote_count": 0,
                "bookmark_count": 0,
                "impression_count": 0
            }
        },
        {
            "text": "RT @yumecore: NIGHTWAR GHOST\n#CallofDuty #MWII #SimonGhostRiley\nHe's done with my shenanigans 🙃  1/2 https://t.co/UTIoNPWM6k",
            "edit_history_tweet_ids": [
                "1665851449807605760"
            ],
            "author_id": "2733333242",
            "id": "1665851449807605760",
            "entities": {
                "mentions": [
                    {
                        "start": 3,
                        "end": 12,
                        "username": "yumecore",
                        "id": "1441174708930576386"
                    }
                ]
            },
            "public_metrics": {
                "retweet_count": 65,
                "reply_count": 0,
                "like_count": 0,
                "quote_count": 0,
                "bookmark_count": 0,
                "impression_count": 0
            }
        },
        {
            "text": "@EliasGiles18 @Activision @CallofDuty T\nMessage eazy_techs on Instagram,he recover hacked/banned/locked/disabled and suspended account.\nHe's good,tested and trusted he has helped many people",
            "edit_history_tweet_ids": [
                "1665851363417309187"
            ],
            "author_id": "1654245818478493698",
            "id": "1665851363417309187",
            "entities": {
                "mentions": [
                    {
                        "start": 0,
                        "end": 13,
                        "username": "EliasGiles18",
                        "id": "1593295894492971008"
                    },
                    {
                        "start": 14,
                        "end": 25,
                        "username": "Activision",
                        "id": "612782611"
                    },
                    {
                        "start": 26,
                        "end": 37,
                        "username": "CallofDuty",
                        "id": "290097288"
                    }
                ]
            },
            "public_metrics": {
                "retweet_count": 0,
                "reply_count": 0,
                "like_count": 0,
                "quote_count": 0,
                "bookmark_count": 0,
                "impression_count": 8
            }
        },
        {
            "text": "@PlayCODMobile COD Mobile...your games in Ranked are No Longer Any Fun. You keep adding Meta Guns every season and Players just Abuse Them to the Point of Frustration where your game is No Longer Fun to Play. PLEASE Do Not Add Any More Meta Guns Next Season. LISTEN to your Playerbase Please",
            "edit_history_tweet_ids": [
                "1665851049876283392"
            ],
            "author_id": "1577505401347936256",
            "id": "1665851049876283392",
            "entities": {
                "mentions": [
                    {
                        "start": 0,
                        "end": 14,
                        "username": "PlayCODMobile",
                        "id": "1166443278834659328"
                    }
                ]
            },
            "public_metrics": {
                "retweet_count": 0,
                "reply_count": 0,
                "like_count": 0,
                "quote_count": 0,
                "bookmark_count": 0,
                "impression_count": 39
            }
        },
        {
            "text": "RT @Marndraws: Pride 😊\n\n#mw2 #codmw2 #callofduty https://t.co/XHfuXBolMh",
            "edit_history_tweet_ids": [
                "1665851023003471877"
            ],
            "author_id": "1539773618254643200",
            "id": "1665851023003471877",
            "entities": {
                "mentions": [
                    {
                        "start": 3,
                        "end": 13,
                        "username": "Marndraws",
                        "id": "1373694678302744580"
                    }
                ]
            },
            "public_metrics": {
                "retweet_count": 167,
                "reply_count": 0,
                "like_count": 0,
                "quote_count": 0,
                "bookmark_count": 0,
                "impression_count": 0
            }
        },
        {
            "text": "RT @artimaaaeus: got 2k+ on Tumblr the other day!! here's the price dood i made just for the occasion (+ something mildly spicy in the repl…",
            "edit_history_tweet_ids": [
                "1665850744535232520"
            ],
            "author_id": "961958869147664384",
            "id": "1665850744535232520",
            "entities": {
                "mentions": [
                    {
                        "start": 3,
                        "end": 15,
                        "username": "artimaaaeus",
                        "id": "1021771255957995520"
                    }
                ]
            },
            "public_metrics": {
                "retweet_count": 185,
                "reply_count": 0,
                "like_count": 0,
                "quote_count": 0,
                "bookmark_count": 0,
                "impression_count": 0
            }
        },
        {
            "text": "RT @xbruised_peachx: shh, he's trying to explain why he sings a church hymn at 21:37 CET, no matter what timezone he's deployed to\n#Gromsko…",
            "edit_history_tweet_ids": [
                "1665850700939640832"
            ],
            "author_id": "1577977097183670272",
            "id": "1665850700939640832",
            "entities": {
                "mentions": [
                    {
                        "start": 3,
                        "end": 19,
                        "username": "xbruised_peachx",
                        "id": "4720277247"
                    }
                ]
            },
            "public_metrics": {
                "retweet_count": 52,
                "reply_count": 0,
                "like_count": 0,
                "quote_count": 0,
                "bookmark_count": 0,
                "impression_count": 0
            }
        },
        {
            "text": "RT @HellishDraws: In honour of pride month and brainrot… Here is some Trans Soap 🧼🏳️‍⚧️ sending some.. photos to a certain someone 🫦\n#Ghost…",
            "edit_history_tweet_ids": [
                "1665850408281993217"
            ],
            "author_id": "1605437530920337410",
            "id": "1665850408281993217",
            "entities": {
                "mentions": [
                    {
                        "start": 3,
                        "end": 16,
                        "username": "HellishDraws",
                        "id": "1336527669161324544"
                    }
                ]
            },
            "public_metrics": {
                "retweet_count": 527,
                "reply_count": 0,
                "like_count": 0,
                "quote_count": 0,
                "bookmark_count": 0,
                "impression_count": 0
            }
        },
        {
            "text": "RT @CollinsChadM: Live tonight at 5pm PT! 😈🦿🪂\n\nDropping into the #CallofDuty #Warzone with @ted_lethal Rob &amp; Kasee!\n\nJoin us at https://t.c…",
            "edit_history_tweet_ids": [
                "1665850373330939910"
            ],
            "author_id": "1584104182755344386",
            "id": "1665850373330939910",
            "entities": {
                "mentions": [
                    {
                        "start": 3,
                        "end": 16,
                        "username": "CollinsChadM",
                        "id": "15328133"
                    },
                    {
                        "start": 91,
                        "end": 102,
                        "username": "ted_lethal",
                        "id": "3247900327"
                    }
                ]
            },
            "public_metrics": {
                "retweet_count": 11,
                "reply_count": 0,
                "like_count": 0,
                "quote_count": 0,
                "bookmark_count": 0,
                "impression_count": 0
            }
        },
        {
            "text": "RT @artimaaaeus: rudy dood? rudy dood 💙\n---\n#CallofDuty #MWII #MW2 #RodolfoParra https://t.co/M5d7KcWHQM",
            "edit_history_tweet_ids": [
                "1665850204300406785"
            ],
            "author_id": "2489368154",
            "id": "1665850204300406785",
            "entities": {
                "mentions": [
                    {
                        "start": 3,
                        "end": 15,
                        "username": "artimaaaeus",
                        "id": "1021771255957995520"
                    }
                ]
            },
            "public_metrics": {
                "retweet_count": 96,
                "reply_count": 0,
                "like_count": 0,
                "quote_count": 0,
                "bookmark_count": 0,
                "impression_count": 0
            }
        },
        {
            "text": "Really just had my game crashed on #MW2 while recording a video...  @CallofDuty PLEASE do something about this!!!",
            "edit_history_tweet_ids": [
                "1665850059613773826"
            ],
            "author_id": "979505716024299520",
            "id": "1665850059613773826",
            "entities": {
                "mentions": [
                    {
                        "start": 68,
                        "end": 79,
                        "username": "CallofDuty",
                        "id": "290097288"
                    }
                ]
            },
            "public_metrics": {
                "retweet_count": 0,
                "reply_count": 0,
                "like_count": 0,
                "quote_count": 0,
                "bookmark_count": 0,
                "impression_count": 55
            }
        },
        {
            "text": "https://t.co/ULQo7KM4OY \nStreaming COD MW2 LIVE #twitch #twitchstreamer #gamer #gaming #twitchaffiliate #CallofDutyModernWarfare2 #CallofDutyWarzone #CallofDuty #vibes https://t.co/vEnTNmhNFx",
            "edit_history_tweet_ids": [
                "1665849986016243713"
            ],
            "author_id": "2559873276",
            "id": "1665849986016243713",
            "public_metrics": {
                "retweet_count": 0,
                "reply_count": 0,
                "like_count": 2,
                "quote_count": 0,
                "bookmark_count": 0,
                "impression_count": 38
            }
        },
        {
            "text": "RT @loneghostwolf88: Thank you so much for 10K followers. I still can't believe it 🥺🎊🎉🥳❤️\n\nPlease have a Ghost to protect you 💀💞\n\n#CallofDu…",
            "edit_history_tweet_ids": [
                "1665848889512009728"
            ],
            "author_id": "1214504106942795777",
            "id": "1665848889512009728",
            "entities": {
                "mentions": [
                    {
                        "start": 3,
                        "end": 19,
                        "username": "loneghostwolf88",
                        "id": "1112278494682271747"
                    }
                ]
            },
            "public_metrics": {
                "retweet_count": 135,
                "reply_count": 0,
                "like_count": 0,
                "quote_count": 0,
                "bookmark_count": 0,
                "impression_count": 0
            }
        },
        {
            "text": "Working the map\n\n#PS5Share, #CallofDutyModernWarfareII #shark #mw2 #cptamuricaz #youtubegaming #modernwarfare #wz2 #LoadOut #callofduty https://t.co/ypvqhiyAQe",
            "edit_history_tweet_ids": [
                "1665848617255460864"
            ],
            "author_id": "1469821924515663873",
            "id": "1665848617255460864",
            "public_metrics": {
                "retweet_count": 0,
                "reply_count": 0,
                "like_count": 1,
                "quote_count": 0,
                "bookmark_count": 0,
                "impression_count": 186
            }
        },
        {
            "text": "RT @xFrio_: Finish hot\n\n#MW2 #eSports #CallofDuty #gamingpc #RICOCHET #twitchstreamer #twitchaffiliate #Competition #gaming #comedy #elite…",
            "edit_history_tweet_ids": [
                "1665848522359308288"
            ],
            "author_id": "4816394819",
            "id": "1665848522359308288",
            "entities": {
                "mentions": [
                    {
                        "start": 3,
                        "end": 10,
                        "username": "xFrio_",
                        "id": "1372211843402448904"
                    }
                ]
            },
            "public_metrics": {
                "retweet_count": 2,
                "reply_count": 0,
                "like_count": 0,
                "quote_count": 0,
                "bookmark_count": 0,
                "impression_count": 0
            }
        },
        {
            "text": "RT @xFrio_: The solo attempt \n\n#MW2 #eSports #CallofDuty #gamingpc #RICOCHET #twitchstreamer #twitchaffiliate #Competition #gaming #comedy…",
            "edit_history_tweet_ids": [
                "1665848520295735299"
            ],
            "author_id": "4816394819",
            "id": "1665848520295735299",
            "entities": {
                "mentions": [
                    {
                        "start": 3,
                        "end": 10,
                        "username": "xFrio_",
                        "id": "1372211843402448904"
                    }
                ]
            },
            "public_metrics": {
                "retweet_count": 4,
                "reply_count": 0,
                "like_count": 0,
                "quote_count": 0,
                "bookmark_count": 0,
                "impression_count": 0
            }
        },
        {
            "text": "RT @TOTALLY_CJ: PLAYING WARZONE 2.0 / PLUNDER QUADS AND MORE🔥#roadto2k #warzone #warzonememes #Warzone2 #callofduty #cod #streamer #YouTube…",
            "edit_history_tweet_ids": [
                "1665848278708109314"
            ],
            "author_id": "47871521",
            "id": "1665848278708109314",
            "entities": {
                "mentions": [
                    {
                        "start": 3,
                        "end": 14,
                        "username": "TOTALLY_CJ",
                        "id": "863280404043780096"
                    }
                ]
            },
            "public_metrics": {
                "retweet_count": 1,
                "reply_count": 0,
                "like_count": 0,
                "quote_count": 0,
                "bookmark_count": 0,
                "impression_count": 0
            }
        },
        {
            "text": "Do you think the Star Wars Franchise is going in the wrong direction in terms of movies and shows (live-action or animated)?\n\n#azizthehobbit #entertainment \n#games #usa #america #fortnite #callofduty #spiderman   #chatting #gaming #live #gameplay #livegaming #exclusive… https://t.co/JOW2Pmxq8F",
            "edit_history_tweet_ids": [
                "1665848055621459969"
            ],
            "author_id": "1457999869113733125",
            "id": "1665848055621459969",
            "public_metrics": {
                "retweet_count": 0,
                "reply_count": 0,
                "like_count": 1,
                "quote_count": 0,
                "bookmark_count": 0,
                "impression_count": 101
            }
        },
        {
            "text": "RT @loneghostwolf88: Thank you so much for 10K followers. I still can't believe it 🥺🎊🎉🥳❤️\n\nPlease have a Ghost to protect you 💀💞\n\n#CallofDu…",
            "edit_history_tweet_ids": [
                "1665848053717434368"
            ],
            "author_id": "1044458280708239361",
            "id": "1665848053717434368",
            "entities": {
                "mentions": [
                    {
                        "start": 3,
                        "end": 19,
                        "username": "loneghostwolf88",
                        "id": "1112278494682271747"
                    }
                ]
            },
            "public_metrics": {
                "retweet_count": 135,
                "reply_count": 0,
                "like_count": 0,
                "quote_count": 0,
                "bookmark_count": 0,
                "impression_count": 0
            }
        },
        {
            "text": "@Activision @CallofDuty WRzone 2 ranked.  I beam someone in the head with the meta squall build.  He turns with the same exact gun and build and downs me.  Meanwhile I’m hitting all my shots in his head and I don’t even break armor.   This game is hella rigged.  TAKE ALL SBMM OUT. No reason I get nerfed",
            "edit_history_tweet_ids": [
                "1665847928924037122"
            ],
            "author_id": "1652528243549908993",
            "id": "1665847928924037122",
            "entities": {
                "mentions": [
                    {
                        "start": 0,
                        "end": 11,
                        "username": "Activision",
                        "id": "612782611"
                    },
                    {
                        "start": 12,
                        "end": 23,
                        "username": "CallofDuty",
                        "id": "290097288"
                    }
                ]
            },
            "public_metrics": {
                "retweet_count": 0,
                "reply_count": 0,
                "like_count": 0,
                "quote_count": 0,
                "bookmark_count": 0,
                "impression_count": 33
            }
        },
        {
            "text": "RT @xbruised_peachx: shh, he's trying to explain why he sings a church hymn at 21:37 CET, no matter what timezone he's deployed to\n#Gromsko…",
            "edit_history_tweet_ids": [
                "1665847914457964546"
            ],
            "author_id": "1550818793802407937",
            "id": "1665847914457964546",
            "entities": {
                "mentions": [
                    {
                        "start": 3,
                        "end": 19,
                        "username": "xbruised_peachx",
                        "id": "4720277247"
                    }
                ]
            },
            "public_metrics": {
                "retweet_count": 52,
                "reply_count": 0,
                "like_count": 0,
                "quote_count": 0,
                "bookmark_count": 0,
                "impression_count": 0
            }
        },
        {
            "text": "RT @artimaaaeus: rudy dood? rudy dood 💙\n---\n#CallofDuty #MWII #MW2 #RodolfoParra https://t.co/M5d7KcWHQM",
            "edit_history_tweet_ids": [
                "1665847795218018304"
            ],
            "author_id": "1044458280708239361",
            "id": "1665847795218018304",
            "entities": {
                "mentions": [
                    {
                        "start": 3,
                        "end": 15,
                        "username": "artimaaaeus",
                        "id": "1021771255957995520"
                    }
                ]
            },
            "public_metrics": {
                "retweet_count": 96,
                "reply_count": 0,
                "like_count": 0,
                "quote_count": 0,
                "bookmark_count": 0,
                "impression_count": 0
            }
        },
        {
            "text": "RT @garoshu_art: Signing off with my latest könig art before I go on holiday, I’ll do the background or I’ll post new sketches whenever I h…",
            "edit_history_tweet_ids": [
                "1665847573322629121"
            ],
            "author_id": "1591995361945600001",
            "id": "1665847573322629121",
            "entities": {
                "mentions": [
                    {
                        "start": 3,
                        "end": 15,
                        "username": "garoshu_art",
                        "id": "1527814446399205377"
                    }
                ]
            },
            "public_metrics": {
                "retweet_count": 167,
                "reply_count": 0,
                "like_count": 0,
                "quote_count": 0,
                "bookmark_count": 0,
                "impression_count": 0
            }
        },
        {
            "text": "Do you want the next two Star Wars movies to center around Anakin Skywalker during the prequel era? \n\n#azizthehobbit #entertainment \n#games #usa #america #fortnite #callofduty #spiderman   #chatting #gaming #live #gameplay #livegaming #exclusive #livestream #trending #trend… https://t.co/jk9KFstyk0",
            "edit_history_tweet_ids": [
                "1665847313065975808"
            ],
            "author_id": "1457999869113733125",
            "id": "1665847313065975808",
            "public_metrics": {
                "retweet_count": 0,
                "reply_count": 0,
                "like_count": 1,
                "quote_count": 0,
                "bookmark_count": 0,
                "impression_count": 86
            }
        },
        {
            "text": "RT @itslilbabewolf: live on @PlayOverwatch 🥰\ncome watch me and @iRecognizable!\n-\n💘 https://t.co/Cv2h5n3m68\n💘 https://t.co/zEwd12qRM8\n-\n#gam…",
            "edit_history_tweet_ids": [
                "1665847242794647555"
            ],
            "author_id": "1190416758492008449",
            "id": "1665847242794647555",
            "entities": {
                "mentions": [
                    {
                        "start": 3,
                        "end": 18,
                        "username": "itslilbabewolf",
                        "id": "2571107712"
                    },
                    {
                        "start": 28,
                        "end": 42,
                        "username": "PlayOverwatch",
                        "id": "2420931980"
                    },
                    {
                        "start": 63,
                        "end": 77,
                        "username": "iRecognizable",
                        "id": "944126122001702912"
                    }
                ]
            },
            "public_metrics": {
                "retweet_count": 3,
                "reply_count": 0,
                "like_count": 0,
                "quote_count": 0,
                "bookmark_count": 0,
                "impression_count": 0
            }
        },
        {
            "text": "RT @TheNoahSunday: @PlayCODMobile 0:11 whenever I get a sip of a McDonald’s sprite.",
            "edit_history_tweet_ids": [
                "1665847034639794179"
            ],
            "author_id": "412867109",
            "id": "1665847034639794179",
            "entities": {
                "mentions": [
                    {
                        "start": 3,
                        "end": 17,
                        "username": "TheNoahSunday",
                        "id": "796942496739770370"
                    },
                    {
                        "start": 19,
                        "end": 33,
                        "username": "PlayCODMobile",
                        "id": "1166443278834659328"
                    }
                ]
            },
            "public_metrics": {
                "retweet_count": 1,
                "reply_count": 0,
                "like_count": 0,
                "quote_count": 0,
                "bookmark_count": 0,
                "impression_count": 0
            }
        },
        {
            "text": "RT @ApraxValith: #König from last month's P*treon offerings 🔥 Join my Proud Enabler tier and unlock the whole 5-image set!\n\n#Konigmw2 #CoDM…",
            "edit_history_tweet_ids": [
                "1665846852619587586"
            ],
            "author_id": "1591995361945600001",
            "id": "1665846852619587586",
            "entities": {
                "mentions": [
                    {
                        "start": 3,
                        "end": 15,
                        "username": "ApraxValith",
                        "id": "1410699410107817984"
                    }
                ]
            },
            "public_metrics": {
                "retweet_count": 255,
                "reply_count": 0,
                "like_count": 0,
                "quote_count": 0,
                "bookmark_count": 0,
                "impression_count": 0
            }
        },
        {
            "text": "RT @artimaaaeus: rudy dood? rudy dood 💙\n---\n#CallofDuty #MWII #MW2 #RodolfoParra https://t.co/M5d7KcWHQM",
            "edit_history_tweet_ids": [
                "1665846644380774405"
            ],
            "author_id": "1178024736997199874",
            "id": "1665846644380774405",
            "entities": {
                "mentions": [
                    {
                        "start": 3,
                        "end": 15,
                        "username": "artimaaaeus",
                        "id": "1021771255957995520"
                    }
                ]
            },
            "public_metrics": {
                "retweet_count": 96,
                "reply_count": 0,
                "like_count": 0,
                "quote_count": 0,
                "bookmark_count": 0,
                "impression_count": 0
            }
        },
        {
            "text": "Marque seu amigo Noob #noob #funny #warzone2 #CallOfDuty #warzoneclips #gamerbrasileiro #trend #viral #fyp #fypシ #gnominoficial https://t.co/KvCBWkhrQ9",
            "edit_history_tweet_ids": [
                "1665846627360284672"
            ],
            "author_id": "1545150902608269316",
            "id": "1665846627360284672",
            "public_metrics": {
                "retweet_count": 0,
                "reply_count": 0,
                "like_count": 1,
                "quote_count": 0,
                "bookmark_count": 0,
                "impression_count": 191
            }
        },
        {
            "text": "RT @xbruised_peachx: shh, he's trying to explain why he sings a church hymn at 21:37 CET, no matter what timezone he's deployed to\n#Gromsko…",
            "edit_history_tweet_ids": [
                "1665846554719035400"
            ],
            "author_id": "1251347112341778436",
            "id": "1665846554719035400",
            "entities": {
                "mentions": [
                    {
                        "start": 3,
                        "end": 19,
                        "username": "xbruised_peachx",
                        "id": "4720277247"
                    }
                ]
            },
            "public_metrics": {
                "retweet_count": 52,
                "reply_count": 0,
                "like_count": 0,
                "quote_count": 0,
                "bookmark_count": 0,
                "impression_count": 0
            }
        },
        {
            "text": "RT @Marndraws: Pride 😊\n\n#mw2 #codmw2 #callofduty https://t.co/XHfuXBolMh",
            "edit_history_tweet_ids": [
                "1665846341958791168"
            ],
            "author_id": "1397377412019757056",
            "id": "1665846341958791168",
            "entities": {
                "mentions": [
                    {
                        "start": 3,
                        "end": 13,
                        "username": "Marndraws",
                        "id": "1373694678302744580"
                    }
                ]
            },
            "public_metrics": {
                "retweet_count": 167,
                "reply_count": 0,
                "like_count": 0,
                "quote_count": 0,
                "bookmark_count": 0,
                "impression_count": 0
            }
        },
        {
            "text": "RT @teami2K: CODM World Champs 2023\nStage 3 &amp; 4 Ready\n\nAny Pros want a ROG7 Sponsorship? \nAsking for a friend 😄\n\n@PlayCODMobile https://t.c…",
            "edit_history_tweet_ids": [
                "1665846217320824833"
            ],
            "author_id": "1357403366045974528",
            "id": "1665846217320824833",
            "entities": {
                "mentions": [
                    {
                        "start": 3,
                        "end": 11,
                        "username": "teami2K",
                        "id": "1187061562537840641"
                    },
                    {
                        "start": 117,
                        "end": 131,
                        "username": "PlayCODMobile",
                        "id": "1166443278834659328"
                    }
                ]
            },
            "public_metrics": {
                "retweet_count": 8,
                "reply_count": 0,
                "like_count": 0,
                "quote_count": 0,
                "bookmark_count": 0,
                "impression_count": 0
            }
        },
        {
            "text": "RT @alexgscod: Tired Soap 🧼❤️💀\n\n#GhostSoap #SoapGhost #CallOfDuty #MW2 #MWII #SoapMacTavish #SimonGhostRiley #JohnSoapMacTavish #SoapMW2 #G…",
            "edit_history_tweet_ids": [
                "1665846182713622528"
            ],
            "author_id": "1276997562864721921",
            "id": "1665846182713622528",
            "entities": {
                "mentions": [
                    {
                        "start": 3,
                        "end": 13,
                        "username": "alexgscod",
                        "id": "1613363724152094722"
                    }
                ]
            },
            "public_metrics": {
                "retweet_count": 81,
                "reply_count": 0,
                "like_count": 0,
                "quote_count": 0,
                "bookmark_count": 0,
                "impression_count": 0
            }
        },
        {
            "text": "@OptronYT @PlayCODMobile Alright appreciate your answer thank you",
            "edit_history_tweet_ids": [
                "1665845981332553728"
            ],
            "author_id": "1063772208332443651",
            "id": "1665845981332553728",
            "entities": {
                "mentions": [
                    {
                        "start": 0,
                        "end": 9,
                        "username": "OptronYT",
                        "id": "1383655186674065412"
                    },
                    {
                        "start": 10,
                        "end": 24,
                        "username": "PlayCODMobile",
                        "id": "1166443278834659328"
                    }
                ]
            },
            "public_metrics": {
                "retweet_count": 0,
                "reply_count": 0,
                "like_count": 1,
                "quote_count": 0,
                "bookmark_count": 0,
                "impression_count": 10
            }
        },
        {
            "text": "RT @loneghostwolf88: Beach boys 🧼💀☀️🌊⛱️\n\n(thanks for all the birthday wishes ❤️ - there were way too many to answer all of them🥺 )\n#CallofD…",
            "edit_history_tweet_ids": [
                "1665845673340682240"
            ],
            "author_id": "1636854622705926144",
            "id": "1665845673340682240",
            "entities": {
                "mentions": [
                    {
                        "start": 3,
                        "end": 19,
                        "username": "loneghostwolf88",
                        "id": "1112278494682271747"
                    }
                ]
            },
            "public_metrics": {
                "retweet_count": 142,
                "reply_count": 0,
                "like_count": 0,
                "quote_count": 0,
                "bookmark_count": 0,
                "impression_count": 0
            }
        },
        {
            "text": "RT @WarzoneQG: 🚨CoD: MW2 News🚨\n\n👉🏼 They’ll be RESETTING all progress in DMZ in Season 4 as they introduce a new faction.\n\nWhat do you think…",
            "edit_history_tweet_ids": [
                "1665845644647342081"
            ],
            "author_id": "1519742461580619777",
            "id": "1665845644647342081",
            "entities": {
                "mentions": [
                    {
                        "start": 3,
                        "end": 13,
                        "username": "WarzoneQG",
                        "id": "1421721849428316161"
                    }
                ]
            },
            "public_metrics": {
                "retweet_count": 6,
                "reply_count": 0,
                "like_count": 0,
                "quote_count": 0,
                "bookmark_count": 0,
                "impression_count": 0
            }
        },
        {
            "text": "A Nemrii ranked warzone stream is occurring, Attendance is MANDATORY  https://t.co/t3oRYXbRBH #Warzone2 #Warzone #Callofduty #ModernWarfare2 #Mw2 #Cod https://t.co/nk5P7HR2Mo",
            "edit_history_tweet_ids": [
                "1665845574858407939"
            ],
            "author_id": "1312233587203289089",
            "id": "1665845574858407939",
            "public_metrics": {
                "retweet_count": 0,
                "reply_count": 0,
                "like_count": 0,
                "quote_count": 0,
                "bookmark_count": 0,
                "impression_count": 73
            }
        },
        {
            "text": "PLAYING WARZONE 2.0 / PLUNDER QUADS AND MORE🔥#roadto2k #warzone #warzonememes #Warzone2 #callofduty #cod #streamer #YouTube #YouTuber #youtubechannel #smallstreamer #CallofDutyModernWarfareII #CJ #YouTubeGaming https://t.co/QjbbQoWfG6",
            "edit_history_tweet_ids": [
                "1665845436152963072"
            ],
            "author_id": "863280404043780096",
            "id": "1665845436152963072",
            "public_metrics": {
                "retweet_count": 1,
                "reply_count": 0,
                "like_count": 1,
                "quote_count": 0,
                "bookmark_count": 0,
                "impression_count": 24
            }
        },
        {
            "text": "@TheNoahSunday @PlayCODMobile 💀💀💀",
            "edit_history_tweet_ids": [
                "1665845329877516293"
            ],
            "author_id": "1296928042749759494",
            "id": "1665845329877516293",
            "entities": {
                "mentions": [
                    {
                        "start": 0,
                        "end": 14,
                        "username": "TheNoahSunday",
                        "id": "796942496739770370"
                    },
                    {
                        "start": 15,
                        "end": 29,
                        "username": "PlayCODMobile",
                        "id": "1166443278834659328"
                    }
                ]
            },
            "public_metrics": {
                "retweet_count": 0,
                "reply_count": 0,
                "like_count": 0,
                "quote_count": 0,
                "bookmark_count": 0,
                "impression_count": 67
            }
        },
        {
            "text": "@PlayCODMobile 0:11 whenever I get a sip of a McDonald’s sprite.",
            "edit_history_tweet_ids": [
                "1665845239439847425"
            ],
            "author_id": "796942496739770370",
            "id": "1665845239439847425",
            "entities": {
                "mentions": [
                    {
                        "start": 0,
                        "end": 14,
                        "username": "PlayCODMobile",
                        "id": "1166443278834659328"
                    }
                ]
            },
            "public_metrics": {
                "retweet_count": 1,
                "reply_count": 3,
                "like_count": 42,
                "quote_count": 0,
                "bookmark_count": 0,
                "impression_count": 1624
            }
        },
        {
            "text": "RT @loneghostwolf88: Thank you so much for 10K followers. I still can't believe it 🥺🎊🎉🥳❤️\n\nPlease have a Ghost to protect you 💀💞\n\n#CallofDu…",
            "edit_history_tweet_ids": [
                "1665845084917473282"
            ],
            "author_id": "83934517",
            "id": "1665845084917473282",
            "entities": {
                "mentions": [
                    {
                        "start": 3,
                        "end": 19,
                        "username": "loneghostwolf88",
                        "id": "1112278494682271747"
                    }
                ]
            },
            "public_metrics": {
                "retweet_count": 135,
                "reply_count": 0,
                "like_count": 0,
                "quote_count": 0,
                "bookmark_count": 0,
                "impression_count": 0
            }
        },
        {
            "text": "RT @xbruised_peachx: shh, he's trying to explain why he sings a church hymn at 21:37 CET, no matter what timezone he's deployed to\n#Gromsko…",
            "edit_history_tweet_ids": [
                "1665845016034439174"
            ],
            "author_id": "1454023642325659651",
            "id": "1665845016034439174",
            "entities": {
                "mentions": [
                    {
                        "start": 3,
                        "end": 19,
                        "username": "xbruised_peachx",
                        "id": "4720277247"
                    }
                ]
            },
            "public_metrics": {
                "retweet_count": 52,
                "reply_count": 0,
                "like_count": 0,
                "quote_count": 0,
                "bookmark_count": 0,
                "impression_count": 0
            }
        },
        {
            "text": "RT @Bloodhoundstan: I will be live tonight, streaming some mw2. I might play with some friends or with randoms. If y’all didn’t follow me o…",
            "edit_history_tweet_ids": [
                "1665844613595160576"
            ],
            "author_id": "1616449057819353090",
            "id": "1665844613595160576",
            "entities": {
                "mentions": [
                    {
                        "start": 3,
                        "end": 18,
                        "username": "Bloodhoundstan",
                        "id": "787917547320606720"
                    }
                ]
            },
            "public_metrics": {
                "retweet_count": 5,
                "reply_count": 0,
                "like_count": 0,
                "quote_count": 0,
                "bookmark_count": 0,
                "impression_count": 0
            }
        }
    ],
    "includes": {
        "users": [
            {
                "id": "1345085789177311234",
                "name": "KIG CLIPSCO",
                "username": "CLIPSC0"
            },
            {
                "id": "1613363724152094722",
                "name": "🧼💀 alex 💀 🧼",
                "username": "alexgscod"
            },
            {
                "id": "1546526617631182850",
                "name": "(E)lite (W)arfare (G)aming",
                "username": "EliteWGaming"
            },
            {
                "id": "4720277247",
                "name": "peach",
                "username": "xbruised_peachx"
            },
            {
                "id": "1021771255957995520",
                "name": "tim 🔫",
                "username": "artimaaaeus"
            },
            {
                "id": "1166443278834659328",
                "name": "Call of Duty: Mobile",
                "username": "PlayCODMobile"
            },
            {
                "id": "294198566",
                "name": "Call of Duty League",
                "username": "CODLeague"
            },
            {
                "id": "1373694678302744580",
                "name": "Marn 🔞😺",
                "username": "Marndraws"
            },
            {
                "id": "1441174708930576386",
                "name": "༄Yume ❄🐼",
                "username": "yumecore"
            },
            {
                "id": "2766603050",
                "name": "티야스",
                "username": "sonsomething"
            },
            {
                "id": "19136295",
                "name": "Raven Software",
                "username": "RavenSoftware"
            },
            {
                "id": "1402631462336204805",
                "name": "Josh_Hodlin🏁",
                "username": "Josh_Hodlin"
            },
            {
                "id": "290097288",
                "name": "Call of Duty",
                "username": "CallofDuty"
            },
            {
                "id": "1487087808808615938",
                "name": "SRuki",
                "username": "SRuki_"
            },
            {
                "id": "1112278494682271747",
                "name": "GhostWolf",
                "username": "loneghostwolf88"
            },
            {
                "id": "1160267907940671488",
                "name": "ache",
                "username": "achemeanspain"
            },
            {
                "id": "1116440865415802888",
                "name": "bruja has ghost brainrot",
                "username": "witchmeetsevil"
            },
            {
                "id": "1336527669161324544",
                "name": "Hellish 🧼💀",
                "username": "HellishDraws"
            },
            {
                "id": "1665048397504565251",
                "name": "طلاس الهليل",
                "username": "tlaskaldalhlyl"
            },
            {
                "id": "612782611",
                "name": "Activision",
                "username": "Activision"
            },
            {
                "id": "4883418989",
                "name": "🦊Amiko💀🧼brainrot",
                "username": "AmikoRoyAi"
            },
            {
                "id": "1276456313900457985",
                "name": "9R | ElectroTom_",
                "username": "electrotom_"
            },
            {
                "id": "1239260514200535042",
                "name": "Mace_Senpai",
                "username": "mace_senpai"
            },
            {
                "id": "1266193455966859265",
                "name": "CELL",
                "username": "remix3s"
            },
            {
                "id": "1593295894492971008",
                "name": "Elias Giles",
                "username": "EliasGiles18"
            },
            {
                "id": "15328133",
                "name": "Chad Michael Collins",
                "username": "CollinsChadM"
            },
            {
                "id": "3247900327",
                "name": "LethalTed",
                "username": "ted_lethal"
            },
            {
                "id": "1372211843402448904",
                "name": "xFrio_",
                "username": "xFrio_"
            },
            {
                "id": "863280404043780096",
                "name": "TOTALLY_CJ",
                "username": "TOTALLY_CJ"
            },
            {
                "id": "1527814446399205377",
                "name": "Garoshu",
                "username": "garoshu_art"
            },
            {
                "id": "2571107712",
                "name": "ava ☁️ ᰔᩚ",
                "username": "itslilbabewolf"
            },
            {
                "id": "2420931980",
                "name": "Overwatch",
                "username": "PlayOverwatch"
            },
            {
                "id": "944126122001702912",
                "name": "Beast ℕ𝕠𝕧𝕒",
                "username": "iRecognizable"
            },
            {
                "id": "796942496739770370",
                "name": "Noah",
                "username": "TheNoahSunday"
            },
            {
                "id": "1410699410107817984",
                "name": "🔞 Valith ✨️COMMS FULL✨️",
                "username": "ApraxValith"
            },
            {
                "id": "1187061562537840641",
                "name": "i2K Esports™",
                "username": "teami2K"
            },
            {
                "id": "1383655186674065412",
                "name": "ᵀᴹᴳᴳ OptronYT",
                "username": "OptronYT"
            },
            {
                "id": "1421721849428316161",
                "name": "Call of Duty Hub",
                "username": "WarzoneQG"
            },
            {
                "id": "787917547320606720",
                "name": "JJ🎮",
                "username": "Bloodhoundstan"
            }
        ]
    },
    "errors": [
        {
            "value": "1665858496074588164",
            "detail": "Could not find tweet with ids: [1665858496074588164].",
            "title": "Not Found Error",
            "resource_type": "tweet",
            "parameter": "ids",
            "resource_id": "1665858496074588164",
            "type": "https://api.twitter.com/2/problems/resource-not-found"
        },
        {
            "value": "1665857496227913728",
            "detail": "Could not find tweet with ids: [1665857496227913728].",
            "title": "Not Found Error",
            "resource_type": "tweet",
            "parameter": "ids",
            "resource_id": "1665857496227913728",
            "type": "https://api.twitter.com/2/problems/resource-not-found"
        },
        {
            "value": "1665857305961799690",
            "detail": "Could not find tweet with ids: [1665857305961799690].",
            "title": "Not Found Error",
            "resource_type": "tweet",
            "parameter": "ids",
            "resource_id": "1665857305961799690",
            "type": "https://api.twitter.com/2/problems/resource-not-found"
        },
        {
            "value": "1665856477607735297",
            "detail": "Could not find tweet with ids: [1665856477607735297].",
            "title": "Not Found Error",
            "resource_type": "tweet",
            "parameter": "ids",
            "resource_id": "1665856477607735297",
            "type": "https://api.twitter.com/2/problems/resource-not-found"
        },
        {
            "resource_id": "1665856198489300993",
            "parameter": "ids",
            "resource_type": "tweet",
            "section": "data",
            "title": "Authorization Error",
            "value": "1665856198489300993",
            "detail": "Sorry, you are not authorized to see the Tweet with ids: [1665856198489300993].",
            "type": "https://api.twitter.com/2/problems/not-authorized-for-resource"
        },
        {
            "resource_id": "1665855767851704321",
            "parameter": "ids",
            "resource_type": "tweet",
            "section": "data",
            "title": "Authorization Error",
            "value": "1665855767851704321",
            "detail": "Sorry, you are not authorized to see the Tweet with ids: [1665855767851704321].",
            "type": "https://api.twitter.com/2/problems/not-authorized-for-resource"
        },
        {
            "parameter": "entities.mentions.username",
            "resource_id": "Kevincybertool",
            "value": "Kevincybertool",
            "detail": "User has been suspended: [Kevincybertool].",
            "title": "Forbidden",
            "resource_type": "user",
            "type": "https://api.twitter.com/2/problems/resource-not-found"
        },
        {
            "resource_id": "1665855569368870912",
            "parameter": "ids",
            "resource_type": "tweet",
            "section": "data",
            "title": "Authorization Error",
            "value": "1665855569368870912",
            "detail": "Sorry, you are not authorized to see the Tweet with ids: [1665855569368870912].",
            "type": "https://api.twitter.com/2/problems/not-authorized-for-resource"
        },
        {
            "resource_id": "1665855550951653376",
            "parameter": "ids",
            "resource_type": "tweet",
            "section": "data",
            "title": "Authorization Error",
            "value": "1665855550951653376",
            "detail": "Sorry, you are not authorized to see the Tweet with ids: [1665855550951653376].",
            "type": "https://api.twitter.com/2/problems/not-authorized-for-resource"
        },
        {
            "resource_id": "1665855511051288577",
            "parameter": "ids",
            "resource_type": "tweet",
            "section": "data",
            "title": "Authorization Error",
            "value": "1665855511051288577",
            "detail": "Sorry, you are not authorized to see the Tweet with ids: [1665855511051288577].",
            "type": "https://api.twitter.com/2/problems/not-authorized-for-resource"
        },
        {
            "resource_id": "1665855487592525831",
            "parameter": "ids",
            "resource_type": "tweet",
            "section": "data",
            "title": "Authorization Error",
            "value": "1665855487592525831",
            "detail": "Sorry, you are not authorized to see the Tweet with ids: [1665855487592525831].",
            "type": "https://api.twitter.com/2/problems/not-authorized-for-resource"
        },
        {
            "resource_id": "1665855453354422273",
            "parameter": "ids",
            "resource_type": "tweet",
            "section": "data",
            "title": "Authorization Error",
            "value": "1665855453354422273",
            "detail": "Sorry, you are not authorized to see the Tweet with ids: [1665855453354422273].",
            "type": "https://api.twitter.com/2/problems/not-authorized-for-resource"
        },
        {
            "value": "1665850475567087616",
            "detail": "Could not find tweet with ids: [1665850475567087616].",
            "title": "Not Found Error",
            "resource_type": "tweet",
            "parameter": "ids",
            "resource_id": "1665850475567087616",
            "type": "https://api.twitter.com/2/problems/resource-not-found"
        },
        {
            "resource_id": "1665849504627654658",
            "parameter": "ids",
            "resource_type": "tweet",
            "section": "data",
            "title": "Authorization Error",
            "value": "1665849504627654658",
            "detail": "Sorry, you are not authorized to see the Tweet with ids: [1665849504627654658].",
            "type": "https://api.twitter.com/2/problems/not-authorized-for-resource"
        },
        {
            "resource_id": "1665849348297719808",
            "parameter": "ids",
            "resource_type": "tweet",
            "section": "data",
            "title": "Authorization Error",
            "value": "1665849348297719808",
            "detail": "Sorry, you are not authorized to see the Tweet with ids: [1665849348297719808].",
            "type": "https://api.twitter.com/2/problems/not-authorized-for-resource"
        },
        {
            "value": "1665846192658423808",
            "detail": "Could not find tweet with ids: [1665846192658423808].",
            "title": "Not Found Error",
            "resource_type": "tweet",
            "parameter": "ids",
            "resource_id": "1665846192658423808",
            "type": "https://api.twitter.com/2/problems/resource-not-found"
        }
    ]
}