{
    "data": [
        {
            "text": "RT @alexgscod: SoapGhost 🧼🖤💀 commission for @/s0aPING!\nThank you! ❤️\n\n#SoapGhost #GhostSoap #CallOfDuty #MW2 https://t.co/4JxxtHXbeA",
            "id": "1671306934819995649",
            "public_metrics": {
                "retweet_count": 230,
                "reply_count": 0,
                "like_count": 0,
                "quote_count": 0,
                "bookmark_count": 0,
                "impression_count": 0
            },
            "edit_history_tweet_ids": [
                "1671306934819995649"
            ],
            "author_id": "1619721033153662976",
            "entities": {
                "mentions": [
                    {
                        "start": 3,
                        "end": 13,
                        "username": "alexgscod",
                        "id": "1613363724152094722"
                    }
                ]
            }
        },
        {
            "text": "RT @a_secret_mf: Twitter Fics Pt. 8\n\nPretty perfect Simon Riley is a barracks bunny during his sergeant days\n\nPart Two\n\n⚠️NSFW⚠️\n\ntags: #so…",
            "id": "1671306795220971521",
            "public_metrics": {
                "retweet_count": 15,
                "reply_count": 0,
                "like_count": 0,
                "quote_count": 0,
                "bookmark_count": 0,
                "impression_count": 0
            },
            "edit_history_tweet_ids": [
                "1671306795220971521"
            ],
            "author_id": "4881635013",
            "entities": {
                "mentions": [
                    {
                        "start": 3,
                        "end": 15,
                        "username": "a_secret_mf",
                        "id": "1611056819304120321"
                    }
                ]
            }
        },
        {
            "text": "RT @MrTLexify: Favela Coming to MWII Leaked Gameplay https://t.co/N0G3FPG63I",
            "id": "1671306676438290434",
            "public_metrics": {
                "retweet_count": 1324,
                "reply_count": 0,
                "like_count": 0,
                "quote_count": 0,
                "bookmark_count": 0,
                "impression_count": 0
            },
            "edit_history_tweet_ids": [
                "1671306676438290434"
            ],
            "author_id": "742224117470896129",
            "entities": {
                "mentions": [
                    {
                        "start": 3,
                        "end": 13,
                        "username": "MrTLexify",
                        "id": "1282055606"
                    }
                ]
            }
        },
        {
            "text": "@MushySoul @PlayCODMobile @ATVIAssist It's not easy waiting for developers for over 2 months without getting any fix why not send a direct message  to zenith_fixx1 on Instagram for help they helped me fixed mine thank me later",
            "id": "1671306445092974595",
            "public_metrics": {
                "retweet_count": 0,
                "reply_count": 0,
                "like_count": 0,
                "quote_count": 0,
                "bookmark_count": 0,
                "impression_count": 1
            },
            "edit_history_tweet_ids": [
                "1671306445092974595"
            ],
            "author_id": "1670951787103133697",
            "entities": {
                "mentions": [
                    {
                        "start": 0,
                        "end": 10,
                        "username": "MushySoul",
                        "id": "2273243766"
                    },
                    {
                        "start": 11,
                        "end": 25,
                        "username": "PlayCODMobile",
                        "id": "1166443278834659328"
                    },
                    {
                        "start": 26,
                        "end": 37,
                        "username": "ATVIAssist",
                        "id": "85215038"
                    }
                ]
            }
        },
        {
            "text": "RT @MrTLexify: Favela Coming to MWII Leaked Gameplay https://t.co/N0G3FPG63I",
            "id": "1671306316755660804",
            "public_metrics": {
                "retweet_count": 1324,
                "reply_count": 0,
                "like_count": 0,
                "quote_count": 0,
                "bookmark_count": 0,
                "impression_count": 0
            },
            "edit_history_tweet_ids": [
                "1671306316755660804"
            ],
            "author_id": "3078963011",
            "entities": {
                "mentions": [
                    {
                        "start": 3,
                        "end": 13,
                        "username": "MrTLexify",
                        "id": "1282055606"
                    }
                ]
            }
        },
        {
            "text": "RT @Pooch3255: Tonight’s HYPE!!!\n2v2’sDay time, 2v2 Tourney stream starts at 6p central exclusively at:\nhttps://t.co/Qky7A8X6Ug\nLet’s Get i…",
            "id": "1671306312716632064",
            "public_metrics": {
                "retweet_count": 4,
                "reply_count": 0,
                "like_count": 0,
                "quote_count": 0,
                "bookmark_count": 0,
                "impression_count": 0
            },
            "edit_history_tweet_ids": [
                "1671306312716632064"
            ],
            "author_id": "717487503373107201",
            "entities": {
                "mentions": [
                    {
                        "start": 3,
                        "end": 13,
                        "username": "Pooch3255",
                        "id": "350153860"
                    }
                ]
            }
        },
        {
            "text": "RT @Pooch3255: Tonight’s HYPE!!!\n2v2’sDay time, 2v2 Tourney stream starts at 6p central exclusively at:\nhttps://t.co/Qky7A8X6Ug\nLet’s Get i…",
            "id": "1671306287093776384",
            "public_metrics": {
                "retweet_count": 4,
                "reply_count": 0,
                "like_count": 0,
                "quote_count": 0,
                "bookmark_count": 0,
                "impression_count": 0
            },
            "edit_history_tweet_ids": [
                "1671306287093776384"
            ],
            "author_id": "36015370",
            "entities": {
                "mentions": [
                    {
                        "start": 3,
                        "end": 13,
                        "username": "Pooch3255",
                        "id": "350153860"
                    }
                ]
            }
        },
        {
            "text": "The boys chat after a Vondel sesh: #vondel #warzone #warzone2 #callofduty https://t.co/5raHTj78RA",
            "id": "1671306145103765504",
            "public_metrics": {
                "retweet_count": 0,
                "reply_count": 0,
                "like_count": 2,
                "quote_count": 0,
                "bookmark_count": 0,
                "impression_count": 294
            },
            "edit_history_tweet_ids": [
                "1671306145103765504"
            ],
            "author_id": "1362779599864819715"
        },
        {
            "text": "RT @MrTLexify: Favela Coming to MWII Leaked Gameplay https://t.co/N0G3FPG63I",
            "id": "1671306117782163460",
            "public_metrics": {
                "retweet_count": 1324,
                "reply_count": 0,
                "like_count": 0,
                "quote_count": 0,
                "bookmark_count": 0,
                "impression_count": 0
            },
            "edit_history_tweet_ids": [
                "1671306117782163460"
            ],
            "author_id": "430790089",
            "entities": {
                "mentions": [
                    {
                        "start": 3,
                        "end": 13,
                        "username": "MrTLexify",
                        "id": "1282055606"
                    }
                ]
            }
        },
        {
            "text": "RT @itsamustikas: He drinks Bourbon.. \n(you know how this goes)\n#MW2 #MWII #CallofDuty #Ghost #SimonRiley #Kentucky https://t.co/QdHdYdoA6Q",
            "id": "1671306114363736065",
            "public_metrics": {
                "retweet_count": 559,
                "reply_count": 0,
                "like_count": 0,
                "quote_count": 0,
                "bookmark_count": 0,
                "impression_count": 0
            },
            "edit_history_tweet_ids": [
                "1671306114363736065"
            ],
            "author_id": "1375819838740955137",
            "entities": {
                "mentions": [
                    {
                        "start": 3,
                        "end": 16,
                        "username": "itsamustikas",
                        "id": "1238852513383821312"
                    }
                ]
            }
        },
        {
            "text": "RT @MrTLexify: Favela Coming to MWII Leaked Gameplay https://t.co/N0G3FPG63I",
            "id": "1671306110542794756",
            "public_metrics": {
                "retweet_count": 1324,
                "reply_count": 0,
                "like_count": 0,
                "quote_count": 0,
                "bookmark_count": 0,
                "impression_count": 0
            },
            "edit_history_tweet_ids": [
                "1671306110542794756"
            ],
            "author_id": "967055547659931648",
            "entities": {
                "mentions": [
                    {
                        "start": 3,
                        "end": 13,
                        "username": "MrTLexify",
                        "id": "1282055606"
                    }
                ]
            }
        },
        {
            "text": "RT @MrTLexify: Favela Coming to MWII Leaked Gameplay https://t.co/N0G3FPG63I",
            "id": "1671305809345802240",
            "public_metrics": {
                "retweet_count": 1324,
                "reply_count": 0,
                "like_count": 0,
                "quote_count": 0,
                "bookmark_count": 0,
                "impression_count": 0
            },
            "edit_history_tweet_ids": [
                "1671305809345802240"
            ],
            "author_id": "946789444744384513",
            "entities": {
                "mentions": [
                    {
                        "start": 3,
                        "end": 13,
                        "username": "MrTLexify",
                        "id": "1282055606"
                    }
                ]
            }
        },
        {
            "text": "RT @FatKidDeals: Giveaway Time!!\n\nWe are giving away a copy of Call of Duty MW2 for either PS5/Xbox AND a 1 Year subscription Xbox/PSN!\n\nRu…",
            "id": "1671305780505485313",
            "public_metrics": {
                "retweet_count": 5146,
                "reply_count": 0,
                "like_count": 0,
                "quote_count": 0,
                "bookmark_count": 0,
                "impression_count": 0
            },
            "edit_history_tweet_ids": [
                "1671305780505485313"
            ],
            "author_id": "780809515",
            "entities": {
                "mentions": [
                    {
                        "start": 3,
                        "end": 15,
                        "username": "FatKidDeals",
                        "id": "2360121187"
                    }
                ]
            }
        },
        {
            "text": "RT @yumecore: Eyes edited by Pogidoow on Tumblr *-* \nCheck her out for more!\nhttps://t.co/tQgyrX9tEk\n#CallofDuty #König #MWII #MW2 https://…",
            "id": "1671305728265445376",
            "public_metrics": {
                "retweet_count": 34,
                "reply_count": 0,
                "like_count": 0,
                "quote_count": 0,
                "bookmark_count": 0,
                "impression_count": 0
            },
            "edit_history_tweet_ids": [
                "1671305728265445376"
            ],
            "author_id": "2328978614",
            "entities": {
                "mentions": [
                    {
                        "start": 3,
                        "end": 12,
                        "username": "yumecore",
                        "id": "1441174708930576386"
                    }
                ]
            }
        },
        {
            "text": "RT @661ave: 👑 #CallofDuty #MWII #König #Konig https://t.co/XUd07qUbHq",
            "id": "1671305724394364928",
            "public_metrics": {
                "retweet_count": 472,
                "reply_count": 0,
                "like_count": 0,
                "quote_count": 0,
                "bookmark_count": 0,
                "impression_count": 0
            },
            "edit_history_tweet_ids": [
                "1671305724394364928"
            ],
            "author_id": "1156445527577260038",
            "entities": {
                "mentions": [
                    {
                        "start": 3,
                        "end": 10,
                        "username": "661ave",
                        "id": "1054927382"
                    }
                ]
            }
        },
        {
            "text": "RT @CallofDuty: SEASON 04 IS HERE. Vondel, increased health in Warzone, new MP maps, Battle Pass and so much more 🔥 \n\nStand above the rest…",
            "id": "1671305649139994624",
            "public_metrics": {
                "retweet_count": 312,
                "reply_count": 0,
                "like_count": 0,
                "quote_count": 0,
                "bookmark_count": 0,
                "impression_count": 0
            },
            "edit_history_tweet_ids": [
                "1671305649139994624"
            ],
            "author_id": "3369164157",
            "entities": {
                "mentions": [
                    {
                        "start": 3,
                        "end": 14,
                        "username": "CallofDuty",
                        "id": "290097288"
                    }
                ]
            }
        },
        {
            "text": "RT @MrTLexify: Favela Coming to MWII Leaked Gameplay https://t.co/N0G3FPG63I",
            "id": "1671305507695370243",
            "public_metrics": {
                "retweet_count": 1324,
                "reply_count": 0,
                "like_count": 0,
                "quote_count": 0,
                "bookmark_count": 0,
                "impression_count": 0
            },
            "edit_history_tweet_ids": [
                "1671305507695370243"
            ],
            "author_id": "1233930948812693505",
            "entities": {
                "mentions": [
                    {
                        "start": 3,
                        "end": 13,
                        "username": "MrTLexify",
                        "id": "1282055606"
                    }
                ]
            }
        },
        {
            "text": "RT @MrTLexify: Favela Coming to MWII Leaked Gameplay https://t.co/N0G3FPG63I",
            "id": "1671305381010702336",
            "public_metrics": {
                "retweet_count": 1324,
                "reply_count": 0,
                "like_count": 0,
                "quote_count": 0,
                "bookmark_count": 0,
                "impression_count": 0
            },
            "edit_history_tweet_ids": [
                "1671305381010702336"
            ],
            "author_id": "1525530696319655938",
            "entities": {
                "mentions": [
                    {
                        "start": 3,
                        "end": 13,
                        "username": "MrTLexify",
                        "id": "1282055606"
                    }
                ]
            }
        },
        {
            "text": "RT @MrTLexify: Favela Coming to MWII Leaked Gameplay https://t.co/N0G3FPG63I",
            "id": "1671305294066991104",
            "public_metrics": {
                "retweet_count": 1324,
                "reply_count": 0,
                "like_count": 0,
                "quote_count": 0,
                "bookmark_count": 0,
                "impression_count": 0
            },
            "edit_history_tweet_ids": [
                "1671305294066991104"
            ],
            "author_id": "1250022962293542913",
            "entities": {
                "mentions": [
                    {
                        "start": 3,
                        "end": 13,
                        "username": "MrTLexify",
                        "id": "1282055606"
                    }
                ]
            }
        },
        {
            "text": "RT @MrTLexify: Favela Coming to MWII Leaked Gameplay https://t.co/N0G3FPG63I",
            "id": "1671305173426139137",
            "public_metrics": {
                "retweet_count": 1324,
                "reply_count": 0,
                "like_count": 0,
                "quote_count": 0,
                "bookmark_count": 0,
                "impression_count": 0
            },
            "edit_history_tweet_ids": [
                "1671305173426139137"
            ],
            "author_id": "1011526537",
            "entities": {
                "mentions": [
                    {
                        "start": 3,
                        "end": 13,
                        "username": "MrTLexify",
                        "id": "1282055606"
                    }
                ]
            }
        },
        {
            "text": "RT @MrTLexify: Favela Coming to MWII Leaked Gameplay https://t.co/N0G3FPG63I",
            "id": "1671305074159796225",
            "public_metrics": {
                "retweet_count": 1324,
                "reply_count": 0,
                "like_count": 0,
                "quote_count": 0,
                "bookmark_count": 0,
                "impression_count": 0
            },
            "edit_history_tweet_ids": [
                "1671305074159796225"
            ],
            "author_id": "1084504032",
            "entities": {
                "mentions": [
                    {
                        "start": 3,
                        "end": 13,
                        "username": "MrTLexify",
                        "id": "1282055606"
                    }
                ]
            }
        },
        {
            "text": "RT @CoDIntelES: El paquete temático de Crash Bandicoot ya está disponible en #MWII &amp; #Warzone — en festejo del lanzamiento de Team Rumble.…",
            "id": "1671304999756759041",
            "public_metrics": {
                "retweet_count": 18,
                "reply_count": 0,
                "like_count": 0,
                "quote_count": 0,
                "bookmark_count": 0,
                "impression_count": 0
            },
            "edit_history_tweet_ids": [
                "1671304999756759041"
            ],
            "author_id": "1357261634637615105",
            "entities": {
                "mentions": [
                    {
                        "start": 3,
                        "end": 14,
                        "username": "CoDIntelES",
                        "id": "1209145835776331776"
                    }
                ]
            }
        },
        {
            "text": "RT @MrTLexify: Favela Coming to MWII Leaked Gameplay https://t.co/N0G3FPG63I",
            "id": "1671304995117907969",
            "public_metrics": {
                "retweet_count": 1324,
                "reply_count": 0,
                "like_count": 0,
                "quote_count": 0,
                "bookmark_count": 0,
                "impression_count": 0
            },
            "edit_history_tweet_ids": [
                "1671304995117907969"
            ],
            "author_id": "1053425718733033474",
            "entities": {
                "mentions": [
                    {
                        "start": 3,
                        "end": 13,
                        "username": "MrTLexify",
                        "id": "1282055606"
                    }
                ]
            }
        },
        {
            "text": "RT @CallofDuty: An action-packed weekend featuring new Season 04 maps is ahead. Enjoy #MWII Multiplayer for free starting June 22 📆 \n\nGet t…",
            "id": "1671304939266772992",
            "public_metrics": {
                "retweet_count": 241,
                "reply_count": 0,
                "like_count": 0,
                "quote_count": 0,
                "bookmark_count": 0,
                "impression_count": 0
            },
            "edit_history_tweet_ids": [
                "1671304939266772992"
            ],
            "author_id": "1670689688108277761",
            "entities": {
                "mentions": [
                    {
                        "start": 3,
                        "end": 14,
                        "username": "CallofDuty",
                        "id": "290097288"
                    }
                ]
            }
        },
        {
            "text": "RT @CallofDuty: The writing is on the walls - 2XP is coming 🎨\n\nEarn Double Player, Weapon, and Battle Pass XP in Call of Duty #Warzone and…",
            "id": "1671304928029990914",
            "public_metrics": {
                "retweet_count": 185,
                "reply_count": 0,
                "like_count": 0,
                "quote_count": 0,
                "bookmark_count": 0,
                "impression_count": 0
            },
            "edit_history_tweet_ids": [
                "1671304928029990914"
            ],
            "author_id": "1017690546301816832",
            "entities": {
                "mentions": [
                    {
                        "start": 3,
                        "end": 14,
                        "username": "CallofDuty",
                        "id": "290097288"
                    }
                ]
            }
        },
        {
            "text": "RT @MrTLexify: Favela Coming to MWII Leaked Gameplay https://t.co/N0G3FPG63I",
            "id": "1671304825890394114",
            "public_metrics": {
                "retweet_count": 1324,
                "reply_count": 0,
                "like_count": 0,
                "quote_count": 0,
                "bookmark_count": 0,
                "impression_count": 0
            },
            "edit_history_tweet_ids": [
                "1671304825890394114"
            ],
            "author_id": "553454267",
            "entities": {
                "mentions": [
                    {
                        "start": 3,
                        "end": 13,
                        "username": "MrTLexify",
                        "id": "1282055606"
                    }
                ]
            }
        },
        {
            "text": "RT @MrTLexify: Favela Coming to MWII Leaked Gameplay https://t.co/N0G3FPG63I",
            "id": "1671304756982079492",
            "public_metrics": {
                "retweet_count": 1324,
                "reply_count": 0,
                "like_count": 0,
                "quote_count": 0,
                "bookmark_count": 0,
                "impression_count": 0
            },
            "edit_history_tweet_ids": [
                "1671304756982079492"
            ],
            "author_id": "1567022112",
            "entities": {
                "mentions": [
                    {
                        "start": 3,
                        "end": 13,
                        "username": "MrTLexify",
                        "id": "1282055606"
                    }
                ]
            }
        },
        {
            "text": "RT @MrTLexify: Favela Coming to MWII Leaked Gameplay https://t.co/N0G3FPG63I",
            "id": "1671304741115109376",
            "public_metrics": {
                "retweet_count": 1324,
                "reply_count": 0,
                "like_count": 0,
                "quote_count": 0,
                "bookmark_count": 0,
                "impression_count": 0
            },
            "edit_history_tweet_ids": [
                "1671304741115109376"
            ],
            "author_id": "911352486660853762",
            "entities": {
                "mentions": [
                    {
                        "start": 3,
                        "end": 13,
                        "username": "MrTLexify",
                        "id": "1282055606"
                    }
                ]
            }
        },
        {
            "text": "RT @MrTLexify: Favela Coming to MWII Leaked Gameplay https://t.co/N0G3FPG63I",
            "id": "1671304593035198464",
            "public_metrics": {
                "retweet_count": 1324,
                "reply_count": 0,
                "like_count": 0,
                "quote_count": 0,
                "bookmark_count": 0,
                "impression_count": 0
            },
            "edit_history_tweet_ids": [
                "1671304593035198464"
            ],
            "author_id": "1184906736395796480",
            "entities": {
                "mentions": [
                    {
                        "start": 3,
                        "end": 13,
                        "username": "MrTLexify",
                        "id": "1282055606"
                    }
                ]
            }
        },
        {
            "text": "RT @MrTLexify: Favela Coming to MWII Leaked Gameplay https://t.co/N0G3FPG63I",
            "id": "1671304423279308801",
            "public_metrics": {
                "retweet_count": 1324,
                "reply_count": 0,
                "like_count": 0,
                "quote_count": 0,
                "bookmark_count": 0,
                "impression_count": 0
            },
            "edit_history_tweet_ids": [
                "1671304423279308801"
            ],
            "author_id": "1462145408717623298",
            "entities": {
                "mentions": [
                    {
                        "start": 3,
                        "end": 13,
                        "username": "MrTLexify",
                        "id": "1282055606"
                    }
                ]
            }
        },
        {
            "text": "RT @MrTLexify: Favela Coming to MWII Leaked Gameplay https://t.co/N0G3FPG63I",
            "id": "1671304403364593664",
            "public_metrics": {
                "retweet_count": 1324,
                "reply_count": 0,
                "like_count": 0,
                "quote_count": 0,
                "bookmark_count": 0,
                "impression_count": 0
            },
            "edit_history_tweet_ids": [
                "1671304403364593664"
            ],
            "author_id": "1585052250270998529",
            "entities": {
                "mentions": [
                    {
                        "start": 3,
                        "end": 13,
                        "username": "MrTLexify",
                        "id": "1282055606"
                    }
                ]
            }
        },
        {
            "text": "3️⃣6️⃣💣 #warzone2 #callofduty https://t.co/tZ6wFDpimG",
            "id": "1671304393935798272",
            "public_metrics": {
                "retweet_count": 0,
                "reply_count": 1,
                "like_count": 2,
                "quote_count": 0,
                "bookmark_count": 0,
                "impression_count": 32
            },
            "edit_history_tweet_ids": [
                "1671304393935798272"
            ],
            "author_id": "61913549"
        },
        {
            "text": "RT @661ave: 👑 #CallofDuty #MWII #König #Konig https://t.co/XUd07qUbHq",
            "id": "1671304383878037504",
            "public_metrics": {
                "retweet_count": 472,
                "reply_count": 0,
                "like_count": 0,
                "quote_count": 0,
                "bookmark_count": 0,
                "impression_count": 0
            },
            "edit_history_tweet_ids": [
                "1671304383878037504"
            ],
            "author_id": "1645370110910287874",
            "entities": {
                "mentions": [
                    {
                        "start": 3,
                        "end": 10,
                        "username": "661ave",
                        "id": "1054927382"
                    }
                ]
            }
        },
        {
            "text": "new wendigoon video to play in the backround of my MW2 gameplay like subway surfers on tiktok",
            "id": "1671304295843614720",
            "public_metrics": {
                "retweet_count": 0,
                "reply_count": 0,
                "like_count": 0,
                "quote_count": 0,
                "bookmark_count": 0,
                "impression_count": 46
            },
            "edit_history_tweet_ids": [
                "1671304295843614720"
            ],
            "author_id": "1493047656452706306"
        },
        {
            "text": "RT @661ave: 👑 #CallofDuty #MWII #König #Konig https://t.co/XUd07qUbHq",
            "id": "1671304257146966017",
            "public_metrics": {
                "retweet_count": 472,
                "reply_count": 0,
                "like_count": 0,
                "quote_count": 0,
                "bookmark_count": 0,
                "impression_count": 0
            },
            "edit_history_tweet_ids": [
                "1671304257146966017"
            ],
            "author_id": "1645912886085025792",
            "entities": {
                "mentions": [
                    {
                        "start": 3,
                        "end": 10,
                        "username": "661ave",
                        "id": "1054927382"
                    }
                ]
            }
        },
        {
            "text": "RT @MrTLexify: Favela Coming to MWII Leaked Gameplay https://t.co/N0G3FPG63I",
            "id": "1671304201459122185",
            "public_metrics": {
                "retweet_count": 1324,
                "reply_count": 0,
                "like_count": 0,
                "quote_count": 0,
                "bookmark_count": 0,
                "impression_count": 0
            },
            "edit_history_tweet_ids": [
                "1671304201459122185"
            ],
            "author_id": "2824849974",
            "entities": {
                "mentions": [
                    {
                        "start": 3,
                        "end": 13,
                        "username": "MrTLexify",
                        "id": "1282055606"
                    }
                ]
            }
        },
        {
            "text": "RT @MrTLexify: Favela Coming to MWII Leaked Gameplay https://t.co/N0G3FPG63I",
            "id": "1671304198590455808",
            "public_metrics": {
                "retweet_count": 1324,
                "reply_count": 0,
                "like_count": 0,
                "quote_count": 0,
                "bookmark_count": 0,
                "impression_count": 0
            },
            "edit_history_tweet_ids": [
                "1671304198590455808"
            ],
            "author_id": "1062841288641392641",
            "entities": {
                "mentions": [
                    {
                        "start": 3,
                        "end": 13,
                        "username": "MrTLexify",
                        "id": "1282055606"
                    }
                ]
            }
        },
        {
            "text": "RT @MrTLexify: Favela Coming to MWII Leaked Gameplay https://t.co/N0G3FPG63I",
            "id": "1671304174191951875",
            "public_metrics": {
                "retweet_count": 1324,
                "reply_count": 0,
                "like_count": 0,
                "quote_count": 0,
                "bookmark_count": 0,
                "impression_count": 0
            },
            "edit_history_tweet_ids": [
                "1671304174191951875"
            ],
            "author_id": "1438268071492395020",
            "entities": {
                "mentions": [
                    {
                        "start": 3,
                        "end": 13,
                        "username": "MrTLexify",
                        "id": "1282055606"
                    }
                ]
            }
        },
        {
            "text": "RT @MrTLexify: Favela Coming to MWII Leaked Gameplay https://t.co/N0G3FPG63I",
            "id": "1671304156093747200",
            "public_metrics": {
                "retweet_count": 1324,
                "reply_count": 0,
                "like_count": 0,
                "quote_count": 0,
                "bookmark_count": 0,
                "impression_count": 0
            },
            "edit_history_tweet_ids": [
                "1671304156093747200"
            ],
            "author_id": "365926391",
            "entities": {
                "mentions": [
                    {
                        "start": 3,
                        "end": 13,
                        "username": "MrTLexify",
                        "id": "1282055606"
                    }
                ]
            }
        },
        {
            "text": "RT @NMStateEsports: This past weekend the Aggies made an appearance at #CDLChamps in Las Vegas! It was an amazing event and a great time se…",
            "id": "1671304005837025282",
            "public_metrics": {
                "retweet_count": 5,
                "reply_count": 0,
                "like_count": 0,
                "quote_count": 0,
                "bookmark_count": 0,
                "impression_count": 0
            },
            "edit_history_tweet_ids": [
                "1671304005837025282"
            ],
            "author_id": "1559978832",
            "entities": {
                "mentions": [
                    {
                        "start": 3,
                        "end": 18,
                        "username": "NMStateEsports",
                        "id": "767921530114220032"
                    }
                ]
            }
        },
        {
            "text": "RT @661ave: 👑 #CallofDuty #MWII #König #Konig https://t.co/XUd07qUbHq",
            "id": "1671303884986523648",
            "public_metrics": {
                "retweet_count": 472,
                "reply_count": 0,
                "like_count": 0,
                "quote_count": 0,
                "bookmark_count": 0,
                "impression_count": 0
            },
            "edit_history_tweet_ids": [
                "1671303884986523648"
            ],
            "author_id": "626009950",
            "entities": {
                "mentions": [
                    {
                        "start": 3,
                        "end": 10,
                        "username": "661ave",
                        "id": "1054927382"
                    }
                ]
            }
        },
        {
            "text": "Day #24 of asking @Activision and @ATVIAssist to look into the mass spam reports causing shadowbans in MWII and warzone 2. @CODUpdates  @RavenSoftware @InfinityWard @CallofDuty @CallofDutyUK @COD_Esports @Activision\n@ATVI_AB @ATVIAssist @Treyarch @HighMoonStudios @BeenoxCODPC… https://t.co/NxaEBA6uap",
            "id": "1671303819752361984",
            "public_metrics": {
                "retweet_count": 0,
                "reply_count": 11,
                "like_count": 2,
                "quote_count": 7,
                "bookmark_count": 0,
                "impression_count": 144
            },
            "edit_history_tweet_ids": [
                "1671303819752361984"
            ],
            "author_id": "2400957103",
            "entities": {
                "mentions": [
                    {
                        "start": 18,
                        "end": 29,
                        "username": "Activision",
                        "id": "612782611"
                    },
                    {
                        "start": 34,
                        "end": 45,
                        "username": "ATVIAssist",
                        "id": "85215038"
                    },
                    {
                        "start": 123,
                        "end": 134,
                        "username": "CODUpdates",
                        "id": "1662154128267542533"
                    },
                    {
                        "start": 136,
                        "end": 150,
                        "username": "RavenSoftware",
                        "id": "19136295"
                    },
                    {
                        "start": 151,
                        "end": 164,
                        "username": "InfinityWard",
                        "id": "18742444"
                    },
                    {
                        "start": 165,
                        "end": 176,
                        "username": "CallofDuty",
                        "id": "290097288"
                    },
                    {
                        "start": 177,
                        "end": 190,
                        "username": "CallofDutyUK",
                        "id": "704650838"
                    },
                    {
                        "start": 191,
                        "end": 203,
                        "username": "COD_Esports",
                        "id": "1626692236552593408"
                    },
                    {
                        "start": 204,
                        "end": 215,
                        "username": "Activision",
                        "id": "612782611"
                    },
                    {
                        "start": 216,
                        "end": 224,
                        "username": "ATVI_AB",
                        "id": "753670706311815169"
                    },
                    {
                        "start": 225,
                        "end": 236,
                        "username": "ATVIAssist",
                        "id": "85215038"
                    },
                    {
                        "start": 237,
                        "end": 246,
                        "username": "Treyarch",
                        "id": "46423291"
                    },
                    {
                        "start": 247,
                        "end": 263,
                        "username": "HighMoonStudios",
                        "id": "129988769"
                    },
                    {
                        "start": 264,
                        "end": 276,
                        "username": "BeenoxCODPC",
                        "id": "1450902467856773122"
                    }
                ]
            }
        },
        {
            "text": "RT @MrTLexify: Favela Coming to MWII Leaked Gameplay https://t.co/N0G3FPG63I",
            "id": "1671303814849363968",
            "public_metrics": {
                "retweet_count": 1324,
                "reply_count": 0,
                "like_count": 0,
                "quote_count": 0,
                "bookmark_count": 0,
                "impression_count": 0
            },
            "edit_history_tweet_ids": [
                "1671303814849363968"
            ],
            "author_id": "937488617571868673",
            "entities": {
                "mentions": [
                    {
                        "start": 3,
                        "end": 13,
                        "username": "MrTLexify",
                        "id": "1282055606"
                    }
                ]
            }
        },
        {
            "text": "RT @MrTLexify: Favela Coming to MWII Leaked Gameplay https://t.co/N0G3FPG63I",
            "id": "1671303787385081856",
            "public_metrics": {
                "retweet_count": 1324,
                "reply_count": 0,
                "like_count": 0,
                "quote_count": 0,
                "bookmark_count": 0,
                "impression_count": 0
            },
            "edit_history_tweet_ids": [
                "1671303787385081856"
            ],
            "author_id": "1167309807008673792",
            "entities": {
                "mentions": [
                    {
                        "start": 3,
                        "end": 13,
                        "username": "MrTLexify",
                        "id": "1282055606"
                    }
                ]
            }
        },
        {
            "text": "Got the opps upset in Warzone! 😂\n\n#explore #explorepage #viral #gaming #gamer #cod #callofduty #mw2 #modernwarfare2 #ranked #rankedplay #warzone #wz #clips #twitchstreamer #streamer\n\nInstagram: iDamajae\nTik Tok: iDamajae\nYoutube: iDamajae\nTwitch: iDamajae https://t.co/zKyS7vPaRo",
            "id": "1671303771790401538",
            "public_metrics": {
                "retweet_count": 0,
                "reply_count": 0,
                "like_count": 0,
                "quote_count": 0,
                "bookmark_count": 0,
                "impression_count": 117
            },
            "edit_history_tweet_ids": [
                "1671303771790401538"
            ],
            "author_id": "1415590785215500290"
        },
        {
            "text": "@ModernWarzone Oh right but they couldn't do it for the mw2 of 2022. Pathetic? Or lazy? Just plain old Activision trying to force you to buy the next one. Greedy ducks",
            "id": "1671303768388825090",
            "public_metrics": {
                "retweet_count": 0,
                "reply_count": 0,
                "like_count": 0,
                "quote_count": 0,
                "bookmark_count": 0,
                "impression_count": 8
            },
            "edit_history_tweet_ids": [
                "1671303768388825090"
            ],
            "author_id": "18291982",
            "entities": {
                "mentions": [
                    {
                        "start": 0,
                        "end": 14,
                        "username": "ModernWarzone",
                        "id": "1228824019987726338"
                    }
                ]
            }
        },
        {
            "text": "RT @CallofDuty: An action-packed weekend featuring new Season 04 maps is ahead. Enjoy #MWII Multiplayer for free starting June 22 📆 \n\nGet t…",
            "id": "1671303762562957318",
            "public_metrics": {
                "retweet_count": 241,
                "reply_count": 0,
                "like_count": 0,
                "quote_count": 0,
                "bookmark_count": 0,
                "impression_count": 0
            },
            "edit_history_tweet_ids": [
                "1671303762562957318"
            ],
            "author_id": "1240900080338718720",
            "entities": {
                "mentions": [
                    {
                        "start": 3,
                        "end": 14,
                        "username": "CallofDuty",
                        "id": "290097288"
                    }
                ]
            }
        },
        {
            "text": "@OptronYT @PlayCODMobile Might come next season 👀",
            "id": "1671303653884305411",
            "public_metrics": {
                "retweet_count": 0,
                "reply_count": 1,
                "like_count": 2,
                "quote_count": 0,
                "bookmark_count": 0,
                "impression_count": 23
            },
            "edit_history_tweet_ids": [
                "1671303653884305411"
            ],
            "author_id": "1418935080655933450",
            "entities": {
                "mentions": [
                    {
                        "start": 0,
                        "end": 9,
                        "username": "OptronYT",
                        "id": "1383655186674065412"
                    },
                    {
                        "start": 10,
                        "end": 24,
                        "username": "PlayCODMobile",
                        "id": "1166443278834659328"
                    }
                ]
            }
        },
        {
            "text": "RT @MrTLexify: Favela Coming to MWII Leaked Gameplay https://t.co/N0G3FPG63I",
            "id": "1671303616731160578",
            "public_metrics": {
                "retweet_count": 1324,
                "reply_count": 0,
                "like_count": 0,
                "quote_count": 0,
                "bookmark_count": 0,
                "impression_count": 0
            },
            "edit_history_tweet_ids": [
                "1671303616731160578"
            ],
            "author_id": "289041254",
            "entities": {
                "mentions": [
                    {
                        "start": 3,
                        "end": 13,
                        "username": "MrTLexify",
                        "id": "1282055606"
                    }
                ]
            }
        },
        {
            "text": "Team up!! I'm now streaming on Twitch, YouTube and TikTok! Playing Modern Warfare 2 #PathtoAffiliate #MW2 #CallofDuty #CallofDutyWarzone #Vanguard #BattleRoyale #WarzonePacific #Streaming \nhttps://t.co/a36dbu8KtE",
            "id": "1671303534376108035",
            "public_metrics": {
                "retweet_count": 0,
                "reply_count": 0,
                "like_count": 0,
                "quote_count": 0,
                "bookmark_count": 0,
                "impression_count": 4
            },
            "edit_history_tweet_ids": [
                "1671303534376108035"
            ],
            "author_id": "14199030"
        },
        {
            "text": "RT @CoDIntelES: El paquete temático de Crash Bandicoot ya está disponible en #MWII &amp; #Warzone — en festejo del lanzamiento de Team Rumble.…",
            "id": "1671303531679350784",
            "public_metrics": {
                "retweet_count": 18,
                "reply_count": 0,
                "like_count": 0,
                "quote_count": 0,
                "bookmark_count": 0,
                "impression_count": 0
            },
            "edit_history_tweet_ids": [
                "1671303531679350784"
            ],
            "author_id": "1229213393648803841",
            "entities": {
                "mentions": [
                    {
                        "start": 3,
                        "end": 14,
                        "username": "CoDIntelES",
                        "id": "1209145835776331776"
                    }
                ]
            }
        },
        {
            "text": "RT @MrTLexify: Favela Coming to MWII Leaked Gameplay https://t.co/N0G3FPG63I",
            "id": "1671303503137103873",
            "public_metrics": {
                "retweet_count": 1324,
                "reply_count": 0,
                "like_count": 0,
                "quote_count": 0,
                "bookmark_count": 0,
                "impression_count": 0
            },
            "edit_history_tweet_ids": [
                "1671303503137103873"
            ],
            "author_id": "2596927622",
            "entities": {
                "mentions": [
                    {
                        "start": 3,
                        "end": 13,
                        "username": "MrTLexify",
                        "id": "1282055606"
                    }
                ]
            }
        },
        {
            "text": "RT @661ave: 👑 #CallofDuty #MWII #König #Konig https://t.co/XUd07qUbHq",
            "id": "1671303431351410690",
            "public_metrics": {
                "retweet_count": 472,
                "reply_count": 0,
                "like_count": 0,
                "quote_count": 0,
                "bookmark_count": 0,
                "impression_count": 0
            },
            "edit_history_tweet_ids": [
                "1671303431351410690"
            ],
            "author_id": "1412546766684266502",
            "entities": {
                "mentions": [
                    {
                        "start": 3,
                        "end": 10,
                        "username": "661ave",
                        "id": "1054927382"
                    }
                ]
            }
        },
        {
            "text": "RT @MrTLexify: Favela Coming to MWII Leaked Gameplay https://t.co/N0G3FPG63I",
            "id": "1671303408018661377",
            "public_metrics": {
                "retweet_count": 1324,
                "reply_count": 0,
                "like_count": 0,
                "quote_count": 0,
                "bookmark_count": 0,
                "impression_count": 0
            },
            "edit_history_tweet_ids": [
                "1671303408018661377"
            ],
            "author_id": "381720458",
            "entities": {
                "mentions": [
                    {
                        "start": 3,
                        "end": 13,
                        "username": "MrTLexify",
                        "id": "1282055606"
                    }
                ]
            }
        },
        {
            "text": "RT @MrTLexify: Favela Coming to MWII Leaked Gameplay https://t.co/N0G3FPG63I",
            "id": "1671303395800657923",
            "public_metrics": {
                "retweet_count": 1324,
                "reply_count": 0,
                "like_count": 0,
                "quote_count": 0,
                "bookmark_count": 0,
                "impression_count": 0
            },
            "edit_history_tweet_ids": [
                "1671303395800657923"
            ],
            "author_id": "875783844472868864",
            "entities": {
                "mentions": [
                    {
                        "start": 3,
                        "end": 13,
                        "username": "MrTLexify",
                        "id": "1282055606"
                    }
                ]
            }
        },
        {
            "text": "RT @MrTLexify: Favela Coming to MWII Leaked Gameplay https://t.co/N0G3FPG63I",
            "id": "1671303291064418308",
            "public_metrics": {
                "retweet_count": 1324,
                "reply_count": 0,
                "like_count": 0,
                "quote_count": 0,
                "bookmark_count": 0,
                "impression_count": 0
            },
            "edit_history_tweet_ids": [
                "1671303291064418308"
            ],
            "author_id": "862455738152751105",
            "entities": {
                "mentions": [
                    {
                        "start": 3,
                        "end": 13,
                        "username": "MrTLexify",
                        "id": "1282055606"
                    }
                ]
            }
        },
        {
            "text": "RT @MrTLexify: Favela Coming to MWII Leaked Gameplay https://t.co/N0G3FPG63I",
            "id": "1671303153235681280",
            "public_metrics": {
                "retweet_count": 1324,
                "reply_count": 0,
                "like_count": 0,
                "quote_count": 0,
                "bookmark_count": 0,
                "impression_count": 0
            },
            "edit_history_tweet_ids": [
                "1671303153235681280"
            ],
            "author_id": "1361684873967067139",
            "entities": {
                "mentions": [
                    {
                        "start": 3,
                        "end": 13,
                        "username": "MrTLexify",
                        "id": "1282055606"
                    }
                ]
            }
        },
        {
            "text": "RT @MrTLexify: Favela Coming to MWII Leaked Gameplay https://t.co/N0G3FPG63I",
            "id": "1671303081768755201",
            "public_metrics": {
                "retweet_count": 1324,
                "reply_count": 0,
                "like_count": 0,
                "quote_count": 0,
                "bookmark_count": 0,
                "impression_count": 0
            },
            "edit_history_tweet_ids": [
                "1671303081768755201"
            ],
            "author_id": "738805922",
            "entities": {
                "mentions": [
                    {
                        "start": 3,
                        "end": 13,
                        "username": "MrTLexify",
                        "id": "1282055606"
                    }
                ]
            }
        },
        {
            "text": "RT @MrTLexify: Favela Coming to MWII Leaked Gameplay https://t.co/N0G3FPG63I",
            "id": "1671303052903718912",
            "public_metrics": {
                "retweet_count": 1324,
                "reply_count": 0,
                "like_count": 0,
                "quote_count": 0,
                "bookmark_count": 0,
                "impression_count": 0
            },
            "edit_history_tweet_ids": [
                "1671303052903718912"
            ],
            "author_id": "1535521220",
            "entities": {
                "mentions": [
                    {
                        "start": 3,
                        "end": 13,
                        "username": "MrTLexify",
                        "id": "1282055606"
                    }
                ]
            }
        },
        {
            "text": "Fed up with @CallofDuty and @Activision. #MW2 is just full of bugs, it’s getting beyond a joke now!!",
            "id": "1671303052115030021",
            "public_metrics": {
                "retweet_count": 0,
                "reply_count": 0,
                "like_count": 1,
                "quote_count": 0,
                "bookmark_count": 0,
                "impression_count": 40
            },
            "edit_history_tweet_ids": [
                "1671303052115030021"
            ],
            "author_id": "45329931",
            "entities": {
                "mentions": [
                    {
                        "start": 12,
                        "end": 23,
                        "username": "CallofDuty",
                        "id": "290097288"
                    },
                    {
                        "start": 28,
                        "end": 39,
                        "username": "Activision",
                        "id": "612782611"
                    }
                ]
            }
        },
        {
            "text": "RT @CallofDuty: An action-packed weekend featuring new Season 04 maps is ahead. Enjoy #MWII Multiplayer for free starting June 22 📆 \n\nGet t…",
            "id": "1671303035874693123",
            "public_metrics": {
                "retweet_count": 241,
                "reply_count": 0,
                "like_count": 0,
                "quote_count": 0,
                "bookmark_count": 0,
                "impression_count": 0
            },
            "edit_history_tweet_ids": [
                "1671303035874693123"
            ],
            "author_id": "721459901013311489",
            "entities": {
                "mentions": [
                    {
                        "start": 3,
                        "end": 14,
                        "username": "CallofDuty",
                        "id": "290097288"
                    }
                ]
            }
        },
        {
            "text": "RT @661ave: 👑 #CallofDuty #MWII #König #Konig https://t.co/XUd07qUbHq",
            "id": "1671302992077770752",
            "public_metrics": {
                "retweet_count": 472,
                "reply_count": 0,
                "like_count": 0,
                "quote_count": 0,
                "bookmark_count": 0,
                "impression_count": 0
            },
            "edit_history_tweet_ids": [
                "1671302992077770752"
            ],
            "author_id": "1632110693506744320",
            "entities": {
                "mentions": [
                    {
                        "start": 3,
                        "end": 10,
                        "username": "661ave",
                        "id": "1054927382"
                    }
                ]
            }
        },
        {
            "text": "RT @MrTLexify: Favela Coming to MWII Leaked Gameplay https://t.co/N0G3FPG63I",
            "id": "1671302991029190656",
            "public_metrics": {
                "retweet_count": 1324,
                "reply_count": 0,
                "like_count": 0,
                "quote_count": 0,
                "bookmark_count": 0,
                "impression_count": 0
            },
            "edit_history_tweet_ids": [
                "1671302991029190656"
            ],
            "author_id": "3364734532",
            "entities": {
                "mentions": [
                    {
                        "start": 3,
                        "end": 13,
                        "username": "MrTLexify",
                        "id": "1282055606"
                    }
                ]
            }
        },
        {
            "text": "RT @MrTLexify: Favela Coming to MWII Leaked Gameplay https://t.co/N0G3FPG63I",
            "id": "1671302969541705733",
            "public_metrics": {
                "retweet_count": 1324,
                "reply_count": 0,
                "like_count": 0,
                "quote_count": 0,
                "bookmark_count": 0,
                "impression_count": 0
            },
            "edit_history_tweet_ids": [
                "1671302969541705733"
            ],
            "author_id": "897139036720181248",
            "entities": {
                "mentions": [
                    {
                        "start": 3,
                        "end": 13,
                        "username": "MrTLexify",
                        "id": "1282055606"
                    }
                ]
            }
        },
        {
            "text": "RT @MrTLexify: Favela Coming to MWII Leaked Gameplay https://t.co/N0G3FPG63I",
            "id": "1671302950180757505",
            "public_metrics": {
                "retweet_count": 1324,
                "reply_count": 0,
                "like_count": 0,
                "quote_count": 0,
                "bookmark_count": 0,
                "impression_count": 0
            },
            "edit_history_tweet_ids": [
                "1671302950180757505"
            ],
            "author_id": "1692602905",
            "entities": {
                "mentions": [
                    {
                        "start": 3,
                        "end": 13,
                        "username": "MrTLexify",
                        "id": "1282055606"
                    }
                ]
            }
        },
        {
            "text": "@PlayCODMobile @ATVIAssist AND WHAT ABOUT A FIX FOR VIEWERSHIP REWARDS NOT BEING DELIVERED AFTER WATCHING CDL MATCHES AFTER HOURS ON END😩🤔",
            "id": "1671302893838692356",
            "public_metrics": {
                "retweet_count": 0,
                "reply_count": 1,
                "like_count": 0,
                "quote_count": 0,
                "bookmark_count": 0,
                "impression_count": 41
            },
            "edit_history_tweet_ids": [
                "1671302893838692356"
            ],
            "author_id": "2273243766",
            "entities": {
                "mentions": [
                    {
                        "start": 0,
                        "end": 14,
                        "username": "PlayCODMobile",
                        "id": "1166443278834659328"
                    },
                    {
                        "start": 15,
                        "end": 26,
                        "username": "ATVIAssist",
                        "id": "85215038"
                    }
                ]
            }
        },
        {
            "text": "RT @MrTLexify: Favela Coming to MWII Leaked Gameplay https://t.co/N0G3FPG63I",
            "id": "1671302810867060741",
            "public_metrics": {
                "retweet_count": 1324,
                "reply_count": 0,
                "like_count": 0,
                "quote_count": 0,
                "bookmark_count": 0,
                "impression_count": 0
            },
            "edit_history_tweet_ids": [
                "1671302810867060741"
            ],
            "author_id": "2525709294",
            "entities": {
                "mentions": [
                    {
                        "start": 3,
                        "end": 13,
                        "username": "MrTLexify",
                        "id": "1282055606"
                    }
                ]
            }
        },
        {
            "text": "RT @661ave: 👑 #CallofDuty #MWII #König #Konig https://t.co/XUd07qUbHq",
            "id": "1671302800880328705",
            "public_metrics": {
                "retweet_count": 472,
                "reply_count": 0,
                "like_count": 0,
                "quote_count": 0,
                "bookmark_count": 0,
                "impression_count": 0
            },
            "edit_history_tweet_ids": [
                "1671302800880328705"
            ],
            "author_id": "2328978614",
            "entities": {
                "mentions": [
                    {
                        "start": 3,
                        "end": 10,
                        "username": "661ave",
                        "id": "1054927382"
                    }
                ]
            }
        },
        {
            "text": "RT @MrTLexify: Favela Coming to MWII Leaked Gameplay https://t.co/N0G3FPG63I",
            "id": "1671302737416556545",
            "public_metrics": {
                "retweet_count": 1324,
                "reply_count": 0,
                "like_count": 0,
                "quote_count": 0,
                "bookmark_count": 0,
                "impression_count": 0
            },
            "edit_history_tweet_ids": [
                "1671302737416556545"
            ],
            "author_id": "977650037118271488",
            "entities": {
                "mentions": [
                    {
                        "start": 3,
                        "end": 13,
                        "username": "MrTLexify",
                        "id": "1282055606"
                    }
                ]
            }
        },
        {
            "text": "RT @MrTLexify: Favela Coming to MWII Leaked Gameplay https://t.co/N0G3FPG63I",
            "id": "1671302728151072771",
            "public_metrics": {
                "retweet_count": 1324,
                "reply_count": 0,
                "like_count": 0,
                "quote_count": 0,
                "bookmark_count": 0,
                "impression_count": 0
            },
            "edit_history_tweet_ids": [
                "1671302728151072771"
            ],
            "author_id": "284498104",
            "entities": {
                "mentions": [
                    {
                        "start": 3,
                        "end": 13,
                        "username": "MrTLexify",
                        "id": "1282055606"
                    }
                ]
            }
        },
        {
            "text": "RT @MrTLexify: Favela Coming to MWII Leaked Gameplay https://t.co/N0G3FPG63I",
            "id": "1671302719506640896",
            "public_metrics": {
                "retweet_count": 1324,
                "reply_count": 0,
                "like_count": 0,
                "quote_count": 0,
                "bookmark_count": 0,
                "impression_count": 0
            },
            "edit_history_tweet_ids": [
                "1671302719506640896"
            ],
            "author_id": "1432148936366624768",
            "entities": {
                "mentions": [
                    {
                        "start": 3,
                        "end": 13,
                        "username": "MrTLexify",
                        "id": "1282055606"
                    }
                ]
            }
        },
        {
            "text": "RT @MrTLexify: Favela Coming to MWII Leaked Gameplay https://t.co/N0G3FPG63I",
            "id": "1671302656592060416",
            "public_metrics": {
                "retweet_count": 1324,
                "reply_count": 0,
                "like_count": 0,
                "quote_count": 0,
                "bookmark_count": 0,
                "impression_count": 0
            },
            "edit_history_tweet_ids": [
                "1671302656592060416"
            ],
            "author_id": "3342742995",
            "entities": {
                "mentions": [
                    {
                        "start": 3,
                        "end": 13,
                        "username": "MrTLexify",
                        "id": "1282055606"
                    }
                ]
            }
        },
        {
            "text": "RT @CallofDuty: An action-packed weekend featuring new Season 04 maps is ahead. Enjoy #MWII Multiplayer for free starting June 22 📆 \n\nGet t…",
            "id": "1671302621104144384",
            "public_metrics": {
                "retweet_count": 241,
                "reply_count": 0,
                "like_count": 0,
                "quote_count": 0,
                "bookmark_count": 0,
                "impression_count": 0
            },
            "edit_history_tweet_ids": [
                "1671302621104144384"
            ],
            "author_id": "3357904161",
            "entities": {
                "mentions": [
                    {
                        "start": 3,
                        "end": 14,
                        "username": "CallofDuty",
                        "id": "290097288"
                    }
                ]
            }
        },
        {
            "text": "RT @MrTLexify: Favela Coming to MWII Leaked Gameplay https://t.co/N0G3FPG63I",
            "id": "1671302599373463554",
            "public_metrics": {
                "retweet_count": 1324,
                "reply_count": 0,
                "like_count": 0,
                "quote_count": 0,
                "bookmark_count": 0,
                "impression_count": 0
            },
            "edit_history_tweet_ids": [
                "1671302599373463554"
            ],
            "author_id": "1430575306146996224",
            "entities": {
                "mentions": [
                    {
                        "start": 3,
                        "end": 13,
                        "username": "MrTLexify",
                        "id": "1282055606"
                    }
                ]
            }
        },
        {
            "text": "@charlieINTEL That's cool. While mw2 isn't as perfect of a game I still enjoy it for the most part. Infected, gun game, 10v10 moshpit, 3rd person moshpit &amp; my favorite modes dropzone and grind all being added to quickplay in mp as permanent modes is the best thing IW &amp; activision have done.",
            "id": "1671302543773712386",
            "public_metrics": {
                "retweet_count": 0,
                "reply_count": 1,
                "like_count": 0,
                "quote_count": 0,
                "bookmark_count": 0,
                "impression_count": 468
            },
            "edit_history_tweet_ids": [
                "1671302543773712386"
            ],
            "author_id": "1316215991953747969",
            "entities": {
                "mentions": [
                    {
                        "start": 0,
                        "end": 13,
                        "username": "charlieINTEL",
                        "id": "15411797"
                    }
                ]
            }
        },
        {
            "text": "RT @MrTLexify: Favela Coming to MWII Leaked Gameplay https://t.co/N0G3FPG63I",
            "id": "1671302483904167938",
            "public_metrics": {
                "retweet_count": 1324,
                "reply_count": 0,
                "like_count": 0,
                "quote_count": 0,
                "bookmark_count": 0,
                "impression_count": 0
            },
            "edit_history_tweet_ids": [
                "1671302483904167938"
            ],
            "author_id": "1379031687343001600",
            "entities": {
                "mentions": [
                    {
                        "start": 3,
                        "end": 13,
                        "username": "MrTLexify",
                        "id": "1282055606"
                    }
                ]
            }
        },
        {
            "text": "RT @CallofDuty: An action-packed weekend featuring new Season 04 maps is ahead. Enjoy #MWII Multiplayer for free starting June 22 📆 \n\nGet t…",
            "id": "1671302438601760768",
            "public_metrics": {
                "retweet_count": 241,
                "reply_count": 0,
                "like_count": 0,
                "quote_count": 0,
                "bookmark_count": 0,
                "impression_count": 0
            },
            "edit_history_tweet_ids": [
                "1671302438601760768"
            ],
            "author_id": "1667155397277519872",
            "entities": {
                "mentions": [
                    {
                        "start": 3,
                        "end": 14,
                        "username": "CallofDuty",
                        "id": "290097288"
                    }
                ]
            }
        },
        {
            "text": "RT @MrTLexify: Favela Coming to MWII Leaked Gameplay https://t.co/N0G3FPG63I",
            "id": "1671302403663036416",
            "public_metrics": {
                "retweet_count": 1324,
                "reply_count": 0,
                "like_count": 0,
                "quote_count": 0,
                "bookmark_count": 0,
                "impression_count": 0
            },
            "edit_history_tweet_ids": [
                "1671302403663036416"
            ],
            "author_id": "1456587129107226626",
            "entities": {
                "mentions": [
                    {
                        "start": 3,
                        "end": 13,
                        "username": "MrTLexify",
                        "id": "1282055606"
                    }
                ]
            }
        },
        {
            "text": "RT @loneghostwolf88: Soap for the beach boy series 🧼☀️🏝️\n#CallofDutyModernWarfare2 #CodGhost #CodSoap #CallofDuty #3DRender #Rendering #MWI…",
            "id": "1671302399225643009",
            "public_metrics": {
                "retweet_count": 227,
                "reply_count": 0,
                "like_count": 0,
                "quote_count": 0,
                "bookmark_count": 0,
                "impression_count": 0
            },
            "edit_history_tweet_ids": [
                "1671302399225643009"
            ],
            "author_id": "1162992508244070403",
            "entities": {
                "mentions": [
                    {
                        "start": 3,
                        "end": 19,
                        "username": "loneghostwolf88",
                        "id": "1112278494682271747"
                    }
                ]
            }
        },
        {
            "text": "RT @loneghostwolf88: Soap for the beach boy series 🧼☀️🏝️\n#CallofDutyModernWarfare2 #CodGhost #CodSoap #CallofDuty #3DRender #Rendering #MWI…",
            "id": "1671302196540112898",
            "public_metrics": {
                "retweet_count": 227,
                "reply_count": 0,
                "like_count": 0,
                "quote_count": 0,
                "bookmark_count": 0,
                "impression_count": 0
            },
            "edit_history_tweet_ids": [
                "1671302196540112898"
            ],
            "author_id": "732832467481198592",
            "entities": {
                "mentions": [
                    {
                        "start": 3,
                        "end": 19,
                        "username": "loneghostwolf88",
                        "id": "1112278494682271747"
                    }
                ]
            }
        },
        {
            "text": "RT @MrTLexify: Favela Coming to MWII Leaked Gameplay https://t.co/N0G3FPG63I",
            "id": "1671302165007147009",
            "public_metrics": {
                "retweet_count": 1324,
                "reply_count": 0,
                "like_count": 0,
                "quote_count": 0,
                "bookmark_count": 0,
                "impression_count": 0
            },
            "edit_history_tweet_ids": [
                "1671302165007147009"
            ],
            "author_id": "1068962889501937664",
            "entities": {
                "mentions": [
                    {
                        "start": 3,
                        "end": 13,
                        "username": "MrTLexify",
                        "id": "1282055606"
                    }
                ]
            }
        },
        {
            "text": "Hey @CDLHypeSquad @itsmoneybagmont @DaBOOZER1 are the champ codes working you guys? Nothing works for me #CDLChamps #CDL2023 @ATVIAssist @CODLeague",
            "id": "1671302111492182018",
            "public_metrics": {
                "retweet_count": 0,
                "reply_count": 3,
                "like_count": 1,
                "quote_count": 0,
                "bookmark_count": 0,
                "impression_count": 350
            },
            "edit_history_tweet_ids": [
                "1671302111492182018"
            ],
            "author_id": "907917218859634688",
            "entities": {
                "mentions": [
                    {
                        "start": 4,
                        "end": 17,
                        "username": "CDLHypeSquad",
                        "id": "1557824830971359232"
                    },
                    {
                        "start": 18,
                        "end": 34,
                        "username": "itsmoneybagmont",
                        "id": "4619704910"
                    },
                    {
                        "start": 35,
                        "end": 45,
                        "username": "DaBOOZER1",
                        "id": "1137254876096946176"
                    },
                    {
                        "start": 125,
                        "end": 136,
                        "username": "ATVIAssist",
                        "id": "85215038"
                    },
                    {
                        "start": 137,
                        "end": 147,
                        "username": "CODLeague",
                        "id": "294198566"
                    }
                ]
            }
        },
        {
            "text": "LIVE NOW ON @KickStreaming✅ \n\nK I C K . C O M / I N S P I T H\n\nhttps://t.co/NEQHoE2Nyx\n\n#warzone #warzone2 #ashikaisland #mw2 #callofduty #gaming #streamer #streamerthings #inspith\n\n@Trainwreckstv @StakeEddie https://t.co/2JlVOOJAhe",
            "id": "1671301937923325952",
            "public_metrics": {
                "retweet_count": 0,
                "reply_count": 0,
                "like_count": 1,
                "quote_count": 0,
                "bookmark_count": 0,
                "impression_count": 88
            },
            "edit_history_tweet_ids": [
                "1671301937923325952"
            ],
            "author_id": "1191170971249590273",
            "entities": {
                "mentions": [
                    {
                        "start": 12,
                        "end": 26,
                        "username": "KickStreaming",
                        "id": "1579314486137458695"
                    },
                    {
                        "start": 182,
                        "end": 196,
                        "username": "Trainwreckstv",
                        "id": "3256068152"
                    },
                    {
                        "start": 197,
                        "end": 208,
                        "username": "StakeEddie",
                        "id": "1140458581088538624"
                    }
                ]
            }
        },
        {
            "text": "RT @MrTLexify: Favela Coming to MWII Leaked Gameplay https://t.co/N0G3FPG63I",
            "id": "1671301917740343296",
            "public_metrics": {
                "retweet_count": 1324,
                "reply_count": 0,
                "like_count": 0,
                "quote_count": 0,
                "bookmark_count": 0,
                "impression_count": 0
            },
            "edit_history_tweet_ids": [
                "1671301917740343296"
            ],
            "author_id": "799799940943843329",
            "entities": {
                "mentions": [
                    {
                        "start": 3,
                        "end": 13,
                        "username": "MrTLexify",
                        "id": "1282055606"
                    }
                ]
            }
        },
        {
            "text": "RT @MrTLexify: Favela Coming to MWII Leaked Gameplay https://t.co/N0G3FPG63I",
            "id": "1671301862056681473",
            "public_metrics": {
                "retweet_count": 1324,
                "reply_count": 0,
                "like_count": 0,
                "quote_count": 0,
                "bookmark_count": 0,
                "impression_count": 0
            },
            "edit_history_tweet_ids": [
                "1671301862056681473"
            ],
            "author_id": "1070735124294176771",
            "entities": {
                "mentions": [
                    {
                        "start": 3,
                        "end": 13,
                        "username": "MrTLexify",
                        "id": "1282055606"
                    }
                ]
            }
        },
        {
            "text": "RT @MrTLexify: Favela Coming to MWII Leaked Gameplay https://t.co/N0G3FPG63I",
            "id": "1671301834235953152",
            "public_metrics": {
                "retweet_count": 1324,
                "reply_count": 0,
                "like_count": 0,
                "quote_count": 0,
                "bookmark_count": 0,
                "impression_count": 0
            },
            "edit_history_tweet_ids": [
                "1671301834235953152"
            ],
            "author_id": "1327040532",
            "entities": {
                "mentions": [
                    {
                        "start": 3,
                        "end": 13,
                        "username": "MrTLexify",
                        "id": "1282055606"
                    }
                ]
            }
        },
        {
            "text": "RT @MrTLexify: Favela Coming to MWII Leaked Gameplay https://t.co/N0G3FPG63I",
            "id": "1671301802367541251",
            "public_metrics": {
                "retweet_count": 1324,
                "reply_count": 0,
                "like_count": 0,
                "quote_count": 0,
                "bookmark_count": 0,
                "impression_count": 0
            },
            "edit_history_tweet_ids": [
                "1671301802367541251"
            ],
            "author_id": "1251996861960990721",
            "entities": {
                "mentions": [
                    {
                        "start": 3,
                        "end": 13,
                        "username": "MrTLexify",
                        "id": "1282055606"
                    }
                ]
            }
        },
        {
            "text": "RT @MrTLexify: Favela Coming to MWII Leaked Gameplay https://t.co/N0G3FPG63I",
            "id": "1671301793110970368",
            "public_metrics": {
                "retweet_count": 1324,
                "reply_count": 0,
                "like_count": 0,
                "quote_count": 0,
                "bookmark_count": 0,
                "impression_count": 0
            },
            "edit_history_tweet_ids": [
                "1671301793110970368"
            ],
            "author_id": "2492023705",
            "entities": {
                "mentions": [
                    {
                        "start": 3,
                        "end": 13,
                        "username": "MrTLexify",
                        "id": "1282055606"
                    }
                ]
            }
        },
        {
            "text": "RT @MrTLexify: Favela Coming to MWII Leaked Gameplay https://t.co/N0G3FPG63I",
            "id": "1671301727692177412",
            "public_metrics": {
                "retweet_count": 1324,
                "reply_count": 0,
                "like_count": 0,
                "quote_count": 0,
                "bookmark_count": 0,
                "impression_count": 0
            },
            "edit_history_tweet_ids": [
                "1671301727692177412"
            ],
            "author_id": "1217241862320414723",
            "entities": {
                "mentions": [
                    {
                        "start": 3,
                        "end": 13,
                        "username": "MrTLexify",
                        "id": "1282055606"
                    }
                ]
            }
        },
        {
            "text": "RT @MrTLexify: Favela Coming to MWII Leaked Gameplay https://t.co/N0G3FPG63I",
            "id": "1671301509848641536",
            "public_metrics": {
                "retweet_count": 1324,
                "reply_count": 0,
                "like_count": 0,
                "quote_count": 0,
                "bookmark_count": 0,
                "impression_count": 0
            },
            "edit_history_tweet_ids": [
                "1671301509848641536"
            ],
            "author_id": "2881526120",
            "entities": {
                "mentions": [
                    {
                        "start": 3,
                        "end": 13,
                        "username": "MrTLexify",
                        "id": "1282055606"
                    }
                ]
            }
        },
        {
            "text": "RT @MrTLexify: Favela Coming to MWII Leaked Gameplay https://t.co/N0G3FPG63I",
            "id": "1671301467104239617",
            "public_metrics": {
                "retweet_count": 1324,
                "reply_count": 0,
                "like_count": 0,
                "quote_count": 0,
                "bookmark_count": 0,
                "impression_count": 0
            },
            "edit_history_tweet_ids": [
                "1671301467104239617"
            ],
            "author_id": "1007677282205487104",
            "entities": {
                "mentions": [
                    {
                        "start": 3,
                        "end": 13,
                        "username": "MrTLexify",
                        "id": "1282055606"
                    }
                ]
            }
        },
        {
            "text": "RT @MrTLexify: Favela Coming to MWII Leaked Gameplay https://t.co/N0G3FPG63I",
            "id": "1671301326406402051",
            "public_metrics": {
                "retweet_count": 1324,
                "reply_count": 0,
                "like_count": 0,
                "quote_count": 0,
                "bookmark_count": 0,
                "impression_count": 0
            },
            "edit_history_tweet_ids": [
                "1671301326406402051"
            ],
            "author_id": "2918677564",
            "entities": {
                "mentions": [
                    {
                        "start": 3,
                        "end": 13,
                        "username": "MrTLexify",
                        "id": "1282055606"
                    }
                ]
            }
        },
        {
            "text": "RT @MrTLexify: Favela Coming to MWII Leaked Gameplay https://t.co/N0G3FPG63I",
            "id": "1671301028283576320",
            "public_metrics": {
                "retweet_count": 1324,
                "reply_count": 0,
                "like_count": 0,
                "quote_count": 0,
                "bookmark_count": 0,
                "impression_count": 0
            },
            "edit_history_tweet_ids": [
                "1671301028283576320"
            ],
            "author_id": "758976600163528705",
            "entities": {
                "mentions": [
                    {
                        "start": 3,
                        "end": 13,
                        "username": "MrTLexify",
                        "id": "1282055606"
                    }
                ]
            }
        },
        {
            "text": "RT @MrTLexify: Favela Coming to MWII Leaked Gameplay https://t.co/N0G3FPG63I",
            "id": "1671301027474165763",
            "public_metrics": {
                "retweet_count": 1324,
                "reply_count": 0,
                "like_count": 0,
                "quote_count": 0,
                "bookmark_count": 0,
                "impression_count": 0
            },
            "edit_history_tweet_ids": [
                "1671301027474165763"
            ],
            "author_id": "2321458362",
            "entities": {
                "mentions": [
                    {
                        "start": 3,
                        "end": 13,
                        "username": "MrTLexify",
                        "id": "1282055606"
                    }
                ]
            }
        },
        {
            "text": "RT @MrTLexify: Favela Coming to MWII Leaked Gameplay https://t.co/N0G3FPG63I",
            "id": "1671301009295958019",
            "public_metrics": {
                "retweet_count": 1324,
                "reply_count": 0,
                "like_count": 0,
                "quote_count": 0,
                "bookmark_count": 0,
                "impression_count": 0
            },
            "edit_history_tweet_ids": [
                "1671301009295958019"
            ],
            "author_id": "898705731620290560",
            "entities": {
                "mentions": [
                    {
                        "start": 3,
                        "end": 13,
                        "username": "MrTLexify",
                        "id": "1282055606"
                    }
                ]
            }
        },
        {
            "text": "RT @MrTLexify: Favela Coming to MWII Leaked Gameplay https://t.co/N0G3FPG63I",
            "id": "1671300945773228035",
            "public_metrics": {
                "retweet_count": 1324,
                "reply_count": 0,
                "like_count": 0,
                "quote_count": 0,
                "bookmark_count": 0,
                "impression_count": 0
            },
            "edit_history_tweet_ids": [
                "1671300945773228035"
            ],
            "author_id": "550793538",
            "entities": {
                "mentions": [
                    {
                        "start": 3,
                        "end": 13,
                        "username": "MrTLexify",
                        "id": "1282055606"
                    }
                ]
            }
        },
        {
            "text": "RT @CallofDuty: The writing is on the walls - 2XP is coming 🎨\n\nEarn Double Player, Weapon, and Battle Pass XP in Call of Duty #Warzone and…",
            "id": "1671300860557574148",
            "public_metrics": {
                "retweet_count": 185,
                "reply_count": 0,
                "like_count": 0,
                "quote_count": 0,
                "bookmark_count": 0,
                "impression_count": 0
            },
            "edit_history_tweet_ids": [
                "1671300860557574148"
            ],
            "author_id": "349780600",
            "entities": {
                "mentions": [
                    {
                        "start": 3,
                        "end": 14,
                        "username": "CallofDuty",
                        "id": "290097288"
                    }
                ]
            }
        }
    ],
    "includes": {
        "users": [
            {
                "id": "1613363724152094722",
                "name": "🧼💀 alex 💀 🧼",
                "username": "alexgscod"
            },
            {
                "id": "1611056819304120321",
                "name": "Secret!🏳️‍🌈🏳️‍⚧️",
                "username": "a_secret_mf"
            },
            {
                "id": "1282055606",
                "name": "Lex 🇺🇦",
                "username": "MrTLexify"
            },
            {
                "id": "2273243766",
                "name": "Ms'Tee",
                "username": "MushySoul"
            },
            {
                "id": "1166443278834659328",
                "name": "Call of Duty: Mobile",
                "username": "PlayCODMobile"
            },
            {
                "id": "85215038",
                "name": "Activision Support",
                "username": "ATVIAssist"
            },
            {
                "id": "350153860",
                "name": "🐾Pooch & LilPooch🐾",
                "username": "Pooch3255"
            },
            {
                "id": "1238852513383821312",
                "name": "Matt!! 🇪🇪",
                "username": "itsamustikas"
            },
            {
                "id": "2360121187",
                "name": "Fat Kid Deals",
                "username": "FatKidDeals"
            },
            {
                "id": "1441174708930576386",
                "name": "༄Yume ❄🐼",
                "username": "yumecore"
            },
            {
                "id": "1054927382",
                "name": "661ave",
                "username": "661ave"
            },
            {
                "id": "290097288",
                "name": "Call of Duty",
                "username": "CallofDuty"
            },
            {
                "id": "1209145835776331776",
                "name": "CoDIntelES",
                "username": "CoDIntelES"
            },
            {
                "id": "767921530114220032",
                "name": "NM State Esports",
                "username": "NMStateEsports"
            },
            {
                "id": "612782611",
                "name": "Activision",
                "username": "Activision"
            },
            {
                "id": "1662154128267542533",
                "name": "Call of Duty Updates",
                "username": "CODUpdates"
            },
            {
                "id": "19136295",
                "name": "Raven Software",
                "username": "RavenSoftware"
            },
            {
                "id": "18742444",
                "name": "Infinity Ward",
                "username": "InfinityWard"
            },
            {
                "id": "704650838",
                "name": "Call of Duty UK",
                "username": "CallofDutyUK"
            },
            {
                "id": "1626692236552593408",
                "name": "Call of Duty Esports",
                "username": "COD_Esports"
            },
            {
                "id": "753670706311815169",
                "name": "Activision Blizzard",
                "username": "ATVI_AB"
            },
            {
                "id": "46423291",
                "name": "Treyarch Studios",
                "username": "Treyarch"
            },
            {
                "id": "129988769",
                "name": "High Moon Studios",
                "username": "HighMoonStudios"
            },
            {
                "id": "1450902467856773122",
                "name": "BeenoxCODPC",
                "username": "BeenoxCODPC"
            },
            {
                "id": "1228824019987726338",
                "name": "ModernWarzone",
                "username": "ModernWarzone"
            },
            {
                "id": "1383655186674065412",
                "name": "ᵀᴹᴳᴳ OptronYT",
                "username": "OptronYT"
            },
            {
                "id": "15411797",
                "name": "CharlieIntel",
                "username": "charlieINTEL"
            },
            {
                "id": "1112278494682271747",
                "name": "GhostWolf",
                "username": "loneghostwolf88"
            },
            {
                "id": "1557824830971359232",
                "name": "HypeSquad",
                "username": "CDLHypeSquad"
            },
            {
                "id": "4619704910",
                "name": "Monty",
                "username": "itsmoneybagmont"
            },
            {
                "id": "1137254876096946176",
                "name": "BOOZER 🍺 👟",
                "username": "DaBOOZER1"
            },
            {
                "id": "294198566",
                "name": "Call of Duty League",
                "username": "CODLeague"
            },
            {
                "id": "1579314486137458695",
                "name": "Kick.com",
                "username": "KickStreaming"
            },
            {
                "id": "3256068152",
                "name": "Trainwreck",
                "username": "Trainwreckstv"
            },
            {
                "id": "1140458581088538624",
                "name": "Eddie",
                "username": "StakeEddie"
            }
        ]
    },
    "errors": [
        {
            "resource_id": "1671305339088535554",
            "parameter": "ids",
            "resource_type": "tweet",
            "section": "data",
            "title": "Authorization Error",
            "value": "1671305339088535554",
            "detail": "Sorry, you are not authorized to see the Tweet with ids: [1671305339088535554].",
            "type": "https://api.twitter.com/2/problems/not-authorized-for-resource"
        },
        {
            "resource_id": "1671303026869432324",
            "parameter": "ids",
            "resource_type": "tweet",
            "section": "data",
            "title": "Authorization Error",
            "value": "1671303026869432324",
            "detail": "Sorry, you are not authorized to see the Tweet with ids: [1671303026869432324].",
            "type": "https://api.twitter.com/2/problems/not-authorized-for-resource"
        }
    ]
}