{
    "data": [
        {
            "text": "RT @lexiissgone: \"don't tell anyone, but Konig sleeps with a teddy bear and me.\"\n[ #horangi #Konig #CallofDuty #MWII #Korangi #art ] https:…",
            "id": "1672031537213374464",
            "public_metrics": {
                "retweet_count": 57,
                "reply_count": 0,
                "like_count": 0,
                "quote_count": 0,
                "bookmark_count": 0,
                "impression_count": 0
            },
            "entities": {
                "mentions": [
                    {
                        "start": 3,
                        "end": 15,
                        "username": "lexiissgone",
                        "id": "1642097723481440256"
                    }
                ]
            },
            "edit_history_tweet_ids": [
                "1672031537213374464"
            ],
            "author_id": "1409445166893600769"
        },
        {
            "text": "Kingsley in default uniform received! 🙂🙂🙂 Riley's Growth Diary done ✅ #CoDMobile #codm #Callofdutymobile #garenacodm #playcodmobile #playcodm #CoDMobile #codm #Callofdutymobile #playcodmobile #playcodm https://t.co/EsKmZGKG3o",
            "id": "1672031414328631297",
            "public_metrics": {
                "retweet_count": 0,
                "reply_count": 0,
                "like_count": 1,
                "quote_count": 0,
                "bookmark_count": 1,
                "impression_count": 74
            },
            "edit_history_tweet_ids": [
                "1672031414328631297"
            ],
            "author_id": "1590394068257112064"
        },
        {
            "text": "MODERN GARBAGE 2 (mw2) https://t.co/dVPemAdd9V via @YouTube #cod #codclips #callofduty #mw2 #funny #lmao #thewoodenspoon #gaming #youtubegaming #gamer #explore #follow #linkinbio #share #comment #follow #ps5 #fps #shooting #shooter #shotguns #knife #throwningknife",
            "id": "1672031360632909824",
            "public_metrics": {
                "retweet_count": 0,
                "reply_count": 0,
                "like_count": 0,
                "quote_count": 0,
                "bookmark_count": 0,
                "impression_count": 6
            },
            "entities": {
                "mentions": [
                    {
                        "start": 51,
                        "end": 59,
                        "username": "YouTube",
                        "id": "10228272"
                    }
                ]
            },
            "edit_history_tweet_ids": [
                "1672031360632909824"
            ],
            "author_id": "1616667835543044096"
        },
        {
            "text": "Bot party meet me at the mall 😭😭😭 #Mw2  #rebirthisland  #ashikaisland  #NOVPN  #Warzone2  #warzoneclips  #warzoneclips  #callofduty  #botalert  #battleroyale  #ttv       7_19illnever4get      #PS5Share, #CallofDutyModernWarfareII https://t.co/HUfkAY6KMI",
            "id": "1672031243351760900",
            "public_metrics": {
                "retweet_count": 0,
                "reply_count": 0,
                "like_count": 0,
                "quote_count": 0,
                "bookmark_count": 0,
                "impression_count": 46
            },
            "edit_history_tweet_ids": [
                "1672031243351760900"
            ],
            "author_id": "144343413"
        },
        {
            "text": "@CODLeague Why didnt you guys have the big check &amp; the rings for #CDL2023 #CDLChamps. Last year Thieves didnt have the ring ceremony until the 1st event of the new COD.",
            "id": "1672031146740154370",
            "public_metrics": {
                "retweet_count": 0,
                "reply_count": 0,
                "like_count": 1,
                "quote_count": 0,
                "bookmark_count": 0,
                "impression_count": 20
            },
            "entities": {
                "mentions": [
                    {
                        "start": 0,
                        "end": 10,
                        "username": "CODLeague",
                        "id": "294198566"
                    }
                ]
            },
            "edit_history_tweet_ids": [
                "1672031146740154370"
            ],
            "author_id": "636356447"
        },
        {
            "text": "🩸🦄😈 Murder scene \n\n #RetweeetPlease ❗️ \n\n⚠️ #TIKTOK #TREND #foryoupage #fyp #foryou #viral #love #influencer #tbt #love #gamer #gaming #callofduty #cod #GirlGamer #explore #worldwide #Modernwarfare2 #Mw2 #gamingonTikTok https://t.co/pVbtuOSD9q",
            "id": "1672031031094919168",
            "public_metrics": {
                "retweet_count": 6,
                "reply_count": 7,
                "like_count": 61,
                "quote_count": 2,
                "bookmark_count": 9,
                "impression_count": 1484
            },
            "edit_history_tweet_ids": [
                "1672031031094919168"
            ],
            "author_id": "1655197432932646913"
        },
        {
            "text": "RT @lexiissgone: bro woke up and realized his bf isnt with him  \n [ #horangi #Konig #CallofDuty #MWII #Korangi #art ] https://t.co/O858tL8B…",
            "id": "1672030793290649600",
            "public_metrics": {
                "retweet_count": 173,
                "reply_count": 0,
                "like_count": 0,
                "quote_count": 0,
                "bookmark_count": 0,
                "impression_count": 0
            },
            "entities": {
                "mentions": [
                    {
                        "start": 3,
                        "end": 15,
                        "username": "lexiissgone",
                        "id": "1642097723481440256"
                    }
                ]
            },
            "edit_history_tweet_ids": [
                "1672030793290649600"
            ],
            "author_id": "1581309391327723520"
        },
        {
            "text": "20 Bomb Dub #NextUp #!!!! #NOVPN  #Warzone2  #warzoneclips  #rebirthisland  #ashikaisland  #callofduty  #botalert  #battleroyale  #vondel  #battleroyale  #Teamwipe  #Mw2  #ttv      7_19illnever4get      #PS5Share, #CallofDutyModernWarfareII https://t.co/2iprsY9uzS",
            "id": "1672030298073079808",
            "public_metrics": {
                "retweet_count": 0,
                "reply_count": 1,
                "like_count": 0,
                "quote_count": 0,
                "bookmark_count": 0,
                "impression_count": 62
            },
            "edit_history_tweet_ids": [
                "1672030298073079808"
            ],
            "author_id": "144343413"
        },
        {
            "text": "RT @Activision: No matter how you play, welcome to the new era of @CallofDuty with the launch of #ModernWarfareII \n\nhttps://t.co/z4lKVeUwlS…",
            "id": "1672030280582852610",
            "public_metrics": {
                "retweet_count": 307,
                "reply_count": 0,
                "like_count": 0,
                "quote_count": 0,
                "bookmark_count": 0,
                "impression_count": 0
            },
            "entities": {
                "mentions": [
                    {
                        "start": 3,
                        "end": 14,
                        "username": "Activision",
                        "id": "612782611"
                    },
                    {
                        "start": 66,
                        "end": 77,
                        "username": "CallofDuty",
                        "id": "290097288"
                    }
                ]
            },
            "edit_history_tweet_ids": [
                "1672030280582852610"
            ],
            "author_id": "1431470466821234688"
        },
        {
            "text": "🚨Live Now - Gold Grind W 🚀\n@Xeenon_xyz  \n\n🫡 Make An Account &amp; Join Me 🙌🏻\n\n💬 Season 4 Battle Pass Warzone 👀\n\nXeenon Channel Link 👇🏻\nhttps://t.co/xAh0xhx7gu\n\n#Xeenon #XeenonGamer #callofduty #Warzone2 #XeenonStreamer #Web3Platform #Web3Community #XeenonFam #Web3 #Web3Games… https://t.co/mJYFOO3G9q https://t.co/L9re9Nu2ny",
            "id": "1672030242096160768",
            "public_metrics": {
                "retweet_count": 0,
                "reply_count": 0,
                "like_count": 1,
                "quote_count": 0,
                "bookmark_count": 0,
                "impression_count": 224
            },
            "entities": {
                "mentions": [
                    {
                        "start": 27,
                        "end": 38,
                        "username": "Xeenon_xyz",
                        "id": "1550141493016268800"
                    }
                ]
            },
            "edit_history_tweet_ids": [
                "1672030242096160768"
            ],
            "author_id": "1397012747590668291"
        },
        {
            "text": "RT @Jzambardino41: 🚨Im LIVE Right NOW!!!🚨| Come to the stream and vibe out with me on some warzone ranked! https://t.co/yrRnk2Jfx6 | #Warzo…",
            "id": "1672030046159097859",
            "public_metrics": {
                "retweet_count": 1,
                "reply_count": 0,
                "like_count": 0,
                "quote_count": 0,
                "bookmark_count": 0,
                "impression_count": 0
            },
            "entities": {
                "mentions": [
                    {
                        "start": 3,
                        "end": 17,
                        "username": "Jzambardino41",
                        "id": "1480284877673189379"
                    }
                ]
            },
            "edit_history_tweet_ids": [
                "1672030046159097859"
            ],
            "author_id": "1569340143122644994"
        },
        {
            "text": "@CallofDuty I hope for your sake MWIII is everything MWII is not, if not you're screwed!",
            "id": "1672029970955137029",
            "public_metrics": {
                "retweet_count": 0,
                "reply_count": 0,
                "like_count": 0,
                "quote_count": 0,
                "bookmark_count": 0,
                "impression_count": 19
            },
            "entities": {
                "mentions": [
                    {
                        "start": 0,
                        "end": 11,
                        "username": "CallofDuty",
                        "id": "290097288"
                    }
                ]
            },
            "edit_history_tweet_ids": [
                "1672029970955137029"
            ],
            "author_id": "1502844338295951368"
        },
        {
            "text": "Lol lost n sauce 😭😭😭😭  #warzoneclips  #callofduty  #battleroyale  #vondel  #botalert #Warzone2 #Mw2 #rebirthisland  #ashikaisland  #NOVPN  #ttv       7_19illnever4get      #PS5Share, #CallofDutyModernWarfareII https://t.co/56pIuDfJgI",
            "id": "1672029427079823361",
            "public_metrics": {
                "retweet_count": 0,
                "reply_count": 0,
                "like_count": 0,
                "quote_count": 0,
                "bookmark_count": 0,
                "impression_count": 48
            },
            "edit_history_tweet_ids": [
                "1672029427079823361"
            ],
            "author_id": "144343413"
        },
        {
            "text": "RT @WipeTear: If you are a mw2 streamer drop your kick link in the chat I need to host a cod player!\n\n#kick #kickstreaming #kickstream #kic…",
            "id": "1672029350663790592",
            "public_metrics": {
                "retweet_count": 1,
                "reply_count": 0,
                "like_count": 0,
                "quote_count": 0,
                "bookmark_count": 0,
                "impression_count": 0
            },
            "entities": {
                "mentions": [
                    {
                        "start": 3,
                        "end": 12,
                        "username": "WipeTear",
                        "id": "1480307763641257986"
                    }
                ]
            },
            "edit_history_tweet_ids": [
                "1672029350663790592"
            ],
            "author_id": "1682496764"
        },
        {
            "text": "@PrestigeIsKey This is the reason why I dont buy the classic ghost skin…… I think @Activision @InfinityWard @RavenSoftware needs to change this…. Because people have giving €$£100+ out for these skins on MW19,Cold War &amp; MW2🤬🤬🤬",
            "id": "1672029296909484035",
            "public_metrics": {
                "retweet_count": 0,
                "reply_count": 0,
                "like_count": 0,
                "quote_count": 0,
                "bookmark_count": 0,
                "impression_count": 154
            },
            "entities": {
                "mentions": [
                    {
                        "start": 0,
                        "end": 14,
                        "username": "PrestigeIsKey",
                        "id": "111210694"
                    },
                    {
                        "start": 82,
                        "end": 93,
                        "username": "Activision",
                        "id": "612782611"
                    },
                    {
                        "start": 94,
                        "end": 107,
                        "username": "InfinityWard",
                        "id": "18742444"
                    },
                    {
                        "start": 108,
                        "end": 122,
                        "username": "RavenSoftware",
                        "id": "19136295"
                    }
                ]
            },
            "edit_history_tweet_ids": [
                "1672029296909484035"
            ],
            "author_id": "1303104706357723136"
        },
        {
            "text": "RT @lexiissgone: \"don't tell anyone, but Konig sleeps with a teddy bear and me.\"\n[ #horangi #Konig #CallofDuty #MWII #Korangi #art ] https:…",
            "id": "1672029196489752578",
            "public_metrics": {
                "retweet_count": 57,
                "reply_count": 0,
                "like_count": 0,
                "quote_count": 0,
                "bookmark_count": 0,
                "impression_count": 0
            },
            "entities": {
                "mentions": [
                    {
                        "start": 3,
                        "end": 15,
                        "username": "lexiissgone",
                        "id": "1642097723481440256"
                    }
                ]
            },
            "edit_history_tweet_ids": [
                "1672029196489752578"
            ],
            "author_id": "1532007810376286210"
        },
        {
            "text": "RT @lexiissgone: bro woke up and realized his bf isnt with him  \n [ #horangi #Konig #CallofDuty #MWII #Korangi #art ] https://t.co/O858tL8B…",
            "id": "1672029181419610113",
            "public_metrics": {
                "retweet_count": 173,
                "reply_count": 0,
                "like_count": 0,
                "quote_count": 0,
                "bookmark_count": 0,
                "impression_count": 0
            },
            "entities": {
                "mentions": [
                    {
                        "start": 3,
                        "end": 15,
                        "username": "lexiissgone",
                        "id": "1642097723481440256"
                    }
                ]
            },
            "edit_history_tweet_ids": [
                "1672029181419610113"
            ],
            "author_id": "1532007810376286210"
        },
        {
            "text": "If you are a mw2 streamer drop your kick link in the chat I need to host a cod player!\n\n#kick #kickstreaming #kickstream #kickaffiliate #kickstreams #kicktakeover #follow #live #youtubegaming #youtube #gaming #youtuber #gamer #youtubers #snipe #sniping #mw2 #CallofDuty https://t.co/QI1gkVfeXZ",
            "id": "1672028861062602755",
            "public_metrics": {
                "retweet_count": 1,
                "reply_count": 0,
                "like_count": 1,
                "quote_count": 0,
                "bookmark_count": 0,
                "impression_count": 130
            },
            "edit_history_tweet_ids": [
                "1672028861062602755"
            ],
            "author_id": "1480307763641257986"
        },
        {
            "text": "Ya andamos en live mi gente cachorra cáiganle ya!! https://t.co/P5GpCAPeJ2 #CallofDuty #LiveStream #ModernWarfareII #warzone2.0 #Ranked #Twich",
            "id": "1672028764207976449",
            "public_metrics": {
                "retweet_count": 0,
                "reply_count": 0,
                "like_count": 1,
                "quote_count": 0,
                "bookmark_count": 0,
                "impression_count": 16
            },
            "edit_history_tweet_ids": [
                "1672028764207976449"
            ],
            "author_id": "1586139843008290817"
        },
        {
            "text": "RT @Desneiges_O: I don’t remember If I already posted this one so LETSGO. 🏃💨💨💨\nBaby sprout is good for the mood.🌱\n#mw2fanart #MW2 #SimonRil…",
            "id": "1672028716925612033",
            "public_metrics": {
                "retweet_count": 113,
                "reply_count": 0,
                "like_count": 0,
                "quote_count": 0,
                "bookmark_count": 0,
                "impression_count": 0
            },
            "entities": {
                "mentions": [
                    {
                        "start": 3,
                        "end": 15,
                        "username": "Desneiges_O",
                        "id": "781141306454212609"
                    }
                ]
            },
            "edit_history_tweet_ids": [
                "1672028716925612033"
            ],
            "author_id": "949507114401128448"
        },
        {
            "text": "RT @CallofDuty: Time to settle this out on the track 🏎️\n\nPrime Gaming members, your new free bundle for Call of Duty #Warzone and #MWII is…",
            "id": "1672028622062776320",
            "public_metrics": {
                "retweet_count": 131,
                "reply_count": 0,
                "like_count": 0,
                "quote_count": 0,
                "bookmark_count": 0,
                "impression_count": 0
            },
            "entities": {
                "mentions": [
                    {
                        "start": 3,
                        "end": 14,
                        "username": "CallofDuty",
                        "id": "290097288"
                    }
                ]
            },
            "edit_history_tweet_ids": [
                "1672028622062776320"
            ],
            "author_id": "16185547"
        },
        {
            "text": "RT @661ave: 👑 #CallofDuty #MWII #König #Konig https://t.co/XUd07qUbHq",
            "id": "1672028592874704899",
            "public_metrics": {
                "retweet_count": 472,
                "reply_count": 0,
                "like_count": 0,
                "quote_count": 0,
                "bookmark_count": 0,
                "impression_count": 0
            },
            "entities": {
                "mentions": [
                    {
                        "start": 3,
                        "end": 10,
                        "username": "661ave",
                        "id": "1054927382"
                    }
                ]
            },
            "edit_history_tweet_ids": [
                "1672028592874704899"
            ],
            "author_id": "1597695244958679042"
        },
        {
            "text": "RT @CallofDuty: Time to settle this out on the track 🏎️\n\nPrime Gaming members, your new free bundle for Call of Duty #Warzone and #MWII is…",
            "id": "1672028475421777920",
            "public_metrics": {
                "retweet_count": 131,
                "reply_count": 0,
                "like_count": 0,
                "quote_count": 0,
                "bookmark_count": 0,
                "impression_count": 0
            },
            "entities": {
                "mentions": [
                    {
                        "start": 3,
                        "end": 14,
                        "username": "CallofDuty",
                        "id": "290097288"
                    }
                ]
            },
            "edit_history_tweet_ids": [
                "1672028475421777920"
            ],
            "author_id": "1103110273550888962"
        },
        {
            "text": "RT @CallofDuty: Time to lock in 🤝\n\n#MWII Free Access is live now until the 26th 🆓 https://t.co/04qHWo8fup",
            "id": "1672028262778961920",
            "public_metrics": {
                "retweet_count": 178,
                "reply_count": 0,
                "like_count": 0,
                "quote_count": 0,
                "bookmark_count": 0,
                "impression_count": 0
            },
            "entities": {
                "mentions": [
                    {
                        "start": 3,
                        "end": 14,
                        "username": "CallofDuty",
                        "id": "290097288"
                    }
                ]
            },
            "edit_history_tweet_ids": [
                "1672028262778961920"
            ],
            "author_id": "1103110273550888962"
        },
        {
            "text": "RT @HellishDraws: After 22 hours.. My commission for @vedettare based off of their fic Exfil is DONE HEHEHEH *barking*\n#GhostSoap #CallOfDu…",
            "id": "1672028223545147392",
            "public_metrics": {
                "retweet_count": 274,
                "reply_count": 0,
                "like_count": 0,
                "quote_count": 0,
                "bookmark_count": 0,
                "impression_count": 0
            },
            "entities": {
                "mentions": [
                    {
                        "start": 3,
                        "end": 16,
                        "username": "HellishDraws",
                        "id": "1336527669161324544"
                    },
                    {
                        "start": 53,
                        "end": 63,
                        "username": "vedettare",
                        "id": "1629207520941056002"
                    }
                ]
            },
            "edit_history_tweet_ids": [
                "1672028223545147392"
            ],
            "author_id": "3487881620"
        },
        {
            "text": "RT @loneghostwolf88: Soap for the beach boy series 🧼☀️🏝️\n#CallofDutyModernWarfare2 #CodGhost #CodSoap #CallofDuty #3DRender #Rendering #MWI…",
            "id": "1672027794539261955",
            "public_metrics": {
                "retweet_count": 227,
                "reply_count": 0,
                "like_count": 0,
                "quote_count": 0,
                "bookmark_count": 0,
                "impression_count": 0
            },
            "entities": {
                "mentions": [
                    {
                        "start": 3,
                        "end": 19,
                        "username": "loneghostwolf88",
                        "id": "1112278494682271747"
                    }
                ]
            },
            "edit_history_tweet_ids": [
                "1672027794539261955"
            ],
            "author_id": "1597695244958679042"
        },
        {
            "text": "RT @CallofDuty: Time to settle this out on the track 🏎️\n\nPrime Gaming members, your new free bundle for Call of Duty #Warzone and #MWII is…",
            "id": "1672027131533234176",
            "public_metrics": {
                "retweet_count": 131,
                "reply_count": 0,
                "like_count": 0,
                "quote_count": 0,
                "bookmark_count": 0,
                "impression_count": 0
            },
            "entities": {
                "mentions": [
                    {
                        "start": 3,
                        "end": 14,
                        "username": "CallofDuty",
                        "id": "290097288"
                    }
                ]
            },
            "edit_history_tweet_ids": [
                "1672027131533234176"
            ],
            "author_id": "555762338"
        },
        {
            "text": "RT @PlayCODMobile: Our top 3 Battle Royale tips! 🏆\n\nWhat other tips do you have for BR players? https://t.co/2Tf1AkFv7p",
            "id": "1672027008124219392",
            "public_metrics": {
                "retweet_count": 31,
                "reply_count": 0,
                "like_count": 0,
                "quote_count": 0,
                "bookmark_count": 0,
                "impression_count": 0
            },
            "entities": {
                "mentions": [
                    {
                        "start": 3,
                        "end": 17,
                        "username": "PlayCODMobile",
                        "id": "1166443278834659328"
                    }
                ]
            },
            "edit_history_tweet_ids": [
                "1672027008124219392"
            ],
            "author_id": "1424549168412983301"
        },
        {
            "text": "#CallofDuty #Warzone2 anyone else got audio problems on the new map playing on Xbox series s can’t hear enemy players until there on top of me",
            "id": "1672026886283706380",
            "public_metrics": {
                "retweet_count": 0,
                "reply_count": 0,
                "like_count": 1,
                "quote_count": 0,
                "bookmark_count": 0,
                "impression_count": 49
            },
            "edit_history_tweet_ids": [
                "1672026886283706380"
            ],
            "author_id": "2627253881"
        },
        {
            "text": "RT @Desneiges_O: I don’t remember If I already posted this one so LETSGO. 🏃💨💨💨\nBaby sprout is good for the mood.🌱\n#mw2fanart #MW2 #SimonRil…",
            "id": "1672026880617086978",
            "public_metrics": {
                "retweet_count": 113,
                "reply_count": 0,
                "like_count": 0,
                "quote_count": 0,
                "bookmark_count": 0,
                "impression_count": 0
            },
            "entities": {
                "mentions": [
                    {
                        "start": 3,
                        "end": 15,
                        "username": "Desneiges_O",
                        "id": "781141306454212609"
                    }
                ]
            },
            "edit_history_tweet_ids": [
                "1672026880617086978"
            ],
            "author_id": "361679882"
        },
        {
            "text": "RT @a_secret_mf: Twitter Fics Pt. 8\n\nPretty perfect Simon Riley is a barracks bunny during his sergeant days\n\nPart Two\n\n⚠️NSFW⚠️\n\ntags: #so…",
            "id": "1672026540652081152",
            "public_metrics": {
                "retweet_count": 15,
                "reply_count": 0,
                "like_count": 0,
                "quote_count": 0,
                "bookmark_count": 0,
                "impression_count": 0
            },
            "entities": {
                "mentions": [
                    {
                        "start": 3,
                        "end": 15,
                        "username": "a_secret_mf",
                        "id": "1611056819304120321"
                    }
                ]
            },
            "edit_history_tweet_ids": [
                "1672026540652081152"
            ],
            "author_id": "1630691112766562304"
        },
        {
            "text": "RT @a_secret_mf: Twitter Fics Pt. 8\n\nPretty perfect Simon Riley is a barracks bunny during his sergeant days\n\nPart One\n\n⚠️NSFW⚠️\n\ntags: #so…",
            "id": "1672026514144079877",
            "public_metrics": {
                "retweet_count": 48,
                "reply_count": 0,
                "like_count": 0,
                "quote_count": 0,
                "bookmark_count": 0,
                "impression_count": 0
            },
            "entities": {
                "mentions": [
                    {
                        "start": 3,
                        "end": 15,
                        "username": "a_secret_mf",
                        "id": "1611056819304120321"
                    }
                ]
            },
            "edit_history_tweet_ids": [
                "1672026514144079877"
            ],
            "author_id": "1630691112766562304"
        },
        {
            "text": "『COD:DMZ』ファランクスのヘムロックでキルしてデッド・ドロップに預ける任務が巻き戻るんだが対処法ない？DMZはソロで潜るのが最高に面白いw\nhttps://t.co/BSsCU0wrTL\n\n#COD #コールオブデューティ #callofduty #CODMW2 #MW2 #CoDMWII #DMZ #warzone2 #ニクト #シーズン4\n#ファランクス #ヘムロック https://t.co/efN8No40I7",
            "id": "1672026355582763009",
            "public_metrics": {
                "retweet_count": 0,
                "reply_count": 0,
                "like_count": 2,
                "quote_count": 0,
                "bookmark_count": 0,
                "impression_count": 507
            },
            "edit_history_tweet_ids": [
                "1672026355582763009"
            ],
            "author_id": "956402256613552128"
        },
        {
            "text": "RT @loneghostwolf88: Graves as 3rd entry for the beach boy series 🏝️☀️\n#CallofDutyModernWarfare2 #PhillipGraves #CallofDuty #3DRender #Rend…",
            "id": "1672026172346212354",
            "public_metrics": {
                "retweet_count": 52,
                "reply_count": 0,
                "like_count": 0,
                "quote_count": 0,
                "bookmark_count": 0,
                "impression_count": 0
            },
            "entities": {
                "mentions": [
                    {
                        "start": 3,
                        "end": 19,
                        "username": "loneghostwolf88",
                        "id": "1112278494682271747"
                    }
                ]
            },
            "edit_history_tweet_ids": [
                "1672026172346212354"
            ],
            "author_id": "1214504106942795777"
        },
        {
            "text": "Call of Duty Mw2 Streamer Hit's Split Quad Feed With a Sniper on SND #cod #gaming #mw2 #snd #callofduty #ModernWarfare2 #anime https://t.co/p7voWZLqMa",
            "id": "1672025845454479361",
            "public_metrics": {
                "retweet_count": 0,
                "reply_count": 0,
                "like_count": 2,
                "quote_count": 0,
                "bookmark_count": 0,
                "impression_count": 158
            },
            "edit_history_tweet_ids": [
                "1672025845454479361"
            ],
            "author_id": "3558766413"
        },
        {
            "text": "RT @lexiissgone: \"don't tell anyone, but Konig sleeps with a teddy bear and me.\"\n[ #horangi #Konig #CallofDuty #MWII #Korangi #art ] https:…",
            "id": "1672025607566430208",
            "public_metrics": {
                "retweet_count": 57,
                "reply_count": 0,
                "like_count": 0,
                "quote_count": 0,
                "bookmark_count": 0,
                "impression_count": 0
            },
            "entities": {
                "mentions": [
                    {
                        "start": 3,
                        "end": 15,
                        "username": "lexiissgone",
                        "id": "1642097723481440256"
                    }
                ]
            },
            "edit_history_tweet_ids": [
                "1672025607566430208"
            ],
            "author_id": "1660296242575065088"
        },
        {
            "text": "Love playing 3rd person, that my specialty !!! #CallOfDuty #MW2#PS4share\n\nhttps://t.co/YjgTd7HyzV https://t.co/cIzM8ghcfa",
            "id": "1672025417329565696",
            "public_metrics": {
                "retweet_count": 0,
                "reply_count": 0,
                "like_count": 1,
                "quote_count": 0,
                "bookmark_count": 0,
                "impression_count": 62
            },
            "edit_history_tweet_ids": [
                "1672025417329565696"
            ],
            "author_id": "1546920381822427139"
        },
        {
            "text": "Miso Ramen boi Puppy!Soap\nThat brown thing is his tail sticking out of the soup\n\n#miso #ramen #lamen #Soap #SoapMacTavish #fanart #cod #callofduty #cute #chibi #soup #puppy #dog #mw2 #mwii #chilling https://t.co/qdIlwU7Pcm",
            "id": "1672025382789300228",
            "public_metrics": {
                "retweet_count": 2,
                "reply_count": 0,
                "like_count": 25,
                "quote_count": 0,
                "bookmark_count": 1,
                "impression_count": 740
            },
            "edit_history_tweet_ids": [
                "1672025382789300228"
            ],
            "author_id": "70811687"
        },
        {
            "text": "RT @Desneiges_O: I don’t remember If I already posted this one so LETSGO. 🏃💨💨💨\nBaby sprout is good for the mood.🌱\n#mw2fanart #MW2 #SimonRil…",
            "id": "1672025289621135361",
            "public_metrics": {
                "retweet_count": 113,
                "reply_count": 0,
                "like_count": 0,
                "quote_count": 0,
                "bookmark_count": 0,
                "impression_count": 0
            },
            "entities": {
                "mentions": [
                    {
                        "start": 3,
                        "end": 15,
                        "username": "Desneiges_O",
                        "id": "781141306454212609"
                    }
                ]
            },
            "edit_history_tweet_ids": [
                "1672025289621135361"
            ],
            "author_id": "732749402419417088"
        },
        {
            "text": "🚨Im LIVE Right NOW!!!🚨| Come to the stream and vibe out with me on some warzone ranked! https://t.co/yrRnk2Jfx6 | #Warzone #CallofDuty #MW2 #FPSgames #gamingcommunity #twitchstreamer",
            "id": "1672025019428360194",
            "public_metrics": {
                "retweet_count": 1,
                "reply_count": 0,
                "like_count": 4,
                "quote_count": 0,
                "bookmark_count": 0,
                "impression_count": 81
            },
            "edit_history_tweet_ids": [
                "1672025019428360194"
            ],
            "author_id": "1480284877673189379"
        },
        {
            "text": "@CallofDuty MWII is the last game implaying until we actually get a good product half way through life cycle. ill stick to just mw19 and xdefiant when that comes out..\n Screw you guys, im going home. 🖕",
            "id": "1672024747209551873",
            "public_metrics": {
                "retweet_count": 0,
                "reply_count": 0,
                "like_count": 0,
                "quote_count": 0,
                "bookmark_count": 0,
                "impression_count": 11
            },
            "entities": {
                "mentions": [
                    {
                        "start": 0,
                        "end": 11,
                        "username": "CallofDuty",
                        "id": "290097288"
                    }
                ]
            },
            "edit_history_tweet_ids": [
                "1672024747209551873"
            ],
            "author_id": "1111944132665229312"
        },
        {
            "text": "WELCOME NEW KICKERS, \"Vondel King wannebe\"\n#KickStreamers #KickStreaming #CallofDuty #gaming #kickarmy #kickstream #warzone2 #warzone #military #vondel #ContentCreator #smallstreamer #fbstreamer #Activision #twitch #TitanicRescue #titanicsubmarine",
            "id": "1672024379159465984",
            "public_metrics": {
                "retweet_count": 0,
                "reply_count": 1,
                "like_count": 4,
                "quote_count": 0,
                "bookmark_count": 0,
                "impression_count": 161
            },
            "edit_history_tweet_ids": [
                "1672024379159465984"
            ],
            "author_id": "1228437600022810625"
        },
        {
            "text": "RT @CallofDuty: Time to settle this out on the track 🏎️\n\nPrime Gaming members, your new free bundle for Call of Duty #Warzone and #MWII is…",
            "id": "1672024333697396736",
            "public_metrics": {
                "retweet_count": 131,
                "reply_count": 0,
                "like_count": 0,
                "quote_count": 0,
                "bookmark_count": 0,
                "impression_count": 0
            },
            "entities": {
                "mentions": [
                    {
                        "start": 3,
                        "end": 14,
                        "username": "CallofDuty",
                        "id": "290097288"
                    }
                ]
            },
            "edit_history_tweet_ids": [
                "1672024333697396736"
            ],
            "author_id": "231071903"
        },
        {
            "text": "@ModernWarzone @Activision I know you make a living reporting and playing the game but your question is dumb. They are shutting it down to force people to MW2 cause they’re money hungry and a trash franchise. I spent over $500 on MW19 and they’re basically stealing it from me. Never will play a cod again",
            "id": "1672023939709534208",
            "public_metrics": {
                "retweet_count": 0,
                "reply_count": 0,
                "like_count": 0,
                "quote_count": 0,
                "bookmark_count": 0,
                "impression_count": 37
            },
            "entities": {
                "mentions": [
                    {
                        "start": 0,
                        "end": 14,
                        "username": "ModernWarzone",
                        "id": "1228824019987726338"
                    },
                    {
                        "start": 15,
                        "end": 26,
                        "username": "Activision",
                        "id": "612782611"
                    }
                ]
            },
            "edit_history_tweet_ids": [
                "1672023939709534208"
            ],
            "author_id": "930604962"
        },
        {
            "text": "RT @loneghostwolf88: Graves as 3rd entry for the beach boy series 🏝️☀️\n#CallofDutyModernWarfare2 #PhillipGraves #CallofDuty #3DRender #Rend…",
            "id": "1672023909280129025",
            "public_metrics": {
                "retweet_count": 52,
                "reply_count": 0,
                "like_count": 0,
                "quote_count": 0,
                "bookmark_count": 0,
                "impression_count": 0
            },
            "entities": {
                "mentions": [
                    {
                        "start": 3,
                        "end": 19,
                        "username": "loneghostwolf88",
                        "id": "1112278494682271747"
                    }
                ]
            },
            "edit_history_tweet_ids": [
                "1672023909280129025"
            ],
            "author_id": "2865956558"
        },
        {
            "text": "RT @lexiissgone: \"don't tell anyone, but Konig sleeps with a teddy bear and me.\"\n[ #horangi #Konig #CallofDuty #MWII #Korangi #art ] https:…",
            "id": "1672023785942421509",
            "public_metrics": {
                "retweet_count": 57,
                "reply_count": 0,
                "like_count": 0,
                "quote_count": 0,
                "bookmark_count": 0,
                "impression_count": 0
            },
            "entities": {
                "mentions": [
                    {
                        "start": 3,
                        "end": 15,
                        "username": "lexiissgone",
                        "id": "1642097723481440256"
                    }
                ]
            },
            "edit_history_tweet_ids": [
                "1672023785942421509"
            ],
            "author_id": "2547329126"
        },
        {
            "text": "@PlayCODMobile When is the krig 6 mythic back out please",
            "id": "1672023666387828742",
            "public_metrics": {
                "retweet_count": 0,
                "reply_count": 0,
                "like_count": 0,
                "quote_count": 0,
                "bookmark_count": 0,
                "impression_count": 46
            },
            "entities": {
                "mentions": [
                    {
                        "start": 0,
                        "end": 14,
                        "username": "PlayCODMobile",
                        "id": "1166443278834659328"
                    }
                ]
            },
            "edit_history_tweet_ids": [
                "1672023666387828742"
            ],
            "author_id": "1314117431531655168"
        },
        {
            "text": "RT @lexiissgone: bro woke up and realized his bf isnt with him  \n [ #horangi #Konig #CallofDuty #MWII #Korangi #art ] https://t.co/O858tL8B…",
            "id": "1672023661921054721",
            "public_metrics": {
                "retweet_count": 173,
                "reply_count": 0,
                "like_count": 0,
                "quote_count": 0,
                "bookmark_count": 0,
                "impression_count": 0
            },
            "entities": {
                "mentions": [
                    {
                        "start": 3,
                        "end": 15,
                        "username": "lexiissgone",
                        "id": "1642097723481440256"
                    }
                ]
            },
            "edit_history_tweet_ids": [
                "1672023661921054721"
            ],
            "author_id": "2547329126"
        },
        {
            "text": "Im glad this is acceptable in your game 👌 \n@Activision @ATVIAssist @CallofDuty #CallofDuty #Activision #MW2 #MWII https://t.co/92RE3dJCYl",
            "id": "1672023611635539970",
            "public_metrics": {
                "retweet_count": 0,
                "reply_count": 0,
                "like_count": 1,
                "quote_count": 0,
                "bookmark_count": 0,
                "impression_count": 119
            },
            "entities": {
                "mentions": [
                    {
                        "start": 43,
                        "end": 54,
                        "username": "Activision",
                        "id": "612782611"
                    },
                    {
                        "start": 55,
                        "end": 66,
                        "username": "ATVIAssist",
                        "id": "85215038"
                    },
                    {
                        "start": 67,
                        "end": 78,
                        "username": "CallofDuty",
                        "id": "290097288"
                    }
                ]
            },
            "edit_history_tweet_ids": [
                "1672023611635539970"
            ],
            "author_id": "1269604175261794304"
        },
        {
            "text": "Im glad this is acceptable in your game 👌 \n@Activision @ATVIAssist @CallofDuty #CallofDuty #Activision #MW2 #MWII https://t.co/O5dpHbFWDp",
            "id": "1672023376062451715",
            "public_metrics": {
                "retweet_count": 0,
                "reply_count": 0,
                "like_count": 1,
                "quote_count": 0,
                "bookmark_count": 0,
                "impression_count": 111
            },
            "entities": {
                "mentions": [
                    {
                        "start": 43,
                        "end": 54,
                        "username": "Activision",
                        "id": "612782611"
                    },
                    {
                        "start": 55,
                        "end": 66,
                        "username": "ATVIAssist",
                        "id": "85215038"
                    },
                    {
                        "start": 67,
                        "end": 78,
                        "username": "CallofDuty",
                        "id": "290097288"
                    }
                ]
            },
            "edit_history_tweet_ids": [
                "1672023376062451715"
            ],
            "author_id": "1269604175261794304"
        },
        {
            "text": "RT @ColosseumCrew: ⚔️4v4 FREE HARDPOINT ONLY  \n                     *Cold War*\n 💰 PRIZE $100 | FREE ENTRY\n\n📅Tomorrow @ 8pm EST \n\nAll info…",
            "id": "1672022702176215041",
            "public_metrics": {
                "retweet_count": 3,
                "reply_count": 0,
                "like_count": 0,
                "quote_count": 0,
                "bookmark_count": 0,
                "impression_count": 0
            },
            "entities": {
                "mentions": [
                    {
                        "start": 3,
                        "end": 17,
                        "username": "ColosseumCrew",
                        "id": "1354855480498204672"
                    }
                ]
            },
            "edit_history_tweet_ids": [
                "1672022702176215041"
            ],
            "author_id": "1322039055786323968"
        },
        {
            "text": "@PlayCODMobile @MobileMayhemGG Well isn't this interesting 🤔",
            "id": "1672022638342938625",
            "public_metrics": {
                "retweet_count": 0,
                "reply_count": 0,
                "like_count": 0,
                "quote_count": 0,
                "bookmark_count": 0,
                "impression_count": 14
            },
            "entities": {
                "mentions": [
                    {
                        "start": 0,
                        "end": 14,
                        "username": "PlayCODMobile",
                        "id": "1166443278834659328"
                    },
                    {
                        "start": 15,
                        "end": 30,
                        "username": "MobileMayhemGG",
                        "id": "1096076650117300228"
                    }
                ]
            },
            "edit_history_tweet_ids": [
                "1672022638342938625"
            ],
            "author_id": "1249942522446647302"
        },
        {
            "text": "This won’t make the players go to MWII https://t.co/XaQapB2bIw",
            "id": "1672022535980851200",
            "public_metrics": {
                "retweet_count": 0,
                "reply_count": 0,
                "like_count": 0,
                "quote_count": 0,
                "bookmark_count": 0,
                "impression_count": 69
            },
            "edit_history_tweet_ids": [
                "1672022535980851200"
            ],
            "author_id": "1454873996160290817"
        },
        {
            "text": "RT @CallofDuty: Time to lock in 🤝\n\n#MWII Free Access is live now until the 26th 🆓 https://t.co/04qHWo8fup",
            "id": "1672022398621687810",
            "public_metrics": {
                "retweet_count": 178,
                "reply_count": 0,
                "like_count": 0,
                "quote_count": 0,
                "bookmark_count": 0,
                "impression_count": 0
            },
            "entities": {
                "mentions": [
                    {
                        "start": 3,
                        "end": 14,
                        "username": "CallofDuty",
                        "id": "290097288"
                    }
                ]
            },
            "edit_history_tweet_ids": [
                "1672022398621687810"
            ],
            "author_id": "1669558044278292481"
        },
        {
            "text": "RT @CallofDuty: Time to lock in 🤝\n\n#MWII Free Access is live now until the 26th 🆓 https://t.co/04qHWo8fup",
            "id": "1672022354455658499",
            "public_metrics": {
                "retweet_count": 178,
                "reply_count": 0,
                "like_count": 0,
                "quote_count": 0,
                "bookmark_count": 0,
                "impression_count": 0
            },
            "entities": {
                "mentions": [
                    {
                        "start": 3,
                        "end": 14,
                        "username": "CallofDuty",
                        "id": "290097288"
                    }
                ]
            },
            "edit_history_tweet_ids": [
                "1672022354455658499"
            ],
            "author_id": "1521103917077217281"
        },
        {
            "text": "RT @CallofDuty: Time to settle this out on the track 🏎️\n\nPrime Gaming members, your new free bundle for Call of Duty #Warzone and #MWII is…",
            "id": "1672022252164993024",
            "public_metrics": {
                "retweet_count": 131,
                "reply_count": 0,
                "like_count": 0,
                "quote_count": 0,
                "bookmark_count": 0,
                "impression_count": 0
            },
            "entities": {
                "mentions": [
                    {
                        "start": 3,
                        "end": 14,
                        "username": "CallofDuty",
                        "id": "290097288"
                    }
                ]
            },
            "edit_history_tweet_ids": [
                "1672022252164993024"
            ],
            "author_id": "1669558044278292481"
        },
        {
            "text": "RT @AceOfDeath_: We live!!! Come drop a follow and hangout with me!!  \nhttps://t.co/l2CJsPiYsV \n\n#kickstreamer #kickstreaming #kickaffiliat…",
            "id": "1672022129049579520",
            "public_metrics": {
                "retweet_count": 2,
                "reply_count": 0,
                "like_count": 0,
                "quote_count": 0,
                "bookmark_count": 0,
                "impression_count": 0
            },
            "entities": {
                "mentions": [
                    {
                        "start": 3,
                        "end": 15,
                        "username": "AceOfDeath_",
                        "id": "868557020491915264"
                    }
                ]
            },
            "edit_history_tweet_ids": [
                "1672022129049579520"
            ],
            "author_id": "704583568316633088"
        },
        {
            "text": "We live!!! Come drop a follow and hangout with me!!  \nhttps://t.co/l2CJsPiYsV \n\n#kickstreamer #kickstreaming #kickaffiliate #callofduty #cod #warzone #warzone2 #warzoneranked #streamer #KOOPATROOP #smallstreamer",
            "id": "1672021938565443586",
            "public_metrics": {
                "retweet_count": 2,
                "reply_count": 0,
                "like_count": 7,
                "quote_count": 0,
                "bookmark_count": 0,
                "impression_count": 123
            },
            "edit_history_tweet_ids": [
                "1672021938565443586"
            ],
            "author_id": "868557020491915264"
        },
        {
            "text": "@CallofDuty XDefiant &gt; MW2",
            "id": "1672021755131568130",
            "public_metrics": {
                "retweet_count": 0,
                "reply_count": 0,
                "like_count": 0,
                "quote_count": 0,
                "bookmark_count": 0,
                "impression_count": 98
            },
            "entities": {
                "mentions": [
                    {
                        "start": 0,
                        "end": 11,
                        "username": "CallofDuty",
                        "id": "290097288"
                    }
                ]
            },
            "edit_history_tweet_ids": [
                "1672021755131568130"
            ],
            "author_id": "2209400545"
        },
        {
            "text": "RT @CallofDuty: Time to lock in 🤝\n\n#MWII Free Access is live now until the 26th 🆓 https://t.co/04qHWo8fup",
            "id": "1672021167509495817",
            "public_metrics": {
                "retweet_count": 178,
                "reply_count": 0,
                "like_count": 0,
                "quote_count": 0,
                "bookmark_count": 0,
                "impression_count": 0
            },
            "entities": {
                "mentions": [
                    {
                        "start": 3,
                        "end": 14,
                        "username": "CallofDuty",
                        "id": "290097288"
                    }
                ]
            },
            "edit_history_tweet_ids": [
                "1672021167509495817"
            ],
            "author_id": "1425433100994105352"
        },
        {
            "text": "RT @Desneiges_O: I don’t remember If I already posted this one so LETSGO. 🏃💨💨💨\nBaby sprout is good for the mood.🌱\n#mw2fanart #MW2 #SimonRil…",
            "id": "1672020937560956928",
            "public_metrics": {
                "retweet_count": 113,
                "reply_count": 0,
                "like_count": 0,
                "quote_count": 0,
                "bookmark_count": 0,
                "impression_count": 0
            },
            "entities": {
                "mentions": [
                    {
                        "start": 3,
                        "end": 15,
                        "username": "Desneiges_O",
                        "id": "781141306454212609"
                    }
                ]
            },
            "edit_history_tweet_ids": [
                "1672020937560956928"
            ],
            "author_id": "2328978614"
        },
        {
            "text": "RT @CallofDuty: Time to lock in 🤝\n\n#MWII Free Access is live now until the 26th 🆓 https://t.co/04qHWo8fup",
            "id": "1672020529992040451",
            "public_metrics": {
                "retweet_count": 178,
                "reply_count": 0,
                "like_count": 0,
                "quote_count": 0,
                "bookmark_count": 0,
                "impression_count": 0
            },
            "entities": {
                "mentions": [
                    {
                        "start": 3,
                        "end": 14,
                        "username": "CallofDuty",
                        "id": "290097288"
                    }
                ]
            },
            "edit_history_tweet_ids": [
                "1672020529992040451"
            ],
            "author_id": "1411794756812914691"
        },
        {
            "text": "Lowkey 25 kills.. 24 kills ranked win!! 🏆🥇\n#Warzone #Warzone2 #warzoneranked #MWII #CallofDuty #warzoneclips #CODTOPPLAYS #BattleRoyale #Gaming #kick #Twitch #KickStreaming https://t.co/iOEMHvTp3i",
            "id": "1672020469275557895",
            "public_metrics": {
                "retweet_count": 0,
                "reply_count": 0,
                "like_count": 4,
                "quote_count": 0,
                "bookmark_count": 0,
                "impression_count": 302
            },
            "edit_history_tweet_ids": [
                "1672020469275557895"
            ],
            "author_id": "1892315796"
        },
        {
            "text": "Done with MW2 now, @InfinityWard @Activision must be nice to take a lot of our money and doing absolutely nothing to improve anything whatsoever. https://t.co/uSKMmJE7za",
            "id": "1672019823436472320",
            "public_metrics": {
                "retweet_count": 0,
                "reply_count": 0,
                "like_count": 2,
                "quote_count": 2,
                "bookmark_count": 0,
                "impression_count": 432
            },
            "entities": {
                "mentions": [
                    {
                        "start": 19,
                        "end": 32,
                        "username": "InfinityWard",
                        "id": "18742444"
                    },
                    {
                        "start": 33,
                        "end": 44,
                        "username": "Activision",
                        "id": "612782611"
                    }
                ]
            },
            "edit_history_tweet_ids": [
                "1672019823436472320"
            ],
            "author_id": "1047462487304626177"
        },
        {
            "text": "RT @_TeamNotorious: Want to hear more TN content behind the scenes? Want TN content on the go? Check out our new series over on Spotify and…",
            "id": "1672019761851498496",
            "public_metrics": {
                "retweet_count": 3,
                "reply_count": 0,
                "like_count": 0,
                "quote_count": 0,
                "bookmark_count": 0,
                "impression_count": 0
            },
            "entities": {
                "mentions": [
                    {
                        "start": 3,
                        "end": 18,
                        "username": "_TeamNotorious",
                        "id": "1067239493856563200"
                    }
                ]
            },
            "edit_history_tweet_ids": [
                "1672019761851498496"
            ],
            "author_id": "1586947744865943552"
        },
        {
            "text": "@Swagg Probably more people on WZ1 then the whole MW2 shits kinda sad I lost all hope in cod and Activision as a whole tbh all these multiplayer fps shooters are washed been enjoying single player games alot recently thats just my opinion",
            "id": "1672019745803993089",
            "public_metrics": {
                "retweet_count": 0,
                "reply_count": 0,
                "like_count": 2,
                "quote_count": 0,
                "bookmark_count": 0,
                "impression_count": 48
            },
            "entities": {
                "mentions": [
                    {
                        "start": 0,
                        "end": 6,
                        "username": "Swagg",
                        "id": "725131849"
                    }
                ]
            },
            "edit_history_tweet_ids": [
                "1672019745803993089"
            ],
            "author_id": "1131394809174925312"
        },
        {
            "text": "@Dr_LAZARUS__YT @PlayCODMobile @ATVIAssist If you are still banned, I suggest you send a message to BEST_TECHHACK on Instagram. He literally got my permanently banned account recovered.",
            "id": "1672019639537221632",
            "public_metrics": {
                "retweet_count": 0,
                "reply_count": 0,
                "like_count": 0,
                "quote_count": 0,
                "bookmark_count": 0,
                "impression_count": 2
            },
            "entities": {
                "mentions": [
                    {
                        "start": 0,
                        "end": 15,
                        "username": "Dr_LAZARUS__YT",
                        "id": "1623961939054297089"
                    },
                    {
                        "start": 16,
                        "end": 30,
                        "username": "PlayCODMobile",
                        "id": "1166443278834659328"
                    },
                    {
                        "start": 31,
                        "end": 42,
                        "username": "ATVIAssist",
                        "id": "85215038"
                    }
                ]
            },
            "edit_history_tweet_ids": [
                "1672019639537221632"
            ],
            "author_id": "1670920967118356485"
        },
        {
            "text": "RT @Desneiges_O: I don’t remember If I already posted this one so LETSGO. 🏃💨💨💨\nBaby sprout is good for the mood.🌱\n#mw2fanart #MW2 #SimonRil…",
            "id": "1672019583551811584",
            "public_metrics": {
                "retweet_count": 113,
                "reply_count": 0,
                "like_count": 0,
                "quote_count": 0,
                "bookmark_count": 0,
                "impression_count": 0
            },
            "entities": {
                "mentions": [
                    {
                        "start": 3,
                        "end": 15,
                        "username": "Desneiges_O",
                        "id": "781141306454212609"
                    }
                ]
            },
            "edit_history_tweet_ids": [
                "1672019583551811584"
            ],
            "author_id": "1022141717787504640"
        },
        {
            "text": "Wish I got the finishes 🙂\n\n#cod #Warzone2 #DMZ #smallstreamer #KickStreamer #kick #twitch #gaming #Vondel #Season4 https://t.co/huMuC1hRzl",
            "id": "1672019525829644288",
            "public_metrics": {
                "retweet_count": 0,
                "reply_count": 1,
                "like_count": 5,
                "quote_count": 0,
                "bookmark_count": 0,
                "impression_count": 402
            },
            "edit_history_tweet_ids": [
                "1672019525829644288"
            ],
            "author_id": "1450747303975866371"
        },
        {
            "text": "RT @Tonner__: Huge Shoutout to @BlazeAella for creating my socials banner! Send her a DM if you need any graphic design work done! #MW2 #MW…",
            "id": "1672019391461085184",
            "public_metrics": {
                "retweet_count": 2,
                "reply_count": 0,
                "like_count": 0,
                "quote_count": 0,
                "bookmark_count": 0,
                "impression_count": 0
            },
            "entities": {
                "mentions": [
                    {
                        "start": 3,
                        "end": 12,
                        "username": "Tonner__",
                        "id": "846070377524707328"
                    },
                    {
                        "start": 31,
                        "end": 42,
                        "username": "BlazeAella",
                        "id": "1296127345577918464"
                    }
                ]
            },
            "edit_history_tweet_ids": [
                "1672019391461085184"
            ],
            "author_id": "1296127345577918464"
        },
        {
            "text": "RT @_TeamNotorious: Want to hear more TN content behind the scenes? Want TN content on the go? Check out our new series over on Spotify and…",
            "id": "1672019348414668805",
            "public_metrics": {
                "retweet_count": 3,
                "reply_count": 0,
                "like_count": 0,
                "quote_count": 0,
                "bookmark_count": 0,
                "impression_count": 0
            },
            "entities": {
                "mentions": [
                    {
                        "start": 3,
                        "end": 18,
                        "username": "_TeamNotorious",
                        "id": "1067239493856563200"
                    }
                ]
            },
            "edit_history_tweet_ids": [
                "1672019348414668805"
            ],
            "author_id": "1006344054970507264"
        },
        {
            "text": "RT @Desneiges_O: I don’t remember If I already posted this one so LETSGO. 🏃💨💨💨\nBaby sprout is good for the mood.🌱\n#mw2fanart #MW2 #SimonRil…",
            "id": "1672019190176436226",
            "public_metrics": {
                "retweet_count": 113,
                "reply_count": 0,
                "like_count": 0,
                "quote_count": 0,
                "bookmark_count": 0,
                "impression_count": 0
            },
            "entities": {
                "mentions": [
                    {
                        "start": 3,
                        "end": 15,
                        "username": "Desneiges_O",
                        "id": "781141306454212609"
                    }
                ]
            },
            "edit_history_tweet_ids": [
                "1672019190176436226"
            ],
            "author_id": "1581309391327723520"
        },
        {
            "text": "RT @Desneiges_O: I don’t remember If I already posted this one so LETSGO. 🏃💨💨💨\nBaby sprout is good for the mood.🌱\n#mw2fanart #MW2 #SimonRil…",
            "id": "1672019032172793856",
            "public_metrics": {
                "retweet_count": 113,
                "reply_count": 0,
                "like_count": 0,
                "quote_count": 0,
                "bookmark_count": 0,
                "impression_count": 0
            },
            "entities": {
                "mentions": [
                    {
                        "start": 3,
                        "end": 15,
                        "username": "Desneiges_O",
                        "id": "781141306454212609"
                    }
                ]
            },
            "edit_history_tweet_ids": [
                "1672019032172793856"
            ],
            "author_id": "1095983118622715905"
        },
        {
            "text": "25 kills fácil en consola 😈 #Warzone #CallofDuty #MW2 #Xbox https://t.co/g026SdypB7",
            "id": "1672018885342527490",
            "public_metrics": {
                "retweet_count": 0,
                "reply_count": 0,
                "like_count": 2,
                "quote_count": 1,
                "bookmark_count": 0,
                "impression_count": 211
            },
            "edit_history_tweet_ids": [
                "1672018885342527490"
            ],
            "author_id": "1498400989413625860"
        },
        {
            "text": "RT @Desneiges_O: I don’t remember If I already posted this one so LETSGO. 🏃💨💨💨\nBaby sprout is good for the mood.🌱\n#mw2fanart #MW2 #SimonRil…",
            "id": "1672018809538985984",
            "public_metrics": {
                "retweet_count": 113,
                "reply_count": 0,
                "like_count": 0,
                "quote_count": 0,
                "bookmark_count": 0,
                "impression_count": 0
            },
            "entities": {
                "mentions": [
                    {
                        "start": 3,
                        "end": 15,
                        "username": "Desneiges_O",
                        "id": "781141306454212609"
                    }
                ]
            },
            "edit_history_tweet_ids": [
                "1672018809538985984"
            ],
            "author_id": "1623088397198696450"
        },
        {
            "text": "RT @loneghostwolf88: Graves as 3rd entry for the beach boy series 🏝️☀️\n#CallofDutyModernWarfare2 #PhillipGraves #CallofDuty #3DRender #Rend…",
            "id": "1672018763695411200",
            "public_metrics": {
                "retweet_count": 52,
                "reply_count": 0,
                "like_count": 0,
                "quote_count": 0,
                "bookmark_count": 0,
                "impression_count": 0
            },
            "entities": {
                "mentions": [
                    {
                        "start": 3,
                        "end": 19,
                        "username": "loneghostwolf88",
                        "id": "1112278494682271747"
                    }
                ]
            },
            "edit_history_tweet_ids": [
                "1672018763695411200"
            ],
            "author_id": "1095983118622715905"
        },
        {
            "text": "RT @_TeamNotorious: Want to hear more TN content behind the scenes? Want TN content on the go? Check out our new series over on Spotify and…",
            "id": "1672018739015843845",
            "public_metrics": {
                "retweet_count": 3,
                "reply_count": 0,
                "like_count": 0,
                "quote_count": 0,
                "bookmark_count": 0,
                "impression_count": 0
            },
            "entities": {
                "mentions": [
                    {
                        "start": 3,
                        "end": 18,
                        "username": "_TeamNotorious",
                        "id": "1067239493856563200"
                    }
                ]
            },
            "edit_history_tweet_ids": [
                "1672018739015843845"
            ],
            "author_id": "2787536748"
        },
        {
            "text": "RT @CallofDuty: Time to settle this out on the track 🏎️\n\nPrime Gaming members, your new free bundle for Call of Duty #Warzone and #MWII is…",
            "id": "1672018720686784514",
            "public_metrics": {
                "retweet_count": 131,
                "reply_count": 0,
                "like_count": 0,
                "quote_count": 0,
                "bookmark_count": 0,
                "impression_count": 0
            },
            "entities": {
                "mentions": [
                    {
                        "start": 3,
                        "end": 14,
                        "username": "CallofDuty",
                        "id": "290097288"
                    }
                ]
            },
            "edit_history_tweet_ids": [
                "1672018720686784514"
            ],
            "author_id": "1401376874438303745"
        },
        {
            "text": "Want to hear more TN content behind the scenes? Want TN content on the go? Check out our new series over on Spotify and soon to be on YouTube! Now you can watch and even just listen anytime and anywhere. https://t.co/VDurkHpHar  #BeNotorious #SpotifyTop5 #cdl2023",
            "id": "1672018656954396673",
            "public_metrics": {
                "retweet_count": 3,
                "reply_count": 2,
                "like_count": 13,
                "quote_count": 0,
                "bookmark_count": 1,
                "impression_count": 1209
            },
            "edit_history_tweet_ids": [
                "1672018656954396673"
            ],
            "author_id": "1067239493856563200"
        },
        {
            "text": "@Dr_LAZARUS__YT @PlayCODMobile @ATVIAssist If you are still banned, I suggest you send a message to BEST_TECHHACK on Instagram. He literally got my permanently banned account recovered.",
            "id": "1672018485008801802",
            "public_metrics": {
                "retweet_count": 0,
                "reply_count": 0,
                "like_count": 0,
                "quote_count": 0,
                "bookmark_count": 0,
                "impression_count": 1
            },
            "entities": {
                "mentions": [
                    {
                        "start": 0,
                        "end": 15,
                        "username": "Dr_LAZARUS__YT",
                        "id": "1623961939054297089"
                    },
                    {
                        "start": 16,
                        "end": 30,
                        "username": "PlayCODMobile",
                        "id": "1166443278834659328"
                    },
                    {
                        "start": 31,
                        "end": 42,
                        "username": "ATVIAssist",
                        "id": "85215038"
                    }
                ]
            },
            "edit_history_tweet_ids": [
                "1672018485008801802"
            ],
            "author_id": "1670920967118356485"
        },
        {
            "text": "RT @AmikoRoyAi: Modern Warfare II 09 in nutshell\n\n#callofduty #MWII https://t.co/3MaOhB66Rh",
            "id": "1672018267219836929",
            "public_metrics": {
                "retweet_count": 1727,
                "reply_count": 0,
                "like_count": 0,
                "quote_count": 0,
                "bookmark_count": 0,
                "impression_count": 0
            },
            "entities": {
                "mentions": [
                    {
                        "start": 3,
                        "end": 14,
                        "username": "AmikoRoyAi",
                        "id": "4883418989"
                    }
                ]
            },
            "edit_history_tweet_ids": [
                "1672018267219836929"
            ],
            "author_id": "1644205078696579073"
        },
        {
            "text": "COMO DESBLOQUEAR a TONFA [ CASSETETE do LEÃO ] EVENTO ESPECIAL DESAFIO SECRETO | Call Of Duty MW2\nhttps://t.co/sl6z7w0ggO\n#callofduty #callofdutymw2 #callofdutydmz https://t.co/32UXNPht7k",
            "id": "1672018229877698561",
            "public_metrics": {
                "retweet_count": 0,
                "reply_count": 0,
                "like_count": 1,
                "quote_count": 0,
                "bookmark_count": 0,
                "impression_count": 152
            },
            "edit_history_tweet_ids": [
                "1672018229877698561"
            ],
            "author_id": "204911469"
        },
        {
            "text": "@DrWitnesser @ModernWarzone @CallofDuty not MW2",
            "id": "1672018168620134400",
            "public_metrics": {
                "retweet_count": 0,
                "reply_count": 0,
                "like_count": 1,
                "quote_count": 0,
                "bookmark_count": 0,
                "impression_count": 304
            },
            "entities": {
                "mentions": [
                    {
                        "start": 0,
                        "end": 12,
                        "username": "DrWitnesser",
                        "id": "1182130668622483459"
                    },
                    {
                        "start": 13,
                        "end": 27,
                        "username": "ModernWarzone",
                        "id": "1228824019987726338"
                    },
                    {
                        "start": 28,
                        "end": 39,
                        "username": "CallofDuty",
                        "id": "290097288"
                    }
                ]
            },
            "edit_history_tweet_ids": [
                "1672018168620134400"
            ],
            "author_id": "3036787963"
        },
        {
            "text": "RT @CallofDuty: Time to settle this out on the track 🏎️\n\nPrime Gaming members, your new free bundle for Call of Duty #Warzone and #MWII is…",
            "id": "1672017784614649858",
            "public_metrics": {
                "retweet_count": 131,
                "reply_count": 0,
                "like_count": 0,
                "quote_count": 0,
                "bookmark_count": 0,
                "impression_count": 0
            },
            "entities": {
                "mentions": [
                    {
                        "start": 3,
                        "end": 14,
                        "username": "CallofDuty",
                        "id": "290097288"
                    }
                ]
            },
            "edit_history_tweet_ids": [
                "1672017784614649858"
            ],
            "author_id": "2327748979"
        },
        {
            "text": "COMO DERROTAR o BULLFROG e COLETAR a MALETA de VOLDEL FACILMENTE ROTA &amp; LOADOUT Call Of Duty MW2 DMZ\nhttps://t.co/kgGbolGhvX\n#callofduty #callofdutymw2 #callofdutydmz https://t.co/9Bv2Axcjm3",
            "id": "1672017722073292800",
            "public_metrics": {
                "retweet_count": 0,
                "reply_count": 0,
                "like_count": 3,
                "quote_count": 0,
                "bookmark_count": 0,
                "impression_count": 159
            },
            "edit_history_tweet_ids": [
                "1672017722073292800"
            ],
            "author_id": "204911469"
        },
        {
            "text": "@PlayCODMobile This teaches you how to be a noob. Lol",
            "id": "1672017551411363840",
            "public_metrics": {
                "retweet_count": 0,
                "reply_count": 0,
                "like_count": 0,
                "quote_count": 0,
                "bookmark_count": 0,
                "impression_count": 31
            },
            "entities": {
                "mentions": [
                    {
                        "start": 0,
                        "end": 14,
                        "username": "PlayCODMobile",
                        "id": "1166443278834659328"
                    }
                ]
            },
            "edit_history_tweet_ids": [
                "1672017551411363840"
            ],
            "author_id": "1636348826645590017"
        },
        {
            "text": "Even though the gameplay remains incredibly fun, #CallOfDuty #COD is not in a good place for a lot of reasons. #VideoGames #CODMW2 #Warzone2\n\n https://t.co/uS8hn02zWo",
            "id": "1672016949235122178",
            "public_metrics": {
                "retweet_count": 0,
                "reply_count": 1,
                "like_count": 1,
                "quote_count": 0,
                "bookmark_count": 0,
                "impression_count": 50
            },
            "edit_history_tweet_ids": [
                "1672016949235122178"
            ],
            "author_id": "723532208179404800"
        },
        {
            "text": "COMO ACHAR a BROCA DIAMANTADA [ EASTER EGG ] | Call Of Duty MW2 DMZ\nhttps://t.co/jt19YdxYot\n#callofduty #callofdutymw2 #callofdutydmz https://t.co/y20oGgCUny",
            "id": "1672016567322787841",
            "public_metrics": {
                "retweet_count": 0,
                "reply_count": 0,
                "like_count": 2,
                "quote_count": 0,
                "bookmark_count": 0,
                "impression_count": 141
            },
            "edit_history_tweet_ids": [
                "1672016567322787841"
            ],
            "author_id": "204911469"
        },
        {
            "text": "RT @Spinypine2: &gt;Looks at leaks for future MWII content\n&gt;Sees that there’s gonna be another shadow company Milsim skin, probably a reward f…",
            "id": "1672016256864600064",
            "public_metrics": {
                "retweet_count": 8,
                "reply_count": 0,
                "like_count": 0,
                "quote_count": 0,
                "bookmark_count": 0,
                "impression_count": 0
            },
            "entities": {
                "mentions": [
                    {
                        "start": 3,
                        "end": 14,
                        "username": "Spinypine2",
                        "id": "1306037635115364357"
                    }
                ]
            },
            "edit_history_tweet_ids": [
                "1672016256864600064"
            ],
            "author_id": "1661675176868691968"
        },
        {
            "text": "RT @CallofDuty: Time to lock in 🤝\n\n#MWII Free Access is live now until the 26th 🆓 https://t.co/04qHWo8fup",
            "id": "1672016235922325504",
            "public_metrics": {
                "retweet_count": 178,
                "reply_count": 0,
                "like_count": 0,
                "quote_count": 0,
                "bookmark_count": 0,
                "impression_count": 0
            },
            "entities": {
                "mentions": [
                    {
                        "start": 3,
                        "end": 14,
                        "username": "CallofDuty",
                        "id": "290097288"
                    }
                ]
            },
            "edit_history_tweet_ids": [
                "1672016235922325504"
            ],
            "author_id": "1401376874438303745"
        },
        {
            "text": "RT @ragnamiss: I'm Live now! Warzone 2.0 On All major platforms, search Ragnamiss or go to Twitch. https://t.co/3yhOpVvb7i #live #livenow #…",
            "id": "1672016182591778817",
            "public_metrics": {
                "retweet_count": 1,
                "reply_count": 0,
                "like_count": 0,
                "quote_count": 0,
                "bookmark_count": 0,
                "impression_count": 0
            },
            "entities": {
                "mentions": [
                    {
                        "start": 3,
                        "end": 13,
                        "username": "ragnamiss",
                        "id": "1432354371921235972"
                    }
                ]
            },
            "edit_history_tweet_ids": [
                "1672016182591778817"
            ],
            "author_id": "1238959701045501964"
        },
        {
            "text": "RT @yumecore: #CallofDuty #MWII #MW2 #SimonGhostRiley\nFull shots below  1/2\nPOV↓  (I'm smol like that :3) https://t.co/WLjLK4214R",
            "id": "1672015894770249728",
            "public_metrics": {
                "retweet_count": 103,
                "reply_count": 0,
                "like_count": 0,
                "quote_count": 0,
                "bookmark_count": 0,
                "impression_count": 0
            },
            "entities": {
                "mentions": [
                    {
                        "start": 3,
                        "end": 12,
                        "username": "yumecore",
                        "id": "1441174708930576386"
                    }
                ]
            },
            "edit_history_tweet_ids": [
                "1672015894770249728"
            ],
            "author_id": "1055500450072576002"
        },
        {
            "text": "RT @CallofDuty: Time to settle this out on the track 🏎️\n\nPrime Gaming members, your new free bundle for Call of Duty #Warzone and #MWII is…",
            "id": "1672015875442978817",
            "public_metrics": {
                "retweet_count": 131,
                "reply_count": 0,
                "like_count": 0,
                "quote_count": 0,
                "bookmark_count": 0,
                "impression_count": 0
            },
            "entities": {
                "mentions": [
                    {
                        "start": 3,
                        "end": 14,
                        "username": "CallofDuty",
                        "id": "290097288"
                    }
                ]
            },
            "edit_history_tweet_ids": [
                "1672015875442978817"
            ],
            "author_id": "1365071845762940928"
        },
        {
            "text": "📢 ℂ𝕠𝕞𝕞𝕚𝕤𝕤𝕚𝕠𝕟𝕤 𝕆𝕡𝕖𝕟 📢\nNeed a 🎨 #Thumbnail Designer with experience?\n\n🔴Look no further🔴\n💵 Budget Friendly Packages\n✉ DM me, I am looking for more clients.\n\nPortfolio 👉 https://t.co/6zLDGstB1P\n\n#CallofDuty #Warzone #Kick #Youtube #SmallStreamer #Twitch #MW2 https://t.co/cidHu6F3hl",
            "id": "1672015870028132354",
            "public_metrics": {
                "retweet_count": 0,
                "reply_count": 0,
                "like_count": 5,
                "quote_count": 0,
                "bookmark_count": 0,
                "impression_count": 328
            },
            "edit_history_tweet_ids": [
                "1672015870028132354"
            ],
            "author_id": "1924113181"
        },
        {
            "text": "RT @Aysoulless: Snipers only / search and rescue clan wars https://t.co/cHp22EAG68 via @YouTube new video out now @PlayCODMobile still doin…",
            "id": "1672015763408822272",
            "public_metrics": {
                "retweet_count": 1,
                "reply_count": 0,
                "like_count": 0,
                "quote_count": 0,
                "bookmark_count": 0,
                "impression_count": 0
            },
            "entities": {
                "mentions": [
                    {
                        "start": 3,
                        "end": 14,
                        "username": "Aysoulless",
                        "id": "4402566554"
                    },
                    {
                        "start": 87,
                        "end": 95,
                        "username": "YouTube",
                        "id": "10228272"
                    },
                    {
                        "start": 114,
                        "end": 128,
                        "username": "PlayCODMobile",
                        "id": "1166443278834659328"
                    }
                ]
            },
            "edit_history_tweet_ids": [
                "1672015763408822272"
            ],
            "author_id": "176158689"
        },
        {
            "text": "RT @CallofDuty: Time to lock in 🤝\n\n#MWII Free Access is live now until the 26th 🆓 https://t.co/04qHWo8fup",
            "id": "1672015571771342848",
            "public_metrics": {
                "retweet_count": 178,
                "reply_count": 0,
                "like_count": 0,
                "quote_count": 0,
                "bookmark_count": 0,
                "impression_count": 0
            },
            "entities": {
                "mentions": [
                    {
                        "start": 3,
                        "end": 14,
                        "username": "CallofDuty",
                        "id": "290097288"
                    }
                ]
            },
            "edit_history_tweet_ids": [
                "1672015571771342848"
            ],
            "author_id": "1659460988201205760"
        },
        {
            "text": "RT @CallofDuty: Time to lock in 🤝\n\n#MWII Free Access is live now until the 26th 🆓 https://t.co/04qHWo8fup",
            "id": "1672015440141246464",
            "public_metrics": {
                "retweet_count": 178,
                "reply_count": 0,
                "like_count": 0,
                "quote_count": 0,
                "bookmark_count": 0,
                "impression_count": 0
            },
            "entities": {
                "mentions": [
                    {
                        "start": 3,
                        "end": 14,
                        "username": "CallofDuty",
                        "id": "290097288"
                    }
                ]
            },
            "edit_history_tweet_ids": [
                "1672015440141246464"
            ],
            "author_id": "781913539799818240"
        },
        {
            "text": "RT @CallofDuty: Time to settle this out on the track 🏎️\n\nPrime Gaming members, your new free bundle for Call of Duty #Warzone and #MWII is…",
            "id": "1672015318296801283",
            "public_metrics": {
                "retweet_count": 131,
                "reply_count": 0,
                "like_count": 0,
                "quote_count": 0,
                "bookmark_count": 0,
                "impression_count": 0
            },
            "entities": {
                "mentions": [
                    {
                        "start": 3,
                        "end": 14,
                        "username": "CallofDuty",
                        "id": "290097288"
                    }
                ]
            },
            "edit_history_tweet_ids": [
                "1672015318296801283"
            ],
            "author_id": "781913539799818240"
        },
        {
            "text": "RT @CallofDuty: Time to settle this out on the track 🏎️\n\nPrime Gaming members, your new free bundle for Call of Duty #Warzone and #MWII is…",
            "id": "1672015172981129217",
            "public_metrics": {
                "retweet_count": 131,
                "reply_count": 0,
                "like_count": 0,
                "quote_count": 0,
                "bookmark_count": 0,
                "impression_count": 0
            },
            "entities": {
                "mentions": [
                    {
                        "start": 3,
                        "end": 14,
                        "username": "CallofDuty",
                        "id": "290097288"
                    }
                ]
            },
            "edit_history_tweet_ids": [
                "1672015172981129217"
            ],
            "author_id": "895860276876148736"
        }
    ],
    "includes": {
        "users": [
            {
                "id": "1642097723481440256",
                "name": "LEX",
                "username": "lexiissgone"
            },
            {
                "id": "10228272",
                "name": "YouTube",
                "username": "YouTube"
            },
            {
                "id": "294198566",
                "name": "Call of Duty League",
                "username": "CODLeague"
            },
            {
                "id": "612782611",
                "name": "Activision",
                "username": "Activision"
            },
            {
                "id": "290097288",
                "name": "Call of Duty",
                "username": "CallofDuty"
            },
            {
                "id": "1550141493016268800",
                "name": "Xeenon",
                "username": "Xeenon_xyz"
            },
            {
                "id": "1480284877673189379",
                "name": "𝘌𝘌 Zambino",
                "username": "Jzambardino41"
            },
            {
                "id": "1480307763641257986",
                "name": "TearWipe",
                "username": "WipeTear"
            },
            {
                "id": "111210694",
                "name": "Ryan B.",
                "username": "PrestigeIsKey"
            },
            {
                "id": "18742444",
                "name": "Infinity Ward",
                "username": "InfinityWard"
            },
            {
                "id": "19136295",
                "name": "Raven Software",
                "username": "RavenSoftware"
            },
            {
                "id": "781141306454212609",
                "name": "🎄L'abominable Homme Desneiges🎄",
                "username": "Desneiges_O"
            },
            {
                "id": "1054927382",
                "name": "661ave",
                "username": "661ave"
            },
            {
                "id": "1336527669161324544",
                "name": "Hellish 🧼💀",
                "username": "HellishDraws"
            },
            {
                "id": "1629207520941056002",
                "name": "saf!",
                "username": "vedettare"
            },
            {
                "id": "1112278494682271747",
                "name": "GhostWolf",
                "username": "loneghostwolf88"
            },
            {
                "id": "1166443278834659328",
                "name": "Call of Duty: Mobile",
                "username": "PlayCODMobile"
            },
            {
                "id": "1611056819304120321",
                "name": "Secret!🏳️‍🌈🏳️‍⚧️",
                "username": "a_secret_mf"
            },
            {
                "id": "1228824019987726338",
                "name": "ModernWarzone",
                "username": "ModernWarzone"
            },
            {
                "id": "85215038",
                "name": "Activision Support",
                "username": "ATVIAssist"
            },
            {
                "id": "1354855480498204672",
                "name": "ColosseumCrew Tournaments",
                "username": "ColosseumCrew"
            },
            {
                "id": "1096076650117300228",
                "name": "CauseMayhem🔥",
                "username": "MobileMayhemGG"
            },
            {
                "id": "868557020491915264",
                "name": "AceOfDeath On Kick",
                "username": "AceOfDeath_"
            },
            {
                "id": "1067239493856563200",
                "name": "Team Notorious",
                "username": "_TeamNotorious"
            },
            {
                "id": "725131849",
                "name": "FaZe Swagg ☢️",
                "username": "Swagg"
            },
            {
                "id": "1623961939054297089",
                "name": "Dr. LAZARUS",
                "username": "Dr_LAZARUS__YT"
            },
            {
                "id": "846070377524707328",
                "name": "Tonner",
                "username": "Tonner__"
            },
            {
                "id": "1296127345577918464",
                "name": "🎁 Aella Blaze 🎁",
                "username": "BlazeAella"
            },
            {
                "id": "4883418989",
                "name": "🦊Amiko💀🧼brainrot",
                "username": "AmikoRoyAi"
            },
            {
                "id": "1182130668622483459",
                "name": "𝘿𝙧𝙒𝙞𝙩𝙣𝙚𝙨𝙨𝙚𝙧",
                "username": "DrWitnesser"
            },
            {
                "id": "1306037635115364357",
                "name": "Spinypine ♤",
                "username": "Spinypine2"
            },
            {
                "id": "1432354371921235972",
                "name": "Ragnamiss",
                "username": "ragnamiss"
            },
            {
                "id": "1441174708930576386",
                "name": "༄Yume ❄🐼",
                "username": "yumecore"
            },
            {
                "id": "4402566554",
                "name": "Soulless",
                "username": "Aysoulless"
            }
        ]
    }
}