{
    "data": [
        {
            "entities": {
                "mentions": [
                    {
                        "start": 3,
                        "end": 15,
                        "username": "electrotom_",
                        "id": "1276456313900457985"
                    }
                ]
            },
            "public_metrics": {
                "retweet_count": 8,
                "reply_count": 0,
                "like_count": 0,
                "quote_count": 0,
                "bookmark_count": 0,
                "impression_count": 0
            },
            "author_id": "1486780680033951746",
            "edit_history_tweet_ids": [
                "1671669255530479617"
            ],
            "id": "1671669255530479617",
            "text": "RT @electrotom_: Time for some #warzone2 #season4 …live on https://t.co/2gt1l50F3z  #cod #callofduty  #codwarzone #callofdutywarzone \n#Smal…"
        },
        {
            "entities": {
                "mentions": [
                    {
                        "start": 0,
                        "end": 12,
                        "username": "suirad2200_",
                        "id": "1591442864134832128"
                    },
                    {
                        "start": 13,
                        "end": 26,
                        "username": "CallofDutyUK",
                        "id": "704650838"
                    },
                    {
                        "start": 56,
                        "end": 67,
                        "username": "CallofDuty",
                        "id": "290097288"
                    }
                ]
            },
            "public_metrics": {
                "retweet_count": 0,
                "reply_count": 0,
                "like_count": 1,
                "quote_count": 0,
                "bookmark_count": 0,
                "impression_count": 56
            },
            "author_id": "732129930415357952",
            "edit_history_tweet_ids": [
                "1671669178745380865"
            ],
            "id": "1671669178745380865",
            "text": "@suirad2200_ @CallofDutyUK Insane mate what a night for @CallofDuty \n\nWe played insane 🫡 #MW2"
        },
        {
            "entities": {
                "mentions": [
                    {
                        "start": 54,
                        "end": 69,
                        "username": "KickStreamsNow",
                        "id": "2173297046"
                    },
                    {
                        "start": 70,
                        "end": 84,
                        "username": "KickStreaming",
                        "id": "1579314486137458695"
                    }
                ]
            },
            "public_metrics": {
                "retweet_count": 0,
                "reply_count": 1,
                "like_count": 3,
                "quote_count": 0,
                "bookmark_count": 0,
                "impression_count": 91
            },
            "author_id": "75226425",
            "edit_history_tweet_ids": [
                "1671668930174410757"
            ],
            "id": "1671668930174410757",
            "text": "Must watch TV. All the sweats and all the vegetables. @KickStreamsNow @KickStreaming \n#LIVE #KickStreaming #KickStreamers #FPSgames #CallofDuty #streamers #Warzone2 #WednesdayMotivation https://t.co/LaJFBhzZm8"
        },
        {
            "entities": {
                "mentions": [
                    {
                        "start": 3,
                        "end": 13,
                        "username": "zpljajaja",
                        "id": "1372472135885725698"
                    }
                ]
            },
            "public_metrics": {
                "retweet_count": 110,
                "reply_count": 0,
                "like_count": 0,
                "quote_count": 0,
                "bookmark_count": 0,
                "impression_count": 0
            },
            "author_id": "4135484892",
            "edit_history_tweet_ids": [
                "1671668761164939264"
            ],
            "id": "1671668761164939264",
            "text": "RT @zpljajaja: #MW2 #cod #Ghost #CallofDuty \n\"...\" https://t.co/L3cnhygWZ6"
        },
        {
            "entities": {
                "mentions": [
                    {
                        "start": 3,
                        "end": 19,
                        "username": "loneghostwolf88",
                        "id": "1112278494682271747"
                    }
                ]
            },
            "public_metrics": {
                "retweet_count": 214,
                "reply_count": 0,
                "like_count": 0,
                "quote_count": 0,
                "bookmark_count": 0,
                "impression_count": 0
            },
            "author_id": "1629779280",
            "edit_history_tweet_ids": [
                "1671668333106835457"
            ],
            "id": "1671668333106835457",
            "text": "RT @loneghostwolf88: Smoking break 💀🚬\n(spicy version on my patreon) \n#CallofDutyModernWarfare2 #simonghostriley #CoDGhost #CallofDuty #3DRe…"
        },
        {
            "entities": {
                "mentions": [
                    {
                        "start": 3,
                        "end": 13,
                        "username": "MrTLexify",
                        "id": "1282055606"
                    }
                ]
            },
            "public_metrics": {
                "retweet_count": 1324,
                "reply_count": 0,
                "like_count": 0,
                "quote_count": 0,
                "bookmark_count": 0,
                "impression_count": 0
            },
            "author_id": "1400655613",
            "edit_history_tweet_ids": [
                "1671668245256970241"
            ],
            "id": "1671668245256970241",
            "text": "RT @MrTLexify: Favela Coming to MWII Leaked Gameplay https://t.co/N0G3FPG63I"
        },
        {
            "entities": {
                "mentions": [
                    {
                        "start": 3,
                        "end": 14,
                        "username": "Timebird84",
                        "id": "1438000933"
                    }
                ]
            },
            "public_metrics": {
                "retweet_count": 14,
                "reply_count": 0,
                "like_count": 0,
                "quote_count": 0,
                "bookmark_count": 0,
                "impression_count": 0
            },
            "author_id": "435635218",
            "edit_history_tweet_ids": [
                "1671668195873398784"
            ],
            "id": "1671668195873398784",
            "text": "RT @Timebird84: First #Ghost close-up, hope you like it\n\n3D model port by 3DUK on Renderhub #mw2ghost #mw2 #simonghostriley #simonriley #ca…"
        },
        {
            "public_metrics": {
                "retweet_count": 0,
                "reply_count": 1,
                "like_count": 2,
                "quote_count": 0,
                "bookmark_count": 0,
                "impression_count": 592
            },
            "author_id": "1228437600022810625",
            "edit_history_tweet_ids": [
                "1671667612105728003"
            ],
            "id": "1671667612105728003",
            "text": "KICKERS, Is it wrong to make jokes about the Sub lost by the Titanic\nlink in comments  \n#KickStreamers #KickStreaming #CallofDuty #gaming #kickarmy #kickstream #warzone2 #warzone #military #vondel #ContentCreator #smallstreamer #fbstreamer #Activision #twitch #TitanicRescue"
        },
        {
            "entities": {
                "mentions": [
                    {
                        "start": 45,
                        "end": 56,
                        "username": "Activision",
                        "id": "612782611"
                    },
                    {
                        "start": 57,
                        "end": 68,
                        "username": "ATVIAssist",
                        "id": "85215038"
                    }
                ]
            },
            "public_metrics": {
                "retweet_count": 0,
                "reply_count": 5,
                "like_count": 0,
                "quote_count": 5,
                "bookmark_count": 0,
                "impression_count": 56
            },
            "author_id": "1436137823208411137",
            "edit_history_tweet_ids": [
                "1671667315698434049"
            ],
            "id": "1671667315698434049",
            "text": "https://t.co/qFemPief1E\n\nPlease do something @Activision @ATVIAssist #wallhacks #warzone2 #aimbot #dmz"
        },
        {
            "entities": {
                "mentions": [
                    {
                        "start": 3,
                        "end": 14,
                        "username": "CODUpdates",
                        "id": "1662154128267542533"
                    }
                ]
            },
            "public_metrics": {
                "retweet_count": 40,
                "reply_count": 0,
                "like_count": 0,
                "quote_count": 0,
                "bookmark_count": 0,
                "impression_count": 0
            },
            "author_id": "1014844473958916098",
            "edit_history_tweet_ids": [
                "1671667290109083649"
            ],
            "id": "1671667290109083649",
            "text": "RT @CODUpdates: 📝 #MWII #Warzone \n\nWe've released an update that addresses a number of adjustments and bug fixes. Read the updated patch no…"
        },
        {
            "public_metrics": {
                "retweet_count": 0,
                "reply_count": 0,
                "like_count": 2,
                "quote_count": 0,
                "bookmark_count": 1,
                "impression_count": 125
            },
            "author_id": "23320668",
            "edit_history_tweet_ids": [
                "1671667279677861889"
            ],
            "id": "1671667279677861889",
            "text": "Might be my favorite finishing moves to pull off.\n\n#CallofDuty #CallofDutyModernWarfareII #MWII #PS5 https://t.co/6kiMLg8HtM"
        },
        {
            "entities": {
                "mentions": [
                    {
                        "start": 3,
                        "end": 13,
                        "username": "Turbonade",
                        "id": "3315881306"
                    }
                ]
            },
            "public_metrics": {
                "retweet_count": 2,
                "reply_count": 0,
                "like_count": 0,
                "quote_count": 0,
                "bookmark_count": 0,
                "impression_count": 0
            },
            "author_id": "1682496764",
            "edit_history_tweet_ids": [
                "1671666996356980736"
            ],
            "id": "1671666996356980736",
            "text": "RT @Turbonade: Sniping is Fun #Callofduty #Cod #Mw2 #clips #Gamer #Tiktok #Youtube #Twitchsteamer #Vibes #Practice #Smallstreamer https://t…"
        },
        {
            "entities": {
                "mentions": [
                    {
                        "start": 3,
                        "end": 15,
                        "username": "jbowendaman",
                        "id": "4840741114"
                    }
                ]
            },
            "public_metrics": {
                "retweet_count": 15,
                "reply_count": 0,
                "like_count": 0,
                "quote_count": 0,
                "bookmark_count": 0,
                "impression_count": 0
            },
            "author_id": "390952267",
            "edit_history_tweet_ids": [
                "1671666699924381698"
            ],
            "id": "1671666699924381698",
            "text": "RT @jbowendaman: Activision really thinks people are gonna choose to play MW2 this weekend over Xdefiant LOL"
        },
        {
            "entities": {
                "mentions": [
                    {
                        "start": 0,
                        "end": 11,
                        "username": "CallofDuty",
                        "id": "290097288"
                    }
                ]
            },
            "public_metrics": {
                "retweet_count": 0,
                "reply_count": 0,
                "like_count": 0,
                "quote_count": 0,
                "bookmark_count": 0,
                "impression_count": 22
            },
            "author_id": "1562617855803240449",
            "edit_history_tweet_ids": [
                "1671666267072131073"
            ],
            "id": "1671666267072131073",
            "text": "@CallofDuty can u pls make a game  this year cuz mw2 is getting so boring. pls\n#CallofDuty #MW2 https://t.co/FxCuqy0EJT"
        },
        {
            "public_metrics": {
                "retweet_count": 0,
                "reply_count": 0,
                "like_count": 1,
                "quote_count": 0,
                "bookmark_count": 0,
                "impression_count": 134
            },
            "author_id": "1091200417927553024",
            "edit_history_tweet_ids": [
                "1671666033604829185"
            ],
            "id": "1671666033604829185",
            "text": "FaZed up 🫡\n#CDL2023 #CDLChamps https://t.co/yDHOSHyCQ9"
        },
        {
            "public_metrics": {
                "retweet_count": 0,
                "reply_count": 0,
                "like_count": 2,
                "quote_count": 1,
                "bookmark_count": 0,
                "impression_count": 176
            },
            "author_id": "791312097304911874",
            "edit_history_tweet_ids": [
                "1671666033042808833"
            ],
            "id": "1671666033042808833",
            "text": "📺Live Streaming📺\n\n⏰6/22(木)　9:00～\n🎮『#CallofDuty （#コールオブデューティー）#MWII』\n📍[Youtube]https://t.co/GjoukMYyvw\nTwitchでも同時配信！\n\n久しぶりの朝活ですわよ！（w/おじゃり）\n\n#youtube #CallofDutyu #CoD #MW2 #CallofDutyModernWarfare2 #FPS #Twitch"
        },
        {
            "public_metrics": {
                "retweet_count": 2,
                "reply_count": 0,
                "like_count": 6,
                "quote_count": 0,
                "bookmark_count": 0,
                "impression_count": 209
            },
            "author_id": "1572952583509053442",
            "edit_history_tweet_ids": [
                "1671665966495809536"
            ],
            "id": "1671665966495809536",
            "text": "Warzone 2: FREE 4 ALL!  #CallofDuty #ModernWarfare2 #Warzone2 #warzonemobile #Warzone \n\nhttps://t.co/yXqBhzvXLV"
        },
        {
            "entities": {
                "mentions": [
                    {
                        "start": 3,
                        "end": 12,
                        "username": "ExoGhost",
                        "id": "1458973196963700736"
                    }
                ]
            },
            "public_metrics": {
                "retweet_count": 18,
                "reply_count": 0,
                "like_count": 0,
                "quote_count": 0,
                "bookmark_count": 0,
                "impression_count": 0
            },
            "author_id": "4638565157",
            "edit_history_tweet_ids": [
                "1671665812891893764"
            ],
            "id": "1671665812891893764",
            "text": "RT @ExoGhost: XDefiant gameplay blows MW2 out of the water #XDefiant https://t.co/Plkn5lPw0D"
        },
        {
            "public_metrics": {
                "retweet_count": 2,
                "reply_count": 0,
                "like_count": 1,
                "quote_count": 0,
                "bookmark_count": 0,
                "impression_count": 65
            },
            "author_id": "3315881306",
            "edit_history_tweet_ids": [
                "1671665763030274049"
            ],
            "id": "1671665763030274049",
            "text": "Sniping is Fun #Callofduty #Cod #Mw2 #clips #Gamer #Tiktok #Youtube #Twitchsteamer #Vibes #Practice #Smallstreamer https://t.co/LMEhhNgd7a"
        },
        {
            "public_metrics": {
                "retweet_count": 0,
                "reply_count": 0,
                "like_count": 8,
                "quote_count": 0,
                "bookmark_count": 0,
                "impression_count": 401
            },
            "author_id": "929291899403304961",
            "edit_history_tweet_ids": [
                "1671665622093287424"
            ],
            "id": "1671665622093287424",
            "text": "#CallofDuty #mw2 #COD\n買ったぞチューチュー・タコカイナ🐙✨\nヴォンデル運河のカッパです🥒\n\nデモゴルゴンっぽいボートは、野良さん驚かすのに使おうかな〜？😋\n\nロストしたタイミングで出動スロットの配置変えようと思ったけど、意外にも金タグまで昇進〜✨\n\n深淵からジィーッ……👀✨ https://t.co/Zss4w4uhwu"
        },
        {
            "entities": {
                "mentions": [
                    {
                        "start": 0,
                        "end": 11,
                        "username": "THEWAYOFGJ",
                        "id": "152767074"
                    },
                    {
                        "start": 12,
                        "end": 25,
                        "username": "DETONATEDcom",
                        "id": "1647125149630574592"
                    }
                ]
            },
            "public_metrics": {
                "retweet_count": 0,
                "reply_count": 0,
                "like_count": 2,
                "quote_count": 0,
                "bookmark_count": 0,
                "impression_count": 155
            },
            "author_id": "1398926671659556864",
            "edit_history_tweet_ids": [
                "1671665338306506752"
            ],
            "id": "1671665338306506752",
            "text": "@THEWAYOFGJ @DETONATEDcom Dude just 1 of Xdefiants maps is better than any map that's on COD MW2 multiplayer, Activision already killed COD multiplayer so Xdefiant just needs to be fun."
        },
        {
            "entities": {
                "mentions": [
                    {
                        "start": 3,
                        "end": 14,
                        "username": "CDM_GALAXY",
                        "id": "802197046514110464"
                    },
                    {
                        "start": 24,
                        "end": 37,
                        "username": "CDLHypeSquad",
                        "id": "1557824830971359232"
                    }
                ]
            },
            "public_metrics": {
                "retweet_count": 3,
                "reply_count": 0,
                "like_count": 0,
                "quote_count": 0,
                "bookmark_count": 0,
                "impression_count": 0
            },
            "author_id": "336323460",
            "edit_history_tweet_ids": [
                "1671665065169154049"
            ],
            "id": "1671665065169154049",
            "text": "RT @CDM_GALAXY: All the @CDLHypeSquad Homies I couldn’t fit in the tweet and all the new people I met thank you aswell can’t wait to see yo…"
        },
        {
            "entities": {
                "mentions": [
                    {
                        "start": 3,
                        "end": 13,
                        "username": "alexgscod",
                        "id": "1613363724152094722"
                    }
                ]
            },
            "public_metrics": {
                "retweet_count": 35,
                "reply_count": 0,
                "like_count": 0,
                "quote_count": 0,
                "bookmark_count": 0,
                "impression_count": 0
            },
            "author_id": "1238629224778543104",
            "edit_history_tweet_ids": [
                "1671664924609658883"
            ],
            "id": "1671664924609658883",
            "text": "RT @alexgscod: Kyle~ 🧢\n\n#kylegazgarrick #GazMW2 #Callofduty #mw2 https://t.co/Sk0lvijqzX"
        },
        {
            "entities": {
                "mentions": [
                    {
                        "start": 3,
                        "end": 14,
                        "username": "CallofDuty",
                        "id": "290097288"
                    }
                ]
            },
            "public_metrics": {
                "retweet_count": 97,
                "reply_count": 0,
                "like_count": 0,
                "quote_count": 0,
                "bookmark_count": 0,
                "impression_count": 0
            },
            "author_id": "1629842461312024579",
            "edit_history_tweet_ids": [
                "1671664255656136704"
            ],
            "id": "1671664255656136704",
            "text": "RT @CallofDuty: Something for every Operator 💪\n\nShipment and Showdown 24/7 come to #MWII in this week's playlist update 🎮 https://t.co/3a5G…"
        },
        {
            "entities": {
                "mentions": [
                    {
                        "start": 3,
                        "end": 10,
                        "username": "Daxztv",
                        "id": "3558766413"
                    }
                ]
            },
            "public_metrics": {
                "retweet_count": 1,
                "reply_count": 0,
                "like_count": 0,
                "quote_count": 0,
                "bookmark_count": 0,
                "impression_count": 0
            },
            "author_id": "1522721648314654720",
            "edit_history_tweet_ids": [
                "1671664190602264576"
            ],
            "id": "1671664190602264576",
            "text": "RT @Daxztv: Call of Duty Mw2 Streamer Hit's Back to Back Insane No Scope's  With no Game Sounds on Modern Warfare 2 Snd and Receive's insan…"
        },
        {
            "entities": {
                "mentions": [
                    {
                        "start": 3,
                        "end": 13,
                        "username": "MrTLexify",
                        "id": "1282055606"
                    }
                ]
            },
            "public_metrics": {
                "retweet_count": 1324,
                "reply_count": 0,
                "like_count": 0,
                "quote_count": 0,
                "bookmark_count": 0,
                "impression_count": 0
            },
            "author_id": "883158018",
            "edit_history_tweet_ids": [
                "1671664184226897920"
            ],
            "id": "1671664184226897920",
            "text": "RT @MrTLexify: Favela Coming to MWII Leaked Gameplay https://t.co/N0G3FPG63I"
        },
        {
            "entities": {
                "mentions": [
                    {
                        "start": 3,
                        "end": 19,
                        "username": "loneghostwolf88",
                        "id": "1112278494682271747"
                    }
                ]
            },
            "public_metrics": {
                "retweet_count": 214,
                "reply_count": 0,
                "like_count": 0,
                "quote_count": 0,
                "bookmark_count": 0,
                "impression_count": 0
            },
            "author_id": "1274452182327128064",
            "edit_history_tweet_ids": [
                "1671664183753183232"
            ],
            "id": "1671664183753183232",
            "text": "RT @loneghostwolf88: Smoking break 💀🚬\n(spicy version on my patreon) \n#CallofDutyModernWarfare2 #simonghostriley #CoDGhost #CallofDuty #3DRe…"
        },
        {
            "public_metrics": {
                "retweet_count": 1,
                "reply_count": 0,
                "like_count": 1,
                "quote_count": 0,
                "bookmark_count": 0,
                "impression_count": 130
            },
            "author_id": "3558766413",
            "edit_history_tweet_ids": [
                "1671664058573914114"
            ],
            "id": "1671664058573914114",
            "text": "Call of Duty Mw2 Streamer Hit's Back to Back Insane No Scope's  With no Game Sounds on Modern Warfare 2 Snd and Receive's insane Reaction's #gaming #anime #nfl #acdc #callofduty #cod #mw2 #ModernWarfare2 https://t.co/bqLSEjMmqG"
        },
        {
            "entities": {
                "mentions": [
                    {
                        "start": 3,
                        "end": 16,
                        "username": "CallofDutyUK",
                        "id": "704650838"
                    }
                ]
            },
            "public_metrics": {
                "retweet_count": 6,
                "reply_count": 0,
                "like_count": 0,
                "quote_count": 0,
                "bookmark_count": 0,
                "impression_count": 0
            },
            "author_id": "1260909388820332546",
            "edit_history_tweet_ids": [
                "1671663866688708609"
            ],
            "id": "1671663866688708609",
            "text": "RT @CallofDutyUK: An action-packed weekend featuring new Season 04 maps is ahead. Enjoy #MWII Multiplayer for free starting June 22 📆 \n\nGet…"
        },
        {
            "entities": {
                "mentions": [
                    {
                        "start": 3,
                        "end": 12,
                        "username": "ExoGhost",
                        "id": "1458973196963700736"
                    }
                ]
            },
            "public_metrics": {
                "retweet_count": 18,
                "reply_count": 0,
                "like_count": 0,
                "quote_count": 0,
                "bookmark_count": 0,
                "impression_count": 0
            },
            "author_id": "892284100631035904",
            "edit_history_tweet_ids": [
                "1671663836036755457"
            ],
            "id": "1671663836036755457",
            "text": "RT @ExoGhost: XDefiant gameplay blows MW2 out of the water #XDefiant https://t.co/Plkn5lPw0D"
        },
        {
            "entities": {
                "mentions": [
                    {
                        "start": 3,
                        "end": 12,
                        "username": "yumecore",
                        "id": "1441174708930576386"
                    }
                ]
            },
            "public_metrics": {
                "retweet_count": 103,
                "reply_count": 0,
                "like_count": 0,
                "quote_count": 0,
                "bookmark_count": 0,
                "impression_count": 0
            },
            "author_id": "3685079575",
            "edit_history_tweet_ids": [
                "1671663701731184640"
            ],
            "id": "1671663701731184640",
            "text": "RT @yumecore: #CallofDuty #MWII #MW2 #SimonGhostRiley\nFull shots below  1/2\nPOV↓  (I'm smol like that :3) https://t.co/WLjLK4214R"
        },
        {
            "entities": {
                "mentions": [
                    {
                        "start": 0,
                        "end": 13,
                        "username": "PixelsofMark",
                        "id": "308079236"
                    }
                ]
            },
            "public_metrics": {
                "retweet_count": 0,
                "reply_count": 0,
                "like_count": 0,
                "quote_count": 0,
                "bookmark_count": 0,
                "impression_count": 35
            },
            "author_id": "1586198216952975360",
            "edit_history_tweet_ids": [
                "1671663597846503424"
            ],
            "id": "1671663597846503424",
            "text": "@PixelsofMark Just want to point out that this is a beta. It’s a test. Unlike the full release $70 mw2 beta that activision gave us."
        },
        {
            "entities": {
                "mentions": [
                    {
                        "start": 3,
                        "end": 14,
                        "username": "CODUpdates",
                        "id": "1662154128267542533"
                    }
                ]
            },
            "public_metrics": {
                "retweet_count": 40,
                "reply_count": 0,
                "like_count": 0,
                "quote_count": 0,
                "bookmark_count": 0,
                "impression_count": 0
            },
            "author_id": "2252258618",
            "edit_history_tweet_ids": [
                "1671663584684785669"
            ],
            "id": "1671663584684785669",
            "text": "RT @CODUpdates: 📝 #MWII #Warzone \n\nWe've released an update that addresses a number of adjustments and bug fixes. Read the updated patch no…"
        },
        {
            "entities": {
                "mentions": [
                    {
                        "start": 104,
                        "end": 112,
                        "username": "YouTube",
                        "id": "10228272"
                    }
                ]
            },
            "public_metrics": {
                "retweet_count": 0,
                "reply_count": 0,
                "like_count": 0,
                "quote_count": 0,
                "bookmark_count": 0,
                "impression_count": 14
            },
            "author_id": "777954747177369600",
            "edit_history_tweet_ids": [
                "1671663402660294656"
            ],
            "id": "1671663402660294656",
            "text": "Call Of Duty Warzone 2 *NEW S4 MAP* *LIVE GAMEPLAY* #Bestloadout #CallOf... https://t.co/mdoORInlms via @YouTube  #cod  #viral #mw2 #MWII #Action #CallofDuty  COME CHILL w/ DA FAM‼️‼️‼️‼️"
        },
        {
            "entities": {
                "mentions": [
                    {
                        "start": 3,
                        "end": 14,
                        "username": "CallofDuty",
                        "id": "290097288"
                    }
                ]
            },
            "public_metrics": {
                "retweet_count": 97,
                "reply_count": 0,
                "like_count": 0,
                "quote_count": 0,
                "bookmark_count": 0,
                "impression_count": 0
            },
            "author_id": "1541494915569516548",
            "edit_history_tweet_ids": [
                "1671663131016265728"
            ],
            "id": "1671663131016265728",
            "text": "RT @CallofDuty: Something for every Operator 💪\n\nShipment and Showdown 24/7 come to #MWII in this week's playlist update 🎮 https://t.co/3a5G…"
        },
        {
            "entities": {
                "mentions": [
                    {
                        "start": 3,
                        "end": 13,
                        "username": "MrTLexify",
                        "id": "1282055606"
                    }
                ]
            },
            "public_metrics": {
                "retweet_count": 1324,
                "reply_count": 0,
                "like_count": 0,
                "quote_count": 0,
                "bookmark_count": 0,
                "impression_count": 0
            },
            "author_id": "620594733",
            "edit_history_tweet_ids": [
                "1671662906340003844"
            ],
            "id": "1671662906340003844",
            "text": "RT @MrTLexify: Favela Coming to MWII Leaked Gameplay https://t.co/N0G3FPG63I"
        },
        {
            "entities": {
                "mentions": [
                    {
                        "start": 3,
                        "end": 19,
                        "username": "loneghostwolf88",
                        "id": "1112278494682271747"
                    }
                ]
            },
            "public_metrics": {
                "retweet_count": 214,
                "reply_count": 0,
                "like_count": 0,
                "quote_count": 0,
                "bookmark_count": 0,
                "impression_count": 0
            },
            "author_id": "1472410379359854592",
            "edit_history_tweet_ids": [
                "1671662464528777216"
            ],
            "id": "1671662464528777216",
            "text": "RT @loneghostwolf88: Smoking break 💀🚬\n(spicy version on my patreon) \n#CallofDutyModernWarfare2 #simonghostriley #CoDGhost #CallofDuty #3DRe…"
        },
        {
            "entities": {
                "mentions": [
                    {
                        "start": 3,
                        "end": 17,
                        "username": "azucarera_art",
                        "id": "1338411979027795970"
                    }
                ]
            },
            "public_metrics": {
                "retweet_count": 498,
                "reply_count": 0,
                "like_count": 0,
                "quote_count": 0,
                "bookmark_count": 0,
                "impression_count": 0
            },
            "author_id": "1639369338456260609",
            "edit_history_tweet_ids": [
                "1671662420488777729"
            ],
            "id": "1671662420488777729",
            "text": "RT @azucarera_art: of all the people to fall for... smh 😔\n\n#CallofDuty #MW2 #ModernWarfare2 #FarahKarim #AlexKeller #faralex https://t.co/j…"
        },
        {
            "public_metrics": {
                "retweet_count": 0,
                "reply_count": 0,
                "like_count": 3,
                "quote_count": 0,
                "bookmark_count": 0,
                "impression_count": 307
            },
            "author_id": "3839956713",
            "edit_history_tweet_ids": [
                "1671662329010724864"
            ],
            "id": "1671662329010724864",
            "text": "LIVE PING! #warzoneclips #gaming #Warzone2 #COD #MWII #Sniper #Season4 #headshot #Vondel #callofduty #Resurgence https://t.co/F1hqtt8zJH"
        },
        {
            "entities": {
                "mentions": [
                    {
                        "start": 3,
                        "end": 13,
                        "username": "dannyelkc",
                        "id": "553067922"
                    },
                    {
                        "start": 46,
                        "end": 55,
                        "username": "KiSMET6_",
                        "id": "2288492456"
                    }
                ]
            },
            "public_metrics": {
                "retweet_count": 208,
                "reply_count": 0,
                "like_count": 0,
                "quote_count": 0,
                "bookmark_count": 0,
                "impression_count": 0
            },
            "author_id": "4563809956",
            "edit_history_tweet_ids": [
                "1671662322312413185"
            ],
            "id": "1671662322312413185",
            "text": "RT @dannyelkc: “See that trophy, it’s mine” - @KiSMET6_ \n\n#CDL2023 | #CODChamps https://t.co/jUmmuZjXLS"
        },
        {
            "entities": {
                "mentions": [
                    {
                        "start": 3,
                        "end": 15,
                        "username": "spoogateetc",
                        "id": "1591169431832363008"
                    }
                ]
            },
            "public_metrics": {
                "retweet_count": 2,
                "reply_count": 0,
                "like_count": 0,
                "quote_count": 0,
                "bookmark_count": 0,
                "impression_count": 0
            },
            "author_id": "854963148356337664",
            "edit_history_tweet_ids": [
                "1671662016581468160"
            ],
            "id": "1671662016581468160",
            "text": "RT @spoogateetc: Ghost’s reaper skin damn😳\n#MWII #MW2 #CallofDuty https://t.co/aoY57WOSOz"
        },
        {
            "entities": {
                "mentions": [
                    {
                        "start": 3,
                        "end": 12,
                        "username": "Sam20144",
                        "id": "67428186"
                    }
                ]
            },
            "public_metrics": {
                "retweet_count": 1,
                "reply_count": 0,
                "like_count": 0,
                "quote_count": 0,
                "bookmark_count": 0,
                "impression_count": 0
            },
            "author_id": "4816394819",
            "edit_history_tweet_ids": [
                "1671661806962573314"
            ],
            "id": "1671661806962573314",
            "text": "RT @Sam20144: Favorite buddy live now stop by talk or lurk #MWII #CallofDuty #Warzone #twitchstreamer #gamergirl #SupportSmallStreamers htt…"
        },
        {
            "entities": {
                "mentions": [
                    {
                        "start": 3,
                        "end": 13,
                        "username": "Lictor_GD",
                        "id": "1456682221239218181"
                    }
                ]
            },
            "public_metrics": {
                "retweet_count": 6,
                "reply_count": 0,
                "like_count": 0,
                "quote_count": 0,
                "bookmark_count": 0,
                "impression_count": 0
            },
            "author_id": "854963148356337664",
            "edit_history_tweet_ids": [
                "1671661552754384896"
            ],
            "id": "1671661552754384896",
            "text": "RT @Lictor_GD: #укррайт #укрфанфікшн #укрслеш #SoapGhost #GhostSoap #soapmactavish #SimonGhostRiley #ghostmw2 #soapmw2 #CallOfDuty #MW2 @uk…"
        },
        {
            "entities": {
                "mentions": [
                    {
                        "start": 3,
                        "end": 12,
                        "username": "skeletib",
                        "id": "4199584757"
                    }
                ]
            },
            "public_metrics": {
                "retweet_count": 3,
                "reply_count": 0,
                "like_count": 0,
                "quote_count": 0,
                "bookmark_count": 0,
                "impression_count": 0
            },
            "author_id": "854963148356337664",
            "edit_history_tweet_ids": [
                "1671661488858365952"
            ],
            "id": "1671661488858365952",
            "text": "RT @skeletib: updated meow #MW2  #ghostmw2  #CallofDuty  #MWII  #simonghostriley https://t.co/2Xr1cxnmkb"
        },
        {
            "entities": {
                "mentions": [
                    {
                        "start": 0,
                        "end": 11,
                        "username": "CallofDuty",
                        "id": "290097288"
                    }
                ]
            },
            "public_metrics": {
                "retweet_count": 0,
                "reply_count": 0,
                "like_count": 0,
                "quote_count": 0,
                "bookmark_count": 0,
                "impression_count": 85
            },
            "author_id": "1420667049110614018",
            "edit_history_tweet_ids": [
                "1671660344601718785"
            ],
            "id": "1671660344601718785",
            "text": "@CallofDuty U said mw2 free but ?!"
        },
        {
            "entities": {
                "mentions": [
                    {
                        "start": 3,
                        "end": 12,
                        "username": "yumecore",
                        "id": "1441174708930576386"
                    }
                ]
            },
            "public_metrics": {
                "retweet_count": 32,
                "reply_count": 0,
                "like_count": 0,
                "quote_count": 0,
                "bookmark_count": 0,
                "impression_count": 0
            },
            "author_id": "854963148356337664",
            "edit_history_tweet_ids": [
                "1671659957840924672"
            ],
            "id": "1671659957840924672",
            "text": "RT @yumecore: #CallofDuty #MWII #SimonGhostRiley \nLook at that shoulder-muscle/blade/all of it, now look at his waist. Sheesh! https://t.co…"
        },
        {
            "entities": {
                "mentions": [
                    {
                        "start": 3,
                        "end": 14,
                        "username": "CallofDuty",
                        "id": "290097288"
                    }
                ]
            },
            "public_metrics": {
                "retweet_count": 97,
                "reply_count": 0,
                "like_count": 0,
                "quote_count": 0,
                "bookmark_count": 0,
                "impression_count": 0
            },
            "author_id": "862071753400627202",
            "edit_history_tweet_ids": [
                "1671659920280948736"
            ],
            "id": "1671659920280948736",
            "text": "RT @CallofDuty: Something for every Operator 💪\n\nShipment and Showdown 24/7 come to #MWII in this week's playlist update 🎮 https://t.co/3a5G…"
        },
        {
            "entities": {
                "mentions": [
                    {
                        "start": 3,
                        "end": 19,
                        "username": "loneghostwolf88",
                        "id": "1112278494682271747"
                    }
                ]
            },
            "public_metrics": {
                "retweet_count": 84,
                "reply_count": 0,
                "like_count": 0,
                "quote_count": 0,
                "bookmark_count": 0,
                "impression_count": 0
            },
            "author_id": "854963148356337664",
            "edit_history_tweet_ids": [
                "1671659839565750272"
            ],
            "id": "1671659839565750272",
            "text": "RT @loneghostwolf88: just Ghost staring into your soul\n#CallofDutyModernWarfare2 #simonghostriley #CoDGhost #CallofDuty #3DRender #Renderin…"
        },
        {
            "entities": {
                "mentions": [
                    {
                        "start": 0,
                        "end": 16,
                        "username": "eloncasiocortex",
                        "id": "1663789715282186240"
                    },
                    {
                        "start": 17,
                        "end": 29,
                        "username": "MrProWestie",
                        "id": "284272880"
                    },
                    {
                        "start": 30,
                        "end": 44,
                        "username": "ModernWarzone",
                        "id": "1228824019987726338"
                    },
                    {
                        "start": 45,
                        "end": 56,
                        "username": "Activision",
                        "id": "612782611"
                    }
                ]
            },
            "public_metrics": {
                "retweet_count": 0,
                "reply_count": 2,
                "like_count": 13,
                "quote_count": 0,
                "bookmark_count": 0,
                "impression_count": 413
            },
            "author_id": "364625732",
            "edit_history_tweet_ids": [
                "1671659676235182080"
            ],
            "id": "1671659676235182080",
            "text": "@eloncasiocortex @MrProWestie @ModernWarzone @Activision man. i’m CoD OG. CPD4, MW2, BLOPs was the golden era. CoD no longer wants us. And i can’t play an inferior product just because it’s popular. I have for too long. Maybe XDefiant isn’t it, but I sure AF hope it is."
        },
        {
            "entities": {
                "mentions": [
                    {
                        "start": 3,
                        "end": 14,
                        "username": "CallofDuty",
                        "id": "290097288"
                    }
                ]
            },
            "public_metrics": {
                "retweet_count": 97,
                "reply_count": 0,
                "like_count": 0,
                "quote_count": 0,
                "bookmark_count": 0,
                "impression_count": 0
            },
            "author_id": "1522139064178479104",
            "edit_history_tweet_ids": [
                "1671659563672653824"
            ],
            "id": "1671659563672653824",
            "text": "RT @CallofDuty: Something for every Operator 💪\n\nShipment and Showdown 24/7 come to #MWII in this week's playlist update 🎮 https://t.co/3a5G…"
        },
        {
            "entities": {
                "mentions": [
                    {
                        "start": 3,
                        "end": 19,
                        "username": "loneghostwolf88",
                        "id": "1112278494682271747"
                    }
                ]
            },
            "public_metrics": {
                "retweet_count": 96,
                "reply_count": 0,
                "like_count": 0,
                "quote_count": 0,
                "bookmark_count": 0,
                "impression_count": 0
            },
            "author_id": "854963148356337664",
            "edit_history_tweet_ids": [
                "1671659477052047361"
            ],
            "id": "1671659477052047361",
            "text": "RT @loneghostwolf88: Jawbone Ghost 💀\n#CallofDutyModernWarfare2 #simonghostriley #CoDGhost #CallofDuty #3DRender #Rendering #Daz3D #MWII htt…"
        },
        {
            "entities": {
                "mentions": [
                    {
                        "start": 3,
                        "end": 12,
                        "username": "yumecore",
                        "id": "1441174708930576386"
                    }
                ]
            },
            "public_metrics": {
                "retweet_count": 54,
                "reply_count": 0,
                "like_count": 0,
                "quote_count": 0,
                "bookmark_count": 0,
                "impression_count": 0
            },
            "author_id": "854963148356337664",
            "edit_history_tweet_ids": [
                "1671659423880863744"
            ],
            "id": "1671659423880863744",
            "text": "RT @yumecore: Desert Ghost\n#CallofDuty #MWII #SimonGhostRiley\nLove that they are adding more campaign skins *-* //Still waiting on THAT one…"
        },
        {
            "entities": {
                "mentions": [
                    {
                        "start": 3,
                        "end": 12,
                        "username": "yumecore",
                        "id": "1441174708930576386"
                    }
                ]
            },
            "public_metrics": {
                "retweet_count": 63,
                "reply_count": 0,
                "like_count": 0,
                "quote_count": 0,
                "bookmark_count": 0,
                "impression_count": 0
            },
            "author_id": "854963148356337664",
            "edit_history_tweet_ids": [
                "1671659364695035905"
            ],
            "id": "1671659364695035905",
            "text": "RT @yumecore: Lieutenant Ghost\n#CallofDuty #MWII #SimonGhostRiley https://t.co/Bv5iR9XG6T"
        },
        {
            "public_metrics": {
                "retweet_count": 1,
                "reply_count": 0,
                "like_count": 1,
                "quote_count": 0,
                "bookmark_count": 0,
                "impression_count": 87
            },
            "author_id": "67428186",
            "edit_history_tweet_ids": [
                "1671659294259916800"
            ],
            "id": "1671659294259916800",
            "text": "Favorite buddy live now stop by talk or lurk #MWII #CallofDuty #Warzone #twitchstreamer #gamergirl #SupportSmallStreamers https://t.co/3hM3GlykZE"
        },
        {
            "entities": {
                "mentions": [
                    {
                        "start": 3,
                        "end": 14,
                        "username": "CODUpdates",
                        "id": "1662154128267542533"
                    }
                ]
            },
            "public_metrics": {
                "retweet_count": 40,
                "reply_count": 0,
                "like_count": 0,
                "quote_count": 0,
                "bookmark_count": 0,
                "impression_count": 0
            },
            "author_id": "2944192142",
            "edit_history_tweet_ids": [
                "1671659116396429312"
            ],
            "id": "1671659116396429312",
            "text": "RT @CODUpdates: 📝 #MWII #Warzone \n\nWe've released an update that addresses a number of adjustments and bug fixes. Read the updated patch no…"
        },
        {
            "entities": {
                "mentions": [
                    {
                        "start": 3,
                        "end": 12,
                        "username": "bue_june",
                        "id": "1599461430776172547"
                    }
                ]
            },
            "public_metrics": {
                "retweet_count": 530,
                "reply_count": 0,
                "like_count": 0,
                "quote_count": 0,
                "bookmark_count": 0,
                "impression_count": 0
            },
            "author_id": "970311931511713792",
            "edit_history_tweet_ids": [
                "1671659053251190784"
            ],
            "id": "1671659053251190784",
            "text": "RT @bue_june: 😇😇😇 #MW2 #CallofDuty https://t.co/PUCOHc9EVJ"
        },
        {
            "entities": {
                "mentions": [
                    {
                        "start": 3,
                        "end": 13,
                        "username": "MrTLexify",
                        "id": "1282055606"
                    }
                ]
            },
            "public_metrics": {
                "retweet_count": 1324,
                "reply_count": 0,
                "like_count": 0,
                "quote_count": 0,
                "bookmark_count": 0,
                "impression_count": 0
            },
            "author_id": "910630028219740160",
            "edit_history_tweet_ids": [
                "1671658923986698241"
            ],
            "id": "1671658923986698241",
            "text": "RT @MrTLexify: Favela Coming to MWII Leaked Gameplay https://t.co/N0G3FPG63I"
        },
        {
            "entities": {
                "mentions": [
                    {
                        "start": 3,
                        "end": 12,
                        "username": "ExoGhost",
                        "id": "1458973196963700736"
                    }
                ]
            },
            "public_metrics": {
                "retweet_count": 18,
                "reply_count": 0,
                "like_count": 0,
                "quote_count": 0,
                "bookmark_count": 0,
                "impression_count": 0
            },
            "author_id": "1240900080338718720",
            "edit_history_tweet_ids": [
                "1671658654641127424"
            ],
            "id": "1671658654641127424",
            "text": "RT @ExoGhost: XDefiant gameplay blows MW2 out of the water #XDefiant https://t.co/Plkn5lPw0D"
        },
        {
            "entities": {
                "mentions": [
                    {
                        "start": 0,
                        "end": 14,
                        "username": "EightNonGrata",
                        "id": "1632073544690704385"
                    }
                ]
            },
            "public_metrics": {
                "retweet_count": 0,
                "reply_count": 0,
                "like_count": 0,
                "quote_count": 0,
                "bookmark_count": 0,
                "impression_count": 15
            },
            "author_id": "737476467819466752",
            "edit_history_tweet_ids": [
                "1671658488177500160"
            ],
            "id": "1671658488177500160",
            "text": "@Eightnongrata I'm loving it, the maps and gameplay are so much better than mw2."
        },
        {
            "entities": {
                "mentions": [
                    {
                        "start": 3,
                        "end": 14,
                        "username": "Wang400jin",
                        "id": "1599952263031554048"
                    }
                ]
            },
            "public_metrics": {
                "retweet_count": 26,
                "reply_count": 0,
                "like_count": 0,
                "quote_count": 0,
                "bookmark_count": 0,
                "impression_count": 0
            },
            "author_id": "854963148356337664",
            "edit_history_tweet_ids": [
                "1671658387669655552"
            ],
            "id": "1671658387669655552",
            "text": "RT @Wang400jin: 热辣长官\n#CaptainPrice \n#CallofDuty \n#MWII https://t.co/G5LxkRaDzn"
        },
        {
            "entities": {
                "mentions": [
                    {
                        "start": 3,
                        "end": 13,
                        "username": "zpljajaja",
                        "id": "1372472135885725698"
                    }
                ]
            },
            "public_metrics": {
                "retweet_count": 110,
                "reply_count": 0,
                "like_count": 0,
                "quote_count": 0,
                "bookmark_count": 0,
                "impression_count": 0
            },
            "author_id": "1231999108619083776",
            "edit_history_tweet_ids": [
                "1671658196686061574"
            ],
            "id": "1671658196686061574",
            "text": "RT @zpljajaja: #MW2 #cod #Ghost #CallofDuty \n\"...\" https://t.co/L3cnhygWZ6"
        },
        {
            "entities": {
                "mentions": [
                    {
                        "start": 3,
                        "end": 16,
                        "username": "aqua_blue178",
                        "id": "790875470623494144"
                    }
                ]
            },
            "public_metrics": {
                "retweet_count": 2,
                "reply_count": 0,
                "like_count": 0,
                "quote_count": 0,
                "bookmark_count": 0,
                "impression_count": 0
            },
            "author_id": "1440140992112328713",
            "edit_history_tweet_ids": [
                "1671657900622893056"
            ],
            "id": "1671657900622893056",
            "text": "RT @aqua_blue178: もう一つ小ネタを、、、\n知ってる人も多いと思いますが、鍵無しで水族館に侵入できます。\n水族館の下の赤丸の位置の木箱から屋上に登れます。そこにあるエレベータが開いているとこから中に入れます。物資かなりうまいです。\n#CODMW2 #DMZ #W…"
        },
        {
            "entities": {
                "mentions": [
                    {
                        "start": 0,
                        "end": 14,
                        "username": "NoFilterGames",
                        "id": "34235457"
                    },
                    {
                        "start": 15,
                        "end": 25,
                        "username": "Aztecross",
                        "id": "2913210626"
                    },
                    {
                        "start": 26,
                        "end": 34,
                        "username": "YouTube",
                        "id": "10228272"
                    }
                ]
            },
            "public_metrics": {
                "retweet_count": 0,
                "reply_count": 0,
                "like_count": 0,
                "quote_count": 0,
                "bookmark_count": 0,
                "impression_count": 14
            },
            "author_id": "1451724554187915269",
            "edit_history_tweet_ids": [
                "1671657784843337730"
            ],
            "id": "1671657784843337730",
            "text": "@NoFilterGames @Aztecross @YouTube Call of duty's pvp isn't pay 2 win. That's the difference. Only Mw2 dmz is p2w but that's pvevp."
        },
        {
            "entities": {
                "mentions": [
                    {
                        "start": 3,
                        "end": 14,
                        "username": "CODUpdates",
                        "id": "1662154128267542533"
                    }
                ]
            },
            "public_metrics": {
                "retweet_count": 40,
                "reply_count": 0,
                "like_count": 0,
                "quote_count": 0,
                "bookmark_count": 0,
                "impression_count": 0
            },
            "author_id": "1185715417941204992",
            "edit_history_tweet_ids": [
                "1671657741062897665"
            ],
            "id": "1671657741062897665",
            "text": "RT @CODUpdates: 📝 #MWII #Warzone \n\nWe've released an update that addresses a number of adjustments and bug fixes. Read the updated patch no…"
        },
        {
            "public_metrics": {
                "retweet_count": 0,
                "reply_count": 0,
                "like_count": 0,
                "quote_count": 0,
                "bookmark_count": 0,
                "impression_count": 7
            },
            "author_id": "1252446129532346369",
            "edit_history_tweet_ids": [
                "1671657515241680896"
            ],
            "id": "1671657515241680896",
            "text": "LIVE🔴- COD Warzone 2 #Warzone #Warzone2 #CallOfDuty #CODWarzone Youtube https://t.co/IkKQzemYP7"
        },
        {
            "entities": {
                "mentions": [
                    {
                        "start": 3,
                        "end": 12,
                        "username": "ExoGhost",
                        "id": "1458973196963700736"
                    }
                ]
            },
            "public_metrics": {
                "retweet_count": 18,
                "reply_count": 0,
                "like_count": 0,
                "quote_count": 0,
                "bookmark_count": 0,
                "impression_count": 0
            },
            "author_id": "472368071",
            "edit_history_tweet_ids": [
                "1671657260664385538"
            ],
            "id": "1671657260664385538",
            "text": "RT @ExoGhost: XDefiant gameplay blows MW2 out of the water #XDefiant https://t.co/Plkn5lPw0D"
        },
        {
            "entities": {
                "mentions": [
                    {
                        "start": 3,
                        "end": 19,
                        "username": "InspithOfficial",
                        "id": "1191170971249590273"
                    },
                    {
                        "start": 33,
                        "end": 47,
                        "username": "KickStreaming",
                        "id": "1579314486137458695"
                    }
                ]
            },
            "public_metrics": {
                "retweet_count": 1,
                "reply_count": 0,
                "like_count": 0,
                "quote_count": 0,
                "bookmark_count": 0,
                "impression_count": 0
            },
            "author_id": "1271261653527650304",
            "edit_history_tweet_ids": [
                "1671657213524426752"
            ],
            "id": "1671657213524426752",
            "text": "RT @InspithOfficial: LIVE NOW ON @KickStreaming✅ \n\nK I C K . C O M / I N S P I T H\n\nhttps://t.co/NEQHoE2Nyx\n\n#warzone #warzone2 #ashikaisla…"
        },
        {
            "entities": {
                "mentions": [
                    {
                        "start": 3,
                        "end": 11,
                        "username": "Ekota__",
                        "id": "1592639044437118980"
                    }
                ]
            },
            "public_metrics": {
                "retweet_count": 5,
                "reply_count": 0,
                "like_count": 0,
                "quote_count": 0,
                "bookmark_count": 0,
                "impression_count": 0
            },
            "author_id": "1452074603266953221",
            "edit_history_tweet_ids": [
                "1671656988554543107"
            ],
            "id": "1671656988554543107",
            "text": "RT @Ekota__: https://t.co/ray2fs74iw🚨\n\n NEW MOVEMENT VIDEO😍😍 RUN THIS UP\n\n#Warzone2 #MW2 #ModernWarfare2 #CallofDutyModernWarfare2 #CallofD…"
        },
        {
            "entities": {
                "mentions": [
                    {
                        "start": 3,
                        "end": 12,
                        "username": "aloossin",
                        "id": "1653474180401119267"
                    }
                ]
            },
            "public_metrics": {
                "retweet_count": 267,
                "reply_count": 0,
                "like_count": 0,
                "quote_count": 0,
                "bookmark_count": 0,
                "impression_count": 0
            },
            "author_id": "1271648871631007745",
            "edit_history_tweet_ids": [
                "1671656918920622080"
            ],
            "id": "1671656918920622080",
            "text": "RT @aloossin: Early morning ☀️\n#MWII #callofduty #soapghost #GhostSoap #simonriley #johnmactavish https://t.co/FsAZf3ccuy"
        },
        {
            "entities": {
                "mentions": [
                    {
                        "start": 3,
                        "end": 16,
                        "username": "itsamustikas",
                        "id": "1238852513383821312"
                    }
                ]
            },
            "public_metrics": {
                "retweet_count": 559,
                "reply_count": 0,
                "like_count": 0,
                "quote_count": 0,
                "bookmark_count": 0,
                "impression_count": 0
            },
            "author_id": "1271648871631007745",
            "edit_history_tweet_ids": [
                "1671656696354160641"
            ],
            "id": "1671656696354160641",
            "text": "RT @itsamustikas: He drinks Bourbon.. \n(you know how this goes)\n#MW2 #MWII #CallofDuty #Ghost #SimonRiley #Kentucky https://t.co/QdHdYdoA6Q"
        },
        {
            "entities": {
                "mentions": [
                    {
                        "start": 3,
                        "end": 13,
                        "username": "MrTLexify",
                        "id": "1282055606"
                    }
                ]
            },
            "public_metrics": {
                "retweet_count": 1324,
                "reply_count": 0,
                "like_count": 0,
                "quote_count": 0,
                "bookmark_count": 0,
                "impression_count": 0
            },
            "author_id": "1610454883114815488",
            "edit_history_tweet_ids": [
                "1671656665761091586"
            ],
            "id": "1671656665761091586",
            "text": "RT @MrTLexify: Favela Coming to MWII Leaked Gameplay https://t.co/N0G3FPG63I"
        },
        {
            "entities": {
                "mentions": [
                    {
                        "start": 3,
                        "end": 13,
                        "username": "alexgscod",
                        "id": "1613363724152094722"
                    }
                ]
            },
            "public_metrics": {
                "retweet_count": 35,
                "reply_count": 0,
                "like_count": 0,
                "quote_count": 0,
                "bookmark_count": 0,
                "impression_count": 0
            },
            "author_id": "2328978614",
            "edit_history_tweet_ids": [
                "1671656565458214914"
            ],
            "id": "1671656565458214914",
            "text": "RT @alexgscod: Kyle~ 🧢\n\n#kylegazgarrick #GazMW2 #Callofduty #mw2 https://t.co/Sk0lvijqzX"
        },
        {
            "entities": {
                "mentions": [
                    {
                        "start": 3,
                        "end": 14,
                        "username": "CODUpdates",
                        "id": "1662154128267542533"
                    }
                ]
            },
            "public_metrics": {
                "retweet_count": 40,
                "reply_count": 0,
                "like_count": 0,
                "quote_count": 0,
                "bookmark_count": 0,
                "impression_count": 0
            },
            "author_id": "2861085923",
            "edit_history_tweet_ids": [
                "1671656523292868608"
            ],
            "id": "1671656523292868608",
            "text": "RT @CODUpdates: 📝 #MWII #Warzone \n\nWe've released an update that addresses a number of adjustments and bug fixes. Read the updated patch no…"
        },
        {
            "entities": {
                "mentions": [
                    {
                        "start": 3,
                        "end": 14,
                        "username": "CallofDuty",
                        "id": "290097288"
                    }
                ]
            },
            "public_metrics": {
                "retweet_count": 97,
                "reply_count": 0,
                "like_count": 0,
                "quote_count": 0,
                "bookmark_count": 0,
                "impression_count": 0
            },
            "author_id": "1352285157064060929",
            "edit_history_tweet_ids": [
                "1671655901365694464"
            ],
            "id": "1671655901365694464",
            "text": "RT @CallofDuty: Something for every Operator 💪\n\nShipment and Showdown 24/7 come to #MWII in this week's playlist update 🎮 https://t.co/3a5G…"
        },
        {
            "entities": {
                "mentions": [
                    {
                        "start": 12,
                        "end": 26,
                        "username": "KickStreaming",
                        "id": "1579314486137458695"
                    },
                    {
                        "start": 182,
                        "end": 196,
                        "username": "Trainwreckstv",
                        "id": "3256068152"
                    },
                    {
                        "start": 197,
                        "end": 208,
                        "username": "StakeEddie",
                        "id": "1140458581088538624"
                    }
                ]
            },
            "public_metrics": {
                "retweet_count": 1,
                "reply_count": 0,
                "like_count": 1,
                "quote_count": 0,
                "bookmark_count": 0,
                "impression_count": 68
            },
            "author_id": "1191170971249590273",
            "edit_history_tweet_ids": [
                "1671655749959790597"
            ],
            "id": "1671655749959790597",
            "text": "LIVE NOW ON @KickStreaming✅ \n\nK I C K . C O M / I N S P I T H\n\nhttps://t.co/NEQHoE2Nyx\n\n#warzone #warzone2 #ashikaisland #mw2 #callofduty #gaming #streamer #streamerthings #inspith\n\n@Trainwreckstv @StakeEddie https://t.co/CbphUUhmVG"
        },
        {
            "entities": {
                "mentions": [
                    {
                        "start": 3,
                        "end": 17,
                        "username": "BettyBRenders",
                        "id": "57432440"
                    }
                ]
            },
            "public_metrics": {
                "retweet_count": 917,
                "reply_count": 0,
                "like_count": 0,
                "quote_count": 0,
                "bookmark_count": 0,
                "impression_count": 0
            },
            "author_id": "1568773115936739328",
            "edit_history_tweet_ids": [
                "1671655713490255875"
            ],
            "id": "1671655713490255875",
            "text": "RT @BettyBRenders: 💀 I like him like that 👉🏻👈🏻\n\n…and I might do a few other boys with their pants so looooow\n\n#Ghost #SimonGhostRiley #ghos…"
        },
        {
            "entities": {
                "mentions": [
                    {
                        "start": 3,
                        "end": 17,
                        "username": "BettyBRenders",
                        "id": "57432440"
                    }
                ]
            },
            "public_metrics": {
                "retweet_count": 890,
                "reply_count": 0,
                "like_count": 0,
                "quote_count": 0,
                "bookmark_count": 0,
                "impression_count": 0
            },
            "author_id": "1568773115936739328",
            "edit_history_tweet_ids": [
                "1671655696054591489"
            ],
            "id": "1671655696054591489",
            "text": "RT @BettyBRenders: 👑 Today König…\n\n…tomorrow 🤷🏼‍♀️\n\n#König #Koenig #KönigMW2 #MW2 #MWII #CallofDutyModernWarfare2 #CallofDuty https://t.co/…"
        },
        {
            "entities": {
                "mentions": [
                    {
                        "start": 3,
                        "end": 19,
                        "username": "loneghostwolf88",
                        "id": "1112278494682271747"
                    }
                ]
            },
            "public_metrics": {
                "retweet_count": 214,
                "reply_count": 0,
                "like_count": 0,
                "quote_count": 0,
                "bookmark_count": 0,
                "impression_count": 0
            },
            "author_id": "1070158694837600256",
            "edit_history_tweet_ids": [
                "1671655617365254146"
            ],
            "id": "1671655617365254146",
            "text": "RT @loneghostwolf88: Smoking break 💀🚬\n(spicy version on my patreon) \n#CallofDutyModernWarfare2 #simonghostriley #CoDGhost #CallofDuty #3DRe…"
        },
        {
            "entities": {
                "mentions": [
                    {
                        "start": 3,
                        "end": 12,
                        "username": "yumecore",
                        "id": "1441174708930576386"
                    }
                ]
            },
            "public_metrics": {
                "retweet_count": 103,
                "reply_count": 0,
                "like_count": 0,
                "quote_count": 0,
                "bookmark_count": 0,
                "impression_count": 0
            },
            "author_id": "1517020915317493761",
            "edit_history_tweet_ids": [
                "1671655610323009537"
            ],
            "id": "1671655610323009537",
            "text": "RT @yumecore: #CallofDuty #MWII #MW2 #SimonGhostRiley\nFull shots below  1/2\nPOV↓  (I'm smol like that :3) https://t.co/WLjLK4214R"
        },
        {
            "public_metrics": {
                "retweet_count": 0,
                "reply_count": 0,
                "like_count": 0,
                "quote_count": 0,
                "bookmark_count": 0,
                "impression_count": 72
            },
            "author_id": "144343413",
            "edit_history_tweet_ids": [
                "1671655585287225344"
            ],
            "id": "1671655585287225344",
            "text": "3 fo 3 combo they stacc up and killed me the first time after i dropped one lmao had to get get bacc #warzone2 #vondel #rebirthisland #ashikaisland #ps5share #callofduty #teamwipe #botalert #ttv     7_19illnever4get https://t.co/9sBwz9cYqh"
        },
        {
            "entities": {
                "mentions": [
                    {
                        "start": 3,
                        "end": 14,
                        "username": "CallofDuty",
                        "id": "290097288"
                    }
                ]
            },
            "public_metrics": {
                "retweet_count": 312,
                "reply_count": 0,
                "like_count": 0,
                "quote_count": 0,
                "bookmark_count": 0,
                "impression_count": 0
            },
            "author_id": "1659654802148565004",
            "edit_history_tweet_ids": [
                "1671655259742117894"
            ],
            "id": "1671655259742117894",
            "text": "RT @CallofDuty: SEASON 04 IS HERE. Vondel, increased health in Warzone, new MP maps, Battle Pass and so much more 🔥 \n\nStand above the rest…"
        },
        {
            "entities": {
                "mentions": [
                    {
                        "start": 3,
                        "end": 19,
                        "username": "loneghostwolf88",
                        "id": "1112278494682271747"
                    }
                ]
            },
            "public_metrics": {
                "retweet_count": 214,
                "reply_count": 0,
                "like_count": 0,
                "quote_count": 0,
                "bookmark_count": 0,
                "impression_count": 0
            },
            "author_id": "1671481352196161541",
            "edit_history_tweet_ids": [
                "1671655152498122755"
            ],
            "id": "1671655152498122755",
            "text": "RT @loneghostwolf88: Smoking break 💀🚬\n(spicy version on my patreon) \n#CallofDutyModernWarfare2 #simonghostriley #CoDGhost #CallofDuty #3DRe…"
        },
        {
            "entities": {
                "mentions": [
                    {
                        "start": 68,
                        "end": 76,
                        "username": "YouTube",
                        "id": "10228272"
                    }
                ]
            },
            "public_metrics": {
                "retweet_count": 0,
                "reply_count": 0,
                "like_count": 0,
                "quote_count": 0,
                "bookmark_count": 0,
                "impression_count": 56
            },
            "author_id": "225717047",
            "edit_history_tweet_ids": [
                "1671654864798220290"
            ],
            "id": "1671654864798220290",
            "text": "MY FIRST CHOPPER GUNNER!! SEASON 4 19-2 https://t.co/PdcRZCEolj via @YouTube\n\n#cod #mw2 #tdm #gameplay #gamers #console #ps5 #fun #2023"
        },
        {
            "public_metrics": {
                "retweet_count": 0,
                "reply_count": 2,
                "like_count": 2,
                "quote_count": 0,
                "bookmark_count": 0,
                "impression_count": 86
            },
            "author_id": "1331055402906161153",
            "edit_history_tweet_ids": [
                "1671654845521055747"
            ],
            "id": "1671654845521055747",
            "text": "New video 👀\nhttps://t.co/NefCF74wRP\nSniping In MODERN WARFARE 2 Was A MISTAKE \n#YouTube #gaming #CallofDuty #ModernWarfare2 #MWII #MW2 https://t.co/WEWMXJumwB"
        },
        {
            "entities": {
                "mentions": [
                    {
                        "start": 55,
                        "end": 69,
                        "username": "PlayCODMobile",
                        "id": "1166443278834659328"
                    },
                    {
                        "start": 70,
                        "end": 85,
                        "username": "darklord_slays",
                        "id": "1577589057449824256"
                    },
                    {
                        "start": 86,
                        "end": 96,
                        "username": "LDibra113",
                        "id": "1435610314767323139"
                    },
                    {
                        "start": 97,
                        "end": 111,
                        "username": "ImmortalLeeYT",
                        "id": "1299064958311960578"
                    },
                    {
                        "start": 112,
                        "end": 119,
                        "username": "K2_CoD",
                        "id": "1546777293455892480"
                    },
                    {
                        "start": 120,
                        "end": 133,
                        "username": "DragonisCODM",
                        "id": "1298544506673999873"
                    }
                ]
            },
            "public_metrics": {
                "retweet_count": 0,
                "reply_count": 0,
                "like_count": 0,
                "quote_count": 0,
                "bookmark_count": 0,
                "impression_count": 32
            },
            "author_id": "1127411908297076742",
            "edit_history_tweet_ids": [
                "1671654548451086338"
            ],
            "id": "1671654548451086338",
            "text": "New video out https://t.co/t4OImviVUP #CoDMobile #CODm @PlayCODMobile @darklord_slays @LDibra113 @ImmortalLeeYT @K2_CoD @DragonisCODM https://t.co/k41zzTjeij"
        },
        {
            "entities": {
                "mentions": [
                    {
                        "start": 3,
                        "end": 14,
                        "username": "CODUpdates",
                        "id": "1662154128267542533"
                    }
                ]
            },
            "public_metrics": {
                "retweet_count": 40,
                "reply_count": 0,
                "like_count": 0,
                "quote_count": 0,
                "bookmark_count": 0,
                "impression_count": 0
            },
            "author_id": "704103356378132481",
            "edit_history_tweet_ids": [
                "1671654495002976264"
            ],
            "id": "1671654495002976264",
            "text": "RT @CODUpdates: 📝 #MWII #Warzone \n\nWe've released an update that addresses a number of adjustments and bug fixes. Read the updated patch no…"
        },
        {
            "entities": {
                "mentions": [
                    {
                        "start": 3,
                        "end": 16,
                        "username": "FfffFlower12",
                        "id": "1079721486053650433"
                    }
                ]
            },
            "public_metrics": {
                "retweet_count": 333,
                "reply_count": 0,
                "like_count": 0,
                "quote_count": 0,
                "bookmark_count": 0,
                "impression_count": 0
            },
            "author_id": "1312750531673288704",
            "edit_history_tweet_ids": [
                "1671654295903653889"
            ],
            "id": "1671654295903653889",
            "text": "RT @FfffFlower12: #MWII \n#CallofDuty \nI think we can forgive konig https://t.co/c7EP49hCLb"
        },
        {
            "public_metrics": {
                "retweet_count": 0,
                "reply_count": 0,
                "like_count": 3,
                "quote_count": 0,
                "bookmark_count": 0,
                "impression_count": 243
            },
            "author_id": "1463771420056383491",
            "edit_history_tweet_ids": [
                "1671654245320278016"
            ],
            "id": "1671654245320278016",
            "text": "“Dijo que soy su superhéroe”🦸‍♂️XD\n#parati #warzone #warzoneclips #callofduty #callofdutywarzone #fypシ #gaming #twitch #warzone2 #callofdutyclips https://t.co/KbMVtziaFg"
        },
        {
            "entities": {
                "mentions": [
                    {
                        "start": 3,
                        "end": 13,
                        "username": "MrTLexify",
                        "id": "1282055606"
                    }
                ]
            },
            "public_metrics": {
                "retweet_count": 1324,
                "reply_count": 0,
                "like_count": 0,
                "quote_count": 0,
                "bookmark_count": 0,
                "impression_count": 0
            },
            "author_id": "2582828525",
            "edit_history_tweet_ids": [
                "1671654219428814849"
            ],
            "id": "1671654219428814849",
            "text": "RT @MrTLexify: Favela Coming to MWII Leaked Gameplay https://t.co/N0G3FPG63I"
        },
        {
            "public_metrics": {
                "retweet_count": 0,
                "reply_count": 0,
                "like_count": 0,
                "quote_count": 0,
                "bookmark_count": 0,
                "impression_count": 25
            },
            "author_id": "723532208179404800",
            "edit_history_tweet_ids": [
                "1671654046443208706"
            ],
            "id": "1671654046443208706",
            "text": "Even though the gameplay remains incredibly fun, #CallOfDuty #COD is not in a good place for a lot of reasons. #VideoGames #CODMW2 #Warzone2\n\n https://t.co/uS8hn02zWo"
        }
    ],
    "includes": {
        "users": [
            {
                "id": "1276456313900457985",
                "name": "9R | ElectroTom_",
                "username": "electrotom_"
            },
            {
                "id": "1591442864134832128",
                "name": "OS SUIRAD",
                "username": "suirad2200_"
            },
            {
                "id": "704650838",
                "name": "Call of Duty UK",
                "username": "CallofDutyUK"
            },
            {
                "id": "290097288",
                "name": "Call of Duty",
                "username": "CallofDuty"
            },
            {
                "id": "2173297046",
                "name": "Kick Streams",
                "username": "KickStreamsNow"
            },
            {
                "id": "1579314486137458695",
                "name": "Kick.com",
                "username": "KickStreaming"
            },
            {
                "id": "1372472135885725698",
                "name": "Jaj👻",
                "username": "zpljajaja"
            },
            {
                "id": "1112278494682271747",
                "name": "GhostWolf",
                "username": "loneghostwolf88"
            },
            {
                "id": "1282055606",
                "name": "Lex 🇺🇦",
                "username": "MrTLexify"
            },
            {
                "id": "1438000933",
                "name": "Connor-sent-by-CyberLife",
                "username": "Timebird84"
            },
            {
                "id": "612782611",
                "name": "Activision",
                "username": "Activision"
            },
            {
                "id": "85215038",
                "name": "Activision Support",
                "username": "ATVIAssist"
            },
            {
                "id": "1662154128267542533",
                "name": "Call of Duty Updates",
                "username": "CODUpdates"
            },
            {
                "id": "3315881306",
                "name": "Cull Turbo",
                "username": "Turbonade"
            },
            {
                "id": "4840741114",
                "name": "JB",
                "username": "jbowendaman"
            },
            {
                "id": "1458973196963700736",
                "name": "ExoGhost",
                "username": "ExoGhost"
            },
            {
                "id": "152767074",
                "name": "GJ",
                "username": "THEWAYOFGJ"
            },
            {
                "id": "1647125149630574592",
                "name": "DETONATED",
                "username": "DETONATEDcom"
            },
            {
                "id": "802197046514110464",
                "name": "Connor",
                "username": "CDM_GALAXY"
            },
            {
                "id": "1557824830971359232",
                "name": "HypeSquad",
                "username": "CDLHypeSquad"
            },
            {
                "id": "1613363724152094722",
                "name": "🧼💀 alex 💀 🧼",
                "username": "alexgscod"
            },
            {
                "id": "3558766413",
                "name": "Daxz",
                "username": "Daxztv"
            },
            {
                "id": "1441174708930576386",
                "name": "༄Yume ❄🐼",
                "username": "yumecore"
            },
            {
                "id": "308079236",
                "name": "Mark Rubin",
                "username": "PixelsofMark"
            },
            {
                "id": "10228272",
                "name": "YouTube",
                "username": "YouTube"
            },
            {
                "id": "1338411979027795970",
                "name": "azu 🍯",
                "username": "azucarera_art"
            },
            {
                "id": "553067922",
                "name": "danny",
                "username": "dannyelkc"
            },
            {
                "id": "2288492456",
                "name": "NYSL Matt ✞ 🥀🖤",
                "username": "KiSMET6_"
            },
            {
                "id": "1591169431832363008",
                "name": "云Yun🍄",
                "username": "spoogateee"
            },
            {
                "id": "67428186",
                "name": "KingHeat06TTV",
                "username": "Sam20144"
            },
            {
                "id": "1456682221239218181",
                "name": "🇺🇦бог кукурудзи Ах-Мун🇺🇦",
                "username": "Lictor_GD"
            },
            {
                "id": "4199584757",
                "name": "Tilly",
                "username": "skeletib"
            },
            {
                "id": "1663789715282186240",
                "name": "Elon J Ocasio Cortex",
                "username": "eloncasiocortex"
            },
            {
                "id": "284272880",
                "name": "Westie",
                "username": "MrProWestie"
            },
            {
                "id": "1228824019987726338",
                "name": "ModernWarzone",
                "username": "ModernWarzone"
            },
            {
                "id": "1599461430776172547",
                "name": "-bue-🔞❤️",
                "username": "bue_june"
            },
            {
                "id": "1632073544690704385",
                "name": "Eight",
                "username": "EightNonGrata"
            },
            {
                "id": "1599952263031554048",
                "name": "王4000000斤",
                "username": "Wang400jin"
            },
            {
                "id": "790875470623494144",
                "name": "あくあ",
                "username": "aqua_blue178"
            },
            {
                "id": "34235457",
                "name": "dolemitedawiz",
                "username": "NoFilterGames"
            },
            {
                "id": "2913210626",
                "name": "Aztecross",
                "username": "Aztecross"
            },
            {
                "id": "1191170971249590273",
                "name": "RSG🔺 Inspith",
                "username": "InspithOfficial"
            },
            {
                "id": "1592639044437118980",
                "name": "Ekota",
                "username": "Ekota__"
            },
            {
                "id": "1653474180401119267",
                "name": "aloe",
                "username": "aloossin"
            },
            {
                "id": "1238852513383821312",
                "name": "Matt!! 🇪🇪",
                "username": "itsamustikas"
            },
            {
                "id": "3256068152",
                "name": "Trainwreck",
                "username": "Trainwreckstv"
            },
            {
                "id": "1140458581088538624",
                "name": "Eddie",
                "username": "StakeEddie"
            },
            {
                "id": "57432440",
                "name": "BettyBattaglia ✯ comms closed ✯",
                "username": "BettyBRenders"
            },
            {
                "id": "1166443278834659328",
                "name": "Call of Duty: Mobile",
                "username": "PlayCODMobile"
            },
            {
                "id": "1577589057449824256",
                "name": "Dark Lord",
                "username": "darklord_slays"
            },
            {
                "id": "1435610314767323139",
                "name": "LEGEND113",
                "username": "LDibra113"
            },
            {
                "id": "1299064958311960578",
                "name": "Immortal Lee Gaming",
                "username": "ImmortalLeeYT"
            },
            {
                "id": "1546777293455892480",
                "name": "Rho • K2",
                "username": "K2_CoD"
            },
            {
                "id": "1298544506673999873",
                "name": "Dragon OG",
                "username": "DragonisCODM"
            },
            {
                "id": "1079721486053650433",
                "name": "soluble soild🪫",
                "username": "FfffFlower12"
            }
        ]
    },
    "errors": [
        {
            "value": "1671668518008369152",
            "detail": "Could not find tweet with ids: [1671668518008369152].",
            "title": "Not Found Error",
            "resource_type": "tweet",
            "parameter": "ids",
            "resource_id": "1671668518008369152",
            "type": "https://api.twitter.com/2/problems/resource-not-found"
        },
        {
            "resource_id": "1671660978285469696",
            "parameter": "ids",
            "resource_type": "tweet",
            "section": "data",
            "title": "Authorization Error",
            "value": "1671660978285469696",
            "detail": "Sorry, you are not authorized to see the Tweet with ids: [1671660978285469696].",
            "type": "https://api.twitter.com/2/problems/not-authorized-for-resource"
        },
        {
            "value": "1671659364640276481",
            "detail": "Could not find tweet with ids: [1671659364640276481].",
            "title": "Not Found Error",
            "resource_type": "tweet",
            "parameter": "ids",
            "resource_id": "1671659364640276481",
            "type": "https://api.twitter.com/2/problems/resource-not-found"
        },
        {
            "value": "1671659349893152769",
            "detail": "Could not find tweet with ids: [1671659349893152769].",
            "title": "Not Found Error",
            "resource_type": "tweet",
            "parameter": "ids",
            "resource_id": "1671659349893152769",
            "type": "https://api.twitter.com/2/problems/resource-not-found"
        },
        {
            "value": "1671657974803099649",
            "detail": "Could not find tweet with ids: [1671657974803099649].",
            "title": "Not Found Error",
            "resource_type": "tweet",
            "parameter": "ids",
            "resource_id": "1671657974803099649",
            "type": "https://api.twitter.com/2/problems/resource-not-found"
        },
        {
            "value": "1671657858566443008",
            "detail": "Could not find tweet with ids: [1671657858566443008].",
            "title": "Not Found Error",
            "resource_type": "tweet",
            "parameter": "ids",
            "resource_id": "1671657858566443008",
            "type": "https://api.twitter.com/2/problems/resource-not-found"
        }
    ]
}