{
    "data": [
        {
            "text": "Obviously made by Gaz\nPuppy!Soap (Scottish Terrier)\n\n#soap #soapmactavish #puppy #dog #fartfactory #meme #cod #mwii #mw2 #CallofDuty #ModernWarfareII #ModernWarfare2 #fanart #scottishterrier https://t.co/xUZi5cwulR",
            "author_id": "70811687",
            "edit_history_tweet_ids": [
                "1674930613202173954"
            ],
            "public_metrics": {
                "retweet_count": 0,
                "reply_count": 0,
                "like_count": 12,
                "quote_count": 0,
                "bookmark_count": 0,
                "impression_count": 544
            },
            "id": "1674930613202173954"
        },
        {
            "text": "RT @artimaaaeus: gfs❗️❗️❗️\n---\n#CallofDuty #MWII #MW2 #ghostsoap https://t.co/JfMWg8DuH8",
            "author_id": "846273620347277312",
            "edit_history_tweet_ids": [
                "1674930400890847232"
            ],
            "public_metrics": {
                "retweet_count": 55,
                "reply_count": 0,
                "like_count": 0,
                "quote_count": 0,
                "bookmark_count": 0,
                "impression_count": 0
            },
            "entities": {
                "mentions": [
                    {
                        "start": 3,
                        "end": 15,
                        "username": "artimaaaeus",
                        "id": "1021771255957995520"
                    }
                ]
            },
            "id": "1674930400890847232"
        },
        {
            "text": "ヴォンデルロックダウンたのち......\nアルマズラでもDMZ寄りのAI込み大規模ロックダウンやってほしいなぁ！！ #MW2 #WZ2",
            "author_id": "1368897125648527360",
            "edit_history_tweet_ids": [
                "1674929333486628876"
            ],
            "public_metrics": {
                "retweet_count": 0,
                "reply_count": 0,
                "like_count": 0,
                "quote_count": 0,
                "bookmark_count": 0,
                "impression_count": 31
            },
            "id": "1674929333486628876"
        },
        {
            "text": "RT @PlayCODMobile: 🚨The ship is being attacked! \n\nSeason 6: Templar's Oath goes live on 7/5 at 5PM PT 👉 Check out the Battle Pass in the in…",
            "author_id": "1319122834355081216",
            "edit_history_tweet_ids": [
                "1674929307049684992"
            ],
            "public_metrics": {
                "retweet_count": 81,
                "reply_count": 0,
                "like_count": 0,
                "quote_count": 0,
                "bookmark_count": 0,
                "impression_count": 0
            },
            "entities": {
                "mentions": [
                    {
                        "start": 3,
                        "end": 17,
                        "username": "PlayCODMobile",
                        "id": "1166443278834659328"
                    }
                ]
            },
            "id": "1674929307049684992"
        },
        {
            "text": "RT @alexgscod: Boyfriend's jeans 👀🧼\n(NSFW+variants on patreon)\n  \n#CallOfDuty #MW2 #MWII #SimonGhostRiley #GhostMW2 https://t.co/5Quv9S88VD",
            "author_id": "1365687783713501184",
            "edit_history_tweet_ids": [
                "1674929233528000513"
            ],
            "public_metrics": {
                "retweet_count": 120,
                "reply_count": 0,
                "like_count": 0,
                "quote_count": 0,
                "bookmark_count": 0,
                "impression_count": 0
            },
            "entities": {
                "mentions": [
                    {
                        "start": 3,
                        "end": 13,
                        "username": "alexgscod",
                        "id": "1613363724152094722"
                    }
                ]
            },
            "id": "1674929233528000513"
        },
        {
            "text": "RT @alexgscod: Boyfriend's jeans 👀🧼\n(NSFW+variants on patreon)\n  \n#CallOfDuty #MW2 #MWII #SimonGhostRiley #GhostMW2 https://t.co/5Quv9S88VD",
            "author_id": "896563383851335680",
            "edit_history_tweet_ids": [
                "1674929100308246528"
            ],
            "public_metrics": {
                "retweet_count": 120,
                "reply_count": 0,
                "like_count": 0,
                "quote_count": 0,
                "bookmark_count": 0,
                "impression_count": 0
            },
            "entities": {
                "mentions": [
                    {
                        "start": 3,
                        "end": 13,
                        "username": "alexgscod",
                        "id": "1613363724152094722"
                    }
                ]
            },
            "id": "1674929100308246528"
        },
        {
            "text": "RT @CallofDuty: #TeamRICOCHET is thrilled to share with the community several updates to RICOCHET including the Hallucination decoy and In-…",
            "author_id": "100034853",
            "edit_history_tweet_ids": [
                "1674928454079266816"
            ],
            "public_metrics": {
                "retweet_count": 134,
                "reply_count": 0,
                "like_count": 0,
                "quote_count": 0,
                "bookmark_count": 0,
                "impression_count": 0
            },
            "entities": {
                "mentions": [
                    {
                        "start": 3,
                        "end": 14,
                        "username": "CallofDuty",
                        "id": "290097288"
                    }
                ]
            },
            "id": "1674928454079266816"
        },
        {
            "text": "RT @ToxicRoxic: yall knew it was only a matter of time 🤡💀 #ghostmw2 #MWII #Ghost #CallofDuty https://t.co/YsP4RVNh7f",
            "author_id": "1502140664078761987",
            "edit_history_tweet_ids": [
                "1674928109525807109"
            ],
            "public_metrics": {
                "retweet_count": 2921,
                "reply_count": 0,
                "like_count": 0,
                "quote_count": 0,
                "bookmark_count": 0,
                "impression_count": 0
            },
            "entities": {
                "mentions": [
                    {
                        "start": 3,
                        "end": 14,
                        "username": "ToxicRoxic",
                        "id": "949791609587191813"
                    }
                ]
            },
            "id": "1674928109525807109"
        },
        {
            "text": "12-0 KD WITH THE WIN !!! 🔥🔥🔥🙏🏾 #callofduty #warzone2 https://t.co/aKDll70UBJ",
            "author_id": "1339469776180170754",
            "edit_history_tweet_ids": [
                "1674928062599684098"
            ],
            "public_metrics": {
                "retweet_count": 0,
                "reply_count": 0,
                "like_count": 1,
                "quote_count": 0,
                "bookmark_count": 0,
                "impression_count": 12
            },
            "id": "1674928062599684098"
        },
        {
            "text": "RT @kobutyal456: こんばんはです、今日もよろしくお願いします\n\n【初心者／CoD・MW２/参加型】#8　誰かぼっちと共闘してくれる人いませんか？　派閥任務とか色々やっていきたい https://t.co/xEF35ReWDl @YouTube　\n#参加型 \n#d…",
            "author_id": "1346700956629569537",
            "edit_history_tweet_ids": [
                "1674927799973588993"
            ],
            "public_metrics": {
                "retweet_count": 5,
                "reply_count": 0,
                "like_count": 0,
                "quote_count": 0,
                "bookmark_count": 0,
                "impression_count": 0
            },
            "entities": {
                "mentions": [
                    {
                        "start": 3,
                        "end": 15,
                        "username": "kobutyal456",
                        "id": "1500360333696790528"
                    },
                    {
                        "start": 121,
                        "end": 129,
                        "username": "YouTube",
                        "id": "10228272"
                    }
                ]
            },
            "id": "1674927799973588993"
        },
        {
            "text": "RT @alexgscod: Boyfriend's jeans 👀🧼\n(NSFW+variants on patreon)\n  \n#CallOfDuty #MW2 #MWII #SimonGhostRiley #GhostMW2 https://t.co/5Quv9S88VD",
            "author_id": "1574779576353525762",
            "edit_history_tweet_ids": [
                "1674926818304901126"
            ],
            "public_metrics": {
                "retweet_count": 120,
                "reply_count": 0,
                "like_count": 0,
                "quote_count": 0,
                "bookmark_count": 0,
                "impression_count": 0
            },
            "entities": {
                "mentions": [
                    {
                        "start": 3,
                        "end": 13,
                        "username": "alexgscod",
                        "id": "1613363724152094722"
                    }
                ]
            },
            "id": "1674926818304901126"
        },
        {
            "text": "Thank you for bring back the ICR-1 Blood Money Blueprint  into the Vault^_^ https://t.co/v1hPeypNbh",
            "author_id": "1635719570848612386",
            "edit_history_tweet_ids": [
                "1674926732506284034"
            ],
            "public_metrics": {
                "retweet_count": 0,
                "reply_count": 0,
                "like_count": 0,
                "quote_count": 0,
                "bookmark_count": 0,
                "impression_count": 7
            },
            "id": "1674926732506284034"
        },
        {
            "text": "RT @ToxicRoxic: since the 1st one was a Hit Tweet™ why not make another edition :] some poor fool just out of frame stuck to a C4 probably…",
            "author_id": "2873334717",
            "edit_history_tweet_ids": [
                "1674926725107466240"
            ],
            "public_metrics": {
                "retweet_count": 1534,
                "reply_count": 0,
                "like_count": 0,
                "quote_count": 0,
                "bookmark_count": 0,
                "impression_count": 0
            },
            "entities": {
                "mentions": [
                    {
                        "start": 3,
                        "end": 14,
                        "username": "ToxicRoxic",
                        "id": "949791609587191813"
                    }
                ]
            },
            "id": "1674926725107466240"
        },
        {
            "text": "RT @alexgscod: Boyfriend's jeans 👀🧼\n(NSFW+variants on patreon)\n  \n#CallOfDuty #MW2 #MWII #SimonGhostRiley #GhostMW2 https://t.co/5Quv9S88VD",
            "author_id": "1416922100133105669",
            "edit_history_tweet_ids": [
                "1674926549118898177"
            ],
            "public_metrics": {
                "retweet_count": 120,
                "reply_count": 0,
                "like_count": 0,
                "quote_count": 0,
                "bookmark_count": 0,
                "impression_count": 0
            },
            "entities": {
                "mentions": [
                    {
                        "start": 3,
                        "end": 13,
                        "username": "alexgscod",
                        "id": "1613363724152094722"
                    }
                ]
            },
            "id": "1674926549118898177"
        },
        {
            "text": "RT @loneghostwolf88: Inspired by @roachp0t Ghost &amp; Riley series and with their permission here my little contribution because I love seeing…",
            "author_id": "1416922100133105669",
            "edit_history_tweet_ids": [
                "1674926537584545792"
            ],
            "public_metrics": {
                "retweet_count": 106,
                "reply_count": 0,
                "like_count": 0,
                "quote_count": 0,
                "bookmark_count": 0,
                "impression_count": 0
            },
            "entities": {
                "mentions": [
                    {
                        "start": 3,
                        "end": 19,
                        "username": "loneghostwolf88",
                        "id": "1112278494682271747"
                    },
                    {
                        "start": 33,
                        "end": 42,
                        "username": "roachp0t",
                        "id": "1354873405619773442"
                    }
                ]
            },
            "id": "1674926537584545792"
        },
        {
            "text": "RT @yumecore: 🖤🖤🖤\n#CallofDuty #MW2 #MWII #SimonGhostRiley https://t.co/lvU7h9kvnl",
            "author_id": "1288317350228439040",
            "edit_history_tweet_ids": [
                "1674926478155284480"
            ],
            "public_metrics": {
                "retweet_count": 86,
                "reply_count": 0,
                "like_count": 0,
                "quote_count": 0,
                "bookmark_count": 0,
                "impression_count": 0
            },
            "entities": {
                "mentions": [
                    {
                        "start": 3,
                        "end": 12,
                        "username": "yumecore",
                        "id": "1441174708930576386"
                    }
                ]
            },
            "id": "1674926478155284480"
        },
        {
            "text": "RT @Tava_tavatic: SMILE\n#MWII \n#CallofDuty \n#Konig https://t.co/74YwisLfNL",
            "author_id": "1271884053508165636",
            "edit_history_tweet_ids": [
                "1674926286450425856"
            ],
            "public_metrics": {
                "retweet_count": 3984,
                "reply_count": 0,
                "like_count": 0,
                "quote_count": 0,
                "bookmark_count": 0,
                "impression_count": 0
            },
            "entities": {
                "mentions": [
                    {
                        "start": 3,
                        "end": 16,
                        "username": "Tava_tavatic",
                        "id": "1008542800562946048"
                    }
                ]
            },
            "id": "1674926286450425856"
        },
        {
            "text": "RT @remix3s: #soapmctavish #CallofDuty #mw2 #mw2fanart https://t.co/TwQeU9zCmH",
            "author_id": "177068973",
            "edit_history_tweet_ids": [
                "1674926169152430080"
            ],
            "public_metrics": {
                "retweet_count": 649,
                "reply_count": 0,
                "like_count": 0,
                "quote_count": 0,
                "bookmark_count": 0,
                "impression_count": 0
            },
            "entities": {
                "mentions": [
                    {
                        "start": 3,
                        "end": 11,
                        "username": "remix3s",
                        "id": "1266193455966859265"
                    }
                ]
            },
            "id": "1674926169152430080"
        },
        {
            "text": "RT @KeNNy_NeverDie: 【S6BP動画公開】\n\n来シーズンのバトルパスティザーが先程公開されました‼︎‼︎\n\n https://t.co/W0afs90Lxo",
            "author_id": "4870932685",
            "edit_history_tweet_ids": [
                "1674926060344053760"
            ],
            "public_metrics": {
                "retweet_count": 15,
                "reply_count": 0,
                "like_count": 0,
                "quote_count": 0,
                "bookmark_count": 0,
                "impression_count": 0
            },
            "entities": {
                "mentions": [
                    {
                        "start": 3,
                        "end": 18,
                        "username": "KeNNy_NeverDie",
                        "id": "1181682413908283392"
                    }
                ]
            },
            "id": "1674926060344053760"
        },
        {
            "text": "RT @Roo1The: 🔴 DMZ LIVE \"Passive Upgrades Are Back!!\"\n\nhttps://t.co/TnCHQRdu0R \n\n#DMZ #MW2 #Season4 #FYP https://t.co/5NZSiiYkKg",
            "author_id": "1526433647284428802",
            "edit_history_tweet_ids": [
                "1674925904210935809"
            ],
            "public_metrics": {
                "retweet_count": 1,
                "reply_count": 0,
                "like_count": 0,
                "quote_count": 0,
                "bookmark_count": 0,
                "impression_count": 0
            },
            "entities": {
                "mentions": [
                    {
                        "start": 3,
                        "end": 11,
                        "username": "Roo1The",
                        "id": "1221767930653872128"
                    }
                ]
            },
            "id": "1674925904210935809"
        },
        {
            "text": "Call of Duty Mw2 Streamer hit's Insane 5k with sniper and almost hits the fastest ace 😱🤯 #cod #mw2 #gaming #callofduty #ModernWarfare2 #anime #nfl https://t.co/Eld2BXD257",
            "author_id": "3558766413",
            "edit_history_tweet_ids": [
                "1674925785600126976"
            ],
            "public_metrics": {
                "retweet_count": 0,
                "reply_count": 0,
                "like_count": 1,
                "quote_count": 0,
                "bookmark_count": 0,
                "impression_count": 88
            },
            "id": "1674925785600126976"
        },
        {
            "text": "RT @ToxicRoxic: yall knew it was only a matter of time 🤡💀 #ghostmw2 #MWII #Ghost #CallofDuty https://t.co/YsP4RVNh7f",
            "author_id": "1285054716",
            "edit_history_tweet_ids": [
                "1674925331051053056"
            ],
            "public_metrics": {
                "retweet_count": 2921,
                "reply_count": 0,
                "like_count": 0,
                "quote_count": 0,
                "bookmark_count": 0,
                "impression_count": 0
            },
            "entities": {
                "mentions": [
                    {
                        "start": 3,
                        "end": 14,
                        "username": "ToxicRoxic",
                        "id": "949791609587191813"
                    }
                ]
            },
            "id": "1674925331051053056"
        },
        {
            "text": "RT @661ave: #MWII #MW2 #CallofDuty #Ghost #SimonGhostRiley #König #Konig https://t.co/ccH1WC6wCN",
            "author_id": "1288317350228439040",
            "edit_history_tweet_ids": [
                "1674925318140829697"
            ],
            "public_metrics": {
                "retweet_count": 356,
                "reply_count": 0,
                "like_count": 0,
                "quote_count": 0,
                "bookmark_count": 0,
                "impression_count": 0
            },
            "entities": {
                "mentions": [
                    {
                        "start": 3,
                        "end": 10,
                        "username": "661ave",
                        "id": "1054927382"
                    }
                ]
            },
            "id": "1674925318140829697"
        },
        {
            "text": "RT @ToxicRoxic: since the 1st one was a Hit Tweet™ why not make another edition :] some poor fool just out of frame stuck to a C4 probably…",
            "author_id": "1285054716",
            "edit_history_tweet_ids": [
                "1674925317432168450"
            ],
            "public_metrics": {
                "retweet_count": 1534,
                "reply_count": 0,
                "like_count": 0,
                "quote_count": 0,
                "bookmark_count": 0,
                "impression_count": 0
            },
            "entities": {
                "mentions": [
                    {
                        "start": 3,
                        "end": 14,
                        "username": "ToxicRoxic",
                        "id": "949791609587191813"
                    }
                ]
            },
            "id": "1674925317432168450"
        },
        {
            "text": "@CallofDuty Bring back the older cods like mw2 2009 no season no level 1000 just 10th prestige level 70 In my eyes your game fell off years ago",
            "author_id": "777715859901050881",
            "edit_history_tweet_ids": [
                "1674925235907227648"
            ],
            "public_metrics": {
                "retweet_count": 0,
                "reply_count": 0,
                "like_count": 1,
                "quote_count": 0,
                "bookmark_count": 0,
                "impression_count": 22
            },
            "entities": {
                "mentions": [
                    {
                        "start": 0,
                        "end": 11,
                        "username": "CallofDuty",
                        "id": "290097288"
                    }
                ]
            },
            "id": "1674925235907227648"
        },
        {
            "text": "RT @ToxicRoxic: saw this and felt a calling ofc💀 #ghost #MW2 #CallofDuty #ghostmw2 https://t.co/vcdt37KQir",
            "author_id": "1285054716",
            "edit_history_tweet_ids": [
                "1674925211827974145"
            ],
            "public_metrics": {
                "retweet_count": 332,
                "reply_count": 0,
                "like_count": 0,
                "quote_count": 0,
                "bookmark_count": 0,
                "impression_count": 0
            },
            "entities": {
                "mentions": [
                    {
                        "start": 3,
                        "end": 14,
                        "username": "ToxicRoxic",
                        "id": "949791609587191813"
                    }
                ]
            },
            "id": "1674925211827974145"
        },
        {
            "text": "RT @ToxicRoxic: realized i can finally draw Ghost's Blackcell skin ever since my gullible gold and black aesthetic lovin ass saw it💛😔 #Call…",
            "author_id": "1285054716",
            "edit_history_tweet_ids": [
                "1674925030344650752"
            ],
            "public_metrics": {
                "retweet_count": 588,
                "reply_count": 0,
                "like_count": 0,
                "quote_count": 0,
                "bookmark_count": 0,
                "impression_count": 0
            },
            "entities": {
                "mentions": [
                    {
                        "start": 3,
                        "end": 14,
                        "username": "ToxicRoxic",
                        "id": "949791609587191813"
                    }
                ]
            },
            "id": "1674925030344650752"
        },
        {
            "text": "Why you guy's care about MW3 tbh it will be way more worst than MW2 more hacker's more issue's that they cannot fixed like y'all loved to supporting Activision with LGBTQ+ community and they removed nick and Tom skin's from cod yea they do need money with trash ass shit game https://t.co/oyebZeTSY6",
            "author_id": "1312624900792778754",
            "edit_history_tweet_ids": [
                "1674924840380137473"
            ],
            "public_metrics": {
                "retweet_count": 0,
                "reply_count": 1,
                "like_count": 0,
                "quote_count": 0,
                "bookmark_count": 0,
                "impression_count": 136
            },
            "id": "1674924840380137473"
        },
        {
            "text": "ENDLICH ULAUB!\nBIN LIVE MIT @fr4nky_o595\nauf Twitch Honsen1\n\n#TwitchStreamers #twitchtv #streamer #twitchdeutschland #twitchde #twitch #dmz #tdm #CallOfDuty #mw2 https://t.co/TOkRbXXAhY",
            "author_id": "1322982562571165696",
            "edit_history_tweet_ids": [
                "1674924480076869632"
            ],
            "public_metrics": {
                "retweet_count": 0,
                "reply_count": 0,
                "like_count": 0,
                "quote_count": 0,
                "bookmark_count": 0,
                "impression_count": 46
            },
            "id": "1674924480076869632"
        },
        {
            "text": "RT @loneghostwolf88: Inspired by @roachp0t Ghost &amp; Riley series and with their permission here my little contribution because I love seeing…",
            "author_id": "1472410379359854592",
            "edit_history_tweet_ids": [
                "1674923572483981317"
            ],
            "public_metrics": {
                "retweet_count": 106,
                "reply_count": 0,
                "like_count": 0,
                "quote_count": 0,
                "bookmark_count": 0,
                "impression_count": 0
            },
            "entities": {
                "mentions": [
                    {
                        "start": 3,
                        "end": 19,
                        "username": "loneghostwolf88",
                        "id": "1112278494682271747"
                    },
                    {
                        "start": 33,
                        "end": 42,
                        "username": "roachp0t",
                        "id": "1354873405619773442"
                    }
                ]
            },
            "id": "1674923572483981317"
        },
        {
            "text": "RT @661ave: evening at a bar in Manchester\n#Ghost #SimonGhostRiley #CallOfDuty #MWII #MW2 https://t.co/cWaVdj1Uep",
            "author_id": "1187071989636325379",
            "edit_history_tweet_ids": [
                "1674923093242920962"
            ],
            "public_metrics": {
                "retweet_count": 363,
                "reply_count": 0,
                "like_count": 0,
                "quote_count": 0,
                "bookmark_count": 0,
                "impression_count": 0
            },
            "entities": {
                "mentions": [
                    {
                        "start": 3,
                        "end": 10,
                        "username": "661ave",
                        "id": "1054927382"
                    }
                ]
            },
            "id": "1674923093242920962"
        },
        {
            "text": "RT @ToxicRoxic: 🌿warm up doodle of the scrimply scrumbus🌿 #König #MWII #CallofDuty #konigmw https://t.co/AkFLsEih4a",
            "author_id": "2877289982",
            "edit_history_tweet_ids": [
                "1674922759720415232"
            ],
            "public_metrics": {
                "retweet_count": 786,
                "reply_count": 0,
                "like_count": 0,
                "quote_count": 0,
                "bookmark_count": 0,
                "impression_count": 0
            },
            "entities": {
                "mentions": [
                    {
                        "start": 3,
                        "end": 14,
                        "username": "ToxicRoxic",
                        "id": "949791609587191813"
                    }
                ]
            },
            "id": "1674922759720415232"
        },
        {
            "text": "RT @ToxicRoxic: realized i can finally draw Ghost's Blackcell skin ever since my gullible gold and black aesthetic lovin ass saw it💛😔 #Call…",
            "author_id": "2877289982",
            "edit_history_tweet_ids": [
                "1674922661733093377"
            ],
            "public_metrics": {
                "retweet_count": 588,
                "reply_count": 0,
                "like_count": 0,
                "quote_count": 0,
                "bookmark_count": 0,
                "impression_count": 0
            },
            "entities": {
                "mentions": [
                    {
                        "start": 3,
                        "end": 14,
                        "username": "ToxicRoxic",
                        "id": "949791609587191813"
                    }
                ]
            },
            "id": "1674922661733093377"
        },
        {
            "text": "RT @artimaaaeus: gfs❗️❗️❗️\n---\n#CallofDuty #MWII #MW2 #ghostsoap https://t.co/JfMWg8DuH8",
            "author_id": "1276997562864721921",
            "edit_history_tweet_ids": [
                "1674922648285978624"
            ],
            "public_metrics": {
                "retweet_count": 55,
                "reply_count": 0,
                "like_count": 0,
                "quote_count": 0,
                "bookmark_count": 0,
                "impression_count": 0
            },
            "entities": {
                "mentions": [
                    {
                        "start": 3,
                        "end": 15,
                        "username": "artimaaaeus",
                        "id": "1021771255957995520"
                    }
                ]
            },
            "id": "1674922648285978624"
        },
        {
            "text": "RT @ToxicRoxic: Patiently* waiting for a blackcell König skin 🤔\n\n*: frothing at mouth, chattering teeth, biting civilians\n#CallofDuty #Köni…",
            "author_id": "2877289982",
            "edit_history_tweet_ids": [
                "1674922586176897025"
            ],
            "public_metrics": {
                "retweet_count": 400,
                "reply_count": 0,
                "like_count": 0,
                "quote_count": 0,
                "bookmark_count": 0,
                "impression_count": 0
            },
            "entities": {
                "mentions": [
                    {
                        "start": 3,
                        "end": 14,
                        "username": "ToxicRoxic",
                        "id": "949791609587191813"
                    }
                ]
            },
            "id": "1674922586176897025"
        },
        {
            "text": "RT @burger_nicky: My snd PR in mw2 👀 thoughts⁉️🧐\n#CallofDuty #mw2 #snd https://t.co/q0oyiHczN6",
            "author_id": "1575955368479543297",
            "edit_history_tweet_ids": [
                "1674922484028637184"
            ],
            "public_metrics": {
                "retweet_count": 1,
                "reply_count": 0,
                "like_count": 0,
                "quote_count": 0,
                "bookmark_count": 0,
                "impression_count": 0
            },
            "entities": {
                "mentions": [
                    {
                        "start": 3,
                        "end": 16,
                        "username": "burger_nicky",
                        "id": "1518154738700886016"
                    }
                ]
            },
            "id": "1674922484028637184"
        },
        {
            "text": "RT @alexgscod: Boyfriend's jeans 👀🧼\n(NSFW+variants on patreon)\n  \n#CallOfDuty #MW2 #MWII #SimonGhostRiley #GhostMW2 https://t.co/5Quv9S88VD",
            "author_id": "1276997562864721921",
            "edit_history_tweet_ids": [
                "1674922221456830465"
            ],
            "public_metrics": {
                "retweet_count": 120,
                "reply_count": 0,
                "like_count": 0,
                "quote_count": 0,
                "bookmark_count": 0,
                "impression_count": 0
            },
            "entities": {
                "mentions": [
                    {
                        "start": 3,
                        "end": 13,
                        "username": "alexgscod",
                        "id": "1613363724152094722"
                    }
                ]
            },
            "id": "1674922221456830465"
        },
        {
            "text": "RT @ToxicRoxic: yall knew it was only a matter of time 🤡💀 #ghostmw2 #MWII #Ghost #CallofDuty https://t.co/YsP4RVNh7f",
            "author_id": "1609658257244553219",
            "edit_history_tweet_ids": [
                "1674921053204754434"
            ],
            "public_metrics": {
                "retweet_count": 2921,
                "reply_count": 0,
                "like_count": 0,
                "quote_count": 0,
                "bookmark_count": 0,
                "impression_count": 0
            },
            "entities": {
                "mentions": [
                    {
                        "start": 3,
                        "end": 14,
                        "username": "ToxicRoxic",
                        "id": "949791609587191813"
                    }
                ]
            },
            "id": "1674921053204754434"
        },
        {
            "text": "BEAST #earthquake #TikTok #callofduty #CallofDutyModernWarfare2 #mw2 #ticketek  #mw2 #tiktokdown #TikToker #tiktokhot #tiktokhotviral #TikTokLIVE #TikTokviral https://t.co/Q3dPbMPxD7",
            "author_id": "1654317500295782400",
            "edit_history_tweet_ids": [
                "1674920491138654208"
            ],
            "public_metrics": {
                "retweet_count": 0,
                "reply_count": 0,
                "like_count": 1,
                "quote_count": 0,
                "bookmark_count": 0,
                "impression_count": 104
            },
            "id": "1674920491138654208"
        },
        {
            "text": "🔴 DMZ LIVE \"Passive Upgrades Are Back!!\"\n\nhttps://t.co/TnCHQRdu0R \n\n#DMZ #MW2 #Season4 #FYP https://t.co/5NZSiiYkKg",
            "author_id": "1221767930653872128",
            "edit_history_tweet_ids": [
                "1674920148531044353"
            ],
            "public_metrics": {
                "retweet_count": 1,
                "reply_count": 0,
                "like_count": 1,
                "quote_count": 0,
                "bookmark_count": 0,
                "impression_count": 53
            },
            "id": "1674920148531044353"
        },
        {
            "text": "@dF_Founder @PlayCODMobile Great addition 👀",
            "author_id": "1418935080655933450",
            "edit_history_tweet_ids": [
                "1674919580395864066"
            ],
            "public_metrics": {
                "retweet_count": 0,
                "reply_count": 0,
                "like_count": 3,
                "quote_count": 0,
                "bookmark_count": 0,
                "impression_count": 48
            },
            "entities": {
                "mentions": [
                    {
                        "start": 0,
                        "end": 11,
                        "username": "dF_Founder",
                        "id": "1202913356"
                    },
                    {
                        "start": 12,
                        "end": 26,
                        "username": "PlayCODMobile",
                        "id": "1166443278834659328"
                    }
                ]
            },
            "id": "1674919580395864066"
        },
        {
            "text": "My all time favorite Alejandro Vargas edit on TikTok\n\n#CallofDuty #MWII #mw2 #CallofDutyModernWarfare2 #AlejandroVargas https://t.co/qGVl6mGFF5",
            "author_id": "1488798212957904899",
            "edit_history_tweet_ids": [
                "1674919416444616705"
            ],
            "public_metrics": {
                "retweet_count": 0,
                "reply_count": 0,
                "like_count": 5,
                "quote_count": 0,
                "bookmark_count": 2,
                "impression_count": 260
            },
            "id": "1674919416444616705"
        },
        {
            "text": "『COD:DMZ攻略』シガーボックス、過酸化水素、セファレキシン、アセトンってどこにある？\nhttps://t.co/bSoIQF0nmJ\n\n#COD #コールオブデューティ #callofduty #CODMW2 #MW2 #CoDMWII #DMZ #warzone2 #シーズン4 #シガーボックス #過酸化水素 #セファレキシン #アセトン https://t.co/FA85i2nRji",
            "author_id": "956402256613552128",
            "edit_history_tweet_ids": [
                "1674919397025280003"
            ],
            "public_metrics": {
                "retweet_count": 0,
                "reply_count": 0,
                "like_count": 0,
                "quote_count": 0,
                "bookmark_count": 0,
                "impression_count": 367
            },
            "id": "1674919397025280003"
        },
        {
            "text": "RT @Scights: I drew him again\n#MW2 #MWII #CallofDuty #Ghost #SimonGhostRiley https://t.co/CrPPd2398f",
            "author_id": "1293172327769833473",
            "edit_history_tweet_ids": [
                "1674919265277816837"
            ],
            "public_metrics": {
                "retweet_count": 13,
                "reply_count": 0,
                "like_count": 0,
                "quote_count": 0,
                "bookmark_count": 0,
                "impression_count": 0
            },
            "entities": {
                "mentions": [
                    {
                        "start": 3,
                        "end": 11,
                        "username": "Scights",
                        "id": "1336072713262272518"
                    }
                ]
            },
            "id": "1674919265277816837"
        },
        {
            "text": "RT @artimaaaeus: gfs❗️❗️❗️\n---\n#CallofDuty #MWII #MW2 #ghostsoap https://t.co/JfMWg8DuH8",
            "author_id": "912515783690944513",
            "edit_history_tweet_ids": [
                "1674919063909285889"
            ],
            "public_metrics": {
                "retweet_count": 55,
                "reply_count": 0,
                "like_count": 0,
                "quote_count": 0,
                "bookmark_count": 0,
                "impression_count": 0
            },
            "entities": {
                "mentions": [
                    {
                        "start": 3,
                        "end": 15,
                        "username": "artimaaaeus",
                        "id": "1021771255957995520"
                    }
                ]
            },
            "id": "1674919063909285889"
        },
        {
            "text": "@Xtormiken @PlayCODMobile lol this was released for free in 2021 2 years ago.. they didnt even bring him back / he has nun to do with the comics storyline",
            "author_id": "1642837143461539841",
            "edit_history_tweet_ids": [
                "1674918925622996992"
            ],
            "public_metrics": {
                "retweet_count": 0,
                "reply_count": 0,
                "like_count": 0,
                "quote_count": 0,
                "bookmark_count": 0,
                "impression_count": 6
            },
            "entities": {
                "mentions": [
                    {
                        "start": 0,
                        "end": 10,
                        "username": "Xtormiken",
                        "id": "1048186246290460673"
                    },
                    {
                        "start": 11,
                        "end": 25,
                        "username": "PlayCODMobile",
                        "id": "1166443278834659328"
                    }
                ]
            },
            "id": "1674918925622996992"
        },
        {
            "text": "ICYMI: Call of Duty deploys phantom players to mess with cheats\n\nhttps://t.co/7GhmN8H1rX #CallOfDuty #MW2 https://t.co/1OKiTMeCKS",
            "author_id": "285837868",
            "edit_history_tweet_ids": [
                "1674918737885945856"
            ],
            "public_metrics": {
                "retweet_count": 0,
                "reply_count": 0,
                "like_count": 1,
                "quote_count": 0,
                "bookmark_count": 0,
                "impression_count": 1914
            },
            "id": "1674918737885945856"
        },
        {
            "text": "This song was MADE for him frfr\n\n#CallofDuty #MWII #CaptainPrice #mw2 #CallofDutyModernWarfare2 https://t.co/L4InXGMqLx",
            "author_id": "1488798212957904899",
            "edit_history_tweet_ids": [
                "1674918646676684800"
            ],
            "public_metrics": {
                "retweet_count": 1,
                "reply_count": 0,
                "like_count": 15,
                "quote_count": 0,
                "bookmark_count": 2,
                "impression_count": 935
            },
            "id": "1674918646676684800"
        },
        {
            "text": "RT @661ave: evening at a bar in Manchester\n#Ghost #SimonGhostRiley #CallOfDuty #MWII #MW2 https://t.co/cWaVdj1Uep",
            "author_id": "1461139313111052295",
            "edit_history_tweet_ids": [
                "1674918621498208257"
            ],
            "public_metrics": {
                "retweet_count": 363,
                "reply_count": 0,
                "like_count": 0,
                "quote_count": 0,
                "bookmark_count": 0,
                "impression_count": 0
            },
            "entities": {
                "mentions": [
                    {
                        "start": 3,
                        "end": 10,
                        "username": "661ave",
                        "id": "1054927382"
                    }
                ]
            },
            "id": "1674918621498208257"
        },
        {
            "text": "RT @itslilbabewolf: my teammates complaining about my rpg, but also forgets who carries them half the time with my toxic class. 😂\n-\n#callof…",
            "author_id": "1437223561169711104",
            "edit_history_tweet_ids": [
                "1674918388408242179"
            ],
            "public_metrics": {
                "retweet_count": 1,
                "reply_count": 0,
                "like_count": 0,
                "quote_count": 0,
                "bookmark_count": 0,
                "impression_count": 0
            },
            "entities": {
                "mentions": [
                    {
                        "start": 3,
                        "end": 18,
                        "username": "itslilbabewolf",
                        "id": "2571107712"
                    }
                ]
            },
            "id": "1674918388408242179"
        },
        {
            "text": "RT @PlayCODMobile: 🚨The ship is being attacked! \n\nSeason 6: Templar's Oath goes live on 7/5 at 5PM PT 👉 Check out the Battle Pass in the in…",
            "author_id": "1497896849835192320",
            "edit_history_tweet_ids": [
                "1674918348726099971"
            ],
            "public_metrics": {
                "retweet_count": 81,
                "reply_count": 0,
                "like_count": 0,
                "quote_count": 0,
                "bookmark_count": 0,
                "impression_count": 0
            },
            "entities": {
                "mentions": [
                    {
                        "start": 3,
                        "end": 17,
                        "username": "PlayCODMobile",
                        "id": "1166443278834659328"
                    }
                ]
            },
            "id": "1674918348726099971"
        },
        {
            "text": "Hilarious Gameplay Montage LOL https://t.co/QGJ7OZTHX6 via @YouTube \n#FunniestVideos #shorts #TikTok #FYP #Gameplay #MW2 #kf2 #BO3 #zombies #FYP #streamer #viral #squad #funny #laughing #subscribe https://t.co/37x8XJ6BL4",
            "author_id": "1323901014731153408",
            "edit_history_tweet_ids": [
                "1674917851071913990"
            ],
            "public_metrics": {
                "retweet_count": 0,
                "reply_count": 0,
                "like_count": 0,
                "quote_count": 0,
                "bookmark_count": 0,
                "impression_count": 14
            },
            "entities": {
                "mentions": [
                    {
                        "start": 59,
                        "end": 67,
                        "username": "YouTube",
                        "id": "10228272"
                    }
                ]
            },
            "id": "1674917851071913990"
        },
        {
            "text": "RT @alexgscod: NSFW GhostSoap 🧼💀commission for @/Fauxobsidian! Thank you so much!! 🥰❤️🙏\n\n#SoapGhost #GhostSoap #CallOfDuty #MW2 https://t.c…",
            "author_id": "1042548668581195776",
            "edit_history_tweet_ids": [
                "1674917443368812544"
            ],
            "public_metrics": {
                "retweet_count": 526,
                "reply_count": 0,
                "like_count": 0,
                "quote_count": 0,
                "bookmark_count": 0,
                "impression_count": 0
            },
            "entities": {
                "mentions": [
                    {
                        "start": 3,
                        "end": 13,
                        "username": "alexgscod",
                        "id": "1613363724152094722"
                    }
                ]
            },
            "id": "1674917443368812544"
        },
        {
            "text": "RT @CODmwfeed: One #ModernWarfare2                #PS5 bundle to give away. To enter follow the steps below.💜\n\nFollow+❤+♻️+Comment\n#CallofD…",
            "author_id": "1383091860147744773",
            "edit_history_tweet_ids": [
                "1674917379497947139"
            ],
            "public_metrics": {
                "retweet_count": 184,
                "reply_count": 0,
                "like_count": 0,
                "quote_count": 0,
                "bookmark_count": 0,
                "impression_count": 0
            },
            "entities": {
                "mentions": [
                    {
                        "start": 3,
                        "end": 13,
                        "username": "CODmwfeed",
                        "id": "1570202220288671747"
                    }
                ]
            },
            "id": "1674917379497947139"
        },
        {
            "text": "RT @CODmwfeed: One #ModernWarfare2                #PS5 bundle to give away. To enter follow the steps below.💜\n\nFollow+❤+♻️+Comment\n#CallofD…",
            "author_id": "574929186",
            "edit_history_tweet_ids": [
                "1674917174048354304"
            ],
            "public_metrics": {
                "retweet_count": 184,
                "reply_count": 0,
                "like_count": 0,
                "quote_count": 0,
                "bookmark_count": 0,
                "impression_count": 0
            },
            "entities": {
                "mentions": [
                    {
                        "start": 3,
                        "end": 13,
                        "username": "CODmwfeed",
                        "id": "1570202220288671747"
                    }
                ]
            },
            "id": "1674917174048354304"
        },
        {
            "text": "I drew this in like 15 mins don’t judge me 😂 \nAnother ghost x Y/n\n\n#SimonGhostRiley #CoD #ghostmw2 #soapghost #GhostSoap #MW2 #CallofDuty #CallofDutyModernWarfare2 #fanart #artist #digitalart #ghostxyn #ghostxyourname https://t.co/kh2ODaNyyg",
            "author_id": "1437560134151118848",
            "edit_history_tweet_ids": [
                "1674916943772499968"
            ],
            "public_metrics": {
                "retweet_count": 1,
                "reply_count": 1,
                "like_count": 11,
                "quote_count": 0,
                "bookmark_count": 1,
                "impression_count": 1682
            },
            "id": "1674916943772499968"
        },
        {
            "text": "@CallofDuty mwii lobbies seem quiet as fuck lately",
            "author_id": "1669400129667776521",
            "edit_history_tweet_ids": [
                "1674916856610553856"
            ],
            "public_metrics": {
                "retweet_count": 0,
                "reply_count": 0,
                "like_count": 0,
                "quote_count": 0,
                "bookmark_count": 0,
                "impression_count": 23
            },
            "entities": {
                "mentions": [
                    {
                        "start": 0,
                        "end": 11,
                        "username": "CallofDuty",
                        "id": "290097288"
                    }
                ]
            },
            "id": "1674916856610553856"
        },
        {
            "text": "RT @alexgscod: Boyfriend's jeans 👀🧼\n(NSFW+variants on patreon)\n  \n#CallOfDuty #MW2 #MWII #SimonGhostRiley #GhostMW2 https://t.co/5Quv9S88VD",
            "author_id": "1092597329646022656",
            "edit_history_tweet_ids": [
                "1674916741405724673"
            ],
            "public_metrics": {
                "retweet_count": 120,
                "reply_count": 0,
                "like_count": 0,
                "quote_count": 0,
                "bookmark_count": 0,
                "impression_count": 0
            },
            "entities": {
                "mentions": [
                    {
                        "start": 3,
                        "end": 13,
                        "username": "alexgscod",
                        "id": "1613363724152094722"
                    }
                ]
            },
            "id": "1674916741405724673"
        },
        {
            "text": "RT @lilya_neko: I'm drawing again! I really like the idea of ​​this Johnny. Glad to have you back Neil and inspire the fans.\n#CallofDutyMod…",
            "author_id": "366992349",
            "edit_history_tweet_ids": [
                "1674916623621189634"
            ],
            "public_metrics": {
                "retweet_count": 144,
                "reply_count": 0,
                "like_count": 0,
                "quote_count": 0,
                "bookmark_count": 0,
                "impression_count": 0
            },
            "entities": {
                "mentions": [
                    {
                        "start": 3,
                        "end": 14,
                        "username": "lilya_neko",
                        "id": "935139811639398400"
                    }
                ]
            },
            "id": "1674916623621189634"
        },
        {
            "text": "RT @alexgscod: Boyfriend's jeans 👀🧼\n(NSFW+variants on patreon)\n  \n#CallOfDuty #MW2 #MWII #SimonGhostRiley #GhostMW2 https://t.co/5Quv9S88VD",
            "author_id": "1299782970056667136",
            "edit_history_tweet_ids": [
                "1674916553232642048"
            ],
            "public_metrics": {
                "retweet_count": 120,
                "reply_count": 0,
                "like_count": 0,
                "quote_count": 0,
                "bookmark_count": 0,
                "impression_count": 0
            },
            "entities": {
                "mentions": [
                    {
                        "start": 3,
                        "end": 13,
                        "username": "alexgscod",
                        "id": "1613363724152094722"
                    }
                ]
            },
            "id": "1674916553232642048"
        },
        {
            "text": "@CallofDuty I am making a MW2 bump this evening with a weapon they nerfed in a couple of hours after i got spectated ONE match.",
            "author_id": "1361779804521959425",
            "edit_history_tweet_ids": [
                "1674916290635665409"
            ],
            "public_metrics": {
                "retweet_count": 0,
                "reply_count": 0,
                "like_count": 0,
                "quote_count": 0,
                "bookmark_count": 0,
                "impression_count": 2
            },
            "entities": {
                "mentions": [
                    {
                        "start": 0,
                        "end": 11,
                        "username": "CallofDuty",
                        "id": "290097288"
                    }
                ]
            },
            "id": "1674916290635665409"
        },
        {
            "text": "Even though the gameplay remains incredibly fun, #CallOfDuty #COD is not in a good place for a lot of reasons. #VideoGames #CODMW2 #Warzone2\n\n https://t.co/uS8hn02zWo",
            "author_id": "723532208179404800",
            "edit_history_tweet_ids": [
                "1674916191440183296"
            ],
            "public_metrics": {
                "retweet_count": 0,
                "reply_count": 0,
                "like_count": 0,
                "quote_count": 0,
                "bookmark_count": 0,
                "impression_count": 24
            },
            "id": "1674916191440183296"
        },
        {
            "text": "RT @artimaaaeus: gfs❗️❗️❗️\n---\n#CallofDuty #MWII #MW2 #ghostsoap https://t.co/JfMWg8DuH8",
            "author_id": "1637242647835299845",
            "edit_history_tweet_ids": [
                "1674916136465453061"
            ],
            "public_metrics": {
                "retweet_count": 55,
                "reply_count": 0,
                "like_count": 0,
                "quote_count": 0,
                "bookmark_count": 0,
                "impression_count": 0
            },
            "entities": {
                "mentions": [
                    {
                        "start": 3,
                        "end": 15,
                        "username": "artimaaaeus",
                        "id": "1021771255957995520"
                    }
                ]
            },
            "id": "1674916136465453061"
        },
        {
            "text": "RT @PressuredGYT: New YouTube video is LIVE Go Watch Like and Comment! Feat. @oitsdyl https://t.co/U0BpIPJ3Ix #mw2 #callofduty",
            "author_id": "1582432045762060289",
            "edit_history_tweet_ids": [
                "1674915913580130305"
            ],
            "public_metrics": {
                "retweet_count": 5,
                "reply_count": 0,
                "like_count": 0,
                "quote_count": 0,
                "bookmark_count": 0,
                "impression_count": 0
            },
            "entities": {
                "mentions": [
                    {
                        "start": 3,
                        "end": 16,
                        "username": "PressuredGYT",
                        "id": "1413980965530124289"
                    },
                    {
                        "start": 77,
                        "end": 85,
                        "username": "oitsdyl",
                        "id": "797579773451059200"
                    }
                ]
            },
            "id": "1674915913580130305"
        },
        {
            "text": "https://t.co/3NJeM7MnR5\n\nCall of Duty Warzone 2.0 - DMZ (SOLO) [Contract \"ELIMINATION OF A PARTICULARLY IMPORTANT GOAL\"]\n\n#LionHunterChannel #Warzone2 #CallofDutyWarzone #CallOfDuty #COD #игра #шутер #game #shooter #FPS #YouTube #DMZ #SOLO",
            "author_id": "1465740516360966151",
            "edit_history_tweet_ids": [
                "1674915727856349184"
            ],
            "public_metrics": {
                "retweet_count": 0,
                "reply_count": 0,
                "like_count": 0,
                "quote_count": 0,
                "bookmark_count": 0,
                "impression_count": 112
            },
            "id": "1674915727856349184"
        },
        {
            "text": "🔴LIVE - FRI YEYEYEYEYEYE\n\n🟪https://t.co/DzwzT7ZI3f\n\n#CallofDuty #MW2 #MWII #Warzone2\n#Halo #HaloMCC #HaloInfinite #Xbox #Zelda #ZeldaTOTK\n#Overwatch #Overwatch2\n#RE4 #RE4Remake\n#Twitch #TwitchStreamer #TwitchStreamers #TwitchAffilate https://t.co/bDYMF2Ue3b",
            "author_id": "16589052",
            "edit_history_tweet_ids": [
                "1674915546804912130"
            ],
            "public_metrics": {
                "retweet_count": 0,
                "reply_count": 0,
                "like_count": 3,
                "quote_count": 1,
                "bookmark_count": 0,
                "impression_count": 86
            },
            "id": "1674915546804912130"
        },
        {
            "text": "RT @SpicyClowder: Ghost gf? #CallOfDuty #MW2 #MWII #Ghost https://t.co/2BINZvRqfL",
            "author_id": "1665525657260941313",
            "edit_history_tweet_ids": [
                "1674915336611561478"
            ],
            "public_metrics": {
                "retweet_count": 2,
                "reply_count": 0,
                "like_count": 0,
                "quote_count": 0,
                "bookmark_count": 0,
                "impression_count": 0
            },
            "entities": {
                "mentions": [
                    {
                        "start": 3,
                        "end": 16,
                        "username": "SpicyClowder",
                        "id": "1665525657260941313"
                    }
                ]
            },
            "id": "1674915336611561478"
        },
        {
            "text": "RT @661ave: #MWII #MW2 #CallofDuty #Ghost #SimonGhostRiley #König #Konig https://t.co/ccH1WC6wCN",
            "author_id": "1580066244291710976",
            "edit_history_tweet_ids": [
                "1674915203677401089"
            ],
            "public_metrics": {
                "retweet_count": 356,
                "reply_count": 0,
                "like_count": 0,
                "quote_count": 0,
                "bookmark_count": 0,
                "impression_count": 0
            },
            "entities": {
                "mentions": [
                    {
                        "start": 3,
                        "end": 10,
                        "username": "661ave",
                        "id": "1054927382"
                    }
                ]
            },
            "id": "1674915203677401089"
        },
        {
            "text": "RT @alexgscod: Boyfriend's jeans 👀🧼\n(NSFW+variants on patreon)\n  \n#CallOfDuty #MW2 #MWII #SimonGhostRiley #GhostMW2 https://t.co/5Quv9S88VD",
            "author_id": "949507114401128448",
            "edit_history_tweet_ids": [
                "1674914990153953282"
            ],
            "public_metrics": {
                "retweet_count": 120,
                "reply_count": 0,
                "like_count": 0,
                "quote_count": 0,
                "bookmark_count": 0,
                "impression_count": 0
            },
            "entities": {
                "mentions": [
                    {
                        "start": 3,
                        "end": 13,
                        "username": "alexgscod",
                        "id": "1613363724152094722"
                    }
                ]
            },
            "id": "1674914990153953282"
        },
        {
            "text": "@PlayCODMobile 🤮🤮",
            "author_id": "1216320184702644224",
            "edit_history_tweet_ids": [
                "1674914293953822726"
            ],
            "public_metrics": {
                "retweet_count": 0,
                "reply_count": 0,
                "like_count": 0,
                "quote_count": 0,
                "bookmark_count": 0,
                "impression_count": 26
            },
            "entities": {
                "mentions": [
                    {
                        "start": 0,
                        "end": 14,
                        "username": "PlayCODMobile",
                        "id": "1166443278834659328"
                    }
                ]
            },
            "id": "1674914293953822726"
        },
        {
            "text": "RT @Blameguyy: ‼️NEW VIDEO‼️ - any support appreciated↓    \n\n\"Bringing Movement Back To Vondel\"  \n\nhttps://t.co/lnu5yUn4h9\nhttps://t.co/lnu…",
            "author_id": "2241780426",
            "edit_history_tweet_ids": [
                "1674913732714192900"
            ],
            "public_metrics": {
                "retweet_count": 3,
                "reply_count": 0,
                "like_count": 0,
                "quote_count": 0,
                "bookmark_count": 0,
                "impression_count": 0
            },
            "entities": {
                "mentions": [
                    {
                        "start": 3,
                        "end": 13,
                        "username": "Blameguyy",
                        "id": "1336586107169861632"
                    }
                ]
            },
            "id": "1674913732714192900"
        },
        {
            "text": "i was just on the same team in mw2 as a possible activision dev…? 😭",
            "author_id": "1379176569415983105",
            "edit_history_tweet_ids": [
                "1674913658084937728"
            ],
            "public_metrics": {
                "retweet_count": 0,
                "reply_count": 0,
                "like_count": 1,
                "quote_count": 0,
                "bookmark_count": 0,
                "impression_count": 56
            },
            "id": "1674913658084937728"
        },
        {
            "text": "RT @alexgscod: Boyfriend's jeans 👀🧼\n(NSFW+variants on patreon)\n  \n#CallOfDuty #MW2 #MWII #SimonGhostRiley #GhostMW2 https://t.co/5Quv9S88VD",
            "author_id": "1619721033153662976",
            "edit_history_tweet_ids": [
                "1674913257356951553"
            ],
            "public_metrics": {
                "retweet_count": 120,
                "reply_count": 0,
                "like_count": 0,
                "quote_count": 0,
                "bookmark_count": 0,
                "impression_count": 0
            },
            "entities": {
                "mentions": [
                    {
                        "start": 3,
                        "end": 13,
                        "username": "alexgscod",
                        "id": "1613363724152094722"
                    }
                ]
            },
            "id": "1674913257356951553"
        },
        {
            "text": "Haven't been on @CallofDuty #MW2 an hour so far and there's been 3 F' N playlist updates. I don't get how @CallofDuty &amp; @Activision is letting this game franchise go to shit. I guess because you fleeced so many with #microtransactions with #Warzone.",
            "author_id": "123759851",
            "edit_history_tweet_ids": [
                "1674912936198848512"
            ],
            "public_metrics": {
                "retweet_count": 0,
                "reply_count": 1,
                "like_count": 0,
                "quote_count": 0,
                "bookmark_count": 0,
                "impression_count": 165
            },
            "entities": {
                "mentions": [
                    {
                        "start": 16,
                        "end": 27,
                        "username": "CallofDuty",
                        "id": "290097288"
                    },
                    {
                        "start": 106,
                        "end": 117,
                        "username": "CallofDuty",
                        "id": "290097288"
                    },
                    {
                        "start": 124,
                        "end": 135,
                        "username": "Activision",
                        "id": "612782611"
                    }
                ]
            },
            "id": "1674912936198848512"
        },
        {
            "text": "RT @alexgscod: Boyfriend's jeans 👀🧼\n(NSFW+variants on patreon)\n  \n#CallOfDuty #MW2 #MWII #SimonGhostRiley #GhostMW2 https://t.co/5Quv9S88VD",
            "author_id": "19757511",
            "edit_history_tweet_ids": [
                "1674912642677321728"
            ],
            "public_metrics": {
                "retweet_count": 120,
                "reply_count": 0,
                "like_count": 0,
                "quote_count": 0,
                "bookmark_count": 0,
                "impression_count": 0
            },
            "entities": {
                "mentions": [
                    {
                        "start": 3,
                        "end": 13,
                        "username": "alexgscod",
                        "id": "1613363724152094722"
                    }
                ]
            },
            "id": "1674912642677321728"
        },
        {
            "text": "#LionHunterChannel #Warzone2 #Vondel #CallOfDuty #COD #YouTube #DMZ \n\nI played the new Deterrence mode.  My verdict is I approve. https://t.co/Unr7d3DtHN",
            "author_id": "1465740516360966151",
            "edit_history_tweet_ids": [
                "1674911934359953414"
            ],
            "public_metrics": {
                "retweet_count": 0,
                "reply_count": 0,
                "like_count": 0,
                "quote_count": 0,
                "bookmark_count": 0,
                "impression_count": 74
            },
            "id": "1674911934359953414"
        },
        {
            "text": "🤌🤌🤌🤌\n\n#CallofDuty #MWII #CaptainPrice #CallofDutyModernWarfare2 #mw2 https://t.co/BUioEQfYHg",
            "author_id": "1488798212957904899",
            "edit_history_tweet_ids": [
                "1674911750272032769"
            ],
            "public_metrics": {
                "retweet_count": 0,
                "reply_count": 0,
                "like_count": 2,
                "quote_count": 0,
                "bookmark_count": 0,
                "impression_count": 165
            },
            "id": "1674911750272032769"
        },
        {
            "text": "RT @WarzoneTFN: Come on now Call of Duty... This is unacceptable.\n\nMW19 vs MWII's July 4th Bundle Blueprint \n\n#CallofDuty #MWII #ModernWarf…",
            "author_id": "58581689",
            "edit_history_tweet_ids": [
                "1674911659310350336"
            ],
            "public_metrics": {
                "retweet_count": 16,
                "reply_count": 0,
                "like_count": 0,
                "quote_count": 0,
                "bookmark_count": 0,
                "impression_count": 0
            },
            "entities": {
                "mentions": [
                    {
                        "start": 3,
                        "end": 14,
                        "username": "WarzoneTFN",
                        "id": "774708231457341440"
                    }
                ]
            },
            "id": "1674911659310350336"
        },
        {
            "text": "🚨 7:15 LAST CALL {EXTENSION}  \n\n⚔️4v4 FREE HARDPOINT ONLY  \n                     *Cold War*\n 💰 PRIZE $100 | FREE ENTRY\n\n📅Friday, June 30th @ 7pm EST \n\nAll info ⬇️ ⬇️ \n\n@CODReTweeters @ScrimFinder #CDL2023             #CallofDuty #cod #coldwar #cw. https://t.co/drelig9iYQ",
            "author_id": "1354855480498204672",
            "edit_history_tweet_ids": [
                "1674911268849819649"
            ],
            "public_metrics": {
                "retweet_count": 0,
                "reply_count": 1,
                "like_count": 0,
                "quote_count": 1,
                "bookmark_count": 0,
                "impression_count": 1511
            },
            "entities": {
                "mentions": [
                    {
                        "start": 168,
                        "end": 182,
                        "username": "CODReTweeters",
                        "id": "2391962164"
                    },
                    {
                        "start": 183,
                        "end": 195,
                        "username": "ScrimFinder",
                        "id": "3982971509"
                    }
                ]
            },
            "id": "1674911268849819649"
        },
        {
            "text": "ブッチ\nDMZで使えるUAV付き\n最近覆面オペレーターが多いですねww🤣\n #COD   #MW2 https://t.co/bIS24hbO0w",
            "author_id": "722536160057110528",
            "edit_history_tweet_ids": [
                "1674910968021938176"
            ],
            "public_metrics": {
                "retweet_count": 0,
                "reply_count": 0,
                "like_count": 24,
                "quote_count": 1,
                "bookmark_count": 0,
                "impression_count": 856
            },
            "id": "1674910968021938176"
        },
        {
            "text": "@PlayCODMobile Amazing",
            "author_id": "1728742118",
            "edit_history_tweet_ids": [
                "1674910822974324736"
            ],
            "public_metrics": {
                "retweet_count": 0,
                "reply_count": 0,
                "like_count": 0,
                "quote_count": 0,
                "bookmark_count": 0,
                "impression_count": 21
            },
            "entities": {
                "mentions": [
                    {
                        "start": 0,
                        "end": 14,
                        "username": "PlayCODMobile",
                        "id": "1166443278834659328"
                    }
                ]
            },
            "id": "1674910822974324736"
        },
        {
            "text": "RT @ToxicRoxic: yall knew it was only a matter of time 🤡💀 #ghostmw2 #MWII #Ghost #CallofDuty https://t.co/YsP4RVNh7f",
            "author_id": "1350795070123995140",
            "edit_history_tweet_ids": [
                "1674910275307200512"
            ],
            "public_metrics": {
                "retweet_count": 2921,
                "reply_count": 0,
                "like_count": 0,
                "quote_count": 0,
                "bookmark_count": 0,
                "impression_count": 0
            },
            "entities": {
                "mentions": [
                    {
                        "start": 3,
                        "end": 14,
                        "username": "ToxicRoxic",
                        "id": "949791609587191813"
                    }
                ]
            },
            "id": "1674910275307200512"
        },
        {
            "text": "*Internal panic* \n\n#CallofDuty #CallofDutyModernWarfare2 #MWII #mw2 #CaptainPrice #JohnPrice https://t.co/RcUMu0oME0",
            "author_id": "1488798212957904899",
            "edit_history_tweet_ids": [
                "1674910073410265089"
            ],
            "public_metrics": {
                "retweet_count": 2,
                "reply_count": 0,
                "like_count": 15,
                "quote_count": 0,
                "bookmark_count": 1,
                "impression_count": 609
            },
            "id": "1674910073410265089"
        },
        {
            "text": "RT @alexgscod: Boyfriend's jeans 👀🧼\n(NSFW+variants on patreon)\n  \n#CallOfDuty #MW2 #MWII #SimonGhostRiley #GhostMW2 https://t.co/5Quv9S88VD",
            "author_id": "1562742291525033985",
            "edit_history_tweet_ids": [
                "1674909791494508544"
            ],
            "public_metrics": {
                "retweet_count": 120,
                "reply_count": 0,
                "like_count": 0,
                "quote_count": 0,
                "bookmark_count": 0,
                "impression_count": 0
            },
            "entities": {
                "mentions": [
                    {
                        "start": 3,
                        "end": 13,
                        "username": "alexgscod",
                        "id": "1613363724152094722"
                    }
                ]
            },
            "id": "1674909791494508544"
        },
        {
            "text": "Fr don't know whether to simp for this man or cry with daddy issues-\n\n#CallofDuty #MWII #CaptainPrice #CallofDutyModernWarfare2 #mw2 https://t.co/yaiWOPBYPi",
            "author_id": "1488798212957904899",
            "edit_history_tweet_ids": [
                "1674909650922225664"
            ],
            "public_metrics": {
                "retweet_count": 1,
                "reply_count": 0,
                "like_count": 9,
                "quote_count": 0,
                "bookmark_count": 0,
                "impression_count": 308
            },
            "id": "1674909650922225664"
        },
        {
            "text": "RT @loneghostwolf88: Last week I had some #GhostSoap haters in my IG comments , so  I made this to piss them off even more 🤭😎\n#CodGhost #Co…",
            "author_id": "1411091707446415365",
            "edit_history_tweet_ids": [
                "1674909525508251649"
            ],
            "public_metrics": {
                "retweet_count": 203,
                "reply_count": 0,
                "like_count": 0,
                "quote_count": 0,
                "bookmark_count": 0,
                "impression_count": 0
            },
            "entities": {
                "mentions": [
                    {
                        "start": 3,
                        "end": 19,
                        "username": "loneghostwolf88",
                        "id": "1112278494682271747"
                    }
                ]
            },
            "id": "1674909525508251649"
        },
        {
            "text": "RT @yumecore: 🖤🖤🖤\n#CallofDuty #MW2 #MWII #SimonGhostRiley https://t.co/lvU7h9kvnl",
            "author_id": "1528097293525737477",
            "edit_history_tweet_ids": [
                "1674909147567996929"
            ],
            "public_metrics": {
                "retweet_count": 86,
                "reply_count": 0,
                "like_count": 0,
                "quote_count": 0,
                "bookmark_count": 0,
                "impression_count": 0
            },
            "entities": {
                "mentions": [
                    {
                        "start": 3,
                        "end": 12,
                        "username": "yumecore",
                        "id": "1441174708930576386"
                    }
                ]
            },
            "id": "1674909147567996929"
        },
        {
            "text": "久しぶりのシップメントは楽しい🔪\n #MW2 #CallofDuty #cod https://t.co/UMeKCRuebV",
            "author_id": "2858806586",
            "edit_history_tweet_ids": [
                "1674908694210035713"
            ],
            "public_metrics": {
                "retweet_count": 0,
                "reply_count": 0,
                "like_count": 6,
                "quote_count": 0,
                "bookmark_count": 0,
                "impression_count": 289
            },
            "id": "1674908694210035713"
        },
        {
            "text": "RT @loneghostwolf88: Inspired by @roachp0t Ghost &amp; Riley series and with their permission here my little contribution because I love seeing…",
            "author_id": "1362562892",
            "edit_history_tweet_ids": [
                "1674908428714618884"
            ],
            "public_metrics": {
                "retweet_count": 106,
                "reply_count": 0,
                "like_count": 0,
                "quote_count": 0,
                "bookmark_count": 0,
                "impression_count": 0
            },
            "entities": {
                "mentions": [
                    {
                        "start": 3,
                        "end": 19,
                        "username": "loneghostwolf88",
                        "id": "1112278494682271747"
                    },
                    {
                        "start": 33,
                        "end": 42,
                        "username": "roachp0t",
                        "id": "1354873405619773442"
                    }
                ]
            },
            "id": "1674908428714618884"
        },
        {
            "text": "RT @SKizzleAXE: How Activision treated COD Fans in 2022 with MW2 https://t.co/YW89eNFS6K",
            "author_id": "1332855024305795073",
            "edit_history_tweet_ids": [
                "1674908275374956545"
            ],
            "public_metrics": {
                "retweet_count": 3656,
                "reply_count": 0,
                "like_count": 0,
                "quote_count": 0,
                "bookmark_count": 0,
                "impression_count": 0
            },
            "entities": {
                "mentions": [
                    {
                        "start": 3,
                        "end": 14,
                        "username": "SKizzleAXE",
                        "id": "251726319"
                    }
                ]
            },
            "id": "1674908275374956545"
        },
        {
            "text": "RT @PlayCODNews: Season 6: Templar's Oath Battle Pass Trailer\n\nhttps://t.co/ZYCYS8EJkU",
            "author_id": "1194446888977743872",
            "edit_history_tweet_ids": [
                "1674908125374320641"
            ],
            "public_metrics": {
                "retweet_count": 29,
                "reply_count": 0,
                "like_count": 0,
                "quote_count": 0,
                "bookmark_count": 0,
                "impression_count": 0
            },
            "entities": {
                "mentions": [
                    {
                        "start": 3,
                        "end": 15,
                        "username": "PlayCODNews",
                        "id": "1145294302068785154"
                    }
                ]
            },
            "id": "1674908125374320641"
        },
        {
            "text": "RT @PlayCODNews: Season 6: Templar's Oath Battle Pass Trailer\n\nhttps://t.co/ZYCYS8EJkU",
            "author_id": "1435505761459658754",
            "edit_history_tweet_ids": [
                "1674908043283435520"
            ],
            "public_metrics": {
                "retweet_count": 29,
                "reply_count": 0,
                "like_count": 0,
                "quote_count": 0,
                "bookmark_count": 0,
                "impression_count": 0
            },
            "entities": {
                "mentions": [
                    {
                        "start": 3,
                        "end": 15,
                        "username": "PlayCODNews",
                        "id": "1145294302068785154"
                    }
                ]
            },
            "id": "1674908043283435520"
        },
        {
            "text": "@guliano72 @InfoCoDES_ Va a ser un refrito del MW2,  Activision cada vez da mas asco",
            "author_id": "1600273003165716481",
            "edit_history_tweet_ids": [
                "1674907993077325829"
            ],
            "public_metrics": {
                "retweet_count": 0,
                "reply_count": 0,
                "like_count": 0,
                "quote_count": 0,
                "bookmark_count": 0,
                "impression_count": 90
            },
            "entities": {
                "mentions": [
                    {
                        "start": 0,
                        "end": 10,
                        "username": "guliano72",
                        "id": "119806659"
                    },
                    {
                        "start": 11,
                        "end": 22,
                        "username": "InfoCoDES_",
                        "id": "979335888600817665"
                    }
                ]
            },
            "id": "1674907993077325829"
        },
        {
            "text": "RT @661ave: evening at a bar in Manchester\n#Ghost #SimonGhostRiley #CallOfDuty #MWII #MW2 https://t.co/cWaVdj1Uep",
            "author_id": "1479531028763103234",
            "edit_history_tweet_ids": [
                "1674907914044166144"
            ],
            "public_metrics": {
                "retweet_count": 363,
                "reply_count": 0,
                "like_count": 0,
                "quote_count": 0,
                "bookmark_count": 0,
                "impression_count": 0
            },
            "entities": {
                "mentions": [
                    {
                        "start": 3,
                        "end": 10,
                        "username": "661ave",
                        "id": "1054927382"
                    }
                ]
            },
            "id": "1674907914044166144"
        },
        {
            "text": "RT @BBBGAMINGNEWS: In a recent update @CallofDuty have stated that you can be Permanently banned if you Report non-cheaters in call of duty…",
            "author_id": "20179097",
            "edit_history_tweet_ids": [
                "1674907759307902977"
            ],
            "public_metrics": {
                "retweet_count": 6,
                "reply_count": 0,
                "like_count": 0,
                "quote_count": 0,
                "bookmark_count": 0,
                "impression_count": 0
            },
            "entities": {
                "mentions": [
                    {
                        "start": 3,
                        "end": 17,
                        "username": "BBBGAMINGNEWS",
                        "id": "1497870971964907522"
                    },
                    {
                        "start": 38,
                        "end": 49,
                        "username": "CallofDuty",
                        "id": "290097288"
                    }
                ]
            },
            "id": "1674907759307902977"
        },
        {
            "text": "RT @661ave: evening at a bar in Manchester\n#Ghost #SimonGhostRiley #CallOfDuty #MWII #MW2 https://t.co/cWaVdj1Uep",
            "author_id": "1609633323663466498",
            "edit_history_tweet_ids": [
                "1674907175221592065"
            ],
            "public_metrics": {
                "retweet_count": 363,
                "reply_count": 0,
                "like_count": 0,
                "quote_count": 0,
                "bookmark_count": 0,
                "impression_count": 0
            },
            "entities": {
                "mentions": [
                    {
                        "start": 3,
                        "end": 10,
                        "username": "661ave",
                        "id": "1054927382"
                    }
                ]
            },
            "id": "1674907175221592065"
        },
        {
            "text": "RT @PlayCODMobile: 🚨The ship is being attacked! \n\nSeason 6: Templar's Oath goes live on 7/5 at 5PM PT 👉 Check out the Battle Pass in the in…",
            "author_id": "2511546878",
            "edit_history_tweet_ids": [
                "1674907057386823681"
            ],
            "public_metrics": {
                "retweet_count": 81,
                "reply_count": 0,
                "like_count": 0,
                "quote_count": 0,
                "bookmark_count": 0,
                "impression_count": 0
            },
            "entities": {
                "mentions": [
                    {
                        "start": 3,
                        "end": 17,
                        "username": "PlayCODMobile",
                        "id": "1166443278834659328"
                    }
                ]
            },
            "id": "1674907057386823681"
        },
        {
            "text": "As MELHORES CONFIGURAÇÕES em 2023 para o #CoDMobile \n@PlayCODMobile @CallofDutyBR https://t.co/AmB2lTNA1T",
            "author_id": "1364238418553827330",
            "edit_history_tweet_ids": [
                "1674906300520574978"
            ],
            "public_metrics": {
                "retweet_count": 0,
                "reply_count": 1,
                "like_count": 11,
                "quote_count": 0,
                "bookmark_count": 0,
                "impression_count": 200
            },
            "entities": {
                "mentions": [
                    {
                        "start": 53,
                        "end": 67,
                        "username": "PlayCODMobile",
                        "id": "1166443278834659328"
                    },
                    {
                        "start": 68,
                        "end": 81,
                        "username": "CallofDutyBR",
                        "id": "1281327848330948608"
                    }
                ]
            },
            "id": "1674906300520574978"
        }
    ],
    "includes": {
        "users": [
            {
                "id": "1021771255957995520",
                "name": "tim 🔫",
                "username": "artimaaaeus"
            },
            {
                "id": "1166443278834659328",
                "name": "Call of Duty: Mobile",
                "username": "PlayCODMobile"
            },
            {
                "id": "1613363724152094722",
                "name": "🧼💀 alex 💀 🧼",
                "username": "alexgscod"
            },
            {
                "id": "290097288",
                "name": "Call of Duty",
                "username": "CallofDuty"
            },
            {
                "id": "949791609587191813",
                "name": "Roxaroo",
                "username": "ToxicRoxic"
            },
            {
                "id": "1500360333696790528",
                "name": "コブチャル",
                "username": "kobutyal456"
            },
            {
                "id": "10228272",
                "name": "YouTube",
                "username": "YouTube"
            },
            {
                "id": "1112278494682271747",
                "name": "GhostWolf",
                "username": "loneghostwolf88"
            },
            {
                "id": "1354873405619773442",
                "name": "volok",
                "username": "roachp0t"
            },
            {
                "id": "1441174708930576386",
                "name": "༄Yume ❄🐼",
                "username": "yumecore"
            },
            {
                "id": "1008542800562946048",
                "name": "Халлот🚷COMMISSION (CLOSED)",
                "username": "Tava_tavatic"
            },
            {
                "id": "1266193455966859265",
                "name": "CELL",
                "username": "remix3s"
            },
            {
                "id": "1181682413908283392",
                "name": "COD最新情報リーカー☺︎KeNNy_NeverDie",
                "username": "KeNNy_NeverDie"
            },
            {
                "id": "1221767930653872128",
                "name": "TheRoo1",
                "username": "The_Roo1"
            },
            {
                "id": "1054927382",
                "name": "661ave",
                "username": "661ave"
            },
            {
                "id": "1518154738700886016",
                "name": "NickyBurger",
                "username": "burger_nicky"
            },
            {
                "id": "1202913356",
                "name": "ᵀᴹᴳᴳ dF Founder",
                "username": "dF_Founder"
            },
            {
                "id": "1336072713262272518",
                "name": "Ace | 🇵🇱",
                "username": "Scights"
            },
            {
                "id": "1048186246290460673",
                "name": "...",
                "username": "Xtormiken"
            },
            {
                "id": "2571107712",
                "name": "ava ☁️ ᰔᩚ",
                "username": "itslilbabewolf"
            },
            {
                "id": "1570202220288671747",
                "name": "COD MWII",
                "username": "CODmwfeed"
            },
            {
                "id": "935139811639398400",
                "name": "Starberry Roll🫐",
                "username": "lilya_neko"
            },
            {
                "id": "1413980965530124289",
                "name": "TeamPressured",
                "username": "PressuredGYT"
            },
            {
                "id": "797579773451059200",
                "name": "DYL",
                "username": "oitsdyl"
            },
            {
                "id": "1665525657260941313",
                "name": "Spicy C",
                "username": "SpicyClowder"
            },
            {
                "id": "1336586107169861632",
                "name": "Blameguy",
                "username": "Blameguyy"
            },
            {
                "id": "612782611",
                "name": "Activision",
                "username": "Activision"
            },
            {
                "id": "774708231457341440",
                "name": "Call of Duty: Warzone News",
                "username": "WarzoneTFN"
            },
            {
                "id": "2391962164",
                "name": "CODRTs",
                "username": "CODReTweeters"
            },
            {
                "id": "3982971509",
                "name": "ScrimFinder.net | We Retweet",
                "username": "ScrimFinder"
            },
            {
                "id": "251726319",
                "name": "Usman",
                "username": "SKizzleAXE"
            },
            {
                "id": "1145294302068785154",
                "name": "PlayCODNews",
                "username": "PlayCODNews"
            },
            {
                "id": "119806659",
                "name": "guliano",
                "username": "guliano72"
            },
            {
                "id": "979335888600817665",
                "name": "InfoCoDES",
                "username": "InfoCoDES_"
            },
            {
                "id": "1497870971964907522",
                "name": "BBB GAMING NEWS",
                "username": "BBBGAMINGNEWS"
            },
            {
                "id": "1281327848330948608",
                "name": "Call of Duty BR",
                "username": "CallofDutyBR"
            }
        ]
    },
    "errors": [
        {
            "value": "1674916759906709510",
            "detail": "Could not find tweet with ids: [1674916759906709510].",
            "title": "Not Found Error",
            "resource_type": "tweet",
            "parameter": "ids",
            "resource_id": "1674916759906709510",
            "type": "https://api.twitter.com/2/problems/resource-not-found"
        }
    ]
}