{
    "data": [
        {
            "public_metrics": {
                "retweet_count": 320,
                "reply_count": 0,
                "like_count": 0,
                "quote_count": 0,
                "bookmark_count": 0,
                "impression_count": 0
            },
            "edit_history_tweet_ids": [
                "1672394096315453440"
            ],
            "entities": {
                "mentions": [
                    {
                        "start": 3,
                        "end": 17,
                        "username": "BettyBRenders",
                        "id": "57432440"
                    }
                ]
            },
            "text": "RT @BettyBRenders: 💀 You want it?\n\n#Ghost #SimonGhostRiley #GhostMW2 #MW2 #MWII #CallofDutyModernWarfare2 #CallofDuty https://t.co/jTKVCs2P…",
            "author_id": "1302781906828906496",
            "id": "1672394096315453440"
        },
        {
            "public_metrics": {
                "retweet_count": 320,
                "reply_count": 0,
                "like_count": 0,
                "quote_count": 0,
                "bookmark_count": 0,
                "impression_count": 0
            },
            "edit_history_tweet_ids": [
                "1672393880686284801"
            ],
            "entities": {
                "mentions": [
                    {
                        "start": 3,
                        "end": 17,
                        "username": "BettyBRenders",
                        "id": "57432440"
                    }
                ]
            },
            "text": "RT @BettyBRenders: 💀 You want it?\n\n#Ghost #SimonGhostRiley #GhostMW2 #MW2 #MWII #CallofDutyModernWarfare2 #CallofDuty https://t.co/jTKVCs2P…",
            "author_id": "1408797688494186498",
            "id": "1672393880686284801"
        },
        {
            "public_metrics": {
                "retweet_count": 0,
                "reply_count": 0,
                "like_count": 5,
                "quote_count": 0,
                "bookmark_count": 0,
                "impression_count": 110
            },
            "edit_history_tweet_ids": [
                "1672393138676338688"
            ],
            "text": "Went from being 🤬 to 😱 \nMUST WATCH😂\n#trending #warzone2 #callofduty #codclips #fyp #youtube https://t.co/0TZh52hg3T",
            "author_id": "1232168898130108416",
            "id": "1672393138676338688"
        },
        {
            "public_metrics": {
                "retweet_count": 203,
                "reply_count": 0,
                "like_count": 0,
                "quote_count": 0,
                "bookmark_count": 0,
                "impression_count": 0
            },
            "edit_history_tweet_ids": [
                "1672392966441431041"
            ],
            "entities": {
                "mentions": [
                    {
                        "start": 3,
                        "end": 19,
                        "username": "loneghostwolf88",
                        "id": "1112278494682271747"
                    }
                ]
            },
            "text": "RT @loneghostwolf88: Last week I had some #GhostSoap haters in my IG comments , so  I made this to piss them off even more 🤭😎\n#CodGhost #Co…",
            "author_id": "1095983118622715905",
            "id": "1672392966441431041"
        },
        {
            "public_metrics": {
                "retweet_count": 320,
                "reply_count": 0,
                "like_count": 0,
                "quote_count": 0,
                "bookmark_count": 0,
                "impression_count": 0
            },
            "edit_history_tweet_ids": [
                "1672392925937033218"
            ],
            "entities": {
                "mentions": [
                    {
                        "start": 3,
                        "end": 17,
                        "username": "BettyBRenders",
                        "id": "57432440"
                    }
                ]
            },
            "text": "RT @BettyBRenders: 💀 You want it?\n\n#Ghost #SimonGhostRiley #GhostMW2 #MW2 #MWII #CallofDutyModernWarfare2 #CallofDuty https://t.co/jTKVCs2P…",
            "author_id": "1645457959562903552",
            "id": "1672392925937033218"
        },
        {
            "public_metrics": {
                "retweet_count": 0,
                "reply_count": 0,
                "like_count": 1,
                "quote_count": 0,
                "bookmark_count": 0,
                "impression_count": 717
            },
            "edit_history_tweet_ids": [
                "1672392813558767616"
            ],
            "entities": {
                "mentions": [
                    {
                        "start": 132,
                        "end": 146,
                        "username": "CODReTweeters",
                        "id": "2391962164"
                    },
                    {
                        "start": 147,
                        "end": 159,
                        "username": "ScrimFinder",
                        "id": "3982971509"
                    }
                ]
            },
            "text": "🚨SIGN UPS Extended to 8:15!!!\n\n⚔️4v4 FREE HARDPOINT ONLY  \n                     *Cold War*\n 💰 PRIZE $100 | FREE ENTRY\n\nAll info ⬇️\n\n@CODReTweeters @ScrimFinder #CDL2023      #CallofDuty https://t.co/4HIhTYrYyy",
            "author_id": "1354855480498204672",
            "id": "1672392813558767616"
        },
        {
            "public_metrics": {
                "retweet_count": 356,
                "reply_count": 0,
                "like_count": 0,
                "quote_count": 0,
                "bookmark_count": 0,
                "impression_count": 0
            },
            "edit_history_tweet_ids": [
                "1672392729832173578"
            ],
            "entities": {
                "mentions": [
                    {
                        "start": 3,
                        "end": 14,
                        "username": "Virgil_630",
                        "id": "1158840349625917441"
                    }
                ]
            },
            "text": "RT @Virgil_630: drawing him is my guilty pleasure \n\n#soapmactavish #soapmw2 #MWII #MW2 #codmw2 #CallofDuty #CallofDutyModernWarfare2 #cod h…",
            "author_id": "1624236141103796226",
            "id": "1672392729832173578"
        },
        {
            "public_metrics": {
                "retweet_count": 231,
                "reply_count": 0,
                "like_count": 0,
                "quote_count": 0,
                "bookmark_count": 0,
                "impression_count": 0
            },
            "edit_history_tweet_ids": [
                "1672392707342483456"
            ],
            "entities": {
                "mentions": [
                    {
                        "start": 3,
                        "end": 13,
                        "username": "ModenasHD",
                        "id": "1595760163"
                    }
                ]
            },
            "text": "RT @ModenasHD: If you missed any of the Twitch drops from CDL Champs 2023 (including the exclusive camo) you can use the code CDLCHAMP23 on…",
            "author_id": "1311436543",
            "id": "1672392707342483456"
        },
        {
            "public_metrics": {
                "retweet_count": 175,
                "reply_count": 0,
                "like_count": 0,
                "quote_count": 0,
                "bookmark_count": 0,
                "impression_count": 0
            },
            "edit_history_tweet_ids": [
                "1672392526878179328"
            ],
            "entities": {
                "mentions": [
                    {
                        "start": 3,
                        "end": 15,
                        "username": "cerosin_bis",
                        "id": "1121072785273643010"
                    }
                ]
            },
            "text": "RT @cerosin_bis: To absolutely no one's surprise, I love König in particular \n#MWII #CallofDuty https://t.co/HVfIFn6RNZ",
            "author_id": "1651945023850651655",
            "id": "1672392526878179328"
        },
        {
            "public_metrics": {
                "retweet_count": 3,
                "reply_count": 0,
                "like_count": 0,
                "quote_count": 0,
                "bookmark_count": 0,
                "impression_count": 0
            },
            "edit_history_tweet_ids": [
                "1672392455746985989"
            ],
            "entities": {
                "mentions": [
                    {
                        "start": 3,
                        "end": 17,
                        "username": "Jzambardino41",
                        "id": "1480284877673189379"
                    }
                ]
            },
            "text": "RT @Jzambardino41: Who Else is SICK of These RoofTop Campers on Vondel???🤯| LIVE on Twitch RIGHT NOW! Come through and vibe with me! https:…",
            "author_id": "1437141206060912640",
            "id": "1672392455746985989"
        },
        {
            "public_metrics": {
                "retweet_count": 1,
                "reply_count": 0,
                "like_count": 2,
                "quote_count": 0,
                "bookmark_count": 0,
                "impression_count": 24
            },
            "edit_history_tweet_ids": [
                "1672392299861405707"
            ],
            "text": "#LiveNow on #twitch 🟣\n#CallofDuty #MWII #MW2 #grind #ranked #season4 #follow #like #retweet #support #FridayVibes \nJUST VIBIN &amp; GRINDIN! 💪🔫 FOLLOW &amp; VIBE 💪🙏 | FOLLOW THE CLAN 👉 @acemoo_dy @ace_ltw  👈| !LURK !SOCIALS !COMMANDS \n\nhttps://t.co/4JUosiXeXn 👈",
            "author_id": "1477601636184952832",
            "id": "1672392299861405707"
        },
        {
            "public_metrics": {
                "retweet_count": 176,
                "reply_count": 0,
                "like_count": 0,
                "quote_count": 0,
                "bookmark_count": 0,
                "impression_count": 0
            },
            "edit_history_tweet_ids": [
                "1672392293381185536"
            ],
            "entities": {
                "mentions": [
                    {
                        "start": 3,
                        "end": 15,
                        "username": "lexiissgone",
                        "id": "1642097723481440256"
                    }
                ]
            },
            "text": "RT @lexiissgone: my vid from tiktok, they so silly i cannot —\n[ #horangi #Konig #CallofDuty #art #Korangi #MWII #konrangi ] https://t.co/7b…",
            "author_id": "1468731599323910148",
            "id": "1672392293381185536"
        },
        {
            "public_metrics": {
                "retweet_count": 320,
                "reply_count": 0,
                "like_count": 0,
                "quote_count": 0,
                "bookmark_count": 0,
                "impression_count": 0
            },
            "edit_history_tweet_ids": [
                "1672392273232019457"
            ],
            "entities": {
                "mentions": [
                    {
                        "start": 3,
                        "end": 17,
                        "username": "BettyBRenders",
                        "id": "57432440"
                    }
                ]
            },
            "text": "RT @BettyBRenders: 💀 You want it?\n\n#Ghost #SimonGhostRiley #GhostMW2 #MW2 #MWII #CallofDutyModernWarfare2 #CallofDuty https://t.co/jTKVCs2P…",
            "author_id": "1610075763998441473",
            "id": "1672392273232019457"
        },
        {
            "public_metrics": {
                "retweet_count": 231,
                "reply_count": 0,
                "like_count": 0,
                "quote_count": 0,
                "bookmark_count": 0,
                "impression_count": 0
            },
            "edit_history_tweet_ids": [
                "1672392123428077574"
            ],
            "entities": {
                "mentions": [
                    {
                        "start": 3,
                        "end": 13,
                        "username": "ModenasHD",
                        "id": "1595760163"
                    }
                ]
            },
            "text": "RT @ModenasHD: If you missed any of the Twitch drops from CDL Champs 2023 (including the exclusive camo) you can use the code CDLCHAMP23 on…",
            "author_id": "1147211711763701760",
            "id": "1672392123428077574"
        },
        {
            "public_metrics": {
                "retweet_count": 0,
                "reply_count": 0,
                "like_count": 4,
                "quote_count": 0,
                "bookmark_count": 0,
                "impression_count": 49
            },
            "edit_history_tweet_ids": [
                "1672391767356735489"
            ],
            "text": "Assista kiramanson12 comigo na Twitch! https://t.co/727Kp4ABN0\n#xbox #codmw2 #callofduty #warzone #Warzone2 #twitch #twitch",
            "author_id": "1164035765644484608",
            "id": "1672391767356735489"
        },
        {
            "public_metrics": {
                "retweet_count": 1,
                "reply_count": 0,
                "like_count": 9,
                "quote_count": 0,
                "bookmark_count": 0,
                "impression_count": 1371
            },
            "edit_history_tweet_ids": [
                "1672391384865685506"
            ],
            "text": "This is getting out of control and the Ricochet is nowhere to be seen in Warzone 2... We are 4 season in now and look at this f*cking joke: #anticheat #ricochet #callofduty #cheaters #nukeskin #nukechallenge #warzone2 #warzone https://t.co/xw4wsbm85U",
            "author_id": "1514268684105170951",
            "id": "1672391384865685506"
        },
        {
            "public_metrics": {
                "retweet_count": 3,
                "reply_count": 0,
                "like_count": 0,
                "quote_count": 0,
                "bookmark_count": 0,
                "impression_count": 0
            },
            "edit_history_tweet_ids": [
                "1672391293538820103"
            ],
            "entities": {
                "mentions": [
                    {
                        "start": 3,
                        "end": 17,
                        "username": "official_defy",
                        "id": "1590304662036570117"
                    },
                    {
                        "start": 33,
                        "end": 46,
                        "username": "CollinsChadM",
                        "id": "15328133"
                    },
                    {
                        "start": 47,
                        "end": 57,
                        "username": "VZCosplay",
                        "id": "1217590057294450688"
                    },
                    {
                        "start": 64,
                        "end": 79,
                        "username": "_Sub2_IceBurgz",
                        "id": "1518422576057528320"
                    }
                ]
            },
            "text": "RT @official_defy: 🚨New video w/ @CollinsChadM @VZCosplay &amp; @_Sub2_IceBurgz!\n\nhttps://t.co/GZQlwkpQjw\n\nhttps://t.co/GZQlwkpQjw\n\nhttps://t.c…",
            "author_id": "1590304662036570117",
            "id": "1672391293538820103"
        },
        {
            "public_metrics": {
                "retweet_count": 2,
                "reply_count": 0,
                "like_count": 0,
                "quote_count": 0,
                "bookmark_count": 0,
                "impression_count": 0
            },
            "edit_history_tweet_ids": [
                "1672391269371330560"
            ],
            "entities": {
                "mentions": [
                    {
                        "start": 3,
                        "end": 17,
                        "username": "official_defy",
                        "id": "1590304662036570117"
                    },
                    {
                        "start": 39,
                        "end": 52,
                        "username": "CollinsChadM",
                        "id": "15328133"
                    }
                ]
            },
            "text": "RT @official_defy: I can confirm using @CollinsChadM's Alex Keller skin gives you an upper peg on the competition 😈🦿🫡\n\n#AlexKeller #CallofD…",
            "author_id": "1590304662036570117",
            "id": "1672391269371330560"
        },
        {
            "public_metrics": {
                "retweet_count": 320,
                "reply_count": 0,
                "like_count": 0,
                "quote_count": 0,
                "bookmark_count": 0,
                "impression_count": 0
            },
            "edit_history_tweet_ids": [
                "1672391183958679553"
            ],
            "entities": {
                "mentions": [
                    {
                        "start": 3,
                        "end": 17,
                        "username": "BettyBRenders",
                        "id": "57432440"
                    }
                ]
            },
            "text": "RT @BettyBRenders: 💀 You want it?\n\n#Ghost #SimonGhostRiley #GhostMW2 #MW2 #MWII #CallofDutyModernWarfare2 #CallofDuty https://t.co/jTKVCs2P…",
            "author_id": "1081050217284128770",
            "id": "1672391183958679553"
        },
        {
            "public_metrics": {
                "retweet_count": 203,
                "reply_count": 0,
                "like_count": 0,
                "quote_count": 0,
                "bookmark_count": 0,
                "impression_count": 0
            },
            "edit_history_tweet_ids": [
                "1672391058687156224"
            ],
            "entities": {
                "mentions": [
                    {
                        "start": 3,
                        "end": 19,
                        "username": "loneghostwolf88",
                        "id": "1112278494682271747"
                    }
                ]
            },
            "text": "RT @loneghostwolf88: Last week I had some #GhostSoap haters in my IG comments , so  I made this to piss them off even more 🤭😎\n#CodGhost #Co…",
            "author_id": "1484739357261148163",
            "id": "1672391058687156224"
        },
        {
            "public_metrics": {
                "retweet_count": 320,
                "reply_count": 0,
                "like_count": 0,
                "quote_count": 0,
                "bookmark_count": 0,
                "impression_count": 0
            },
            "edit_history_tweet_ids": [
                "1672391034477608960"
            ],
            "entities": {
                "mentions": [
                    {
                        "start": 3,
                        "end": 17,
                        "username": "BettyBRenders",
                        "id": "57432440"
                    }
                ]
            },
            "text": "RT @BettyBRenders: 💀 You want it?\n\n#Ghost #SimonGhostRiley #GhostMW2 #MW2 #MWII #CallofDutyModernWarfare2 #CallofDuty https://t.co/jTKVCs2P…",
            "author_id": "2834854785",
            "id": "1672391034477608960"
        },
        {
            "public_metrics": {
                "retweet_count": 472,
                "reply_count": 0,
                "like_count": 0,
                "quote_count": 0,
                "bookmark_count": 0,
                "impression_count": 0
            },
            "edit_history_tweet_ids": [
                "1672390914193358848"
            ],
            "entities": {
                "mentions": [
                    {
                        "start": 3,
                        "end": 10,
                        "username": "661ave",
                        "id": "1054927382"
                    }
                ]
            },
            "text": "RT @661ave: 👑 #CallofDuty #MWII #König #Konig https://t.co/XUd07qUbHq",
            "author_id": "1345129996680114176",
            "id": "1672390914193358848"
        },
        {
            "public_metrics": {
                "retweet_count": 3,
                "reply_count": 0,
                "like_count": 14,
                "quote_count": 0,
                "bookmark_count": 0,
                "impression_count": 431
            },
            "edit_history_tweet_ids": [
                "1672390761847963651"
            ],
            "entities": {
                "mentions": [
                    {
                        "start": 144,
                        "end": 157,
                        "username": "InfinityWard",
                        "id": "18742444"
                    },
                    {
                        "start": 158,
                        "end": 169,
                        "username": "CallofDuty",
                        "id": "290097288"
                    },
                    {
                        "start": 170,
                        "end": 181,
                        "username": "Activision",
                        "id": "612782611"
                    }
                ]
            },
            "text": "Today we are covering the M4A1 SOPMOD Kit Block I, II, and III (URGI)!! #M4 #SOPMOD #ModernWarfare2 #ModernWarfareII #CallofDuty #MWII #Warzone @InfinityWard @CallofDuty @Activision \nhttps://t.co/mY0uaKkZMZ https://t.co/FSS752qyUc",
            "author_id": "1135717133697110016",
            "id": "1672390761847963651"
        },
        {
            "public_metrics": {
                "retweet_count": 320,
                "reply_count": 0,
                "like_count": 0,
                "quote_count": 0,
                "bookmark_count": 0,
                "impression_count": 0
            },
            "edit_history_tweet_ids": [
                "1672390668562604032"
            ],
            "entities": {
                "mentions": [
                    {
                        "start": 3,
                        "end": 17,
                        "username": "BettyBRenders",
                        "id": "57432440"
                    }
                ]
            },
            "text": "RT @BettyBRenders: 💀 You want it?\n\n#Ghost #SimonGhostRiley #GhostMW2 #MW2 #MWII #CallofDutyModernWarfare2 #CallofDuty https://t.co/jTKVCs2P…",
            "author_id": "1358212988419772416",
            "id": "1672390668562604032"
        },
        {
            "public_metrics": {
                "retweet_count": 138,
                "reply_count": 0,
                "like_count": 0,
                "quote_count": 0,
                "bookmark_count": 0,
                "impression_count": 0
            },
            "edit_history_tweet_ids": [
                "1672390443907133443"
            ],
            "entities": {
                "mentions": [
                    {
                        "start": 3,
                        "end": 16,
                        "username": "HellishDraws",
                        "id": "1336527669161324544"
                    }
                ]
            },
            "text": "RT @HellishDraws: Good boy ❤️\n\n#SoapGhost #CallofDuty #MW2 https://t.co/Gf30XDSH51",
            "author_id": "1332453066537394177",
            "id": "1672390443907133443"
        },
        {
            "public_metrics": {
                "retweet_count": 0,
                "reply_count": 0,
                "like_count": 0,
                "quote_count": 0,
                "bookmark_count": 0,
                "impression_count": 36
            },
            "edit_history_tweet_ids": [
                "1672390211517689856"
            ],
            "entities": {
                "mentions": [
                    {
                        "start": 98,
                        "end": 106,
                        "username": "YouTube",
                        "id": "10228272"
                    }
                ]
            },
            "text": "Enjoy!\nMW2 Fails and Funny Moments\n\nMW2 moments he just DIDNT know... https://t.co/B0OdMvkRRP via @YouTube\n\n#CallofDuty #MW2",
            "author_id": "2489048262",
            "id": "1672390211517689856"
        },
        {
            "public_metrics": {
                "retweet_count": 57,
                "reply_count": 0,
                "like_count": 0,
                "quote_count": 0,
                "bookmark_count": 0,
                "impression_count": 0
            },
            "edit_history_tweet_ids": [
                "1672390186850713601"
            ],
            "entities": {
                "mentions": [
                    {
                        "start": 3,
                        "end": 15,
                        "username": "lexiissgone",
                        "id": "1642097723481440256"
                    }
                ]
            },
            "text": "RT @lexiissgone: \"don't tell anyone, but Konig sleeps with a teddy bear and me.\"\n[ #horangi #Konig #CallofDuty #MWII #Korangi #art ] https:…",
            "author_id": "1626221330218758145",
            "id": "1672390186850713601"
        },
        {
            "public_metrics": {
                "retweet_count": 320,
                "reply_count": 0,
                "like_count": 0,
                "quote_count": 0,
                "bookmark_count": 0,
                "impression_count": 0
            },
            "edit_history_tweet_ids": [
                "1672390041610465282"
            ],
            "entities": {
                "mentions": [
                    {
                        "start": 3,
                        "end": 17,
                        "username": "BettyBRenders",
                        "id": "57432440"
                    }
                ]
            },
            "text": "RT @BettyBRenders: 💀 You want it?\n\n#Ghost #SimonGhostRiley #GhostMW2 #MW2 #MWII #CallofDutyModernWarfare2 #CallofDuty https://t.co/jTKVCs2P…",
            "author_id": "1604333868915589120",
            "id": "1672390041610465282"
        },
        {
            "public_metrics": {
                "retweet_count": 320,
                "reply_count": 0,
                "like_count": 0,
                "quote_count": 0,
                "bookmark_count": 0,
                "impression_count": 0
            },
            "edit_history_tweet_ids": [
                "1672390010706751488"
            ],
            "entities": {
                "mentions": [
                    {
                        "start": 3,
                        "end": 17,
                        "username": "BettyBRenders",
                        "id": "57432440"
                    }
                ]
            },
            "text": "RT @BettyBRenders: 💀 You want it?\n\n#Ghost #SimonGhostRiley #GhostMW2 #MW2 #MWII #CallofDutyModernWarfare2 #CallofDuty https://t.co/jTKVCs2P…",
            "author_id": "1399619278563852289",
            "id": "1672390010706751488"
        },
        {
            "public_metrics": {
                "retweet_count": 0,
                "reply_count": 0,
                "like_count": 3,
                "quote_count": 0,
                "bookmark_count": 0,
                "impression_count": 55
            },
            "edit_history_tweet_ids": [
                "1672389982676471809"
            ],
            "text": "Craazzy Game On Vondel😮‍💨\nLink In Bio🎥 #warzone2 #callofduty #codclips #fyp #trending #youtube https://t.co/euV0Hzs9d6",
            "author_id": "1232168898130108416",
            "id": "1672389982676471809"
        },
        {
            "public_metrics": {
                "retweet_count": 0,
                "reply_count": 0,
                "like_count": 4,
                "quote_count": 0,
                "bookmark_count": 0,
                "impression_count": 258
            },
            "edit_history_tweet_ids": [
                "1672389875969163264"
            ],
            "entities": {
                "mentions": [
                    {
                        "start": 133,
                        "end": 144,
                        "username": "Activision",
                        "id": "612782611"
                    }
                ]
            },
            "text": "So I’m going to assume that the MW2 have gone to shit because all your manpower is focused on bringing back the THPS servers, right? @Activision",
            "author_id": "880093874739322881",
            "id": "1672389875969163264"
        },
        {
            "public_metrics": {
                "retweet_count": 320,
                "reply_count": 0,
                "like_count": 0,
                "quote_count": 0,
                "bookmark_count": 0,
                "impression_count": 0
            },
            "edit_history_tweet_ids": [
                "1672389764216127490"
            ],
            "entities": {
                "mentions": [
                    {
                        "start": 3,
                        "end": 17,
                        "username": "BettyBRenders",
                        "id": "57432440"
                    }
                ]
            },
            "text": "RT @BettyBRenders: 💀 You want it?\n\n#Ghost #SimonGhostRiley #GhostMW2 #MW2 #MWII #CallofDutyModernWarfare2 #CallofDuty https://t.co/jTKVCs2P…",
            "author_id": "1651957778204991488",
            "id": "1672389764216127490"
        },
        {
            "public_metrics": {
                "retweet_count": 966,
                "reply_count": 0,
                "like_count": 0,
                "quote_count": 0,
                "bookmark_count": 0,
                "impression_count": 0
            },
            "edit_history_tweet_ids": [
                "1672389740589469698"
            ],
            "entities": {
                "mentions": [
                    {
                        "start": 3,
                        "end": 19,
                        "username": "loneghostwolf88",
                        "id": "1112278494682271747"
                    }
                ]
            },
            "text": "RT @loneghostwolf88: big boy got lost on the beach... 😎\n\n#CallofDutyModernWarfare2 #CoDKönig   #CallofDuty  #3DRender #Rendering #Daz3D #MW…",
            "author_id": "1567934052828696576",
            "id": "1672389740589469698"
        },
        {
            "public_metrics": {
                "retweet_count": 165,
                "reply_count": 0,
                "like_count": 0,
                "quote_count": 0,
                "bookmark_count": 0,
                "impression_count": 0
            },
            "edit_history_tweet_ids": [
                "1672389649887535104"
            ],
            "entities": {
                "mentions": [
                    {
                        "start": 3,
                        "end": 19,
                        "username": "loneghostwolf88",
                        "id": "1112278494682271747"
                    }
                ]
            },
            "text": "RT @loneghostwolf88: 💀🚬\n#CallofDutyModernWarfare2 #simonghostriley #CoDGhost #CallofDuty #3DRender #Rendering #Daz3D #MWII https://t.co/0fi…",
            "author_id": "1567934052828696576",
            "id": "1672389649887535104"
        },
        {
            "public_metrics": {
                "retweet_count": 320,
                "reply_count": 0,
                "like_count": 0,
                "quote_count": 0,
                "bookmark_count": 0,
                "impression_count": 0
            },
            "edit_history_tweet_ids": [
                "1672389485575696394"
            ],
            "entities": {
                "mentions": [
                    {
                        "start": 3,
                        "end": 17,
                        "username": "BettyBRenders",
                        "id": "57432440"
                    }
                ]
            },
            "text": "RT @BettyBRenders: 💀 You want it?\n\n#Ghost #SimonGhostRiley #GhostMW2 #MW2 #MWII #CallofDutyModernWarfare2 #CallofDuty https://t.co/jTKVCs2P…",
            "author_id": "969550675448418304",
            "id": "1672389485575696394"
        },
        {
            "public_metrics": {
                "retweet_count": 320,
                "reply_count": 0,
                "like_count": 0,
                "quote_count": 0,
                "bookmark_count": 0,
                "impression_count": 0
            },
            "edit_history_tweet_ids": [
                "1672389469226385413"
            ],
            "entities": {
                "mentions": [
                    {
                        "start": 3,
                        "end": 17,
                        "username": "BettyBRenders",
                        "id": "57432440"
                    }
                ]
            },
            "text": "RT @BettyBRenders: 💀 You want it?\n\n#Ghost #SimonGhostRiley #GhostMW2 #MW2 #MWII #CallofDutyModernWarfare2 #CallofDuty https://t.co/jTKVCs2P…",
            "author_id": "1251274627130839042",
            "id": "1672389469226385413"
        },
        {
            "public_metrics": {
                "retweet_count": 147,
                "reply_count": 0,
                "like_count": 0,
                "quote_count": 0,
                "bookmark_count": 0,
                "impression_count": 0
            },
            "edit_history_tweet_ids": [
                "1672389354336157696"
            ],
            "entities": {
                "mentions": [
                    {
                        "start": 3,
                        "end": 14,
                        "username": "CallofDuty",
                        "id": "290097288"
                    }
                ]
            },
            "text": "RT @CallofDuty: Gear up with the squad ✊\n\nDouble Player, Weapon, and Battle XP is now live in Call of Duty #Warzone and #MWII ▶️ https://t.…",
            "author_id": "1203713021140324352",
            "id": "1672389354336157696"
        },
        {
            "public_metrics": {
                "retweet_count": 203,
                "reply_count": 0,
                "like_count": 0,
                "quote_count": 0,
                "bookmark_count": 0,
                "impression_count": 0
            },
            "edit_history_tweet_ids": [
                "1672389294151827461"
            ],
            "entities": {
                "mentions": [
                    {
                        "start": 3,
                        "end": 19,
                        "username": "loneghostwolf88",
                        "id": "1112278494682271747"
                    }
                ]
            },
            "text": "RT @loneghostwolf88: Last week I had some #GhostSoap haters in my IG comments , so  I made this to piss them off even more 🤭😎\n#CodGhost #Co…",
            "author_id": "916606831",
            "id": "1672389294151827461"
        },
        {
            "public_metrics": {
                "retweet_count": 472,
                "reply_count": 0,
                "like_count": 0,
                "quote_count": 0,
                "bookmark_count": 0,
                "impression_count": 0
            },
            "edit_history_tweet_ids": [
                "1672389120146939904"
            ],
            "entities": {
                "mentions": [
                    {
                        "start": 3,
                        "end": 10,
                        "username": "661ave",
                        "id": "1054927382"
                    }
                ]
            },
            "text": "RT @661ave: 👑 #CallofDuty #MWII #König #Konig https://t.co/XUd07qUbHq",
            "author_id": "1567934052828696576",
            "id": "1672389120146939904"
        },
        {
            "public_metrics": {
                "retweet_count": 3,
                "reply_count": 0,
                "like_count": 0,
                "quote_count": 0,
                "bookmark_count": 0,
                "impression_count": 0
            },
            "edit_history_tweet_ids": [
                "1672388847303372800"
            ],
            "entities": {
                "mentions": [
                    {
                        "start": 3,
                        "end": 17,
                        "username": "ColosseumCrew",
                        "id": "1354855480498204672"
                    }
                ]
            },
            "text": "RT @ColosseumCrew: 🚨TONIGHT @ 8pm EST \n\n⚔️4v4 FREE HARDPOINT ONLY  \n                     *Cold War*\n 💰 PRIZE $100 | FREE ENTRY\n\nAll info ⬇️…",
            "author_id": "918660388589359104",
            "id": "1672388847303372800"
        },
        {
            "public_metrics": {
                "retweet_count": 320,
                "reply_count": 0,
                "like_count": 0,
                "quote_count": 0,
                "bookmark_count": 0,
                "impression_count": 0
            },
            "edit_history_tweet_ids": [
                "1672388195340746752"
            ],
            "entities": {
                "mentions": [
                    {
                        "start": 3,
                        "end": 17,
                        "username": "BettyBRenders",
                        "id": "57432440"
                    }
                ]
            },
            "text": "RT @BettyBRenders: 💀 You want it?\n\n#Ghost #SimonGhostRiley #GhostMW2 #MW2 #MWII #CallofDutyModernWarfare2 #CallofDuty https://t.co/jTKVCs2P…",
            "author_id": "1640482548001153031",
            "id": "1672388195340746752"
        },
        {
            "public_metrics": {
                "retweet_count": 0,
                "reply_count": 0,
                "like_count": 0,
                "quote_count": 0,
                "bookmark_count": 0,
                "impression_count": 187
            },
            "edit_history_tweet_ids": [
                "1672388124545097729"
            ],
            "text": "Call of Duty Mw2 Streamer Hit's Insane Range No scope 😱🤯Gaming or Anime ? #cod #gaming #anime #CallofDuty #mw2 #ModernWarfare2 https://t.co/Z19BAZeTnL",
            "author_id": "3558766413",
            "id": "1672388124545097729"
        },
        {
            "public_metrics": {
                "retweet_count": 307,
                "reply_count": 0,
                "like_count": 0,
                "quote_count": 0,
                "bookmark_count": 0,
                "impression_count": 0
            },
            "edit_history_tweet_ids": [
                "1672388086804930561"
            ],
            "entities": {
                "mentions": [
                    {
                        "start": 3,
                        "end": 16,
                        "username": "charlieINTEL",
                        "id": "15411797"
                    }
                ]
            },
            "text": "RT @charlieINTEL: Missed out on the CDL Champs 23 viewership rewards for MWII and Warzone? \n\n1. Go to https://t.co/9kgThv9CGW\n\n2. Log in\n\n3…",
            "author_id": "1480513478729220097",
            "id": "1672388086804930561"
        },
        {
            "public_metrics": {
                "retweet_count": 320,
                "reply_count": 0,
                "like_count": 0,
                "quote_count": 0,
                "bookmark_count": 0,
                "impression_count": 0
            },
            "edit_history_tweet_ids": [
                "1672388069826109441"
            ],
            "entities": {
                "mentions": [
                    {
                        "start": 3,
                        "end": 17,
                        "username": "BettyBRenders",
                        "id": "57432440"
                    }
                ]
            },
            "text": "RT @BettyBRenders: 💀 You want it?\n\n#Ghost #SimonGhostRiley #GhostMW2 #MW2 #MWII #CallofDutyModernWarfare2 #CallofDuty https://t.co/jTKVCs2P…",
            "author_id": "1660299813072564226",
            "id": "1672388069826109441"
        },
        {
            "public_metrics": {
                "retweet_count": 203,
                "reply_count": 0,
                "like_count": 0,
                "quote_count": 0,
                "bookmark_count": 0,
                "impression_count": 0
            },
            "edit_history_tweet_ids": [
                "1672387811930939392"
            ],
            "entities": {
                "mentions": [
                    {
                        "start": 3,
                        "end": 19,
                        "username": "loneghostwolf88",
                        "id": "1112278494682271747"
                    }
                ]
            },
            "text": "RT @loneghostwolf88: Last week I had some #GhostSoap haters in my IG comments , so  I made this to piss them off even more 🤭😎\n#CodGhost #Co…",
            "author_id": "1141903745107845124",
            "id": "1672387811930939392"
        },
        {
            "public_metrics": {
                "retweet_count": 203,
                "reply_count": 0,
                "like_count": 0,
                "quote_count": 0,
                "bookmark_count": 0,
                "impression_count": 0
            },
            "edit_history_tweet_ids": [
                "1672387661879734280"
            ],
            "entities": {
                "mentions": [
                    {
                        "start": 3,
                        "end": 19,
                        "username": "loneghostwolf88",
                        "id": "1112278494682271747"
                    }
                ]
            },
            "text": "RT @loneghostwolf88: Last week I had some #GhostSoap haters in my IG comments , so  I made this to piss them off even more 🤭😎\n#CodGhost #Co…",
            "author_id": "1422430112369233938",
            "id": "1672387661879734280"
        },
        {
            "public_metrics": {
                "retweet_count": 231,
                "reply_count": 0,
                "like_count": 0,
                "quote_count": 0,
                "bookmark_count": 0,
                "impression_count": 0
            },
            "edit_history_tweet_ids": [
                "1672387535819948033"
            ],
            "entities": {
                "mentions": [
                    {
                        "start": 3,
                        "end": 13,
                        "username": "ModenasHD",
                        "id": "1595760163"
                    }
                ]
            },
            "text": "RT @ModenasHD: If you missed any of the Twitch drops from CDL Champs 2023 (including the exclusive camo) you can use the code CDLCHAMP23 on…",
            "author_id": "216070065",
            "id": "1672387535819948033"
        },
        {
            "public_metrics": {
                "retweet_count": 3,
                "reply_count": 0,
                "like_count": 8,
                "quote_count": 0,
                "bookmark_count": 0,
                "impression_count": 406
            },
            "edit_history_tweet_ids": [
                "1672387303962968067"
            ],
            "text": "Who Else is SICK of These RoofTop Campers on Vondel???🤯| LIVE on Twitch RIGHT NOW! Come through and vibe with me! https://t.co/yrRnk2Jfx6 | #Warzone2 #Warzone #CallofDuty #MW2 #FPSgames #gamingcommunity #twitchstreamer https://t.co/seKjfLe3Z4",
            "author_id": "1480284877673189379",
            "id": "1672387303962968067"
        },
        {
            "public_metrics": {
                "retweet_count": 320,
                "reply_count": 0,
                "like_count": 0,
                "quote_count": 0,
                "bookmark_count": 0,
                "impression_count": 0
            },
            "edit_history_tweet_ids": [
                "1672387280785354753"
            ],
            "entities": {
                "mentions": [
                    {
                        "start": 3,
                        "end": 17,
                        "username": "BettyBRenders",
                        "id": "57432440"
                    }
                ]
            },
            "text": "RT @BettyBRenders: 💀 You want it?\n\n#Ghost #SimonGhostRiley #GhostMW2 #MW2 #MWII #CallofDutyModernWarfare2 #CallofDuty https://t.co/jTKVCs2P…",
            "author_id": "823892352158879744",
            "id": "1672387280785354753"
        },
        {
            "public_metrics": {
                "retweet_count": 147,
                "reply_count": 0,
                "like_count": 0,
                "quote_count": 0,
                "bookmark_count": 0,
                "impression_count": 0
            },
            "edit_history_tweet_ids": [
                "1672387274816774144"
            ],
            "entities": {
                "mentions": [
                    {
                        "start": 3,
                        "end": 14,
                        "username": "CallofDuty",
                        "id": "290097288"
                    }
                ]
            },
            "text": "RT @CallofDuty: Gear up with the squad ✊\n\nDouble Player, Weapon, and Battle XP is now live in Call of Duty #Warzone and #MWII ▶️ https://t.…",
            "author_id": "2324489850",
            "id": "1672387274816774144"
        },
        {
            "public_metrics": {
                "retweet_count": 203,
                "reply_count": 0,
                "like_count": 0,
                "quote_count": 0,
                "bookmark_count": 0,
                "impression_count": 0
            },
            "edit_history_tweet_ids": [
                "1672386893890359296"
            ],
            "entities": {
                "mentions": [
                    {
                        "start": 3,
                        "end": 19,
                        "username": "loneghostwolf88",
                        "id": "1112278494682271747"
                    }
                ]
            },
            "text": "RT @loneghostwolf88: Last week I had some #GhostSoap haters in my IG comments , so  I made this to piss them off even more 🤭😎\n#CodGhost #Co…",
            "author_id": "1246455816552509445",
            "id": "1672386893890359296"
        },
        {
            "public_metrics": {
                "retweet_count": 320,
                "reply_count": 0,
                "like_count": 0,
                "quote_count": 0,
                "bookmark_count": 0,
                "impression_count": 0
            },
            "edit_history_tweet_ids": [
                "1672386464456269825"
            ],
            "entities": {
                "mentions": [
                    {
                        "start": 3,
                        "end": 17,
                        "username": "BettyBRenders",
                        "id": "57432440"
                    }
                ]
            },
            "text": "RT @BettyBRenders: 💀 You want it?\n\n#Ghost #SimonGhostRiley #GhostMW2 #MW2 #MWII #CallofDutyModernWarfare2 #CallofDuty https://t.co/jTKVCs2P…",
            "author_id": "1067136470157312000",
            "id": "1672386464456269825"
        },
        {
            "public_metrics": {
                "retweet_count": 320,
                "reply_count": 0,
                "like_count": 0,
                "quote_count": 0,
                "bookmark_count": 0,
                "impression_count": 0
            },
            "edit_history_tweet_ids": [
                "1672386323859095553"
            ],
            "entities": {
                "mentions": [
                    {
                        "start": 3,
                        "end": 17,
                        "username": "BettyBRenders",
                        "id": "57432440"
                    }
                ]
            },
            "text": "RT @BettyBRenders: 💀 You want it?\n\n#Ghost #SimonGhostRiley #GhostMW2 #MW2 #MWII #CallofDutyModernWarfare2 #CallofDuty https://t.co/jTKVCs2P…",
            "author_id": "617771243",
            "id": "1672386323859095553"
        },
        {
            "public_metrics": {
                "retweet_count": 320,
                "reply_count": 0,
                "like_count": 0,
                "quote_count": 0,
                "bookmark_count": 0,
                "impression_count": 0
            },
            "edit_history_tweet_ids": [
                "1672385939044171778"
            ],
            "entities": {
                "mentions": [
                    {
                        "start": 3,
                        "end": 17,
                        "username": "BettyBRenders",
                        "id": "57432440"
                    }
                ]
            },
            "text": "RT @BettyBRenders: 💀 You want it?\n\n#Ghost #SimonGhostRiley #GhostMW2 #MW2 #MWII #CallofDutyModernWarfare2 #CallofDuty https://t.co/jTKVCs2P…",
            "author_id": "1512337235349102601",
            "id": "1672385939044171778"
        },
        {
            "public_metrics": {
                "retweet_count": 1,
                "reply_count": 0,
                "like_count": 13,
                "quote_count": 0,
                "bookmark_count": 0,
                "impression_count": 480
            },
            "edit_history_tweet_ids": [
                "1672385699171934208"
            ],
            "text": "Tonkotsu ramen red fox!Price\n\n#captainprice #cpt #john #price #fox #redfox #cod #modernwarfare #mw2 #mwii #ramen #lamen #sketch #fanart #CallofDuty #cute #chibi #FanArtFriday https://t.co/awP3IMSXrA",
            "author_id": "70811687",
            "id": "1672385699171934208"
        },
        {
            "public_metrics": {
                "retweet_count": 320,
                "reply_count": 0,
                "like_count": 0,
                "quote_count": 0,
                "bookmark_count": 0,
                "impression_count": 0
            },
            "edit_history_tweet_ids": [
                "1672385380799205381"
            ],
            "entities": {
                "mentions": [
                    {
                        "start": 3,
                        "end": 17,
                        "username": "BettyBRenders",
                        "id": "57432440"
                    }
                ]
            },
            "text": "RT @BettyBRenders: 💀 You want it?\n\n#Ghost #SimonGhostRiley #GhostMW2 #MW2 #MWII #CallofDutyModernWarfare2 #CallofDuty https://t.co/jTKVCs2P…",
            "author_id": "1610896979101421568",
            "id": "1672385380799205381"
        },
        {
            "public_metrics": {
                "retweet_count": 0,
                "reply_count": 0,
                "like_count": 2,
                "quote_count": 0,
                "bookmark_count": 0,
                "impression_count": 414
            },
            "edit_history_tweet_ids": [
                "1672385372507238400"
            ],
            "text": "『COD:DMZ』①助けを求めてるプレイヤーの救出が出来ないんだが、。②デッドドロップだとお金は持ち帰れない？\nhttps://t.co/ixGuBXqhRA\n\n#COD #コールオブデューティ #callofduty #CODMW2 #MW2 #CoDMWII #DMZ #warzone2 #ニクト #シーズン4 #ファランクス #デッドドロップ https://t.co/XRIxad925g",
            "author_id": "956402256613552128",
            "id": "1672385372507238400"
        },
        {
            "public_metrics": {
                "retweet_count": 320,
                "reply_count": 0,
                "like_count": 0,
                "quote_count": 0,
                "bookmark_count": 0,
                "impression_count": 0
            },
            "edit_history_tweet_ids": [
                "1672385278047137795"
            ],
            "entities": {
                "mentions": [
                    {
                        "start": 3,
                        "end": 17,
                        "username": "BettyBRenders",
                        "id": "57432440"
                    }
                ]
            },
            "text": "RT @BettyBRenders: 💀 You want it?\n\n#Ghost #SimonGhostRiley #GhostMW2 #MW2 #MWII #CallofDutyModernWarfare2 #CallofDuty https://t.co/jTKVCs2P…",
            "author_id": "1435662327404240899",
            "id": "1672385278047137795"
        },
        {
            "public_metrics": {
                "retweet_count": 86,
                "reply_count": 0,
                "like_count": 0,
                "quote_count": 0,
                "bookmark_count": 0,
                "impression_count": 0
            },
            "edit_history_tweet_ids": [
                "1672385171469877248"
            ],
            "entities": {
                "mentions": [
                    {
                        "start": 3,
                        "end": 14,
                        "username": "boiherrrrb",
                        "id": "1562777460810608640"
                    },
                    {
                        "start": 85,
                        "end": 95,
                        "username": "Ckang2021",
                        "id": "1136090466934386688"
                    }
                ]
            },
            "text": "RT @boiherrrrb: #ModernWarfare2 #CDL2023\nCDL competitor with unreal engine 5.2\nmodel:@Ckang2021 https://t.co/snvDdXPmbL",
            "author_id": "1402845076863205376",
            "id": "1672385171469877248"
        },
        {
            "public_metrics": {
                "retweet_count": 840,
                "reply_count": 0,
                "like_count": 0,
                "quote_count": 0,
                "bookmark_count": 0,
                "impression_count": 0
            },
            "edit_history_tweet_ids": [
                "1672384565954981888"
            ],
            "entities": {
                "mentions": [
                    {
                        "start": 3,
                        "end": 18,
                        "username": "witchmeetsevil",
                        "id": "1116440865415802888"
                    }
                ]
            },
            "text": "RT @witchmeetsevil: just soft quiet kisses ❤️\n\n#ghostsoap #ghoap #callofduty #CoD #MWII https://t.co/TfOi2Wy4fj",
            "author_id": "617771243",
            "id": "1672384565954981888"
        },
        {
            "public_metrics": {
                "retweet_count": 0,
                "reply_count": 0,
                "like_count": 1,
                "quote_count": 0,
                "bookmark_count": 0,
                "impression_count": 31
            },
            "edit_history_tweet_ids": [
                "1672384348077604872"
            ],
            "text": "Even though the gameplay remains incredibly fun, #CallOfDuty #COD is not in a good place for a lot of reasons. #VideoGames #CODMW2 #Warzone2\n\n https://t.co/uS8hn02zWo",
            "author_id": "723532208179404800",
            "id": "1672384348077604872"
        },
        {
            "public_metrics": {
                "retweet_count": 0,
                "reply_count": 0,
                "like_count": 0,
                "quote_count": 0,
                "bookmark_count": 0,
                "impression_count": 524
            },
            "edit_history_tweet_ids": [
                "1672383871512395776"
            ],
            "text": "How to win in #Warzone? With Hollow Point Ammo? Nah, with TEMU app! Use code &lt;193656224&gt; for up to $20 rewards and gear up for the real battlefield - shopping!\" 😎🛍️💸 #CallofDuty #cod #gaming #mw2\nhttps://t.co/xJ4ZDZLngl",
            "author_id": "1637581119682953217",
            "id": "1672383871512395776"
        },
        {
            "public_metrics": {
                "retweet_count": 307,
                "reply_count": 0,
                "like_count": 0,
                "quote_count": 0,
                "bookmark_count": 0,
                "impression_count": 0
            },
            "edit_history_tweet_ids": [
                "1672383785973981184"
            ],
            "entities": {
                "mentions": [
                    {
                        "start": 3,
                        "end": 16,
                        "username": "charlieINTEL",
                        "id": "15411797"
                    }
                ]
            },
            "text": "RT @charlieINTEL: Missed out on the CDL Champs 23 viewership rewards for MWII and Warzone? \n\n1. Go to https://t.co/9kgThv9CGW\n\n2. Log in\n\n3…",
            "author_id": "2502129336",
            "id": "1672383785973981184"
        },
        {
            "public_metrics": {
                "retweet_count": 320,
                "reply_count": 0,
                "like_count": 0,
                "quote_count": 0,
                "bookmark_count": 0,
                "impression_count": 0
            },
            "edit_history_tweet_ids": [
                "1672383637113667585"
            ],
            "entities": {
                "mentions": [
                    {
                        "start": 3,
                        "end": 17,
                        "username": "BettyBRenders",
                        "id": "57432440"
                    }
                ]
            },
            "text": "RT @BettyBRenders: 💀 You want it?\n\n#Ghost #SimonGhostRiley #GhostMW2 #MW2 #MWII #CallofDutyModernWarfare2 #CallofDuty https://t.co/jTKVCs2P…",
            "author_id": "1607359832117346305",
            "id": "1672383637113667585"
        },
        {
            "public_metrics": {
                "retweet_count": 320,
                "reply_count": 0,
                "like_count": 0,
                "quote_count": 0,
                "bookmark_count": 0,
                "impression_count": 0
            },
            "edit_history_tweet_ids": [
                "1672383314500485120"
            ],
            "entities": {
                "mentions": [
                    {
                        "start": 3,
                        "end": 17,
                        "username": "BettyBRenders",
                        "id": "57432440"
                    }
                ]
            },
            "text": "RT @BettyBRenders: 💀 You want it?\n\n#Ghost #SimonGhostRiley #GhostMW2 #MW2 #MWII #CallofDutyModernWarfare2 #CallofDuty https://t.co/jTKVCs2P…",
            "author_id": "4590568533",
            "id": "1672383314500485120"
        },
        {
            "public_metrics": {
                "retweet_count": 0,
                "reply_count": 1,
                "like_count": 0,
                "quote_count": 0,
                "bookmark_count": 0,
                "impression_count": 82
            },
            "edit_history_tweet_ids": [
                "1672383123043020801"
            ],
            "entities": {
                "mentions": [
                    {
                        "start": 0,
                        "end": 11,
                        "username": "CallofDuty",
                        "id": "290097288"
                    }
                ]
            },
            "text": "@CallofDuty Hey Activision, I just wanted to let you know that I don't know who this Nick guy is, but I'm not longer buying any bundles in MW2 since you guys silenced this dude's free speech. He has a valid opinion on the Republican side of the aisle;  stop picking sides.",
            "author_id": "1500654980084252679",
            "id": "1672383123043020801"
        },
        {
            "public_metrics": {
                "retweet_count": 320,
                "reply_count": 0,
                "like_count": 0,
                "quote_count": 0,
                "bookmark_count": 0,
                "impression_count": 0
            },
            "edit_history_tweet_ids": [
                "1672383025739628544"
            ],
            "entities": {
                "mentions": [
                    {
                        "start": 3,
                        "end": 17,
                        "username": "BettyBRenders",
                        "id": "57432440"
                    }
                ]
            },
            "text": "RT @BettyBRenders: 💀 You want it?\n\n#Ghost #SimonGhostRiley #GhostMW2 #MW2 #MWII #CallofDutyModernWarfare2 #CallofDuty https://t.co/jTKVCs2P…",
            "author_id": "1493370268294680577",
            "id": "1672383025739628544"
        },
        {
            "public_metrics": {
                "retweet_count": 1115,
                "reply_count": 0,
                "like_count": 0,
                "quote_count": 0,
                "bookmark_count": 0,
                "impression_count": 0
            },
            "edit_history_tweet_ids": [
                "1672382847053705225"
            ],
            "entities": {
                "mentions": [
                    {
                        "start": 3,
                        "end": 14,
                        "username": "AmikoRoyAi",
                        "id": "4883418989"
                    }
                ]
            },
            "text": "RT @AmikoRoyAi: 😘🌧️\n\n#ghostsoap #soapghost #callofduty #MWII https://t.co/pN0VlasTyg",
            "author_id": "1377834282836750336",
            "id": "1672382847053705225"
        },
        {
            "public_metrics": {
                "retweet_count": 0,
                "reply_count": 0,
                "like_count": 1,
                "quote_count": 1,
                "bookmark_count": 0,
                "impression_count": 32
            },
            "edit_history_tweet_ids": [
                "1672382720431861761"
            ],
            "text": "New Video coming up soon.\nA great win\n#callofduty #modernwarfare2 #multiplayer #gaming #seniorgamer #youtubechannel #MW2 https://t.co/nMadVsGK6b",
            "author_id": "240658806",
            "id": "1672382720431861761"
        },
        {
            "public_metrics": {
                "retweet_count": 0,
                "reply_count": 0,
                "like_count": 0,
                "quote_count": 1,
                "bookmark_count": 0,
                "impression_count": 1032
            },
            "edit_history_tweet_ids": [
                "1672382713838424067"
            ],
            "entities": {
                "mentions": [
                    {
                        "start": 122,
                        "end": 136,
                        "username": "CODReTweeters",
                        "id": "2391962164"
                    },
                    {
                        "start": 137,
                        "end": 149,
                        "username": "ScrimFinder",
                        "id": "3982971509"
                    }
                ]
            },
            "text": "🚨TONIGHT @ 8pm EST \n\n⚔️4v4 FREE HARDPOINT ONLY  \n                     *Cold War*\n 💰 PRIZE $100 | FREE ENTRY\n\nAll info ⬇️\n\n@CODReTweeters @ScrimFinder #CDL2023     #CallofDuty https://t.co/4HIhTYrYyy",
            "author_id": "1354855480498204672",
            "id": "1672382713838424067"
        },
        {
            "public_metrics": {
                "retweet_count": 274,
                "reply_count": 0,
                "like_count": 0,
                "quote_count": 0,
                "bookmark_count": 0,
                "impression_count": 0
            },
            "edit_history_tweet_ids": [
                "1672382672637657088"
            ],
            "entities": {
                "mentions": [
                    {
                        "start": 3,
                        "end": 16,
                        "username": "HellishDraws",
                        "id": "1336527669161324544"
                    },
                    {
                        "start": 53,
                        "end": 63,
                        "username": "vedettare",
                        "id": "1629207520941056002"
                    }
                ]
            },
            "text": "RT @HellishDraws: After 22 hours.. My commission for @vedettare based off of their fic Exfil is DONE HEHEHEH *barking*\n#GhostSoap #CallOfDu…",
            "author_id": "1629536841878601731",
            "id": "1672382672637657088"
        },
        {
            "public_metrics": {
                "retweet_count": 307,
                "reply_count": 0,
                "like_count": 0,
                "quote_count": 0,
                "bookmark_count": 0,
                "impression_count": 0
            },
            "edit_history_tweet_ids": [
                "1672382622415167488"
            ],
            "entities": {
                "mentions": [
                    {
                        "start": 3,
                        "end": 16,
                        "username": "charlieINTEL",
                        "id": "15411797"
                    }
                ]
            },
            "text": "RT @charlieINTEL: Missed out on the CDL Champs 23 viewership rewards for MWII and Warzone? \n\n1. Go to https://t.co/9kgThv9CGW\n\n2. Log in\n\n3…",
            "author_id": "3332196166",
            "id": "1672382622415167488"
        },
        {
            "public_metrics": {
                "retweet_count": 0,
                "reply_count": 0,
                "like_count": 2,
                "quote_count": 0,
                "bookmark_count": 0,
                "impression_count": 39
            },
            "edit_history_tweet_ids": [
                "1672382603242921986"
            ],
            "text": "+ 15 Recompensa Gratis Exclusiva https://t.co/P9iXotKizK #warzone #warzone2 #cdl #CallofDuty https://t.co/dZHudNwDMU",
            "author_id": "1588168930203504640",
            "id": "1672382603242921986"
        },
        {
            "public_metrics": {
                "retweet_count": 2,
                "reply_count": 0,
                "like_count": 0,
                "quote_count": 0,
                "bookmark_count": 0,
                "impression_count": 0
            },
            "edit_history_tweet_ids": [
                "1672382545147883520"
            ],
            "entities": {
                "mentions": [
                    {
                        "start": 3,
                        "end": 16,
                        "username": "ballistictai",
                        "id": "233138572"
                    }
                ]
            },
            "text": "RT @ballistictai: WZにてトンファー解除の旅\n\nリサージェンスソロ × 盾投げナイフ\nこれこそがトンファー解除の最適解 Q.E.D.\n\nちなみに異論はいくらでも認めます。\n\n#CoD #CallofDuty\n#CallofDutyModernWarfareII…",
            "author_id": "1332848335011553280",
            "id": "1672382545147883520"
        },
        {
            "public_metrics": {
                "retweet_count": 0,
                "reply_count": 0,
                "like_count": 0,
                "quote_count": 0,
                "bookmark_count": 0,
                "impression_count": 35
            },
            "edit_history_tweet_ids": [
                "1672382536847163394"
            ],
            "text": "If you have an issue with the MW2 movement, go play Battlefield 1943 for 5 minutes and come back.  #CallofDuty #twitchstreamer",
            "author_id": "989651941423661058",
            "id": "1672382536847163394"
        },
        {
            "public_metrics": {
                "retweet_count": 101,
                "reply_count": 0,
                "like_count": 0,
                "quote_count": 0,
                "bookmark_count": 0,
                "impression_count": 0
            },
            "edit_history_tweet_ids": [
                "1672382405397684230"
            ],
            "entities": {
                "mentions": [
                    {
                        "start": 3,
                        "end": 15,
                        "username": "lexiissgone",
                        "id": "1642097723481440256"
                    }
                ]
            },
            "text": "RT @lexiissgone: yeah show it to us too horangi\n[ #horangi #Konig #CallofDuty #art #Korangi #MWII #konrangi ] https://t.co/SObdXhCisO",
            "author_id": "1488017434284068867",
            "id": "1672382405397684230"
        },
        {
            "public_metrics": {
                "retweet_count": 472,
                "reply_count": 0,
                "like_count": 0,
                "quote_count": 0,
                "bookmark_count": 0,
                "impression_count": 0
            },
            "edit_history_tweet_ids": [
                "1672382338427150337"
            ],
            "entities": {
                "mentions": [
                    {
                        "start": 3,
                        "end": 10,
                        "username": "661ave",
                        "id": "1054927382"
                    }
                ]
            },
            "text": "RT @661ave: 👑 #CallofDuty #MWII #König #Konig https://t.co/XUd07qUbHq",
            "author_id": "1654718716473376769",
            "id": "1672382338427150337"
        },
        {
            "public_metrics": {
                "retweet_count": 0,
                "reply_count": 0,
                "like_count": 0,
                "quote_count": 0,
                "bookmark_count": 0,
                "impression_count": 103
            },
            "edit_history_tweet_ids": [
                "1672382313907331076"
            ],
            "entities": {
                "mentions": [
                    {
                        "start": 0,
                        "end": 11,
                        "username": "Activision",
                        "id": "612782611"
                    }
                ]
            },
            "text": "@Activision  why is COD MW2 season 4 got all these playlist update and it still lag.",
            "author_id": "31060907",
            "id": "1672382313907331076"
        },
        {
            "public_metrics": {
                "retweet_count": 307,
                "reply_count": 0,
                "like_count": 0,
                "quote_count": 0,
                "bookmark_count": 0,
                "impression_count": 0
            },
            "edit_history_tweet_ids": [
                "1672382290159185920"
            ],
            "entities": {
                "mentions": [
                    {
                        "start": 3,
                        "end": 16,
                        "username": "charlieINTEL",
                        "id": "15411797"
                    }
                ]
            },
            "text": "RT @charlieINTEL: Missed out on the CDL Champs 23 viewership rewards for MWII and Warzone? \n\n1. Go to https://t.co/9kgThv9CGW\n\n2. Log in\n\n3…",
            "author_id": "1355321347145158662",
            "id": "1672382290159185920"
        },
        {
            "public_metrics": {
                "retweet_count": 307,
                "reply_count": 0,
                "like_count": 0,
                "quote_count": 0,
                "bookmark_count": 0,
                "impression_count": 0
            },
            "edit_history_tweet_ids": [
                "1672382238242009089"
            ],
            "entities": {
                "mentions": [
                    {
                        "start": 3,
                        "end": 16,
                        "username": "charlieINTEL",
                        "id": "15411797"
                    }
                ]
            },
            "text": "RT @charlieINTEL: Missed out on the CDL Champs 23 viewership rewards for MWII and Warzone? \n\n1. Go to https://t.co/9kgThv9CGW\n\n2. Log in\n\n3…",
            "author_id": "1063220852433526784",
            "id": "1672382238242009089"
        },
        {
            "public_metrics": {
                "retweet_count": 173,
                "reply_count": 0,
                "like_count": 0,
                "quote_count": 0,
                "bookmark_count": 0,
                "impression_count": 0
            },
            "edit_history_tweet_ids": [
                "1672381868803604480"
            ],
            "entities": {
                "mentions": [
                    {
                        "start": 3,
                        "end": 15,
                        "username": "lexiissgone",
                        "id": "1642097723481440256"
                    }
                ]
            },
            "text": "RT @lexiissgone: bro woke up and realized his bf isnt with him  \n [ #horangi #Konig #CallofDuty #MWII #Korangi #art ] https://t.co/O858tL8B…",
            "author_id": "1577235974626607106",
            "id": "1672381868803604480"
        },
        {
            "public_metrics": {
                "retweet_count": 320,
                "reply_count": 0,
                "like_count": 0,
                "quote_count": 0,
                "bookmark_count": 0,
                "impression_count": 0
            },
            "edit_history_tweet_ids": [
                "1672381668634550272"
            ],
            "entities": {
                "mentions": [
                    {
                        "start": 3,
                        "end": 17,
                        "username": "BettyBRenders",
                        "id": "57432440"
                    }
                ]
            },
            "text": "RT @BettyBRenders: 💀 You want it?\n\n#Ghost #SimonGhostRiley #GhostMW2 #MW2 #MWII #CallofDutyModernWarfare2 #CallofDuty https://t.co/jTKVCs2P…",
            "author_id": "1058161426416701440",
            "id": "1672381668634550272"
        },
        {
            "public_metrics": {
                "retweet_count": 9,
                "reply_count": 0,
                "like_count": 0,
                "quote_count": 0,
                "bookmark_count": 0,
                "impression_count": 0
            },
            "edit_history_tweet_ids": [
                "1672381546215636993"
            ],
            "entities": {
                "mentions": [
                    {
                        "start": 3,
                        "end": 16,
                        "username": "chao_yi68132",
                        "id": "1649117588750729219"
                    }
                ]
            },
            "text": "RT @chao_yi68132: 画了（背手离\n#Konig #ghost #konighost\n#König\n#MW2 #CallofDuty https://t.co/5oX1VDncdZ",
            "author_id": "1671317506596937730",
            "id": "1672381546215636993"
        },
        {
            "public_metrics": {
                "retweet_count": 320,
                "reply_count": 0,
                "like_count": 0,
                "quote_count": 0,
                "bookmark_count": 0,
                "impression_count": 0
            },
            "edit_history_tweet_ids": [
                "1672381536602054657"
            ],
            "entities": {
                "mentions": [
                    {
                        "start": 3,
                        "end": 17,
                        "username": "BettyBRenders",
                        "id": "57432440"
                    }
                ]
            },
            "text": "RT @BettyBRenders: 💀 You want it?\n\n#Ghost #SimonGhostRiley #GhostMW2 #MW2 #MWII #CallofDutyModernWarfare2 #CallofDuty https://t.co/jTKVCs2P…",
            "author_id": "1658155386929655810",
            "id": "1672381536602054657"
        },
        {
            "public_metrics": {
                "retweet_count": 320,
                "reply_count": 0,
                "like_count": 0,
                "quote_count": 0,
                "bookmark_count": 0,
                "impression_count": 0
            },
            "edit_history_tweet_ids": [
                "1672381118643855362"
            ],
            "entities": {
                "mentions": [
                    {
                        "start": 3,
                        "end": 17,
                        "username": "BettyBRenders",
                        "id": "57432440"
                    }
                ]
            },
            "text": "RT @BettyBRenders: 💀 You want it?\n\n#Ghost #SimonGhostRiley #GhostMW2 #MW2 #MWII #CallofDutyModernWarfare2 #CallofDuty https://t.co/jTKVCs2P…",
            "author_id": "19997877",
            "id": "1672381118643855362"
        },
        {
            "public_metrics": {
                "retweet_count": 320,
                "reply_count": 0,
                "like_count": 0,
                "quote_count": 0,
                "bookmark_count": 0,
                "impression_count": 0
            },
            "edit_history_tweet_ids": [
                "1672380842361094144"
            ],
            "entities": {
                "mentions": [
                    {
                        "start": 3,
                        "end": 17,
                        "username": "BettyBRenders",
                        "id": "57432440"
                    }
                ]
            },
            "text": "RT @BettyBRenders: 💀 You want it?\n\n#Ghost #SimonGhostRiley #GhostMW2 #MW2 #MWII #CallofDutyModernWarfare2 #CallofDuty https://t.co/jTKVCs2P…",
            "author_id": "1655264942470361091",
            "id": "1672380842361094144"
        },
        {
            "public_metrics": {
                "retweet_count": 320,
                "reply_count": 0,
                "like_count": 0,
                "quote_count": 0,
                "bookmark_count": 0,
                "impression_count": 0
            },
            "edit_history_tweet_ids": [
                "1672380733275492354"
            ],
            "entities": {
                "mentions": [
                    {
                        "start": 3,
                        "end": 17,
                        "username": "BettyBRenders",
                        "id": "57432440"
                    }
                ]
            },
            "text": "RT @BettyBRenders: 💀 You want it?\n\n#Ghost #SimonGhostRiley #GhostMW2 #MW2 #MWII #CallofDutyModernWarfare2 #CallofDuty https://t.co/jTKVCs2P…",
            "author_id": "1616781620329205760",
            "id": "1672380733275492354"
        },
        {
            "public_metrics": {
                "retweet_count": 320,
                "reply_count": 0,
                "like_count": 0,
                "quote_count": 0,
                "bookmark_count": 0,
                "impression_count": 0
            },
            "edit_history_tweet_ids": [
                "1672380722890567680"
            ],
            "entities": {
                "mentions": [
                    {
                        "start": 3,
                        "end": 17,
                        "username": "BettyBRenders",
                        "id": "57432440"
                    }
                ]
            },
            "text": "RT @BettyBRenders: 💀 You want it?\n\n#Ghost #SimonGhostRiley #GhostMW2 #MW2 #MWII #CallofDutyModernWarfare2 #CallofDuty https://t.co/jTKVCs2P…",
            "author_id": "1429231230738862080",
            "id": "1672380722890567680"
        },
        {
            "public_metrics": {
                "retweet_count": 241,
                "reply_count": 0,
                "like_count": 0,
                "quote_count": 0,
                "bookmark_count": 0,
                "impression_count": 0
            },
            "edit_history_tweet_ids": [
                "1672380431096750080"
            ],
            "entities": {
                "mentions": [
                    {
                        "start": 3,
                        "end": 17,
                        "username": "BettyBRenders",
                        "id": "57432440"
                    }
                ]
            },
            "text": "RT @BettyBRenders: 💀 We have 15 minutes… \n\n#Ghost #SimonGhostRiley #ghostmw2 #MW2 #MWII #CallofDutyModernWarfare2 #CallofDuty https://t.co/…",
            "author_id": "803668074176118784",
            "id": "1672380431096750080"
        },
        {
            "public_metrics": {
                "retweet_count": 2,
                "reply_count": 0,
                "like_count": 0,
                "quote_count": 0,
                "bookmark_count": 0,
                "impression_count": 0
            },
            "edit_history_tweet_ids": [
                "1672380222384091138"
            ],
            "entities": {
                "mentions": [
                    {
                        "start": 3,
                        "end": 17,
                        "username": "Mr_Clasher_YT",
                        "id": "2398763586"
                    },
                    {
                        "start": 29,
                        "end": 43,
                        "username": "PlayCODMobile",
                        "id": "1166443278834659328"
                    },
                    {
                        "start": 52,
                        "end": 62,
                        "username": "trovolive",
                        "id": "1256321951494107137"
                    }
                ]
            },
            "text": "RT @Mr_Clasher_YT: Streaming @PlayCODMobile live on @trovolive FINAL WEEK OF TROVO 500 PLATINUM PUSH https://t.co/rkhCm1vwSr 💯💯💯 #CallofDut…",
            "author_id": "1464959761",
            "id": "1672380222384091138"
        },
        {
            "public_metrics": {
                "retweet_count": 87,
                "reply_count": 0,
                "like_count": 0,
                "quote_count": 0,
                "bookmark_count": 0,
                "impression_count": 0
            },
            "edit_history_tweet_ids": [
                "1672380185830645769"
            ],
            "entities": {
                "mentions": [
                    {
                        "start": 3,
                        "end": 17,
                        "username": "BettyBRenders",
                        "id": "57432440"
                    }
                ]
            },
            "text": "RT @BettyBRenders: 💀 He can wear anything 😤\n\n#Ghost #SimonGhostRiley #MW2Ghost #MW2 #MWII #CallofDutyModernWarfare2 #CallofDuty https://t.c…",
            "author_id": "803668074176118784",
            "id": "1672380185830645769"
        },
        {
            "public_metrics": {
                "retweet_count": 2,
                "reply_count": 0,
                "like_count": 0,
                "quote_count": 0,
                "bookmark_count": 0,
                "impression_count": 0
            },
            "edit_history_tweet_ids": [
                "1672380168332095488"
            ],
            "entities": {
                "mentions": [
                    {
                        "start": 3,
                        "end": 17,
                        "username": "Mr_Clasher_YT",
                        "id": "2398763586"
                    },
                    {
                        "start": 29,
                        "end": 43,
                        "username": "PlayCODMobile",
                        "id": "1166443278834659328"
                    },
                    {
                        "start": 52,
                        "end": 62,
                        "username": "trovolive",
                        "id": "1256321951494107137"
                    }
                ]
            },
            "text": "RT @Mr_Clasher_YT: Streaming @PlayCODMobile live on @trovolive FINAL WEEK OF TROVO 500 PLATINUM PUSH https://t.co/rkhCm1vwSr 💯💯💯 #CallofDut…",
            "author_id": "2398763586",
            "id": "1672380168332095488"
        },
        {
            "public_metrics": {
                "retweet_count": 2,
                "reply_count": 0,
                "like_count": 2,
                "quote_count": 0,
                "bookmark_count": 0,
                "impression_count": 95
            },
            "edit_history_tweet_ids": [
                "1672380150913159168"
            ],
            "entities": {
                "mentions": [
                    {
                        "start": 10,
                        "end": 24,
                        "username": "PlayCODMobile",
                        "id": "1166443278834659328"
                    },
                    {
                        "start": 33,
                        "end": 43,
                        "username": "trovolive",
                        "id": "1256321951494107137"
                    }
                ]
            },
            "text": "Streaming @PlayCODMobile live on @trovolive FINAL WEEK OF TROVO 500 PLATINUM PUSH https://t.co/rkhCm1vwSr 💯💯💯 #CallofDutyMobile #CODMobile #CallofDuty #COD #Trovo",
            "author_id": "2398763586",
            "id": "1672380150913159168"
        },
        {
            "public_metrics": {
                "retweet_count": 917,
                "reply_count": 0,
                "like_count": 0,
                "quote_count": 0,
                "bookmark_count": 0,
                "impression_count": 0
            },
            "edit_history_tweet_ids": [
                "1672380133011869696"
            ],
            "entities": {
                "mentions": [
                    {
                        "start": 3,
                        "end": 17,
                        "username": "BettyBRenders",
                        "id": "57432440"
                    }
                ]
            },
            "text": "RT @BettyBRenders: 💀 I like him like that 👉🏻👈🏻\n\n…and I might do a few other boys with their pants so looooow\n\n#Ghost #SimonGhostRiley #ghos…",
            "author_id": "803668074176118784",
            "id": "1672380133011869696"
        }
    ],
    "includes": {
        "users": [
            {
                "id": "57432440",
                "name": "BettyBattaglia ✯ comms closed ✯",
                "username": "BettyBRenders"
            },
            {
                "id": "1112278494682271747",
                "name": "GhostWolf",
                "username": "loneghostwolf88"
            },
            {
                "id": "2391962164",
                "name": "CODRTs",
                "username": "CODReTweeters"
            },
            {
                "id": "3982971509",
                "name": "ScrimFinder.net | We Retweet",
                "username": "ScrimFinder"
            },
            {
                "id": "1158840349625917441",
                "name": "Virgil",
                "username": "Virgil_630"
            },
            {
                "id": "1595760163",
                "name": "𝗡𝗛' -Hotel Six- 🧼🥇",
                "username": "ModenasHD"
            },
            {
                "id": "1121072785273643010",
                "name": "Cero",
                "username": "cerosin_bis"
            },
            {
                "id": "1480284877673189379",
                "name": "𝘌𝘌 Zambino",
                "username": "Jzambardino41"
            },
            {
                "id": "1642097723481440256",
                "name": "LEX",
                "username": "lexiissgone"
            },
            {
                "id": "1590304662036570117",
                "name": "Defy 🗲",
                "username": "official_defy"
            },
            {
                "id": "15328133",
                "name": "Chad Michael Collins",
                "username": "CollinsChadM"
            },
            {
                "id": "1217590057294450688",
                "name": "VenomZekeCosplayV",
                "username": "VZCosplay"
            },
            {
                "id": "1518422576057528320",
                "name": "IceBurgZ",
                "username": "_Sub2_IceBurgz"
            },
            {
                "id": "1054927382",
                "name": "661ave",
                "username": "661ave"
            },
            {
                "id": "18742444",
                "name": "Infinity Ward",
                "username": "InfinityWard"
            },
            {
                "id": "290097288",
                "name": "Call of Duty",
                "username": "CallofDuty"
            },
            {
                "id": "612782611",
                "name": "Activision",
                "username": "Activision"
            },
            {
                "id": "1336527669161324544",
                "name": "Hellish 🧼💀",
                "username": "HellishDraws"
            },
            {
                "id": "10228272",
                "name": "YouTube",
                "username": "YouTube"
            },
            {
                "id": "1354855480498204672",
                "name": "ColosseumCrew Tournaments",
                "username": "ColosseumCrew"
            },
            {
                "id": "15411797",
                "name": "CharlieIntel",
                "username": "charlieINTEL"
            },
            {
                "id": "1562777460810608640",
                "name": "3D_boiherrrrb",
                "username": "boiherrrrb"
            },
            {
                "id": "1136090466934386688",
                "name": "Ckang",
                "username": "Ckang2021"
            },
            {
                "id": "1116440865415802888",
                "name": "bruja has ghost brainrot",
                "username": "witchmeetsevil"
            },
            {
                "id": "4883418989",
                "name": "🦊Amiko💀🧼brainrot",
                "username": "AmikoRoyAi"
            },
            {
                "id": "1629207520941056002",
                "name": "saf!",
                "username": "vedettare"
            },
            {
                "id": "233138572",
                "name": "おっつん🏹特殊武器アンバサダー🛡",
                "username": "ballistictai"
            },
            {
                "id": "1649117588750729219",
                "name": "人要吸氧",
                "username": "chao_yi68132"
            },
            {
                "id": "2398763586",
                "name": "YTMrClasher(130K)",
                "username": "Mr_Clasher_YT"
            },
            {
                "id": "1166443278834659328",
                "name": "Call of Duty: Mobile",
                "username": "PlayCODMobile"
            },
            {
                "id": "1256321951494107137",
                "name": "Trovo Live",
                "username": "trovolive"
            }
        ]
    },
    "errors": [
        {
            "resource_id": "1672384646191906816",
            "parameter": "ids",
            "resource_type": "tweet",
            "section": "data",
            "title": "Authorization Error",
            "value": "1672384646191906816",
            "detail": "Sorry, you are not authorized to see the Tweet with ids: [1672384646191906816].",
            "type": "https://api.twitter.com/2/problems/not-authorized-for-resource"
        },
        {
            "value": "1672384101750390789",
            "detail": "Could not find tweet with ids: [1672384101750390789].",
            "title": "Not Found Error",
            "resource_type": "tweet",
            "parameter": "ids",
            "resource_id": "1672384101750390789",
            "type": "https://api.twitter.com/2/problems/resource-not-found"
        }
    ]
}