{
    "data": [
        {
            "author_id": "772012789883809794",
            "edit_history_tweet_ids": [
                "1673118608107651072"
            ],
            "entities": {
                "mentions": [
                    {
                        "start": 0,
                        "end": 13,
                        "username": "TripleStrucK",
                        "id": "859413739308802049"
                    },
                    {
                        "start": 14,
                        "end": 23,
                        "username": "gedjesis",
                        "id": "1526977254873513990"
                    },
                    {
                        "start": 24,
                        "end": 38,
                        "username": "YeetingNoodle",
                        "id": "1462472273831636997"
                    }
                ]
            },
            "text": "@TripleStrucK @gedjesis @YeetingNoodle -plug in a controller\n-load up mw2\n-turn off aim assist\n-live stream your gameplay missing 90% of your shots\n-cry and uninstall the game because you're rat shit without soft aimbot",
            "id": "1673118608107651072",
            "public_metrics": {
                "retweet_count": 0,
                "reply_count": 0,
                "like_count": 1,
                "quote_count": 0,
                "bookmark_count": 0,
                "impression_count": 10
            }
        },
        {
            "author_id": "1637044857867993090",
            "edit_history_tweet_ids": [
                "1673118595361181698"
            ],
            "entities": {
                "mentions": [
                    {
                        "start": 3,
                        "end": 15,
                        "username": "artimaaaeus",
                        "id": "1021771255957995520"
                    }
                ]
            },
            "text": "RT @artimaaaeus: ghost and cpt mactavish but it's that one scene from cpt 'merica\n---\n#CallofDuty #MWII #MW2 #GhostSoap https://t.co/GEf4bR…",
            "id": "1673118595361181698",
            "public_metrics": {
                "retweet_count": 207,
                "reply_count": 0,
                "like_count": 0,
                "quote_count": 0,
                "bookmark_count": 0,
                "impression_count": 0
            }
        },
        {
            "author_id": "948001724387782657",
            "edit_history_tweet_ids": [
                "1673118482089537542"
            ],
            "entities": {
                "mentions": [
                    {
                        "start": 3,
                        "end": 19,
                        "username": "loneghostwolf88",
                        "id": "1112278494682271747"
                    }
                ]
            },
            "text": "RT @loneghostwolf88: 4th entry of the beach boy series - König ☀️🏝️👑\n#CallofDutyModernWarfare2 #CoDKönig #CallofDuty #3DRender #Rendering #…",
            "id": "1673118482089537542",
            "public_metrics": {
                "retweet_count": 152,
                "reply_count": 0,
                "like_count": 0,
                "quote_count": 0,
                "bookmark_count": 0,
                "impression_count": 0
            }
        },
        {
            "author_id": "1624236141103796226",
            "edit_history_tweet_ids": [
                "1673118478868291585"
            ],
            "entities": {
                "mentions": [
                    {
                        "start": 3,
                        "end": 14,
                        "username": "AmikoRoyAi",
                        "id": "4883418989"
                    }
                ]
            },
            "text": "RT @AmikoRoyAi: Caught flirting on a mission 😮\n\n#ghostsoap #soapghost #callofduty #MWII https://t.co/GzGu0N9vQL",
            "id": "1673118478868291585",
            "public_metrics": {
                "retweet_count": 475,
                "reply_count": 0,
                "like_count": 0,
                "quote_count": 0,
                "bookmark_count": 0,
                "impression_count": 0
            }
        },
        {
            "author_id": "1237432588081541120",
            "edit_history_tweet_ids": [
                "1673118366570106881"
            ],
            "entities": {
                "mentions": [
                    {
                        "start": 104,
                        "end": 112,
                        "username": "YouTube",
                        "id": "10228272"
                    }
                ]
            },
            "text": "🔴 LIVE - CALL OF DUTY: MODERN WARFARE II Season 4 Warzone 2 SMACKING HAC... https://t.co/42Rx8KUUtI via @YouTube #live #Warzone2 #CallofDuty #livestreaming",
            "id": "1673118366570106881",
            "public_metrics": {
                "retweet_count": 0,
                "reply_count": 0,
                "like_count": 0,
                "quote_count": 0,
                "bookmark_count": 0,
                "impression_count": 28
            }
        },
        {
            "author_id": "1221767930653872128",
            "edit_history_tweet_ids": [
                "1673117990206808065"
            ],
            "text": "DMZ LIVE - Sunday Shenanigans...\n\nhttps://t.co/sZuNYCkEpq\n\n#MW2 #MWII #DMZ #FYP https://t.co/llO1qj2PEj",
            "id": "1673117990206808065",
            "public_metrics": {
                "retweet_count": 1,
                "reply_count": 0,
                "like_count": 1,
                "quote_count": 0,
                "bookmark_count": 0,
                "impression_count": 60
            }
        },
        {
            "author_id": "1389717174735020034",
            "edit_history_tweet_ids": [
                "1673117897512697857"
            ],
            "text": "Sleep Is The Cousin Of Death #F4F #twitchaffiliate #CallofDuty #Warzone2 https://t.co/RIf72ZLBta",
            "id": "1673117897512697857",
            "public_metrics": {
                "retweet_count": 0,
                "reply_count": 0,
                "like_count": 0,
                "quote_count": 0,
                "bookmark_count": 0,
                "impression_count": 40
            }
        },
        {
            "author_id": "1188244454685184000",
            "edit_history_tweet_ids": [
                "1673117746597625857"
            ],
            "entities": {
                "mentions": [
                    {
                        "start": 3,
                        "end": 14,
                        "username": "AmikoRoyAi",
                        "id": "4883418989"
                    }
                ]
            },
            "text": "RT @AmikoRoyAi: Caught flirting on a mission 😮\n\n#ghostsoap #soapghost #callofduty #MWII https://t.co/GzGu0N9vQL",
            "id": "1673117746597625857",
            "public_metrics": {
                "retweet_count": 475,
                "reply_count": 0,
                "like_count": 0,
                "quote_count": 0,
                "bookmark_count": 0,
                "impression_count": 0
            }
        },
        {
            "author_id": "1159956934759501824",
            "edit_history_tweet_ids": [
                "1673117315640983557"
            ],
            "entities": {
                "mentions": [
                    {
                        "start": 3,
                        "end": 14,
                        "username": "AmikoRoyAi",
                        "id": "4883418989"
                    }
                ]
            },
            "text": "RT @AmikoRoyAi: Caught flirting on a mission 😮\n\n#ghostsoap #soapghost #callofduty #MWII https://t.co/GzGu0N9vQL",
            "id": "1673117315640983557",
            "public_metrics": {
                "retweet_count": 475,
                "reply_count": 0,
                "like_count": 0,
                "quote_count": 0,
                "bookmark_count": 0,
                "impression_count": 0
            }
        },
        {
            "author_id": "1169308072726188037",
            "edit_history_tweet_ids": [
                "1673117294627639296"
            ],
            "entities": {
                "mentions": [
                    {
                        "start": 3,
                        "end": 10,
                        "username": "661ave",
                        "id": "1054927382"
                    }
                ]
            },
            "text": "RT @661ave: #MWII #MW2 #CallofDuty #Ghost #SimonGhostRiley #König #Konig https://t.co/ccH1WC6wCN",
            "id": "1673117294627639296",
            "public_metrics": {
                "retweet_count": 356,
                "reply_count": 0,
                "like_count": 0,
                "quote_count": 0,
                "bookmark_count": 0,
                "impression_count": 0
            }
        },
        {
            "author_id": "1495192898341646337",
            "edit_history_tweet_ids": [
                "1673117213920722945"
            ],
            "entities": {
                "mentions": [
                    {
                        "start": 3,
                        "end": 13,
                        "username": "CODLeague",
                        "id": "294198566"
                    },
                    {
                        "start": 53,
                        "end": 63,
                        "username": "Subliners",
                        "id": "1122713320086220803"
                    }
                ]
            },
            "text": "RT @CODLeague: It has been one week since we crowned @Subliners as our #CDL2023 World Champs 🏆\n\nWhat was your favorite moment from the even…",
            "id": "1673117213920722945",
            "public_metrics": {
                "retweet_count": 37,
                "reply_count": 0,
                "like_count": 0,
                "quote_count": 0,
                "bookmark_count": 0,
                "impression_count": 0
            }
        },
        {
            "author_id": "794082253404073984",
            "edit_history_tweet_ids": [
                "1673117196552228866"
            ],
            "entities": {
                "mentions": [
                    {
                        "start": 3,
                        "end": 18,
                        "username": "BeautyAnBeast_",
                        "id": "1533591907326214147"
                    }
                ]
            },
            "text": "RT @BeautyAnBeast_: live now for Vondel! come chill with me! 💗\n-\n🦋 https://t.co/0OlMKhUwGn\n🦋 https://t.co/hgnUP40uje\n-\n#gamergirl #twitchst…",
            "id": "1673117196552228866",
            "public_metrics": {
                "retweet_count": 1,
                "reply_count": 0,
                "like_count": 0,
                "quote_count": 0,
                "bookmark_count": 0,
                "impression_count": 0
            }
        },
        {
            "author_id": "1251702392183238659",
            "edit_history_tweet_ids": [
                "1673117168085417986"
            ],
            "entities": {
                "mentions": [
                    {
                        "start": 3,
                        "end": 14,
                        "username": "AmikoRoyAi",
                        "id": "4883418989"
                    }
                ]
            },
            "text": "RT @AmikoRoyAi: Caught flirting on a mission 😮\n\n#ghostsoap #soapghost #callofduty #MWII https://t.co/GzGu0N9vQL",
            "id": "1673117168085417986",
            "public_metrics": {
                "retweet_count": 475,
                "reply_count": 0,
                "like_count": 0,
                "quote_count": 0,
                "bookmark_count": 0,
                "impression_count": 0
            }
        },
        {
            "author_id": "950555521412714496",
            "edit_history_tweet_ids": [
                "1673117148666019840"
            ],
            "entities": {
                "mentions": [
                    {
                        "start": 3,
                        "end": 14,
                        "username": "ToxicRoxic",
                        "id": "949791609587191813"
                    }
                ]
            },
            "text": "RT @ToxicRoxic: Patiently* waiting for a blackcell König skin 🤔\n\n*: frothing at mouth, chattering teeth, biting civilians\n#CallofDuty #Köni…",
            "id": "1673117148666019840",
            "public_metrics": {
                "retweet_count": 400,
                "reply_count": 0,
                "like_count": 0,
                "quote_count": 0,
                "bookmark_count": 0,
                "impression_count": 0
            }
        },
        {
            "author_id": "2328978614",
            "edit_history_tweet_ids": [
                "1673116950963052546"
            ],
            "entities": {
                "mentions": [
                    {
                        "start": 3,
                        "end": 15,
                        "username": "artimaaaeus",
                        "id": "1021771255957995520"
                    }
                ]
            },
            "text": "RT @artimaaaeus: ghost and cpt mactavish but it's that one scene from cpt 'merica\n---\n#CallofDuty #MWII #MW2 #GhostSoap https://t.co/GEf4bR…",
            "id": "1673116950963052546",
            "public_metrics": {
                "retweet_count": 207,
                "reply_count": 0,
                "like_count": 0,
                "quote_count": 0,
                "bookmark_count": 0,
                "impression_count": 0
            }
        },
        {
            "author_id": "2328978614",
            "edit_history_tweet_ids": [
                "1673116924446736384"
            ],
            "entities": {
                "mentions": [
                    {
                        "start": 3,
                        "end": 19,
                        "username": "loneghostwolf88",
                        "id": "1112278494682271747"
                    }
                ]
            },
            "text": "RT @loneghostwolf88: Aaaand another one of Alex because I can💞😎\n#CallofDutyModernWarfare2 #CodAlexKeller #alexkeller #CallofDuty #MWII #daz…",
            "id": "1673116924446736384",
            "public_metrics": {
                "retweet_count": 123,
                "reply_count": 0,
                "like_count": 0,
                "quote_count": 0,
                "bookmark_count": 0,
                "impression_count": 0
            }
        },
        {
            "author_id": "1124173475311177733",
            "edit_history_tweet_ids": [
                "1673116873133551618"
            ],
            "entities": {
                "mentions": [
                    {
                        "start": 3,
                        "end": 14,
                        "username": "AmikoRoyAi",
                        "id": "4883418989"
                    }
                ]
            },
            "text": "RT @AmikoRoyAi: Caught flirting on a mission 😮\n\n#ghostsoap #soapghost #callofduty #MWII https://t.co/GzGu0N9vQL",
            "id": "1673116873133551618",
            "public_metrics": {
                "retweet_count": 475,
                "reply_count": 0,
                "like_count": 0,
                "quote_count": 0,
                "bookmark_count": 0,
                "impression_count": 0
            }
        },
        {
            "author_id": "2328978614",
            "edit_history_tweet_ids": [
                "1673116641712848896"
            ],
            "entities": {
                "mentions": [
                    {
                        "start": 3,
                        "end": 14,
                        "username": "AmikoRoyAi",
                        "id": "4883418989"
                    }
                ]
            },
            "text": "RT @AmikoRoyAi: Caught flirting on a mission 😮\n\n#ghostsoap #soapghost #callofduty #MWII https://t.co/GzGu0N9vQL",
            "id": "1673116641712848896",
            "public_metrics": {
                "retweet_count": 475,
                "reply_count": 0,
                "like_count": 0,
                "quote_count": 0,
                "bookmark_count": 0,
                "impression_count": 0
            }
        },
        {
            "author_id": "1201162020596400129",
            "edit_history_tweet_ids": [
                "1673116555549237249"
            ],
            "entities": {
                "mentions": [
                    {
                        "start": 3,
                        "end": 12,
                        "username": "yumecore",
                        "id": "1441174708930576386"
                    }
                ]
            },
            "text": "RT @yumecore: #CallofDuty #MWII #MW2 #SimonGhostRiley\nFull shots below  1/2\nPOV↓  (I'm smol like that :3) https://t.co/WLjLK4214R",
            "id": "1673116555549237249",
            "public_metrics": {
                "retweet_count": 103,
                "reply_count": 0,
                "like_count": 0,
                "quote_count": 0,
                "bookmark_count": 0,
                "impression_count": 0
            }
        },
        {
            "author_id": "1382971523326181376",
            "edit_history_tweet_ids": [
                "1673116279165669378"
            ],
            "entities": {
                "mentions": [
                    {
                        "start": 48,
                        "end": 59,
                        "username": "CallofDuty",
                        "id": "290097288"
                    }
                ]
            },
            "text": "Having so much fun streaming at the min playing @CallofDuty warzone vondel with the change in health now the outplay ability is so much better #KickStreaming #warzone2 #vondel #tiktok https://t.co/BX9lszpGl8",
            "id": "1673116279165669378",
            "public_metrics": {
                "retweet_count": 3,
                "reply_count": 1,
                "like_count": 14,
                "quote_count": 0,
                "bookmark_count": 0,
                "impression_count": 754
            }
        },
        {
            "author_id": "14199030",
            "edit_history_tweet_ids": [
                "1673116218360844289"
            ],
            "text": "Team up!! I'm now streaming on Twitch, YouTube and TikTok! Playing Modern Warfare 2 #PathtoAffiliate #MW2 #CallofDuty #CallofDutyWarzone #Vanguard #BattleRoyale #WarzonePacific #Streaming \nhttps://t.co/a36dbu8KtE",
            "id": "1673116218360844289",
            "public_metrics": {
                "retweet_count": 0,
                "reply_count": 0,
                "like_count": 0,
                "quote_count": 0,
                "bookmark_count": 0,
                "impression_count": 5
            }
        },
        {
            "author_id": "1458562238508199936",
            "edit_history_tweet_ids": [
                "1673115907407900672"
            ],
            "entities": {
                "mentions": [
                    {
                        "start": 3,
                        "end": 16,
                        "username": "CraftyReacts",
                        "id": "2150249967"
                    }
                ]
            },
            "text": "RT @CraftyReacts: 🟢 LIVE\n\nPlaying #Warzone with the boys 💪🏽\n\nhttps://t.co/APBRbBSS5b\n\n#CallofDuty #CallofDutyModernWarfare2 #CallofDutyMode…",
            "id": "1673115907407900672",
            "public_metrics": {
                "retweet_count": 1,
                "reply_count": 0,
                "like_count": 0,
                "quote_count": 0,
                "bookmark_count": 0,
                "impression_count": 0
            }
        },
        {
            "author_id": "1615108067867361282",
            "edit_history_tweet_ids": [
                "1673115907240103936"
            ],
            "entities": {
                "mentions": [
                    {
                        "start": 3,
                        "end": 14,
                        "username": "AmikoRoyAi",
                        "id": "4883418989"
                    }
                ]
            },
            "text": "RT @AmikoRoyAi: Modern Warfare II 09 in nutshell\n\n#callofduty #MWII https://t.co/3MaOhB66Rh",
            "id": "1673115907240103936",
            "public_metrics": {
                "retweet_count": 1727,
                "reply_count": 0,
                "like_count": 0,
                "quote_count": 0,
                "bookmark_count": 0,
                "impression_count": 0
            }
        },
        {
            "author_id": "1582094653",
            "edit_history_tweet_ids": [
                "1673115898494824451"
            ],
            "entities": {
                "mentions": [
                    {
                        "start": 3,
                        "end": 12,
                        "username": "TheFlank",
                        "id": "1390406456428597252"
                    }
                ]
            },
            "text": "RT @TheFlank: Carrying the king’s legacy further. 🥹\n\n#CDL2023 | #TheFlank📢 https://t.co/4Z2ccNcN07",
            "id": "1673115898494824451",
            "public_metrics": {
                "retweet_count": 2151,
                "reply_count": 0,
                "like_count": 0,
                "quote_count": 0,
                "bookmark_count": 0,
                "impression_count": 0
            }
        },
        {
            "author_id": "1458562238508199936",
            "edit_history_tweet_ids": [
                "1673115844539457536"
            ],
            "entities": {
                "mentions": [
                    {
                        "start": 3,
                        "end": 14,
                        "username": "AntMan3378",
                        "id": "1437162126959906822"
                    }
                ]
            },
            "text": "RT @AntMan3378: LIVE on KICK w Warzone w/ Sunday Night Duos! 20 Followers away from Affiliate! Stop by &amp; say HI! #Warzone2 #CallofDuty #Kic…",
            "id": "1673115844539457536",
            "public_metrics": {
                "retweet_count": 2,
                "reply_count": 0,
                "like_count": 0,
                "quote_count": 0,
                "bookmark_count": 0,
                "impression_count": 0
            }
        },
        {
            "author_id": "1437162126959906822",
            "edit_history_tweet_ids": [
                "1673115715480563712"
            ],
            "entities": {
                "mentions": [
                    {
                        "start": 158,
                        "end": 174,
                        "username": "KickStreamsLive",
                        "id": "237420957"
                    },
                    {
                        "start": 175,
                        "end": 187,
                        "username": "KickLiveNow",
                        "id": "2229556352"
                    },
                    {
                        "start": 188,
                        "end": 203,
                        "username": "rtsmallstreams",
                        "id": "1128878664572166144"
                    },
                    {
                        "start": 204,
                        "end": 216,
                        "username": "GamerGrowth",
                        "id": "3664235361"
                    },
                    {
                        "start": 217,
                        "end": 232,
                        "username": "SupportStreamz",
                        "id": "1094325061526478850"
                    },
                    {
                        "start": 233,
                        "end": 247,
                        "username": "promo_streams",
                        "id": "1256373983827693568"
                    },
                    {
                        "start": 248,
                        "end": 259,
                        "username": "TheBroTv00",
                        "id": "706201082"
                    }
                ]
            },
            "text": "LIVE on KICK w Warzone w/ Sunday Night Duos! 20 Followers away from Affiliate! Stop by &amp; say HI! #Warzone2 #CallofDuty #KickStreamer #kick #KickStreaming @KickStreamsLive @KickLiveNow @rtsmallstreams @GamerGrowth @SupportStreamz @promo_streams @TheBroTv00 \nhttps://t.co/eIJOQBiKds",
            "id": "1673115715480563712",
            "public_metrics": {
                "retweet_count": 2,
                "reply_count": 0,
                "like_count": 4,
                "quote_count": 0,
                "bookmark_count": 0,
                "impression_count": 68
            }
        },
        {
            "author_id": "2783287969",
            "edit_history_tweet_ids": [
                "1673115544856436736"
            ],
            "entities": {
                "mentions": [
                    {
                        "start": 3,
                        "end": 19,
                        "username": "loneghostwolf88",
                        "id": "1112278494682271747"
                    }
                ]
            },
            "text": "RT @loneghostwolf88: Aaaand another one of Alex because I can💞😎\n#CallofDutyModernWarfare2 #CodAlexKeller #alexkeller #CallofDuty #MWII #daz…",
            "id": "1673115544856436736",
            "public_metrics": {
                "retweet_count": 123,
                "reply_count": 0,
                "like_count": 0,
                "quote_count": 0,
                "bookmark_count": 0,
                "impression_count": 0
            }
        },
        {
            "author_id": "110848991",
            "edit_history_tweet_ids": [
                "1673115539143819265"
            ],
            "entities": {
                "mentions": [
                    {
                        "start": 3,
                        "end": 17,
                        "username": "TaskForceNews",
                        "id": "774708231457341440"
                    }
                ]
            },
            "text": "RT @TaskForceNews: Red or Blue Pill? \n\n#MWII #ModernWarfareII #Warzone2 #CallofDuty https://t.co/hxmGS8E7SY",
            "id": "1673115539143819265",
            "public_metrics": {
                "retweet_count": 310,
                "reply_count": 0,
                "like_count": 0,
                "quote_count": 0,
                "bookmark_count": 0,
                "impression_count": 0
            }
        },
        {
            "author_id": "1407861361607073793",
            "edit_history_tweet_ids": [
                "1673115534504886272"
            ],
            "entities": {
                "mentions": [
                    {
                        "start": 3,
                        "end": 14,
                        "username": "AmikoRoyAi",
                        "id": "4883418989"
                    }
                ]
            },
            "text": "RT @AmikoRoyAi: Modern Warfare II 09 in nutshell\n\n#callofduty #MWII https://t.co/3MaOhB66Rh",
            "id": "1673115534504886272",
            "public_metrics": {
                "retweet_count": 1727,
                "reply_count": 0,
                "like_count": 0,
                "quote_count": 0,
                "bookmark_count": 0,
                "impression_count": 0
            }
        },
        {
            "author_id": "2783287969",
            "edit_history_tweet_ids": [
                "1673115527433289728"
            ],
            "entities": {
                "mentions": [
                    {
                        "start": 3,
                        "end": 19,
                        "username": "loneghostwolf88",
                        "id": "1112278494682271747"
                    }
                ]
            },
            "text": "RT @loneghostwolf88: 4th entry of the beach boy series - König ☀️🏝️👑\n#CallofDutyModernWarfare2 #CoDKönig #CallofDuty #3DRender #Rendering #…",
            "id": "1673115527433289728",
            "public_metrics": {
                "retweet_count": 152,
                "reply_count": 0,
                "like_count": 0,
                "quote_count": 0,
                "bookmark_count": 0,
                "impression_count": 0
            }
        },
        {
            "author_id": "1478566759913467904",
            "edit_history_tweet_ids": [
                "1673115376572407809"
            ],
            "text": "4 Piece Sniper in ranked. First 3 got worked.... #ranked #rankedplay #MWII #MW2 #callofduty https://t.co/ddTKWlBl5q",
            "id": "1673115376572407809",
            "public_metrics": {
                "retweet_count": 0,
                "reply_count": 0,
                "like_count": 4,
                "quote_count": 0,
                "bookmark_count": 0,
                "impression_count": 12604
            }
        },
        {
            "author_id": "1055077578216820738",
            "edit_history_tweet_ids": [
                "1673115311522947072"
            ],
            "entities": {
                "mentions": [
                    {
                        "start": 3,
                        "end": 17,
                        "username": "TaskForceNews",
                        "id": "1673445030755745798"
                    }
                ]
            },
            "text": "RT @TaskForceNews: He’s Alive 👀\n\n#CallofDuty #MWII #ModernWarfareII #Warzone https://t.co/Z4piby2dTj",
            "id": "1673115311522947072",
            "public_metrics": {
                "retweet_count": 74,
                "reply_count": 0,
                "like_count": 0,
                "quote_count": 0,
                "bookmark_count": 0,
                "impression_count": 0
            }
        },
        {
            "author_id": "1653749079900291074",
            "edit_history_tweet_ids": [
                "1673115176764071939"
            ],
            "entities": {
                "mentions": [
                    {
                        "start": 3,
                        "end": 12,
                        "username": "yumecore",
                        "id": "1441174708930576386"
                    }
                ]
            },
            "text": "RT @yumecore: Captain Price\n#CallofDuty #MWII #MW2 #CaptainJohnPrice\n1/2 https://t.co/SAMvCLdCxm",
            "id": "1673115176764071939",
            "public_metrics": {
                "retweet_count": 63,
                "reply_count": 0,
                "like_count": 0,
                "quote_count": 0,
                "bookmark_count": 0,
                "impression_count": 0
            }
        },
        {
            "author_id": "1115595727751733248",
            "edit_history_tweet_ids": [
                "1673114866486484993"
            ],
            "entities": {
                "mentions": [
                    {
                        "start": 3,
                        "end": 15,
                        "username": "artimaaaeus",
                        "id": "1021771255957995520"
                    }
                ]
            },
            "text": "RT @artimaaaeus: ghost and cpt mactavish but it's that one scene from cpt 'merica\n---\n#CallofDuty #MWII #MW2 #GhostSoap https://t.co/GEf4bR…",
            "id": "1673114866486484993",
            "public_metrics": {
                "retweet_count": 207,
                "reply_count": 0,
                "like_count": 0,
                "quote_count": 0,
                "bookmark_count": 0,
                "impression_count": 0
            }
        },
        {
            "author_id": "1221378777575374851",
            "edit_history_tweet_ids": [
                "1673114413518446592"
            ],
            "entities": {
                "mentions": [
                    {
                        "start": 3,
                        "end": 15,
                        "username": "artimaaaeus",
                        "id": "1021771255957995520"
                    }
                ]
            },
            "text": "RT @artimaaaeus: ghost and cpt mactavish but it's that one scene from cpt 'merica\n---\n#CallofDuty #MWII #MW2 #GhostSoap https://t.co/GEf4bR…",
            "id": "1673114413518446592",
            "public_metrics": {
                "retweet_count": 207,
                "reply_count": 0,
                "like_count": 0,
                "quote_count": 0,
                "bookmark_count": 0,
                "impression_count": 0
            }
        },
        {
            "author_id": "1325762117941780484",
            "edit_history_tweet_ids": [
                "1673114156218699779"
            ],
            "entities": {
                "mentions": [
                    {
                        "start": 0,
                        "end": 11,
                        "username": "videotechx",
                        "id": "1028403242282221568"
                    },
                    {
                        "start": 12,
                        "end": 24,
                        "username": "ProRebornYT",
                        "id": "983285005"
                    }
                ]
            },
            "text": "@videotechx @ProRebornYT Do you for real think COD's communication will improve? \n\nOr that the games it selfs will improve massively?\n\nNah my man, Activision is broken and last Xbox's 1st person shooter did way worse than MW2, I wouldn't get any hopes tbh",
            "id": "1673114156218699779",
            "public_metrics": {
                "retweet_count": 0,
                "reply_count": 0,
                "like_count": 0,
                "quote_count": 0,
                "bookmark_count": 0,
                "impression_count": 101
            }
        },
        {
            "author_id": "1601516980091047936",
            "edit_history_tweet_ids": [
                "1673114141949833216"
            ],
            "entities": {
                "mentions": [
                    {
                        "start": 3,
                        "end": 14,
                        "username": "AmikoRoyAi",
                        "id": "4883418989"
                    }
                ]
            },
            "text": "RT @AmikoRoyAi: Caught flirting on a mission 😮\n\n#ghostsoap #soapghost #callofduty #MWII https://t.co/GzGu0N9vQL",
            "id": "1673114141949833216",
            "public_metrics": {
                "retweet_count": 475,
                "reply_count": 0,
                "like_count": 0,
                "quote_count": 0,
                "bookmark_count": 0,
                "impression_count": 0
            }
        },
        {
            "author_id": "965741969204043777",
            "edit_history_tweet_ids": [
                "1673114067353886721"
            ],
            "text": "WELCOME TO MY PFG STREAM!! COD MWII GAMEPLAY!! https://t.co/a7Jx5NbQVd",
            "id": "1673114067353886721",
            "public_metrics": {
                "retweet_count": 0,
                "reply_count": 0,
                "like_count": 0,
                "quote_count": 0,
                "bookmark_count": 0,
                "impression_count": 0
            }
        },
        {
            "author_id": "1347069165677383685",
            "edit_history_tweet_ids": [
                "1673114012903673857"
            ],
            "entities": {
                "mentions": [
                    {
                        "start": 3,
                        "end": 19,
                        "username": "loneghostwolf88",
                        "id": "1112278494682271747"
                    }
                ]
            },
            "text": "RT @loneghostwolf88: Aaaand another one of Alex because I can💞😎\n#CallofDutyModernWarfare2 #CodAlexKeller #alexkeller #CallofDuty #MWII #daz…",
            "id": "1673114012903673857",
            "public_metrics": {
                "retweet_count": 123,
                "reply_count": 0,
                "like_count": 0,
                "quote_count": 0,
                "bookmark_count": 0,
                "impression_count": 0
            }
        },
        {
            "author_id": "735348413412315141",
            "edit_history_tweet_ids": [
                "1673113821983174662"
            ],
            "entities": {
                "mentions": [
                    {
                        "start": 3,
                        "end": 15,
                        "username": "artimaaaeus",
                        "id": "1021771255957995520"
                    }
                ]
            },
            "text": "RT @artimaaaeus: ghost and cpt mactavish but it's that one scene from cpt 'merica\n---\n#CallofDuty #MWII #MW2 #GhostSoap https://t.co/GEf4bR…",
            "id": "1673113821983174662",
            "public_metrics": {
                "retweet_count": 207,
                "reply_count": 0,
                "like_count": 0,
                "quote_count": 0,
                "bookmark_count": 0,
                "impression_count": 0
            }
        },
        {
            "author_id": "3952072093",
            "edit_history_tweet_ids": [
                "1673113142665138177"
            ],
            "entities": {
                "mentions": [
                    {
                        "start": 3,
                        "end": 16,
                        "username": "Note_g_beatz",
                        "id": "3952072093"
                    },
                    {
                        "start": 28,
                        "end": 42,
                        "username": "PlayCODMobile",
                        "id": "1166443278834659328"
                    }
                ]
            },
            "text": "RT @Note_g_beatz: Who plays @PlayCODMobile ? 🤔 \n\nY'all mfs only on xbox &amp; playstation or what? 🤣",
            "id": "1673113142665138177",
            "public_metrics": {
                "retweet_count": 1,
                "reply_count": 0,
                "like_count": 0,
                "quote_count": 0,
                "bookmark_count": 0,
                "impression_count": 0
            }
        },
        {
            "author_id": "34235457",
            "edit_history_tweet_ids": [
                "1673113085161140224",
                "1673113127670390784"
            ],
            "text": "Gold #49- JOKR\n\nGold grind done on the HC Shipment 24/7 playlist.\n\n#MWII #ModernWarfare2 #MW2 #callofduty #ModernWarfareII #CallofDutyModernWarfareII https://t.co/8bqAATCW2V https://t.co/JlBFfYWsSS",
            "id": "1673113127670390784",
            "public_metrics": {
                "retweet_count": 0,
                "reply_count": 0,
                "like_count": 0,
                "quote_count": 0,
                "bookmark_count": 0,
                "impression_count": 148
            }
        },
        {
            "author_id": "34235457",
            "edit_history_tweet_ids": [
                "1673113085161140224",
                "1673113127670390784"
            ],
            "text": "Gold #489- JOKR\n\nGold grind done on the HC Shipment 24/7 playlist.\n\n#MWII #ModernWarfare2 #MW2 #callofduty #ModernWarfareII #CallofDutyModernWarfareII https://t.co/QubRyIYMvR https://t.co/gIbuw3VMa8",
            "id": "1673113085161140224",
            "public_metrics": {
                "retweet_count": 0,
                "reply_count": 0,
                "like_count": 0,
                "quote_count": 0,
                "bookmark_count": 0,
                "impression_count": 4
            }
        },
        {
            "author_id": "952292559723868160",
            "edit_history_tweet_ids": [
                "1673112818768388099"
            ],
            "entities": {
                "mentions": [
                    {
                        "start": 3,
                        "end": 14,
                        "username": "AmikoRoyAi",
                        "id": "4883418989"
                    }
                ]
            },
            "text": "RT @AmikoRoyAi: Caught flirting on a mission 😮\n\n#ghostsoap #soapghost #callofduty #MWII https://t.co/GzGu0N9vQL",
            "id": "1673112818768388099",
            "public_metrics": {
                "retweet_count": 475,
                "reply_count": 0,
                "like_count": 0,
                "quote_count": 0,
                "bookmark_count": 0,
                "impression_count": 0
            }
        },
        {
            "author_id": "1624943408140754946",
            "edit_history_tweet_ids": [
                "1673112303993073666"
            ],
            "entities": {
                "mentions": [
                    {
                        "start": 3,
                        "end": 14,
                        "username": "AmikoRoyAi",
                        "id": "4883418989"
                    }
                ]
            },
            "text": "RT @AmikoRoyAi: Caught flirting on a mission 😮\n\n#ghostsoap #soapghost #callofduty #MWII https://t.co/GzGu0N9vQL",
            "id": "1673112303993073666",
            "public_metrics": {
                "retweet_count": 475,
                "reply_count": 0,
                "like_count": 0,
                "quote_count": 0,
                "bookmark_count": 0,
                "impression_count": 0
            }
        },
        {
            "author_id": "1613363724152094722",
            "edit_history_tweet_ids": [
                "1673112221985931264"
            ],
            "entities": {
                "mentions": [
                    {
                        "start": 3,
                        "end": 14,
                        "username": "AmikoRoyAi",
                        "id": "4883418989"
                    }
                ]
            },
            "text": "RT @AmikoRoyAi: Caught flirting on a mission 😮\n\n#ghostsoap #soapghost #callofduty #MWII https://t.co/GzGu0N9vQL",
            "id": "1673112221985931264",
            "public_metrics": {
                "retweet_count": 475,
                "reply_count": 0,
                "like_count": 0,
                "quote_count": 0,
                "bookmark_count": 0,
                "impression_count": 0
            }
        },
        {
            "author_id": "1619721033153662976",
            "edit_history_tweet_ids": [
                "1673112190377922561"
            ],
            "entities": {
                "mentions": [
                    {
                        "start": 3,
                        "end": 14,
                        "username": "michelekoi",
                        "id": "70811687"
                    }
                ]
            },
            "text": "RT @michelekoi: Congrats. Kitty!Ghost!!!\n\n#kitty #cat #ghost #SimonGhostRiley #cod #mwii #mw2 #CallofDuty #ModernWarfare2 #ModernWarfareII…",
            "id": "1673112190377922561",
            "public_metrics": {
                "retweet_count": 23,
                "reply_count": 0,
                "like_count": 0,
                "quote_count": 0,
                "bookmark_count": 0,
                "impression_count": 0
            }
        },
        {
            "author_id": "1254019203398602753",
            "edit_history_tweet_ids": [
                "1673112165014798336"
            ],
            "entities": {
                "mentions": [
                    {
                        "start": 3,
                        "end": 15,
                        "username": "artimaaaeus",
                        "id": "1021771255957995520"
                    }
                ]
            },
            "text": "RT @artimaaaeus: ghost and cpt mactavish but it's that one scene from cpt 'merica\n---\n#CallofDuty #MWII #MW2 #GhostSoap https://t.co/GEf4bR…",
            "id": "1673112165014798336",
            "public_metrics": {
                "retweet_count": 207,
                "reply_count": 0,
                "like_count": 0,
                "quote_count": 0,
                "bookmark_count": 0,
                "impression_count": 0
            }
        },
        {
            "author_id": "1246455816552509445",
            "edit_history_tweet_ids": [
                "1673112031539662848"
            ],
            "entities": {
                "mentions": [
                    {
                        "start": 3,
                        "end": 19,
                        "username": "loneghostwolf88",
                        "id": "1112278494682271747"
                    }
                ]
            },
            "text": "RT @loneghostwolf88: Aaaand another one of Alex because I can💞😎\n#CallofDutyModernWarfare2 #CodAlexKeller #alexkeller #CallofDuty #MWII #daz…",
            "id": "1673112031539662848",
            "public_metrics": {
                "retweet_count": 123,
                "reply_count": 0,
                "like_count": 0,
                "quote_count": 0,
                "bookmark_count": 0,
                "impression_count": 0
            }
        },
        {
            "author_id": "1080905222938087424",
            "edit_history_tweet_ids": [
                "1673111934479257600"
            ],
            "entities": {
                "mentions": [
                    {
                        "start": 3,
                        "end": 14,
                        "username": "AmikoRoyAi",
                        "id": "4883418989"
                    }
                ]
            },
            "text": "RT @AmikoRoyAi: Caught flirting on a mission 😮\n\n#ghostsoap #soapghost #callofduty #MWII https://t.co/GzGu0N9vQL",
            "id": "1673111934479257600",
            "public_metrics": {
                "retweet_count": 475,
                "reply_count": 0,
                "like_count": 0,
                "quote_count": 0,
                "bookmark_count": 0,
                "impression_count": 0
            }
        },
        {
            "author_id": "1246455816552509445",
            "edit_history_tweet_ids": [
                "1673111889033969664"
            ],
            "entities": {
                "mentions": [
                    {
                        "start": 3,
                        "end": 19,
                        "username": "loneghostwolf88",
                        "id": "1112278494682271747"
                    }
                ]
            },
            "text": "RT @loneghostwolf88: 4th entry of the beach boy series - König ☀️🏝️👑\n#CallofDutyModernWarfare2 #CoDKönig #CallofDuty #3DRender #Rendering #…",
            "id": "1673111889033969664",
            "public_metrics": {
                "retweet_count": 152,
                "reply_count": 0,
                "like_count": 0,
                "quote_count": 0,
                "bookmark_count": 0,
                "impression_count": 0
            }
        },
        {
            "author_id": "2856778420",
            "edit_history_tweet_ids": [
                "1673111631973212160"
            ],
            "entities": {
                "mentions": [
                    {
                        "start": 88,
                        "end": 96,
                        "username": "YouTube",
                        "id": "10228272"
                    }
                ]
            },
            "text": "That had to hurt!! #callofduty #gaming #gaming #mw2 #tiktok https://t.co/VEron8hGMj via @YouTube #mw2 #mw #cod #clip #clips",
            "id": "1673111631973212160",
            "public_metrics": {
                "retweet_count": 0,
                "reply_count": 0,
                "like_count": 0,
                "quote_count": 0,
                "bookmark_count": 0,
                "impression_count": 24
            }
        },
        {
            "author_id": "1544614760553095168",
            "edit_history_tweet_ids": [
                "1673111375751544833"
            ],
            "entities": {
                "mentions": [
                    {
                        "start": 3,
                        "end": 10,
                        "username": "661ave",
                        "id": "1054927382"
                    }
                ]
            },
            "text": "RT @661ave: #MWII #MW2 #CallofDuty #Ghost #SimonGhostRiley #König #Konig https://t.co/ccH1WC6wCN",
            "id": "1673111375751544833",
            "public_metrics": {
                "retweet_count": 356,
                "reply_count": 0,
                "like_count": 0,
                "quote_count": 0,
                "bookmark_count": 0,
                "impression_count": 0
            }
        },
        {
            "author_id": "1545604396884557824",
            "edit_history_tweet_ids": [
                "1673111370433286146"
            ],
            "entities": {
                "mentions": [
                    {
                        "start": 0,
                        "end": 10,
                        "username": "Shober56_",
                        "id": "1339678606214242306"
                    }
                ]
            },
            "text": "@Shober56_ i may or may not be watching gameplay of the entirety of mw2",
            "id": "1673111370433286146",
            "public_metrics": {
                "retweet_count": 0,
                "reply_count": 0,
                "like_count": 0,
                "quote_count": 0,
                "bookmark_count": 0,
                "impression_count": 13
            }
        },
        {
            "author_id": "2150249967",
            "edit_history_tweet_ids": [
                "1673111158721576960"
            ],
            "text": "🟢 LIVE\n\nPlaying #Warzone with the boys 💪🏽\n\nhttps://t.co/APBRbBSS5b\n\n#CallofDuty #CallofDutyModernWarfare2 #CallofDutyModernWarfareII #CallofDutyWarzone #ModernWarfare #ModernWarfare2 #ModernWarfareII #mw2 #MWII #warzone2 #kick #KickAffiliate #kickstream #KickStreaming #Gaming",
            "id": "1673111158721576960",
            "public_metrics": {
                "retweet_count": 1,
                "reply_count": 0,
                "like_count": 2,
                "quote_count": 0,
                "bookmark_count": 0,
                "impression_count": 233
            }
        },
        {
            "author_id": "1435662327404240899",
            "edit_history_tweet_ids": [
                "1673111011379879938"
            ],
            "entities": {
                "mentions": [
                    {
                        "start": 3,
                        "end": 19,
                        "username": "loneghostwolf88",
                        "id": "1112278494682271747"
                    }
                ]
            },
            "text": "RT @loneghostwolf88: Aaaand another one of Alex because I can💞😎\n#CallofDutyModernWarfare2 #CodAlexKeller #alexkeller #CallofDuty #MWII #daz…",
            "id": "1673111011379879938",
            "public_metrics": {
                "retweet_count": 123,
                "reply_count": 0,
                "like_count": 0,
                "quote_count": 0,
                "bookmark_count": 0,
                "impression_count": 0
            }
        },
        {
            "author_id": "1612289183942578178",
            "edit_history_tweet_ids": [
                "1673110877967376384"
            ],
            "entities": {
                "mentions": [
                    {
                        "start": 3,
                        "end": 14,
                        "username": "AmikoRoyAi",
                        "id": "4883418989"
                    }
                ]
            },
            "text": "RT @AmikoRoyAi: Caught flirting on a mission 😮\n\n#ghostsoap #soapghost #callofduty #MWII https://t.co/GzGu0N9vQL",
            "id": "1673110877967376384",
            "public_metrics": {
                "retweet_count": 475,
                "reply_count": 0,
                "like_count": 0,
                "quote_count": 0,
                "bookmark_count": 0,
                "impression_count": 0
            }
        },
        {
            "author_id": "76331713",
            "edit_history_tweet_ids": [
                "1673110789895467009"
            ],
            "entities": {
                "mentions": [
                    {
                        "start": 3,
                        "end": 14,
                        "username": "AmikoRoyAi",
                        "id": "4883418989"
                    }
                ]
            },
            "text": "RT @AmikoRoyAi: Caught flirting on a mission 😮\n\n#ghostsoap #soapghost #callofduty #MWII https://t.co/GzGu0N9vQL",
            "id": "1673110789895467009",
            "public_metrics": {
                "retweet_count": 475,
                "reply_count": 0,
                "like_count": 0,
                "quote_count": 0,
                "bookmark_count": 0,
                "impression_count": 0
            }
        },
        {
            "author_id": "1449059909723574273",
            "edit_history_tweet_ids": [
                "1673110516024369152"
            ],
            "entities": {
                "mentions": [
                    {
                        "start": 14,
                        "end": 16,
                        "username": "2",
                        "id": "11994"
                    }
                ]
            },
            "text": "cod mw2 DMZ募集\n@2\nptvc有りでseason4楽しくやりましょう\n(PS5,PS4の方)\n\nバンザイ突撃しても許してくれる方\nおなしゃす\n#DMZ募集\n\n2ヶ月ぶりなのと初PS5なのでエイムとか終わってると思いますがそれでもいいよって方",
            "id": "1673110516024369152",
            "public_metrics": {
                "retweet_count": 0,
                "reply_count": 1,
                "like_count": 0,
                "quote_count": 0,
                "bookmark_count": 0,
                "impression_count": 397
            }
        },
        {
            "author_id": "1967732990",
            "edit_history_tweet_ids": [
                "1673110496034054145"
            ],
            "entities": {
                "mentions": [
                    {
                        "start": 3,
                        "end": 14,
                        "username": "AmikoRoyAi",
                        "id": "4883418989"
                    }
                ]
            },
            "text": "RT @AmikoRoyAi: Caught flirting on a mission 😮\n\n#ghostsoap #soapghost #callofduty #MWII https://t.co/GzGu0N9vQL",
            "id": "1673110496034054145",
            "public_metrics": {
                "retweet_count": 475,
                "reply_count": 0,
                "like_count": 0,
                "quote_count": 0,
                "bookmark_count": 0,
                "impression_count": 0
            }
        },
        {
            "author_id": "1060118237264760836",
            "edit_history_tweet_ids": [
                "1673110489273102336"
            ],
            "entities": {
                "mentions": [
                    {
                        "start": 3,
                        "end": 14,
                        "username": "AmikoRoyAi",
                        "id": "4883418989"
                    }
                ]
            },
            "text": "RT @AmikoRoyAi: Caught flirting on a mission 😮\n\n#ghostsoap #soapghost #callofduty #MWII https://t.co/GzGu0N9vQL",
            "id": "1673110489273102336",
            "public_metrics": {
                "retweet_count": 475,
                "reply_count": 0,
                "like_count": 0,
                "quote_count": 0,
                "bookmark_count": 0,
                "impression_count": 0
            }
        },
        {
            "author_id": "2957781803",
            "edit_history_tweet_ids": [
                "1673110345572044801"
            ],
            "entities": {
                "mentions": [
                    {
                        "start": 3,
                        "end": 14,
                        "username": "AmikoRoyAi",
                        "id": "4883418989"
                    }
                ]
            },
            "text": "RT @AmikoRoyAi: Caught flirting on a mission 😮\n\n#ghostsoap #soapghost #callofduty #MWII https://t.co/GzGu0N9vQL",
            "id": "1673110345572044801",
            "public_metrics": {
                "retweet_count": 475,
                "reply_count": 0,
                "like_count": 0,
                "quote_count": 0,
                "bookmark_count": 0,
                "impression_count": 0
            }
        },
        {
            "author_id": "3020997356",
            "edit_history_tweet_ids": [
                "1673110334364631042"
            ],
            "text": "طور DMZ في MWII ممتع 🔥 https://t.co/dB24LfAJhz",
            "id": "1673110334364631042",
            "public_metrics": {
                "retweet_count": 0,
                "reply_count": 3,
                "like_count": 1,
                "quote_count": 0,
                "bookmark_count": 0,
                "impression_count": 731
            }
        },
        {
            "author_id": "1350599035598614534",
            "edit_history_tweet_ids": [
                "1673110295806451714"
            ],
            "entities": {
                "mentions": [
                    {
                        "start": 3,
                        "end": 14,
                        "username": "AmikoRoyAi",
                        "id": "4883418989"
                    }
                ]
            },
            "text": "RT @AmikoRoyAi: Caught flirting on a mission 😮\n\n#ghostsoap #soapghost #callofduty #MWII https://t.co/GzGu0N9vQL",
            "id": "1673110295806451714",
            "public_metrics": {
                "retweet_count": 475,
                "reply_count": 0,
                "like_count": 0,
                "quote_count": 0,
                "bookmark_count": 0,
                "impression_count": 0
            }
        },
        {
            "author_id": "956402256613552128",
            "edit_history_tweet_ids": [
                "1673109900220837888"
            ],
            "text": "PS PLUS加入者限定！COD MW2 シーズン04を記念した戦闘パック無料バンドルを入手可能。オニのオペレータースキンを忘れずにゲットしよう。\nhttps://t.co/pAVfwUdgcT\n\n#COD #コールオブデューティ #callofduty #CODMW2 #MW2 #CoDMWII #DMZ #warzone2 #ニクト #オニ #戦闘パック #PSPLUS #PSプラス https://t.co/F8vQeCvn6E",
            "id": "1673109900220837888",
            "public_metrics": {
                "retweet_count": 0,
                "reply_count": 0,
                "like_count": 1,
                "quote_count": 0,
                "bookmark_count": 0,
                "impression_count": 553
            }
        },
        {
            "author_id": "182327966",
            "edit_history_tweet_ids": [
                "1673109856314851330"
            ],
            "text": "32歳土方のちんちん、イライラしすぎて心の声が勝手に漏れる(別マッチでも永遠にキレ続けてた)\n#CoD #CoDmw2 #mw2 #CallOfDuty #PS5Share #ps5clips #ps5live https://t.co/7QxoooWPsK https://t.co/qleKSZLQxM",
            "id": "1673109856314851330",
            "public_metrics": {
                "retweet_count": 0,
                "reply_count": 2,
                "like_count": 26,
                "quote_count": 0,
                "bookmark_count": 0,
                "impression_count": 2656
            }
        },
        {
            "author_id": "90641490",
            "edit_history_tweet_ids": [
                "1673109749334720512"
            ],
            "entities": {
                "mentions": [
                    {
                        "start": 132,
                        "end": 143,
                        "username": "ATVIAssist",
                        "id": "85215038"
                    },
                    {
                        "start": 144,
                        "end": 155,
                        "username": "CallofDuty",
                        "id": "290097288"
                    },
                    {
                        "start": 156,
                        "end": 169,
                        "username": "InfinityWard",
                        "id": "18742444"
                    },
                    {
                        "start": 170,
                        "end": 184,
                        "username": "RavenSoftware",
                        "id": "19136295"
                    }
                ]
            },
            "text": "Another cheater on Warzone! Fix this! Tommy#3183629 you are a prick. I hope you pay €100,- a day for your cheats! #vondel #warzone2 @ATVIAssist @CallofDuty @InfinityWard @RavenSoftware #callofduty https://t.co/jYfHuSU8Za",
            "id": "1673109749334720512",
            "public_metrics": {
                "retweet_count": 0,
                "reply_count": 5,
                "like_count": 3,
                "quote_count": 1,
                "bookmark_count": 0,
                "impression_count": 287
            }
        },
        {
            "author_id": "1612209983231254528",
            "edit_history_tweet_ids": [
                "1673109745232670725"
            ],
            "entities": {
                "mentions": [
                    {
                        "start": 3,
                        "end": 14,
                        "username": "AmikoRoyAi",
                        "id": "4883418989"
                    }
                ]
            },
            "text": "RT @AmikoRoyAi: Caught flirting on a mission 😮\n\n#ghostsoap #soapghost #callofduty #MWII https://t.co/GzGu0N9vQL",
            "id": "1673109745232670725",
            "public_metrics": {
                "retweet_count": 475,
                "reply_count": 0,
                "like_count": 0,
                "quote_count": 0,
                "bookmark_count": 0,
                "impression_count": 0
            }
        },
        {
            "author_id": "588474566",
            "edit_history_tweet_ids": [
                "1673109655977881600"
            ],
            "entities": {
                "mentions": [
                    {
                        "start": 3,
                        "end": 14,
                        "username": "AmikoRoyAi",
                        "id": "4883418989"
                    }
                ]
            },
            "text": "RT @AmikoRoyAi: Caught flirting on a mission 😮\n\n#ghostsoap #soapghost #callofduty #MWII https://t.co/GzGu0N9vQL",
            "id": "1673109655977881600",
            "public_metrics": {
                "retweet_count": 475,
                "reply_count": 0,
                "like_count": 0,
                "quote_count": 0,
                "bookmark_count": 0,
                "impression_count": 0
            }
        },
        {
            "author_id": "70811687",
            "edit_history_tweet_ids": [
                "1673109475337687040"
            ],
            "text": "Cat x Dog breeds\nKitty!Ghost Puppy!Soap\n\n#cat #kitty #ghost #SimonGhostRiley #simonriley #soap #SoapMactavish #puppy #dog #cod #fanart #mwii #mw2 #ModernWarfareII #ModernWarfare2 #CallofDuty https://t.co/rynJHwTVpb",
            "id": "1673109475337687040",
            "public_metrics": {
                "retweet_count": 4,
                "reply_count": 0,
                "like_count": 71,
                "quote_count": 0,
                "bookmark_count": 2,
                "impression_count": 2941
            }
        },
        {
            "author_id": "1254019203398602753",
            "edit_history_tweet_ids": [
                "1673109453892141056"
            ],
            "entities": {
                "mentions": [
                    {
                        "start": 3,
                        "end": 14,
                        "username": "AmikoRoyAi",
                        "id": "4883418989"
                    }
                ]
            },
            "text": "RT @AmikoRoyAi: Caught flirting on a mission 😮\n\n#ghostsoap #soapghost #callofduty #MWII https://t.co/GzGu0N9vQL",
            "id": "1673109453892141056",
            "public_metrics": {
                "retweet_count": 475,
                "reply_count": 0,
                "like_count": 0,
                "quote_count": 0,
                "bookmark_count": 0,
                "impression_count": 0
            }
        },
        {
            "author_id": "1533591907326214147",
            "edit_history_tweet_ids": [
                "1673109415715586048"
            ],
            "text": "live now for Vondel! come chill with me! 💗\n-\n🦋 https://t.co/0OlMKhUwGn\n🦋 https://t.co/hgnUP40uje\n-\n#gamergirl #twitchstreamer #kick #callofduty #cod #mw2 #TikTokLIVE #twitchgamer #twitchtv #KickStreamer #livestreaming #gaminglife #twitchgirls #KickStreaming",
            "id": "1673109415715586048",
            "public_metrics": {
                "retweet_count": 1,
                "reply_count": 0,
                "like_count": 4,
                "quote_count": 0,
                "bookmark_count": 0,
                "impression_count": 56
            }
        },
        {
            "author_id": "1151366306551255040",
            "edit_history_tweet_ids": [
                "1673109185330917379"
            ],
            "entities": {
                "mentions": [
                    {
                        "start": 3,
                        "end": 19,
                        "username": "loneghostwolf88",
                        "id": "1112278494682271747"
                    }
                ]
            },
            "text": "RT @loneghostwolf88: 4th entry of the beach boy series - König ☀️🏝️👑\n#CallofDutyModernWarfare2 #CoDKönig #CallofDuty #3DRender #Rendering #…",
            "id": "1673109185330917379",
            "public_metrics": {
                "retweet_count": 152,
                "reply_count": 0,
                "like_count": 0,
                "quote_count": 0,
                "bookmark_count": 0,
                "impression_count": 0
            }
        },
        {
            "author_id": "902338630420713473",
            "edit_history_tweet_ids": [
                "1673109040673484802"
            ],
            "entities": {
                "mentions": [
                    {
                        "start": 3,
                        "end": 14,
                        "username": "AmikoRoyAi",
                        "id": "4883418989"
                    }
                ]
            },
            "text": "RT @AmikoRoyAi: Caught flirting on a mission 😮\n\n#ghostsoap #soapghost #callofduty #MWII https://t.co/GzGu0N9vQL",
            "id": "1673109040673484802",
            "public_metrics": {
                "retweet_count": 475,
                "reply_count": 0,
                "like_count": 0,
                "quote_count": 0,
                "bookmark_count": 0,
                "impression_count": 0
            }
        },
        {
            "author_id": "2733333242",
            "edit_history_tweet_ids": [
                "1673108830472007681"
            ],
            "entities": {
                "mentions": [
                    {
                        "start": 3,
                        "end": 14,
                        "username": "AmikoRoyAi",
                        "id": "4883418989"
                    }
                ]
            },
            "text": "RT @AmikoRoyAi: Caught flirting on a mission 😮\n\n#ghostsoap #soapghost #callofduty #MWII https://t.co/GzGu0N9vQL",
            "id": "1673108830472007681",
            "public_metrics": {
                "retweet_count": 475,
                "reply_count": 0,
                "like_count": 0,
                "quote_count": 0,
                "bookmark_count": 0,
                "impression_count": 0
            }
        },
        {
            "author_id": "1415879481378545665",
            "edit_history_tweet_ids": [
                "1673108654621593601"
            ],
            "entities": {
                "mentions": [
                    {
                        "start": 3,
                        "end": 19,
                        "username": "loneghostwolf88",
                        "id": "1112278494682271747"
                    }
                ]
            },
            "text": "RT @loneghostwolf88: 4th entry of the beach boy series - König ☀️🏝️👑\n#CallofDutyModernWarfare2 #CoDKönig #CallofDuty #3DRender #Rendering #…",
            "id": "1673108654621593601",
            "public_metrics": {
                "retweet_count": 152,
                "reply_count": 0,
                "like_count": 0,
                "quote_count": 0,
                "bookmark_count": 0,
                "impression_count": 0
            }
        },
        {
            "author_id": "324637422",
            "edit_history_tweet_ids": [
                "1673108485444075522"
            ],
            "entities": {
                "mentions": [
                    {
                        "start": 3,
                        "end": 13,
                        "username": "CODLeague",
                        "id": "294198566"
                    },
                    {
                        "start": 53,
                        "end": 63,
                        "username": "Subliners",
                        "id": "1122713320086220803"
                    }
                ]
            },
            "text": "RT @CODLeague: It has been one week since we crowned @Subliners as our #CDL2023 World Champs 🏆\n\nWhat was your favorite moment from the even…",
            "id": "1673108485444075522",
            "public_metrics": {
                "retweet_count": 37,
                "reply_count": 0,
                "like_count": 0,
                "quote_count": 0,
                "bookmark_count": 0,
                "impression_count": 0
            }
        },
        {
            "author_id": "872276440422600704",
            "edit_history_tweet_ids": [
                "1673108481514283010"
            ],
            "entities": {
                "mentions": [
                    {
                        "start": 3,
                        "end": 17,
                        "username": "Roots_esports",
                        "id": "1652562238878920704"
                    }
                ]
            },
            "text": "RT @Roots_esports: 🏆ROOTS  SUMMER🏆\n\n第２報チェックしてください🔥\n\n📆スケジュール    7/21～23 \n\n💡エントリー期間  7/14 23:59迄  \n\n✍大会概要・規約・エントリー等https://t.co/AkI5inTWJZ…",
            "id": "1673108481514283010",
            "public_metrics": {
                "retweet_count": 63,
                "reply_count": 0,
                "like_count": 0,
                "quote_count": 0,
                "bookmark_count": 0,
                "impression_count": 0
            }
        },
        {
            "author_id": "831845513276379136",
            "edit_history_tweet_ids": [
                "1673108459338727425"
            ],
            "entities": {
                "mentions": [
                    {
                        "start": 3,
                        "end": 14,
                        "username": "AmikoRoyAi",
                        "id": "4883418989"
                    }
                ]
            },
            "text": "RT @AmikoRoyAi: Caught flirting on a mission 😮\n\n#ghostsoap #soapghost #callofduty #MWII https://t.co/GzGu0N9vQL",
            "id": "1673108459338727425",
            "public_metrics": {
                "retweet_count": 475,
                "reply_count": 0,
                "like_count": 0,
                "quote_count": 0,
                "bookmark_count": 0,
                "impression_count": 0
            }
        },
        {
            "author_id": "1184184924305272833",
            "edit_history_tweet_ids": [
                "1673108392821370880"
            ],
            "entities": {
                "mentions": [
                    {
                        "start": 3,
                        "end": 14,
                        "username": "ToxicRoxic",
                        "id": "949791609587191813"
                    }
                ]
            },
            "text": "RT @ToxicRoxic: Patiently* waiting for a blackcell König skin 🤔\n\n*: frothing at mouth, chattering teeth, biting civilians\n#CallofDuty #Köni…",
            "id": "1673108392821370880",
            "public_metrics": {
                "retweet_count": 400,
                "reply_count": 0,
                "like_count": 0,
                "quote_count": 0,
                "bookmark_count": 0,
                "impression_count": 0
            }
        },
        {
            "author_id": "1095983118622715905",
            "edit_history_tweet_ids": [
                "1673108339667140610"
            ],
            "entities": {
                "mentions": [
                    {
                        "start": 3,
                        "end": 14,
                        "username": "AmikoRoyAi",
                        "id": "4883418989"
                    }
                ]
            },
            "text": "RT @AmikoRoyAi: Caught flirting on a mission 😮\n\n#ghostsoap #soapghost #callofduty #MWII https://t.co/GzGu0N9vQL",
            "id": "1673108339667140610",
            "public_metrics": {
                "retweet_count": 475,
                "reply_count": 0,
                "like_count": 0,
                "quote_count": 0,
                "bookmark_count": 0,
                "impression_count": 0
            }
        },
        {
            "author_id": "759407891778445312",
            "edit_history_tweet_ids": [
                "1673108319072862208"
            ],
            "entities": {
                "mentions": [
                    {
                        "start": 3,
                        "end": 17,
                        "username": "TaskForceNews",
                        "id": "1673445030755745798"
                    }
                ]
            },
            "text": "RT @TaskForceNews: Red or Blue Pill? \n\n#MWII #ModernWarfareII #Warzone2 #CallofDuty https://t.co/hxmGS8E7SY",
            "id": "1673108319072862208",
            "public_metrics": {
                "retweet_count": 310,
                "reply_count": 0,
                "like_count": 0,
                "quote_count": 0,
                "bookmark_count": 0,
                "impression_count": 0
            }
        },
        {
            "author_id": "1066397792317440000",
            "edit_history_tweet_ids": [
                "1673108263670349824"
            ],
            "entities": {
                "mentions": [
                    {
                        "start": 3,
                        "end": 14,
                        "username": "AmikoRoyAi",
                        "id": "4883418989"
                    }
                ]
            },
            "text": "RT @AmikoRoyAi: Caught flirting on a mission 😮\n\n#ghostsoap #soapghost #callofduty #MWII https://t.co/GzGu0N9vQL",
            "id": "1673108263670349824",
            "public_metrics": {
                "retweet_count": 475,
                "reply_count": 0,
                "like_count": 0,
                "quote_count": 0,
                "bookmark_count": 0,
                "impression_count": 0
            }
        },
        {
            "author_id": "1466262835428614145",
            "edit_history_tweet_ids": [
                "1673107506808119299"
            ],
            "entities": {
                "mentions": [
                    {
                        "start": 3,
                        "end": 14,
                        "username": "AmikoRoyAi",
                        "id": "4883418989"
                    }
                ]
            },
            "text": "RT @AmikoRoyAi: Caught flirting on a mission 😮\n\n#ghostsoap #soapghost #callofduty #MWII https://t.co/GzGu0N9vQL",
            "id": "1673107506808119299",
            "public_metrics": {
                "retweet_count": 475,
                "reply_count": 0,
                "like_count": 0,
                "quote_count": 0,
                "bookmark_count": 0,
                "impression_count": 0
            }
        },
        {
            "author_id": "1253049322075291648",
            "edit_history_tweet_ids": [
                "1673107374372970501"
            ],
            "entities": {
                "mentions": [
                    {
                        "start": 3,
                        "end": 15,
                        "username": "electrotom_",
                        "id": "1276456313900457985"
                    }
                ]
            },
            "text": "RT @electrotom_: Easy like a Sunday #warzone2 session… ahem!! …live on https://t.co/2gt1l50F3z  #cod #callofduty  #codwarzone #warzone #cal…",
            "id": "1673107374372970501",
            "public_metrics": {
                "retweet_count": 6,
                "reply_count": 0,
                "like_count": 0,
                "quote_count": 0,
                "bookmark_count": 0,
                "impression_count": 0
            }
        },
        {
            "author_id": "1432778191047905284",
            "edit_history_tweet_ids": [
                "1673107327149555714"
            ],
            "entities": {
                "mentions": [
                    {
                        "start": 3,
                        "end": 14,
                        "username": "AmikoRoyAi",
                        "id": "4883418989"
                    }
                ]
            },
            "text": "RT @AmikoRoyAi: Caught flirting on a mission 😮\n\n#ghostsoap #soapghost #callofduty #MWII https://t.co/GzGu0N9vQL",
            "id": "1673107327149555714",
            "public_metrics": {
                "retweet_count": 475,
                "reply_count": 0,
                "like_count": 0,
                "quote_count": 0,
                "bookmark_count": 0,
                "impression_count": 0
            }
        },
        {
            "author_id": "229579575",
            "edit_history_tweet_ids": [
                "1673107285223014400"
            ],
            "entities": {
                "mentions": [
                    {
                        "start": 3,
                        "end": 15,
                        "username": "artimaaaeus",
                        "id": "1021771255957995520"
                    }
                ]
            },
            "text": "RT @artimaaaeus: he just had to push that one last joke in 💀💀💀\n—-\n#CallofDuty #ghostsoap #MWII #MW2 https://t.co/rbhA3t66Kr",
            "id": "1673107285223014400",
            "public_metrics": {
                "retweet_count": 497,
                "reply_count": 0,
                "like_count": 0,
                "quote_count": 0,
                "bookmark_count": 0,
                "impression_count": 0
            }
        },
        {
            "author_id": "827614344666034176",
            "edit_history_tweet_ids": [
                "1673107034651107328"
            ],
            "entities": {
                "mentions": [
                    {
                        "start": 3,
                        "end": 15,
                        "username": "artimaaaeus",
                        "id": "1021771255957995520"
                    }
                ]
            },
            "text": "RT @artimaaaeus: ghost and cpt mactavish but it's that one scene from cpt 'merica\n---\n#CallofDuty #MWII #MW2 #GhostSoap https://t.co/GEf4bR…",
            "id": "1673107034651107328",
            "public_metrics": {
                "retweet_count": 207,
                "reply_count": 0,
                "like_count": 0,
                "quote_count": 0,
                "bookmark_count": 0,
                "impression_count": 0
            }
        },
        {
            "author_id": "1639066415645995008",
            "edit_history_tweet_ids": [
                "1673106873325846531"
            ],
            "entities": {
                "mentions": [
                    {
                        "start": 3,
                        "end": 19,
                        "username": "ozymandiasjesus",
                        "id": "836645580495450112"
                    },
                    {
                        "start": 31,
                        "end": 42,
                        "username": "CallofDuty",
                        "id": "290097288"
                    }
                ]
            },
            "text": "RT @ozymandiasjesus: Live now! @CallofDuty #MW2  Season 4 MP! Get your asses in here and say hi! Link in bio! June follower goal 165/200 su…",
            "id": "1673106873325846531",
            "public_metrics": {
                "retweet_count": 2,
                "reply_count": 0,
                "like_count": 0,
                "quote_count": 0,
                "bookmark_count": 0,
                "impression_count": 0
            }
        },
        {
            "author_id": "3952072093",
            "edit_history_tweet_ids": [
                "1673106844775055360"
            ],
            "entities": {
                "mentions": [
                    {
                        "start": 10,
                        "end": 24,
                        "username": "PlayCODMobile",
                        "id": "1166443278834659328"
                    }
                ]
            },
            "text": "Who plays @PlayCODMobile ? 🤔 \n\nY'all mfs only on xbox &amp; playstation or what? 🤣",
            "id": "1673106844775055360",
            "public_metrics": {
                "retweet_count": 1,
                "reply_count": 0,
                "like_count": 1,
                "quote_count": 1,
                "bookmark_count": 0,
                "impression_count": 150
            }
        },
        {
            "author_id": "269271627",
            "edit_history_tweet_ids": [
                "1673106776806289408"
            ],
            "entities": {
                "mentions": [
                    {
                        "start": 3,
                        "end": 15,
                        "username": "artimaaaeus",
                        "id": "1021771255957995520"
                    }
                ]
            },
            "text": "RT @artimaaaeus: ghost and cpt mactavish but it's that one scene from cpt 'merica\n---\n#CallofDuty #MWII #MW2 #GhostSoap https://t.co/GEf4bR…",
            "id": "1673106776806289408",
            "public_metrics": {
                "retweet_count": 207,
                "reply_count": 0,
                "like_count": 0,
                "quote_count": 0,
                "bookmark_count": 0,
                "impression_count": 0
            }
        },
        {
            "author_id": "1552318939144851460",
            "edit_history_tweet_ids": [
                "1673106526565793793"
            ],
            "entities": {
                "mentions": [
                    {
                        "start": 33,
                        "end": 47,
                        "username": "PlayCODMobile",
                        "id": "1166443278834659328"
                    }
                ]
            },
            "text": "https://t.co/64WkfepVuR\n#sorteio @PlayCODMobile",
            "id": "1673106526565793793",
            "public_metrics": {
                "retweet_count": 1,
                "reply_count": 0,
                "like_count": 1,
                "quote_count": 0,
                "bookmark_count": 0,
                "impression_count": 7
            }
        },
        {
            "author_id": "1643722152066134018",
            "edit_history_tweet_ids": [
                "1673106394692612096"
            ],
            "entities": {
                "mentions": [
                    {
                        "start": 0,
                        "end": 15,
                        "username": "Dr_LAZARUS__YT",
                        "id": "1623961939054297089"
                    },
                    {
                        "start": 16,
                        "end": 30,
                        "username": "PlayCODMobile",
                        "id": "1166443278834659328"
                    },
                    {
                        "start": 31,
                        "end": 42,
                        "username": "ATVIAssist",
                        "id": "85215038"
                    }
                ]
            },
            "text": "@Dr_LAZARUS__YT @PlayCODMobile @ATVIAssist customer service is non existent, i waited on them for weeks and no response it was this @filla_cyber on instagram who recovered my account for me hit him up",
            "id": "1673106394692612096",
            "public_metrics": {
                "retweet_count": 0,
                "reply_count": 0,
                "like_count": 0,
                "quote_count": 0,
                "bookmark_count": 0,
                "impression_count": 13
            }
        }
    ],
    "includes": {
        "users": [
            {
                "id": "859413739308802049",
                "name": "TᖇIᑭᒪᕮ³",
                "username": "TripleStrucK"
            },
            {
                "id": "1526977254873513990",
                "name": "joe random",
                "username": "gedjesis"
            },
            {
                "id": "1462472273831636997",
                "name": "YeetingNoodle",
                "username": "YeetingNoodle"
            },
            {
                "id": "1021771255957995520",
                "name": "tim 🔫",
                "username": "artimaaaeus"
            },
            {
                "id": "1112278494682271747",
                "name": "GhostWolf",
                "username": "loneghostwolf88"
            },
            {
                "id": "4883418989",
                "name": "🦊Amiko💀🧼brainrot",
                "username": "AmikoRoyAi"
            },
            {
                "id": "10228272",
                "name": "YouTube",
                "username": "YouTube"
            },
            {
                "id": "1054927382",
                "name": "661ave",
                "username": "661ave"
            },
            {
                "id": "294198566",
                "name": "Call of Duty League",
                "username": "CODLeague"
            },
            {
                "id": "1122713320086220803",
                "name": "Subliners",
                "username": "Subliners"
            },
            {
                "id": "1533591907326214147",
                "name": "Ava&Nova 💗",
                "username": "BeautyAnBeast_"
            },
            {
                "id": "949791609587191813",
                "name": "Roxaroo",
                "username": "ToxicRoxic"
            },
            {
                "id": "1441174708930576386",
                "name": "༄Yume ❄🐼",
                "username": "yumecore"
            },
            {
                "id": "290097288",
                "name": "Call of Duty",
                "username": "CallofDuty"
            },
            {
                "id": "2150249967",
                "name": "Crafty ",
                "username": "CraftyReacts"
            },
            {
                "id": "1390406456428597252",
                "name": "The Flank",
                "username": "TheFlank"
            },
            {
                "id": "1437162126959906822",
                "name": "AntMan33",
                "username": "AntMan3378"
            },
            {
                "id": "237420957",
                "name": "KickStreamsLIVE 🌎",
                "username": "KickStreamsLive"
            },
            {
                "id": "2229556352",
                "name": "KickStreaming Retweets",
                "username": "KickLiveNow"
            },
            {
                "id": "1128878664572166144",
                "name": "RT Small Streams",
                "username": "rtsmallstreams"
            },
            {
                "id": "3664235361",
                "name": "GamerGrowth",
                "username": "GamerGrowth"
            },
            {
                "id": "1094325061526478850",
                "name": "Support Streamz",
                "username": "SupportStreamz"
            },
            {
                "id": "1256373983827693568",
                "name": "RTStreams",
                "username": "promo_streams"
            },
            {
                "id": "706201082",
                "name": "Bro Tv",
                "username": "TheBroTv00"
            },
            {
                "id": "774708231457341440",
                "name": "Call of Duty: Warzone News",
                "username": "WarzoneTFN"
            },
            {
                "id": "1673445030755745798",
                "name": "TFNMaverick",
                "username": "TaskForceNews"
            },
            {
                "id": "1028403242282221568",
                "name": "Ben",
                "username": "videotechx"
            },
            {
                "id": "983285005",
                "name": "ProReborn",
                "username": "ProRebornYT"
            },
            {
                "id": "3952072093",
                "name": "NOTEGBEATZ 🇨🇦",
                "username": "Note_g_beatz"
            },
            {
                "id": "1166443278834659328",
                "name": "Call of Duty: Mobile",
                "username": "PlayCODMobile"
            },
            {
                "id": "70811687",
                "name": "🧼💀MicheleKoi💀🧼",
                "username": "michelekoi"
            },
            {
                "id": "1339678606214242306",
                "name": "Bell/Shober | Is out for abit",
                "username": "Shober56_"
            },
            {
                "id": "85215038",
                "name": "Activision Support",
                "username": "ATVIAssist"
            },
            {
                "id": "18742444",
                "name": "Infinity Ward",
                "username": "InfinityWard"
            },
            {
                "id": "19136295",
                "name": "Raven Software",
                "username": "RavenSoftware"
            },
            {
                "id": "1652562238878920704",
                "name": "ROOTS",
                "username": "Roots_esports"
            },
            {
                "id": "1276456313900457985",
                "name": "9R | ElectroTom_",
                "username": "electrotom_"
            },
            {
                "id": "836645580495450112",
                "name": "OzymandiasJesus",
                "username": "ozymandiasjesus"
            },
            {
                "id": "1623961939054297089",
                "name": "Dr. LAZARUS",
                "username": "Dr_LAZARUS__YT"
            }
        ]
    },
    "errors": [
        {
            "resource_id": "1673118761035890688",
            "parameter": "ids",
            "resource_type": "tweet",
            "section": "data",
            "title": "Authorization Error",
            "value": "1673118761035890688",
            "detail": "Sorry, you are not authorized to see the Tweet with ids: [1673118761035890688].",
            "type": "https://api.twitter.com/2/problems/not-authorized-for-resource"
        },
        {
            "resource_id": "1673118698528276480",
            "parameter": "ids",
            "resource_type": "tweet",
            "section": "data",
            "title": "Authorization Error",
            "value": "1673118698528276480",
            "detail": "Sorry, you are not authorized to see the Tweet with ids: [1673118698528276480].",
            "type": "https://api.twitter.com/2/problems/not-authorized-for-resource"
        },
        {
            "resource_id": "1673118470064467969",
            "parameter": "ids",
            "resource_type": "tweet",
            "section": "data",
            "title": "Authorization Error",
            "value": "1673118470064467969",
            "detail": "Sorry, you are not authorized to see the Tweet with ids: [1673118470064467969].",
            "type": "https://api.twitter.com/2/problems/not-authorized-for-resource"
        },
        {
            "parameter": "entities.mentions.username",
            "resource_id": "2",
            "value": "2",
            "detail": "User has been suspended: [2].",
            "title": "Forbidden",
            "resource_type": "user",
            "type": "https://api.twitter.com/2/problems/resource-not-found"
        }
    ]
}