{
    "data": [
        {
            "author_id": "70811687",
            "text": "Obviously made by Gaz\nPuppy!Soap (Scottish Terrier)\n\n#soap #soapmactavish #puppy #dog #fartfactory #meme #cod #mwii #mw2 #CallofDuty #ModernWarfareII #ModernWarfare2 #fanart #scottishterrier https://t.co/xUZi5cwulR",
            "public_metrics": {
                "retweet_count": 0,
                "reply_count": 0,
                "like_count": 12,
                "quote_count": 0,
                "bookmark_count": 0,
                "impression_count": 544
            },
            "edit_history_tweet_ids": [
                "1674930613202173954"
            ],
            "id": "1674930613202173954"
        },
        {
            "author_id": "846273620347277312",
            "text": "RT @artimaaaeus: gfs??????\n---\n#CallofDuty #MWII #MW2 #ghostsoap https://t.co/JfMWg8DuH8",
            "public_metrics": {
                "retweet_count": 55,
                "reply_count": 0,
                "like_count": 0,
                "quote_count": 0,
                "bookmark_count": 0,
                "impression_count": 0
            },
            "edit_history_tweet_ids": [
                "1674930400890847232"
            ],
            "id": "1674930400890847232",
            "entities": {
                "mentions": [
                    {
                        "start": 3,
                        "end": 15,
                        "username": "artimaaaeus",
                        "id": "1021771255957995520"
                    }
                ]
            }
        },
        {
            "author_id": "1368897125648527360",
            "text": "     ǥ  å      󤿤Τ ......\n    ޥ   Ǥ DMZ Ĥ  AI z ߴ Ҏģ  å        äƤۤ    ʤ      #MW2 #WZ2",
            "public_metrics": {
                "retweet_count": 0,
                "reply_count": 0,
                "like_count": 0,
                "quote_count": 0,
                "bookmark_count": 0,
                "impression_count": 31
            },
            "edit_history_tweet_ids": [
                "1674929333486628876"
            ],
            "id": "1674929333486628876"
        },
        {
            "author_id": "1319122834355081216",
            "text": "RT @PlayCODMobile: ??The ship is being attacked! \n\nSeason 6: Templar's Oath goes live on 7/5 at 5PM PT ?? Check out the Battle Pass in the in  ",
            "public_metrics": {
                "retweet_count": 81,
                "reply_count": 0,
                "like_count": 0,
                "quote_count": 0,
                "bookmark_count": 0,
                "impression_count": 0
            },
            "edit_history_tweet_ids": [
                "1674929307049684992"
            ],
            "id": "1674929307049684992",
            "entities": {
                "mentions": [
                    {
                        "start": 3,
                        "end": 17,
                        "username": "PlayCODMobile",
                        "id": "1166443278834659328"
                    }
                ]
            }
        },
        {
            "author_id": "1365687783713501184",
            "text": "RT @alexgscod: Boyfriend's jeans ????\n(NSFW+variants on patreon)\n  \n#CallOfDuty #MW2 #MWII #SimonGhostRiley #GhostMW2 https://t.co/5Quv9S88VD",
            "public_metrics": {
                "retweet_count": 120,
                "reply_count": 0,
                "like_count": 0,
                "quote_count": 0,
                "bookmark_count": 0,
                "impression_count": 0
            },
            "edit_history_tweet_ids": [
                "1674929233528000513"
            ],
            "id": "1674929233528000513",
            "entities": {
                "mentions": [
                    {
                        "start": 3,
                        "end": 13,
                        "username": "alexgscod",
                        "id": "1613363724152094722"
                    }
                ]
            }
        },
        {
            "author_id": "896563383851335680",
            "text": "RT @alexgscod: Boyfriend's jeans ????\n(NSFW+variants on patreon)\n  \n#CallOfDuty #MW2 #MWII #SimonGhostRiley #GhostMW2 https://t.co/5Quv9S88VD",
            "public_metrics": {
                "retweet_count": 120,
                "reply_count": 0,
                "like_count": 0,
                "quote_count": 0,
                "bookmark_count": 0,
                "impression_count": 0
            },
            "edit_history_tweet_ids": [
                "1674929100308246528"
            ],
            "id": "1674929100308246528",
            "entities": {
                "mentions": [
                    {
                        "start": 3,
                        "end": 13,
                        "username": "alexgscod",
                        "id": "1613363724152094722"
                    }
                ]
            }
        },
        {
            "author_id": "100034853",
            "text": "RT @CallofDuty: #TeamRICOCHET is thrilled to share with the community several updates to RICOCHET including the Hallucination decoy and In-  ",
            "public_metrics": {
                "retweet_count": 134,
                "reply_count": 0,
                "like_count": 0,
                "quote_count": 0,
                "bookmark_count": 0,
                "impression_count": 0
            },
            "edit_history_tweet_ids": [
                "1674928454079266816"
            ],
            "id": "1674928454079266816",
            "entities": {
                "mentions": [
                    {
                        "start": 3,
                        "end": 14,
                        "username": "CallofDuty",
                        "id": "290097288"
                    }
                ]
            }
        },
        {
            "author_id": "1502140664078761987",
            "text": "RT @ToxicRoxic: yall knew it was only a matter of time ???? #ghostmw2 #MWII #Ghost #CallofDuty https://t.co/YsP4RVNh7f",
            "public_metrics": {
                "retweet_count": 2921,
                "reply_count": 0,
                "like_count": 0,
                "quote_count": 0,
                "bookmark_count": 0,
                "impression_count": 0
            },
            "edit_history_tweet_ids": [
                "1674928109525807109"
            ],
            "id": "1674928109525807109",
            "entities": {
                "mentions": [
                    {
                        "start": 3,
                        "end": 14,
                        "username": "ToxicRoxic",
                        "id": "949791609587191813"
                    }
                ]
            }
        },
        {
            "author_id": "1339469776180170754",
            "text": "12-0 KD WITH THE WIN !!! ?????????? #callofduty #warzone2 https://t.co/aKDll70UBJ",
            "public_metrics": {
                "retweet_count": 0,
                "reply_count": 0,
                "like_count": 1,
                "quote_count": 0,
                "bookmark_count": 0,
                "impression_count": 12
            },
            "edit_history_tweet_ids": [
                "1674928062599684098"
            ],
            "id": "1674928062599684098"
        },
        {
            "author_id": "1346700956629569537",
            "text": "RT @kobutyal456:     Ф ϤǤ      դ            ޤ \n\n       ߣ CoD?MW  / μ  ͡ #8   l   ܤä  ȹ  L   Ƥ     ˤ  ޤ  󤫣      y ΄դȤ ɫ    äƤ        https://t.co/xEF35ReWDl @YouTube  \n# μ    \n#d  ",
            "public_metrics": {
                "retweet_count": 5,
                "reply_count": 0,
                "like_count": 0,
                "quote_count": 0,
                "bookmark_count": 0,
                "impression_count": 0
            },
            "edit_history_tweet_ids": [
                "1674927799973588993"
            ],
            "id": "1674927799973588993",
            "entities": {
                "mentions": [
                    {
                        "start": 3,
                        "end": 15,
                        "username": "kobutyal456",
                        "id": "1500360333696790528"
                    },
                    {
                        "start": 121,
                        "end": 129,
                        "username": "YouTube",
                        "id": "10228272"
                    }
                ]
            }
        },
        {
            "author_id": "1574779576353525762",
            "text": "RT @alexgscod: Boyfriend's jeans ????\n(NSFW+variants on patreon)\n  \n#CallOfDuty #MW2 #MWII #SimonGhostRiley #GhostMW2 https://t.co/5Quv9S88VD",
            "public_metrics": {
                "retweet_count": 120,
                "reply_count": 0,
                "like_count": 0,
                "quote_count": 0,
                "bookmark_count": 0,
                "impression_count": 0
            },
            "edit_history_tweet_ids": [
                "1674926818304901126"
            ],
            "id": "1674926818304901126",
            "entities": {
                "mentions": [
                    {
                        "start": 3,
                        "end": 13,
                        "username": "alexgscod",
                        "id": "1613363724152094722"
                    }
                ]
            }
        },
        {
            "author_id": "1635719570848612386",
            "text": "Thank you for bring back the ICR-1 Blood Money Blueprint  into the Vault^_^ https://t.co/v1hPeypNbh",
            "public_metrics": {
                "retweet_count": 0,
                "reply_count": 0,
                "like_count": 0,
                "quote_count": 0,
                "bookmark_count": 0,
                "impression_count": 7
            },
            "edit_history_tweet_ids": [
                "1674926732506284034"
            ],
            "id": "1674926732506284034"
        },
        {
            "author_id": "2873334717",
            "text": "RT @ToxicRoxic: since the 1st one was a Hit Tweet? why not make another edition :] some poor fool just out of frame stuck to a C4 probably  ",
            "public_metrics": {
                "retweet_count": 1534,
                "reply_count": 0,
                "like_count": 0,
                "quote_count": 0,
                "bookmark_count": 0,
                "impression_count": 0
            },
            "edit_history_tweet_ids": [
                "1674926725107466240"
            ],
            "id": "1674926725107466240",
            "entities": {
                "mentions": [
                    {
                        "start": 3,
                        "end": 14,
                        "username": "ToxicRoxic",
                        "id": "949791609587191813"
                    }
                ]
            }
        },
        {
            "author_id": "1416922100133105669",
            "text": "RT @alexgscod: Boyfriend's jeans ????\n(NSFW+variants on patreon)\n  \n#CallOfDuty #MW2 #MWII #SimonGhostRiley #GhostMW2 https://t.co/5Quv9S88VD",
            "public_metrics": {
                "retweet_count": 120,
                "reply_count": 0,
                "like_count": 0,
                "quote_count": 0,
                "bookmark_count": 0,
                "impression_count": 0
            },
            "edit_history_tweet_ids": [
                "1674926549118898177"
            ],
            "id": "1674926549118898177",
            "entities": {
                "mentions": [
                    {
                        "start": 3,
                        "end": 13,
                        "username": "alexgscod",
                        "id": "1613363724152094722"
                    }
                ]
            }
        },
        {
            "author_id": "1416922100133105669",
            "text": "RT @loneghostwolf88: Inspired by @roachp0t Ghost &amp; Riley series and with their permission here my little contribution because I love seeing  ",
            "public_metrics": {
                "retweet_count": 106,
                "reply_count": 0,
                "like_count": 0,
                "quote_count": 0,
                "bookmark_count": 0,
                "impression_count": 0
            },
            "edit_history_tweet_ids": [
                "1674926537584545792"
            ],
            "id": "1674926537584545792",
            "entities": {
                "mentions": [
                    {
                        "start": 3,
                        "end": 19,
                        "username": "loneghostwolf88",
                        "id": "1112278494682271747"
                    },
                    {
                        "start": 33,
                        "end": 42,
                        "username": "roachp0t",
                        "id": "1354873405619773442"
                    }
                ]
            }
        },
        {
            "author_id": "1288317350228439040",
            "text": "RT @yumecore: ??????\n#CallofDuty #MW2 #MWII #SimonGhostRiley https://t.co/lvU7h9kvnl",
            "public_metrics": {
                "retweet_count": 86,
                "reply_count": 0,
                "like_count": 0,
                "quote_count": 0,
                "bookmark_count": 0,
                "impression_count": 0
            },
            "edit_history_tweet_ids": [
                "1674926478155284480"
            ],
            "id": "1674926478155284480",
            "entities": {
                "mentions": [
                    {
                        "start": 3,
                        "end": 12,
                        "username": "yumecore",
                        "id": "1441174708930576386"
                    }
                ]
            }
        },
        {
            "author_id": "1271884053508165636",
            "text": "RT @Tava_tavatic: SMILE\n#MWII \n#CallofDuty \n#Konig https://t.co/74YwisLfNL",
            "public_metrics": {
                "retweet_count": 3984,
                "reply_count": 0,
                "like_count": 0,
                "quote_count": 0,
                "bookmark_count": 0,
                "impression_count": 0
            },
            "edit_history_tweet_ids": [
                "1674926286450425856"
            ],
            "id": "1674926286450425856",
            "entities": {
                "mentions": [
                    {
                        "start": 3,
                        "end": 16,
                        "username": "Tava_tavatic",
                        "id": "1008542800562946048"
                    }
                ]
            }
        },
        {
            "author_id": "177068973",
            "text": "RT @remix3s: #soapmctavish #CallofDuty #mw2 #mw2fanart https://t.co/TwQeU9zCmH",
            "public_metrics": {
                "retweet_count": 649,
                "reply_count": 0,
                "like_count": 0,
                "quote_count": 0,
                "bookmark_count": 0,
                "impression_count": 0
            },
            "edit_history_tweet_ids": [
                "1674926169152430080"
            ],
            "id": "1674926169152430080",
            "entities": {
                "mentions": [
                    {
                        "start": 3,
                        "end": 11,
                        "username": "remix3s",
                        "id": "1266193455966859265"
                    }
                ]
            }
        },
        {
            "author_id": "4870932685",
            "text": "RT @KeNNy_NeverDie:   S6BP ӻ    _  \n\n     `    ΥХȥ ѥ  ƥ    `   ȳ̹  _    ޤ   ????\n\n https://t.co/W0afs90Lxo",
            "public_metrics": {
                "retweet_count": 15,
                "reply_count": 0,
                "like_count": 0,
                "quote_count": 0,
                "bookmark_count": 0,
                "impression_count": 0
            },
            "edit_history_tweet_ids": [
                "1674926060344053760"
            ],
            "id": "1674926060344053760",
            "entities": {
                "mentions": [
                    {
                        "start": 3,
                        "end": 18,
                        "username": "KeNNy_NeverDie",
                        "id": "1181682413908283392"
                    }
                ]
            }
        },
        {
            "author_id": "1526433647284428802",
            "text": "RT @Roo1The: ?? DMZ LIVE \"Passive Upgrades Are Back!!\"\n\nhttps://t.co/TnCHQRdu0R \n\n#DMZ #MW2 #Season4 #FYP https://t.co/5NZSiiYkKg",
            "public_metrics": {
                "retweet_count": 1,
                "reply_count": 0,
                "like_count": 0,
                "quote_count": 0,
                "bookmark_count": 0,
                "impression_count": 0
            },
            "edit_history_tweet_ids": [
                "1674925904210935809"
            ],
            "id": "1674925904210935809",
            "entities": {
                "mentions": [
                    {
                        "start": 3,
                        "end": 11,
                        "username": "Roo1The",
                        "id": "1221767930653872128"
                    }
                ]
            }
        },
        {
            "author_id": "3558766413",
            "text": "Call of Duty Mw2 Streamer hit's Insane 5k with sniper and almost hits the fastest ace ???? #cod #mw2 #gaming #callofduty #ModernWarfare2 #anime #nfl https://t.co/Eld2BXD257",
            "public_metrics": {
                "retweet_count": 0,
                "reply_count": 0,
                "like_count": 1,
                "quote_count": 0,
                "bookmark_count": 0,
                "impression_count": 88
            },
            "edit_history_tweet_ids": [
                "1674925785600126976"
            ],
            "id": "1674925785600126976"
        },
        {
            "author_id": "1285054716",
            "text": "RT @ToxicRoxic: yall knew it was only a matter of time ???? #ghostmw2 #MWII #Ghost #CallofDuty https://t.co/YsP4RVNh7f",
            "public_metrics": {
                "retweet_count": 2921,
                "reply_count": 0,
                "like_count": 0,
                "quote_count": 0,
                "bookmark_count": 0,
                "impression_count": 0
            },
            "edit_history_tweet_ids": [
                "1674925331051053056"
            ],
            "id": "1674925331051053056",
            "entities": {
                "mentions": [
                    {
                        "start": 3,
                        "end": 14,
                        "username": "ToxicRoxic",
                        "id": "949791609587191813"
                    }
                ]
            }
        },
        {
            "author_id": "1288317350228439040",
            "text": "RT @661ave: #MWII #MW2 #CallofDuty #Ghost #SimonGhostRiley #K?nig #Konig https://t.co/ccH1WC6wCN",
            "public_metrics": {
                "retweet_count": 356,
                "reply_count": 0,
                "like_count": 0,
                "quote_count": 0,
                "bookmark_count": 0,
                "impression_count": 0
            },
            "edit_history_tweet_ids": [
                "1674925318140829697"
            ],
            "id": "1674925318140829697",
            "entities": {
                "mentions": [
                    {
                        "start": 3,
                        "end": 10,
                        "username": "661ave",
                        "id": "1054927382"
                    }
                ]
            }
        },
        {
            "author_id": "1285054716",
            "text": "RT @ToxicRoxic: since the 1st one was a Hit Tweet? why not make another edition :] some poor fool just out of frame stuck to a C4 probably  ",
            "public_metrics": {
                "retweet_count": 1534,
                "reply_count": 0,
                "like_count": 0,
                "quote_count": 0,
                "bookmark_count": 0,
                "impression_count": 0
            },
            "edit_history_tweet_ids": [
                "1674925317432168450"
            ],
            "id": "1674925317432168450",
            "entities": {
                "mentions": [
                    {
                        "start": 3,
                        "end": 14,
                        "username": "ToxicRoxic",
                        "id": "949791609587191813"
                    }
                ]
            }
        },
        {
            "author_id": "777715859901050881",
            "text": "@CallofDuty Bring back the older cods like mw2 2009 no season no level 1000 just 10th prestige level 70 In my eyes your game fell off years ago",
            "public_metrics": {
                "retweet_count": 0,
                "reply_count": 0,
                "like_count": 1,
                "quote_count": 0,
                "bookmark_count": 0,
                "impression_count": 22
            },
            "edit_history_tweet_ids": [
                "1674925235907227648"
            ],
            "id": "1674925235907227648",
            "entities": {
                "mentions": [
                    {
                        "start": 0,
                        "end": 11,
                        "username": "CallofDuty",
                        "id": "290097288"
                    }
                ]
            }
        },
        {
            "author_id": "1285054716",
            "text": "RT @ToxicRoxic: saw this and felt a calling ofc?? #ghost #MW2 #CallofDuty #ghostmw2 https://t.co/vcdt37KQir",
            "public_metrics": {
                "retweet_count": 332,
                "reply_count": 0,
                "like_count": 0,
                "quote_count": 0,
                "bookmark_count": 0,
                "impression_count": 0
            },
            "edit_history_tweet_ids": [
                "1674925211827974145"
            ],
            "id": "1674925211827974145",
            "entities": {
                "mentions": [
                    {
                        "start": 3,
                        "end": 14,
                        "username": "ToxicRoxic",
                        "id": "949791609587191813"
                    }
                ]
            }
        },
        {
            "author_id": "1285054716",
            "text": "RT @ToxicRoxic: realized i can finally draw Ghost's Blackcell skin ever since my gullible gold and black aesthetic lovin ass saw it???? #Call  ",
            "public_metrics": {
                "retweet_count": 588,
                "reply_count": 0,
                "like_count": 0,
                "quote_count": 0,
                "bookmark_count": 0,
                "impression_count": 0
            },
            "edit_history_tweet_ids": [
                "1674925030344650752"
            ],
            "id": "1674925030344650752",
            "entities": {
                "mentions": [
                    {
                        "start": 3,
                        "end": 14,
                        "username": "ToxicRoxic",
                        "id": "949791609587191813"
                    }
                ]
            }
        },
        {
            "author_id": "1312624900792778754",
            "text": "Why you guy's care about MW3 tbh it will be way more worst than MW2 more hacker's more issue's that they cannot fixed like y'all loved to supporting Activision with LGBTQ+ community and they removed nick and Tom skin's from cod yea they do need money with trash ass shit game https://t.co/oyebZeTSY6",
            "public_metrics": {
                "retweet_count": 0,
                "reply_count": 1,
                "like_count": 0,
                "quote_count": 0,
                "bookmark_count": 0,
                "impression_count": 136
            },
            "edit_history_tweet_ids": [
                "1674924840380137473"
            ],
            "id": "1674924840380137473"
        },
        {
            "author_id": "1322982562571165696",
            "text": "ENDLICH ULAUB!\nBIN LIVE MIT @fr4nky_o595\nauf Twitch Honsen1\n\n#TwitchStreamers #twitchtv #streamer #twitchdeutschland #twitchde #twitch #dmz #tdm #CallOfDuty #mw2 https://t.co/TOkRbXXAhY",
            "public_metrics": {
                "retweet_count": 0,
                "reply_count": 0,
                "like_count": 0,
                "quote_count": 0,
                "bookmark_count": 0,
                "impression_count": 46
            },
            "edit_history_tweet_ids": [
                "1674924480076869632"
            ],
            "id": "1674924480076869632"
        },
        {
            "author_id": "1472410379359854592",
            "text": "RT @loneghostwolf88: Inspired by @roachp0t Ghost &amp; Riley series and with their permission here my little contribution because I love seeing  ",
            "public_metrics": {
                "retweet_count": 106,
                "reply_count": 0,
                "like_count": 0,
                "quote_count": 0,
                "bookmark_count": 0,
                "impression_count": 0
            },
            "edit_history_tweet_ids": [
                "1674923572483981317"
            ],
            "id": "1674923572483981317",
            "entities": {
                "mentions": [
                    {
                        "start": 3,
                        "end": 19,
                        "username": "loneghostwolf88",
                        "id": "1112278494682271747"
                    },
                    {
                        "start": 33,
                        "end": 42,
                        "username": "roachp0t",
                        "id": "1354873405619773442"
                    }
                ]
            }
        },
        {
            "author_id": "1187071989636325379",
            "text": "RT @661ave: evening at a bar in Manchester\n#Ghost #SimonGhostRiley #CallOfDuty #MWII #MW2 https://t.co/cWaVdj1Uep",
            "public_metrics": {
                "retweet_count": 363,
                "reply_count": 0,
                "like_count": 0,
                "quote_count": 0,
                "bookmark_count": 0,
                "impression_count": 0
            },
            "edit_history_tweet_ids": [
                "1674923093242920962"
            ],
            "id": "1674923093242920962",
            "entities": {
                "mentions": [
                    {
                        "start": 3,
                        "end": 10,
                        "username": "661ave",
                        "id": "1054927382"
                    }
                ]
            }
        },
        {
            "author_id": "2877289982",
            "text": "RT @ToxicRoxic: ??warm up doodle of the scrimply scrumbus?? #K?nig #MWII #CallofDuty #konigmw https://t.co/AkFLsEih4a",
            "public_metrics": {
                "retweet_count": 786,
                "reply_count": 0,
                "like_count": 0,
                "quote_count": 0,
                "bookmark_count": 0,
                "impression_count": 0
            },
            "edit_history_tweet_ids": [
                "1674922759720415232"
            ],
            "id": "1674922759720415232",
            "entities": {
                "mentions": [
                    {
                        "start": 3,
                        "end": 14,
                        "username": "ToxicRoxic",
                        "id": "949791609587191813"
                    }
                ]
            }
        },
        {
            "author_id": "2877289982",
            "text": "RT @ToxicRoxic: realized i can finally draw Ghost's Blackcell skin ever since my gullible gold and black aesthetic lovin ass saw it???? #Call  ",
            "public_metrics": {
                "retweet_count": 588,
                "reply_count": 0,
                "like_count": 0,
                "quote_count": 0,
                "bookmark_count": 0,
                "impression_count": 0
            },
            "edit_history_tweet_ids": [
                "1674922661733093377"
            ],
            "id": "1674922661733093377",
            "entities": {
                "mentions": [
                    {
                        "start": 3,
                        "end": 14,
                        "username": "ToxicRoxic",
                        "id": "949791609587191813"
                    }
                ]
            }
        },
        {
            "author_id": "1276997562864721921",
            "text": "RT @artimaaaeus: gfs??????\n---\n#CallofDuty #MWII #MW2 #ghostsoap https://t.co/JfMWg8DuH8",
            "public_metrics": {
                "retweet_count": 55,
                "reply_count": 0,
                "like_count": 0,
                "quote_count": 0,
                "bookmark_count": 0,
                "impression_count": 0
            },
            "edit_history_tweet_ids": [
                "1674922648285978624"
            ],
            "id": "1674922648285978624",
            "entities": {
                "mentions": [
                    {
                        "start": 3,
                        "end": 15,
                        "username": "artimaaaeus",
                        "id": "1021771255957995520"
                    }
                ]
            }
        },
        {
            "author_id": "2877289982",
            "text": "RT @ToxicRoxic: Patiently* waiting for a blackcell K?nig skin ??\n\n*: frothing at mouth, chattering teeth, biting civilians\n#CallofDuty #K?ni  ",
            "public_metrics": {
                "retweet_count": 400,
                "reply_count": 0,
                "like_count": 0,
                "quote_count": 0,
                "bookmark_count": 0,
                "impression_count": 0
            },
            "edit_history_tweet_ids": [
                "1674922586176897025"
            ],
            "id": "1674922586176897025",
            "entities": {
                "mentions": [
                    {
                        "start": 3,
                        "end": 14,
                        "username": "ToxicRoxic",
                        "id": "949791609587191813"
                    }
                ]
            }
        },
        {
            "author_id": "1575955368479543297",
            "text": "RT @burger_nicky: My snd PR in mw2 ?? thoughts????\n#CallofDuty #mw2 #snd https://t.co/q0oyiHczN6",
            "public_metrics": {
                "retweet_count": 1,
                "reply_count": 0,
                "like_count": 0,
                "quote_count": 0,
                "bookmark_count": 0,
                "impression_count": 0
            },
            "edit_history_tweet_ids": [
                "1674922484028637184"
            ],
            "id": "1674922484028637184",
            "entities": {
                "mentions": [
                    {
                        "start": 3,
                        "end": 16,
                        "username": "burger_nicky",
                        "id": "1518154738700886016"
                    }
                ]
            }
        },
        {
            "author_id": "1276997562864721921",
            "text": "RT @alexgscod: Boyfriend's jeans ????\n(NSFW+variants on patreon)\n  \n#CallOfDuty #MW2 #MWII #SimonGhostRiley #GhostMW2 https://t.co/5Quv9S88VD",
            "public_metrics": {
                "retweet_count": 120,
                "reply_count": 0,
                "like_count": 0,
                "quote_count": 0,
                "bookmark_count": 0,
                "impression_count": 0
            },
            "edit_history_tweet_ids": [
                "1674922221456830465"
            ],
            "id": "1674922221456830465",
            "entities": {
                "mentions": [
                    {
                        "start": 3,
                        "end": 13,
                        "username": "alexgscod",
                        "id": "1613363724152094722"
                    }
                ]
            }
        },
        {
            "author_id": "1609658257244553219",
            "text": "RT @ToxicRoxic: yall knew it was only a matter of time ???? #ghostmw2 #MWII #Ghost #CallofDuty https://t.co/YsP4RVNh7f",
            "public_metrics": {
                "retweet_count": 2921,
                "reply_count": 0,
                "like_count": 0,
                "quote_count": 0,
                "bookmark_count": 0,
                "impression_count": 0
            },
            "edit_history_tweet_ids": [
                "1674921053204754434"
            ],
            "id": "1674921053204754434",
            "entities": {
                "mentions": [
                    {
                        "start": 3,
                        "end": 14,
                        "username": "ToxicRoxic",
                        "id": "949791609587191813"
                    }
                ]
            }
        },
        {
            "author_id": "1654317500295782400",
            "text": "BEAST #earthquake #TikTok #callofduty #CallofDutyModernWarfare2 #mw2 #ticketek  #mw2 #tiktokdown #TikToker #tiktokhot #tiktokhotviral #TikTokLIVE #TikTokviral https://t.co/Q3dPbMPxD7",
            "public_metrics": {
                "retweet_count": 0,
                "reply_count": 0,
                "like_count": 1,
                "quote_count": 0,
                "bookmark_count": 0,
                "impression_count": 104
            },
            "edit_history_tweet_ids": [
                "1674920491138654208"
            ],
            "id": "1674920491138654208"
        },
        {
            "author_id": "1221767930653872128",
            "text": "?? DMZ LIVE \"Passive Upgrades Are Back!!\"\n\nhttps://t.co/TnCHQRdu0R \n\n#DMZ #MW2 #Season4 #FYP https://t.co/5NZSiiYkKg",
            "public_metrics": {
                "retweet_count": 1,
                "reply_count": 0,
                "like_count": 1,
                "quote_count": 0,
                "bookmark_count": 0,
                "impression_count": 53
            },
            "edit_history_tweet_ids": [
                "1674920148531044353"
            ],
            "id": "1674920148531044353"
        },
        {
            "author_id": "1418935080655933450",
            "text": "@dF_Founder @PlayCODMobile Great addition ??",
            "public_metrics": {
                "retweet_count": 0,
                "reply_count": 0,
                "like_count": 3,
                "quote_count": 0,
                "bookmark_count": 0,
                "impression_count": 48
            },
            "edit_history_tweet_ids": [
                "1674919580395864066"
            ],
            "id": "1674919580395864066",
            "entities": {
                "mentions": [
                    {
                        "start": 0,
                        "end": 11,
                        "username": "dF_Founder",
                        "id": "1202913356"
                    },
                    {
                        "start": 12,
                        "end": 26,
                        "username": "PlayCODMobile",
                        "id": "1166443278834659328"
                    }
                ]
            }
        },
        {
            "author_id": "1488798212957904899",
            "text": "My all time favorite Alejandro Vargas edit on TikTok\n\n#CallofDuty #MWII #mw2 #CallofDutyModernWarfare2 #AlejandroVargas https://t.co/qGVl6mGFF5",
            "public_metrics": {
                "retweet_count": 0,
                "reply_count": 0,
                "like_count": 5,
                "quote_count": 0,
                "bookmark_count": 2,
                "impression_count": 260
            },
            "edit_history_tweet_ids": [
                "1674919416444616705"
            ],
            "id": "1674919416444616705"
        },
        {
            "author_id": "956402256613552128",
            "text": "  COD:DMZ   ԡ      ` ܥå      ^ ữˮ ء    ե  쥭   󡢥    ȥ äƤɤ  ˤ  룿\nhttps://t.co/bSoIQF0nmJ\n\n#COD #   ` 륪 ֥ǥ ` ƥ  #callofduty #CODMW2 #MW2 #CoDMWII #DMZ #warzone2 #   `    4 #     ` ܥå    # ^ ữˮ   #   ե  쥭     #     ȥ  https://t.co/FA85i2nRji",
            "public_metrics": {
                "retweet_count": 0,
                "reply_count": 0,
                "like_count": 0,
                "quote_count": 0,
                "bookmark_count": 0,
                "impression_count": 367
            },
            "edit_history_tweet_ids": [
                "1674919397025280003"
            ],
            "id": "1674919397025280003"
        },
        {
            "author_id": "1293172327769833473",
            "text": "RT @Scights: I drew him again\n#MW2 #MWII #CallofDuty #Ghost #SimonGhostRiley https://t.co/CrPPd2398f",
            "public_metrics": {
                "retweet_count": 13,
                "reply_count": 0,
                "like_count": 0,
                "quote_count": 0,
                "bookmark_count": 0,
                "impression_count": 0
            },
            "edit_history_tweet_ids": [
                "1674919265277816837"
            ],
            "id": "1674919265277816837",
            "entities": {
                "mentions": [
                    {
                        "start": 3,
                        "end": 11,
                        "username": "Scights",
                        "id": "1336072713262272518"
                    }
                ]
            }
        },
        {
            "author_id": "912515783690944513",
            "text": "RT @artimaaaeus: gfs??????\n---\n#CallofDuty #MWII #MW2 #ghostsoap https://t.co/JfMWg8DuH8",
            "public_metrics": {
                "retweet_count": 55,
                "reply_count": 0,
                "like_count": 0,
                "quote_count": 0,
                "bookmark_count": 0,
                "impression_count": 0
            },
            "edit_history_tweet_ids": [
                "1674919063909285889"
            ],
            "id": "1674919063909285889",
            "entities": {
                "mentions": [
                    {
                        "start": 3,
                        "end": 15,
                        "username": "artimaaaeus",
                        "id": "1021771255957995520"
                    }
                ]
            }
        },
        {
            "author_id": "1642837143461539841",
            "text": "@Xtormiken @PlayCODMobile lol this was released for free in 2021 2 years ago.. they didnt even bring him back / he has nun to do with the comics storyline",
            "public_metrics": {
                "retweet_count": 0,
                "reply_count": 0,
                "like_count": 0,
                "quote_count": 0,
                "bookmark_count": 0,
                "impression_count": 6
            },
            "edit_history_tweet_ids": [
                "1674918925622996992"
            ],
            "id": "1674918925622996992",
            "entities": {
                "mentions": [
                    {
                        "start": 0,
                        "end": 10,
                        "username": "Xtormiken",
                        "id": "1048186246290460673"
                    },
                    {
                        "start": 11,
                        "end": 25,
                        "username": "PlayCODMobile",
                        "id": "1166443278834659328"
                    }
                ]
            }
        },
        {
            "author_id": "285837868",
            "text": "ICYMI: Call of Duty deploys phantom players to mess with cheats\n\nhttps://t.co/7GhmN8H1rX #CallOfDuty #MW2 https://t.co/1OKiTMeCKS",
            "public_metrics": {
                "retweet_count": 0,
                "reply_count": 0,
                "like_count": 1,
                "quote_count": 0,
                "bookmark_count": 0,
                "impression_count": 1914
            },
            "edit_history_tweet_ids": [
                "1674918737885945856"
            ],
            "id": "1674918737885945856"
        },
        {
            "author_id": "1488798212957904899",
            "text": "This song was MADE for him frfr\n\n#CallofDuty #MWII #CaptainPrice #mw2 #CallofDutyModernWarfare2 https://t.co/L4InXGMqLx",
            "public_metrics": {
                "retweet_count": 1,
                "reply_count": 0,
                "like_count": 15,
                "quote_count": 0,
                "bookmark_count": 2,
                "impression_count": 935
            },
            "edit_history_tweet_ids": [
                "1674918646676684800"
            ],
            "id": "1674918646676684800"
        },
        {
            "author_id": "1461139313111052295",
            "text": "RT @661ave: evening at a bar in Manchester\n#Ghost #SimonGhostRiley #CallOfDuty #MWII #MW2 https://t.co/cWaVdj1Uep",
            "public_metrics": {
                "retweet_count": 363,
                "reply_count": 0,
                "like_count": 0,
                "quote_count": 0,
                "bookmark_count": 0,
                "impression_count": 0
            },
            "edit_history_tweet_ids": [
                "1674918621498208257"
            ],
            "id": "1674918621498208257",
            "entities": {
                "mentions": [
                    {
                        "start": 3,
                        "end": 10,
                        "username": "661ave",
                        "id": "1054927382"
                    }
                ]
            }
        },
        {
            "author_id": "1437223561169711104",
            "text": "RT @itslilbabewolf: my teammates complaining about my rpg, but also forgets who carries them half the time with my toxic class. ??\n-\n#callof  ",
            "public_metrics": {
                "retweet_count": 1,
                "reply_count": 0,
                "like_count": 0,
                "quote_count": 0,
                "bookmark_count": 0,
                "impression_count": 0
            },
            "edit_history_tweet_ids": [
                "1674918388408242179"
            ],
            "id": "1674918388408242179",
            "entities": {
                "mentions": [
                    {
                        "start": 3,
                        "end": 18,
                        "username": "itslilbabewolf",
                        "id": "2571107712"
                    }
                ]
            }
        },
        {
            "author_id": "1497896849835192320",
            "text": "RT @PlayCODMobile: ??The ship is being attacked! \n\nSeason 6: Templar's Oath goes live on 7/5 at 5PM PT ?? Check out the Battle Pass in the in  ",
            "public_metrics": {
                "retweet_count": 81,
                "reply_count": 0,
                "like_count": 0,
                "quote_count": 0,
                "bookmark_count": 0,
                "impression_count": 0
            },
            "edit_history_tweet_ids": [
                "1674918348726099971"
            ],
            "id": "1674918348726099971",
            "entities": {
                "mentions": [
                    {
                        "start": 3,
                        "end": 17,
                        "username": "PlayCODMobile",
                        "id": "1166443278834659328"
                    }
                ]
            }
        },
        {
            "author_id": "1323901014731153408",
            "text": "Hilarious Gameplay Montage LOL https://t.co/QGJ7OZTHX6 via @YouTube \n#FunniestVideos #shorts #TikTok #FYP #Gameplay #MW2 #kf2 #BO3 #zombies #FYP #streamer #viral #squad #funny #laughing #subscribe https://t.co/37x8XJ6BL4",
            "public_metrics": {
                "retweet_count": 0,
                "reply_count": 0,
                "like_count": 0,
                "quote_count": 0,
                "bookmark_count": 0,
                "impression_count": 14
            },
            "edit_history_tweet_ids": [
                "1674917851071913990"
            ],
            "id": "1674917851071913990",
            "entities": {
                "mentions": [
                    {
                        "start": 59,
                        "end": 67,
                        "username": "YouTube",
                        "id": "10228272"
                    }
                ]
            }
        },
        {
            "author_id": "1042548668581195776",
            "text": "RT @alexgscod: NSFW GhostSoap ????commission for @/Fauxobsidian! Thank you so much!! ??????\n\n#SoapGhost #GhostSoap #CallOfDuty #MW2 https://t.c  ",
            "public_metrics": {
                "retweet_count": 526,
                "reply_count": 0,
                "like_count": 0,
                "quote_count": 0,
                "bookmark_count": 0,
                "impression_count": 0
            },
            "edit_history_tweet_ids": [
                "1674917443368812544"
            ],
            "id": "1674917443368812544",
            "entities": {
                "mentions": [
                    {
                        "start": 3,
                        "end": 13,
                        "username": "alexgscod",
                        "id": "1613363724152094722"
                    }
                ]
            }
        },
        {
            "author_id": "1383091860147744773",
            "text": "RT @CODmwfeed: One #ModernWarfare2??????????????? #PS5 bundle to give away. To enter follow the steps below.??\n\nFollow+?+??+Comment\n#CallofD  ",
            "public_metrics": {
                "retweet_count": 184,
                "reply_count": 0,
                "like_count": 0,
                "quote_count": 0,
                "bookmark_count": 0,
                "impression_count": 0
            },
            "edit_history_tweet_ids": [
                "1674917379497947139"
            ],
            "id": "1674917379497947139",
            "entities": {
                "mentions": [
                    {
                        "start": 3,
                        "end": 13,
                        "username": "CODmwfeed",
                        "id": "1570202220288671747"
                    }
                ]
            }
        },
        {
            "author_id": "574929186",
            "text": "RT @CODmwfeed: One #ModernWarfare2??????????????? #PS5 bundle to give away. To enter follow the steps below.??\n\nFollow+?+??+Comment\n#CallofD  ",
            "public_metrics": {
                "retweet_count": 184,
                "reply_count": 0,
                "like_count": 0,
                "quote_count": 0,
                "bookmark_count": 0,
                "impression_count": 0
            },
            "edit_history_tweet_ids": [
                "1674917174048354304"
            ],
            "id": "1674917174048354304",
            "entities": {
                "mentions": [
                    {
                        "start": 3,
                        "end": 13,
                        "username": "CODmwfeed",
                        "id": "1570202220288671747"
                    }
                ]
            }
        },
        {
            "author_id": "1437560134151118848",
            "text": "I drew this in like 15 mins don  t judge me ?? \nAnother ghost x Y/n\n\n#SimonGhostRiley #CoD #ghostmw2 #soapghost #GhostSoap #MW2 #CallofDuty #CallofDutyModernWarfare2 #fanart #artist #digitalart #ghostxyn #ghostxyourname https://t.co/kh2ODaNyyg",
            "public_metrics": {
                "retweet_count": 1,
                "reply_count": 1,
                "like_count": 11,
                "quote_count": 0,
                "bookmark_count": 1,
                "impression_count": 1682
            },
            "edit_history_tweet_ids": [
                "1674916943772499968"
            ],
            "id": "1674916943772499968"
        },
        {
            "author_id": "1669400129667776521",
            "text": "@CallofDuty mwii lobbies seem quiet as fuck lately",
            "public_metrics": {
                "retweet_count": 0,
                "reply_count": 0,
                "like_count": 0,
                "quote_count": 0,
                "bookmark_count": 0,
                "impression_count": 23
            },
            "edit_history_tweet_ids": [
                "1674916856610553856"
            ],
            "id": "1674916856610553856",
            "entities": {
                "mentions": [
                    {
                        "start": 0,
                        "end": 11,
                        "username": "CallofDuty",
                        "id": "290097288"
                    }
                ]
            }
        },
        {
            "author_id": "1092597329646022656",
            "text": "RT @alexgscod: Boyfriend's jeans ????\n(NSFW+variants on patreon)\n  \n#CallOfDuty #MW2 #MWII #SimonGhostRiley #GhostMW2 https://t.co/5Quv9S88VD",
            "public_metrics": {
                "retweet_count": 120,
                "reply_count": 0,
                "like_count": 0,
                "quote_count": 0,
                "bookmark_count": 0,
                "impression_count": 0
            },
            "edit_history_tweet_ids": [
                "1674916741405724673"
            ],
            "id": "1674916741405724673",
            "entities": {
                "mentions": [
                    {
                        "start": 3,
                        "end": 13,
                        "username": "alexgscod",
                        "id": "1613363724152094722"
                    }
                ]
            }
        },
        {
            "author_id": "366992349",
            "text": "RT @lilya_neko: I'm drawing again! I really like the idea of ??this Johnny. Glad to have you back Neil and inspire the fans.\n#CallofDutyMod  ",
            "public_metrics": {
                "retweet_count": 144,
                "reply_count": 0,
                "like_count": 0,
                "quote_count": 0,
                "bookmark_count": 0,
                "impression_count": 0
            },
            "edit_history_tweet_ids": [
                "1674916623621189634"
            ],
            "id": "1674916623621189634",
            "entities": {
                "mentions": [
                    {
                        "start": 3,
                        "end": 14,
                        "username": "lilya_neko",
                        "id": "935139811639398400"
                    }
                ]
            }
        },
        {
            "author_id": "1299782970056667136",
            "text": "RT @alexgscod: Boyfriend's jeans ????\n(NSFW+variants on patreon)\n  \n#CallOfDuty #MW2 #MWII #SimonGhostRiley #GhostMW2 https://t.co/5Quv9S88VD",
            "public_metrics": {
                "retweet_count": 120,
                "reply_count": 0,
                "like_count": 0,
                "quote_count": 0,
                "bookmark_count": 0,
                "impression_count": 0
            },
            "edit_history_tweet_ids": [
                "1674916553232642048"
            ],
            "id": "1674916553232642048",
            "entities": {
                "mentions": [
                    {
                        "start": 3,
                        "end": 13,
                        "username": "alexgscod",
                        "id": "1613363724152094722"
                    }
                ]
            }
        },
        {
            "author_id": "1361779804521959425",
            "text": "@CallofDuty I am making a MW2 bump this evening with a weapon they nerfed in a couple of hours after i got spectated ONE match.",
            "public_metrics": {
                "retweet_count": 0,
                "reply_count": 0,
                "like_count": 0,
                "quote_count": 0,
                "bookmark_count": 0,
                "impression_count": 2
            },
            "edit_history_tweet_ids": [
                "1674916290635665409"
            ],
            "id": "1674916290635665409",
            "entities": {
                "mentions": [
                    {
                        "start": 0,
                        "end": 11,
                        "username": "CallofDuty",
                        "id": "290097288"
                    }
                ]
            }
        },
        {
            "author_id": "723532208179404800",
            "text": "Even though the gameplay remains incredibly fun, #CallOfDuty #COD is not in a good place for a lot of reasons. #VideoGames #CODMW2 #Warzone2\n\n https://t.co/uS8hn02zWo",
            "public_metrics": {
                "retweet_count": 0,
                "reply_count": 0,
                "like_count": 0,
                "quote_count": 0,
                "bookmark_count": 0,
                "impression_count": 24
            },
            "edit_history_tweet_ids": [
                "1674916191440183296"
            ],
            "id": "1674916191440183296"
        },
        {
            "author_id": "1637242647835299845",
            "text": "RT @artimaaaeus: gfs??????\n---\n#CallofDuty #MWII #MW2 #ghostsoap https://t.co/JfMWg8DuH8",
            "public_metrics": {
                "retweet_count": 55,
                "reply_count": 0,
                "like_count": 0,
                "quote_count": 0,
                "bookmark_count": 0,
                "impression_count": 0
            },
            "edit_history_tweet_ids": [
                "1674916136465453061"
            ],
            "id": "1674916136465453061",
            "entities": {
                "mentions": [
                    {
                        "start": 3,
                        "end": 15,
                        "username": "artimaaaeus",
                        "id": "1021771255957995520"
                    }
                ]
            }
        },
        {
            "author_id": "1582432045762060289",
            "text": "RT @PressuredGYT: New YouTube video is LIVE Go Watch Like and Comment! Feat. @oitsdyl https://t.co/U0BpIPJ3Ix #mw2 #callofduty",
            "public_metrics": {
                "retweet_count": 5,
                "reply_count": 0,
                "like_count": 0,
                "quote_count": 0,
                "bookmark_count": 0,
                "impression_count": 0
            },
            "edit_history_tweet_ids": [
                "1674915913580130305"
            ],
            "id": "1674915913580130305",
            "entities": {
                "mentions": [
                    {
                        "start": 3,
                        "end": 16,
                        "username": "PressuredGYT",
                        "id": "1413980965530124289"
                    },
                    {
                        "start": 77,
                        "end": 85,
                        "username": "oitsdyl",
                        "id": "797579773451059200"
                    }
                ]
            }
        },
        {
            "author_id": "1465740516360966151",
            "text": "https://t.co/3NJeM7MnR5\n\nCall of Duty Warzone 2.0 - DMZ (SOLO) [Contract \"ELIMINATION OF A PARTICULARLY IMPORTANT GOAL\"]\n\n#LionHunterChannel #Warzone2 #CallofDutyWarzone #CallOfDuty #COD # ڧԧ   #    ֧  #game #shooter #FPS #YouTube #DMZ #SOLO",
            "public_metrics": {
                "retweet_count": 0,
                "reply_count": 0,
                "like_count": 0,
                "quote_count": 0,
                "bookmark_count": 0,
                "impression_count": 112
            },
            "edit_history_tweet_ids": [
                "1674915727856349184"
            ],
            "id": "1674915727856349184"
        },
        {
            "author_id": "16589052",
            "text": "??LIVE - FRI YEYEYEYEYEYE\n\n??https://t.co/DzwzT7ZI3f\n\n#CallofDuty #MW2 #MWII #Warzone2\n#Halo #HaloMCC #HaloInfinite #Xbox #Zelda #ZeldaTOTK\n#Overwatch #Overwatch2\n#RE4 #RE4Remake\n#Twitch #TwitchStreamer #TwitchStreamers #TwitchAffilate https://t.co/bDYMF2Ue3b",
            "public_metrics": {
                "retweet_count": 0,
                "reply_count": 0,
                "like_count": 3,
                "quote_count": 1,
                "bookmark_count": 0,
                "impression_count": 86
            },
            "edit_history_tweet_ids": [
                "1674915546804912130"
            ],
            "id": "1674915546804912130"
        },
        {
            "author_id": "1665525657260941313",
            "text": "RT @SpicyClowder: Ghost gf? #CallOfDuty #MW2 #MWII #Ghost https://t.co/2BINZvRqfL",
            "public_metrics": {
                "retweet_count": 2,
                "reply_count": 0,
                "like_count": 0,
                "quote_count": 0,
                "bookmark_count": 0,
                "impression_count": 0
            },
            "edit_history_tweet_ids": [
                "1674915336611561478"
            ],
            "id": "1674915336611561478",
            "entities": {
                "mentions": [
                    {
                        "start": 3,
                        "end": 16,
                        "username": "SpicyClowder",
                        "id": "1665525657260941313"
                    }
                ]
            }
        },
        {
            "author_id": "1580066244291710976",
            "text": "RT @661ave: #MWII #MW2 #CallofDuty #Ghost #SimonGhostRiley #K?nig #Konig https://t.co/ccH1WC6wCN",
            "public_metrics": {
                "retweet_count": 356,
                "reply_count": 0,
                "like_count": 0,
                "quote_count": 0,
                "bookmark_count": 0,
                "impression_count": 0
            },
            "edit_history_tweet_ids": [
                "1674915203677401089"
            ],
            "id": "1674915203677401089",
            "entities": {
                "mentions": [
                    {
                        "start": 3,
                        "end": 10,
                        "username": "661ave",
                        "id": "1054927382"
                    }
                ]
            }
        },
        {
            "author_id": "949507114401128448",
            "text": "RT @alexgscod: Boyfriend's jeans ????\n(NSFW+variants on patreon)\n  \n#CallOfDuty #MW2 #MWII #SimonGhostRiley #GhostMW2 https://t.co/5Quv9S88VD",
            "public_metrics": {
                "retweet_count": 120,
                "reply_count": 0,
                "like_count": 0,
                "quote_count": 0,
                "bookmark_count": 0,
                "impression_count": 0
            },
            "edit_history_tweet_ids": [
                "1674914990153953282"
            ],
            "id": "1674914990153953282",
            "entities": {
                "mentions": [
                    {
                        "start": 3,
                        "end": 13,
                        "username": "alexgscod",
                        "id": "1613363724152094722"
                    }
                ]
            }
        },
        {
            "author_id": "1216320184702644224",
            "text": "@PlayCODMobile ????",
            "public_metrics": {
                "retweet_count": 0,
                "reply_count": 0,
                "like_count": 0,
                "quote_count": 0,
                "bookmark_count": 0,
                "impression_count": 26
            },
            "edit_history_tweet_ids": [
                "1674914293953822726"
            ],
            "id": "1674914293953822726",
            "entities": {
                "mentions": [
                    {
                        "start": 0,
                        "end": 14,
                        "username": "PlayCODMobile",
                        "id": "1166443278834659328"
                    }
                ]
            }
        },
        {
            "author_id": "2241780426",
            "text": "RT @Blameguyy: ??NEW VIDEO?? - any support appreciated      \n\n\"Bringing Movement Back To Vondel\"  \n\nhttps://t.co/lnu5yUn4h9\nhttps://t.co/lnu  ",
            "public_metrics": {
                "retweet_count": 3,
                "reply_count": 0,
                "like_count": 0,
                "quote_count": 0,
                "bookmark_count": 0,
                "impression_count": 0
            },
            "edit_history_tweet_ids": [
                "1674913732714192900"
            ],
            "id": "1674913732714192900",
            "entities": {
                "mentions": [
                    {
                        "start": 3,
                        "end": 13,
                        "username": "Blameguyy",
                        "id": "1336586107169861632"
                    }
                ]
            }
        },
        {
            "author_id": "1379176569415983105",
            "text": "i was just on the same team in mw2 as a possible activision dev  ? ??",
            "public_metrics": {
                "retweet_count": 0,
                "reply_count": 0,
                "like_count": 1,
                "quote_count": 0,
                "bookmark_count": 0,
                "impression_count": 56
            },
            "edit_history_tweet_ids": [
                "1674913658084937728"
            ],
            "id": "1674913658084937728"
        },
        {
            "author_id": "1619721033153662976",
            "text": "RT @alexgscod: Boyfriend's jeans ????\n(NSFW+variants on patreon)\n  \n#CallOfDuty #MW2 #MWII #SimonGhostRiley #GhostMW2 https://t.co/5Quv9S88VD",
            "public_metrics": {
                "retweet_count": 120,
                "reply_count": 0,
                "like_count": 0,
                "quote_count": 0,
                "bookmark_count": 0,
                "impression_count": 0
            },
            "edit_history_tweet_ids": [
                "1674913257356951553"
            ],
            "id": "1674913257356951553",
            "entities": {
                "mentions": [
                    {
                        "start": 3,
                        "end": 13,
                        "username": "alexgscod",
                        "id": "1613363724152094722"
                    }
                ]
            }
        },
        {
            "author_id": "123759851",
            "text": "Haven't been on @CallofDuty #MW2 an hour so far and there's been 3 F' N playlist updates. I don't get how @CallofDuty &amp; @Activision is letting this game franchise go to shit. I guess because you fleeced so many with #microtransactions with #Warzone.",
            "public_metrics": {
                "retweet_count": 0,
                "reply_count": 1,
                "like_count": 0,
                "quote_count": 0,
                "bookmark_count": 0,
                "impression_count": 165
            },
            "edit_history_tweet_ids": [
                "1674912936198848512"
            ],
            "id": "1674912936198848512",
            "entities": {
                "mentions": [
                    {
                        "start": 16,
                        "end": 27,
                        "username": "CallofDuty",
                        "id": "290097288"
                    },
                    {
                        "start": 106,
                        "end": 117,
                        "username": "CallofDuty",
                        "id": "290097288"
                    },
                    {
                        "start": 124,
                        "end": 135,
                        "username": "Activision",
                        "id": "612782611"
                    }
                ]
            }
        },
        {
            "author_id": "19757511",
            "text": "RT @alexgscod: Boyfriend's jeans ????\n(NSFW+variants on patreon)\n  \n#CallOfDuty #MW2 #MWII #SimonGhostRiley #GhostMW2 https://t.co/5Quv9S88VD",
            "public_metrics": {
                "retweet_count": 120,
                "reply_count": 0,
                "like_count": 0,
                "quote_count": 0,
                "bookmark_count": 0,
                "impression_count": 0
            },
            "edit_history_tweet_ids": [
                "1674912642677321728"
            ],
            "id": "1674912642677321728",
            "entities": {
                "mentions": [
                    {
                        "start": 3,
                        "end": 13,
                        "username": "alexgscod",
                        "id": "1613363724152094722"
                    }
                ]
            }
        },
        {
            "author_id": "1465740516360966151",
            "text": "#LionHunterChannel #Warzone2 #Vondel #CallOfDuty #COD #YouTube #DMZ \n\nI played the new Deterrence mode.  My verdict is I approve. https://t.co/Unr7d3DtHN",
            "public_metrics": {
                "retweet_count": 0,
                "reply_count": 0,
                "like_count": 0,
                "quote_count": 0,
                "bookmark_count": 0,
                "impression_count": 74
            },
            "edit_history_tweet_ids": [
                "1674911934359953414"
            ],
            "id": "1674911934359953414"
        },
        {
            "author_id": "1488798212957904899",
            "text": "????????\n\n#CallofDuty #MWII #CaptainPrice #CallofDutyModernWarfare2 #mw2 https://t.co/BUioEQfYHg",
            "public_metrics": {
                "retweet_count": 0,
                "reply_count": 0,
                "like_count": 2,
                "quote_count": 0,
                "bookmark_count": 0,
                "impression_count": 165
            },
            "edit_history_tweet_ids": [
                "1674911750272032769"
            ],
            "id": "1674911750272032769"
        },
        {
            "author_id": "58581689",
            "text": "RT @WarzoneTFN: Come on now Call of Duty... This is unacceptable.\n\nMW19 vs MWII's July 4th Bundle Blueprint \n\n#CallofDuty #MWII #ModernWarf  ",
            "public_metrics": {
                "retweet_count": 16,
                "reply_count": 0,
                "like_count": 0,
                "quote_count": 0,
                "bookmark_count": 0,
                "impression_count": 0
            },
            "edit_history_tweet_ids": [
                "1674911659310350336"
            ],
            "id": "1674911659310350336",
            "entities": {
                "mentions": [
                    {
                        "start": 3,
                        "end": 14,
                        "username": "WarzoneTFN",
                        "id": "774708231457341440"
                    }
                ]
            }
        },
        {
            "author_id": "1354855480498204672",
            "text": "?? 7:15 LAST CALL {EXTENSION}  \n\n??4v4 FREE HARDPOINT ONLY  \n                     *Cold War*\n ?? PRIZE $100 | FREE ENTRY\n\n??Friday, June 30th @ 7pm EST \n\nAll info ?? ?? \n\n@CODReTweeters @ScrimFinder #CDL2023?????????????#CallofDuty #cod #coldwar #cw. https://t.co/drelig9iYQ",
            "public_metrics": {
                "retweet_count": 0,
                "reply_count": 1,
                "like_count": 0,
                "quote_count": 1,
                "bookmark_count": 0,
                "impression_count": 1511
            },
            "edit_history_tweet_ids": [
                "1674911268849819649"
            ],
            "id": "1674911268849819649",
            "entities": {
                "mentions": [
                    {
                        "start": 168,
                        "end": 182,
                        "username": "CODReTweeters",
                        "id": "2391962164"
                    },
                    {
                        "start": 183,
                        "end": 195,
                        "username": "ScrimFinder",
                        "id": "3982971509"
                    }
                ]
            }
        },
        {
            "author_id": "722536160057110528",
            "text": " ֥å \nDMZ  ʹ    UAV    \n      楪 ڥ `   `   त Ǥ   ww??\n #COD   #MW2 https://t.co/bIS24hbO0w",
            "public_metrics": {
                "retweet_count": 0,
                "reply_count": 0,
                "like_count": 24,
                "quote_count": 1,
                "bookmark_count": 0,
                "impression_count": 856
            },
            "edit_history_tweet_ids": [
                "1674910968021938176"
            ],
            "id": "1674910968021938176"
        },
        {
            "author_id": "1728742118",
            "text": "@PlayCODMobile Amazing",
            "public_metrics": {
                "retweet_count": 0,
                "reply_count": 0,
                "like_count": 0,
                "quote_count": 0,
                "bookmark_count": 0,
                "impression_count": 21
            },
            "edit_history_tweet_ids": [
                "1674910822974324736"
            ],
            "id": "1674910822974324736",
            "entities": {
                "mentions": [
                    {
                        "start": 0,
                        "end": 14,
                        "username": "PlayCODMobile",
                        "id": "1166443278834659328"
                    }
                ]
            }
        },
        {
            "author_id": "1350795070123995140",
            "text": "RT @ToxicRoxic: yall knew it was only a matter of time ???? #ghostmw2 #MWII #Ghost #CallofDuty https://t.co/YsP4RVNh7f",
            "public_metrics": {
                "retweet_count": 2921,
                "reply_count": 0,
                "like_count": 0,
                "quote_count": 0,
                "bookmark_count": 0,
                "impression_count": 0
            },
            "edit_history_tweet_ids": [
                "1674910275307200512"
            ],
            "id": "1674910275307200512",
            "entities": {
                "mentions": [
                    {
                        "start": 3,
                        "end": 14,
                        "username": "ToxicRoxic",
                        "id": "949791609587191813"
                    }
                ]
            }
        },
        {
            "author_id": "1488798212957904899",
            "text": "*Internal panic* \n\n#CallofDuty #CallofDutyModernWarfare2 #MWII #mw2 #CaptainPrice #JohnPrice https://t.co/RcUMu0oME0",
            "public_metrics": {
                "retweet_count": 2,
                "reply_count": 0,
                "like_count": 15,
                "quote_count": 0,
                "bookmark_count": 1,
                "impression_count": 609
            },
            "edit_history_tweet_ids": [
                "1674910073410265089"
            ],
            "id": "1674910073410265089"
        },
        {
            "author_id": "1562742291525033985",
            "text": "RT @alexgscod: Boyfriend's jeans ????\n(NSFW+variants on patreon)\n  \n#CallOfDuty #MW2 #MWII #SimonGhostRiley #GhostMW2 https://t.co/5Quv9S88VD",
            "public_metrics": {
                "retweet_count": 120,
                "reply_count": 0,
                "like_count": 0,
                "quote_count": 0,
                "bookmark_count": 0,
                "impression_count": 0
            },
            "edit_history_tweet_ids": [
                "1674909791494508544"
            ],
            "id": "1674909791494508544",
            "entities": {
                "mentions": [
                    {
                        "start": 3,
                        "end": 13,
                        "username": "alexgscod",
                        "id": "1613363724152094722"
                    }
                ]
            }
        },
        {
            "author_id": "1488798212957904899",
            "text": "Fr don't know whether to simp for this man or cry with daddy issues-\n\n#CallofDuty #MWII #CaptainPrice #CallofDutyModernWarfare2 #mw2 https://t.co/yaiWOPBYPi",
            "public_metrics": {
                "retweet_count": 1,
                "reply_count": 0,
                "like_count": 9,
                "quote_count": 0,
                "bookmark_count": 0,
                "impression_count": 308
            },
            "edit_history_tweet_ids": [
                "1674909650922225664"
            ],
            "id": "1674909650922225664"
        },
        {
            "author_id": "1411091707446415365",
            "text": "RT @loneghostwolf88: Last week I had some #GhostSoap haters in my IG comments , so  I made this to piss them off even more ????\n#CodGhost #Co  ",
            "public_metrics": {
                "retweet_count": 203,
                "reply_count": 0,
                "like_count": 0,
                "quote_count": 0,
                "bookmark_count": 0,
                "impression_count": 0
            },
            "edit_history_tweet_ids": [
                "1674909525508251649"
            ],
            "id": "1674909525508251649",
            "entities": {
                "mentions": [
                    {
                        "start": 3,
                        "end": 19,
                        "username": "loneghostwolf88",
                        "id": "1112278494682271747"
                    }
                ]
            }
        },
        {
            "author_id": "1528097293525737477",
            "text": "RT @yumecore: ??????\n#CallofDuty #MW2 #MWII #SimonGhostRiley https://t.co/lvU7h9kvnl",
            "public_metrics": {
                "retweet_count": 86,
                "reply_count": 0,
                "like_count": 0,
                "quote_count": 0,
                "bookmark_count": 0,
                "impression_count": 0
            },
            "edit_history_tweet_ids": [
                "1674909147567996929"
            ],
            "id": "1674909147567996929",
            "entities": {
                "mentions": [
                    {
                        "start": 3,
                        "end": 12,
                        "username": "yumecore",
                        "id": "1441174708930576386"
                    }
                ]
            }
        },
        {
            "author_id": "2858806586",
            "text": " ä  ֤ Υ  åץ  ȤϘS    ??\n #MW2 #CallofDuty #cod https://t.co/UMeKCRuebV",
            "public_metrics": {
                "retweet_count": 0,
                "reply_count": 0,
                "like_count": 6,
                "quote_count": 0,
                "bookmark_count": 0,
                "impression_count": 289
            },
            "edit_history_tweet_ids": [
                "1674908694210035713"
            ],
            "id": "1674908694210035713"
        },
        {
            "author_id": "1362562892",
            "text": "RT @loneghostwolf88: Inspired by @roachp0t Ghost &amp; Riley series and with their permission here my little contribution because I love seeing  ",
            "public_metrics": {
                "retweet_count": 106,
                "reply_count": 0,
                "like_count": 0,
                "quote_count": 0,
                "bookmark_count": 0,
                "impression_count": 0
            },
            "edit_history_tweet_ids": [
                "1674908428714618884"
            ],
            "id": "1674908428714618884",
            "entities": {
                "mentions": [
                    {
                        "start": 3,
                        "end": 19,
                        "username": "loneghostwolf88",
                        "id": "1112278494682271747"
                    },
                    {
                        "start": 33,
                        "end": 42,
                        "username": "roachp0t",
                        "id": "1354873405619773442"
                    }
                ]
            }
        },
        {
            "author_id": "1332855024305795073",
            "text": "RT @SKizzleAXE: How Activision treated COD Fans in 2022 with MW2 https://t.co/YW89eNFS6K",
            "public_metrics": {
                "retweet_count": 3656,
                "reply_count": 0,
                "like_count": 0,
                "quote_count": 0,
                "bookmark_count": 0,
                "impression_count": 0
            },
            "edit_history_tweet_ids": [
                "1674908275374956545"
            ],
            "id": "1674908275374956545",
            "entities": {
                "mentions": [
                    {
                        "start": 3,
                        "end": 14,
                        "username": "SKizzleAXE",
                        "id": "251726319"
                    }
                ]
            }
        },
        {
            "author_id": "1194446888977743872",
            "text": "RT @PlayCODNews: Season 6: Templar's Oath Battle Pass Trailer\n\nhttps://t.co/ZYCYS8EJkU",
            "public_metrics": {
                "retweet_count": 29,
                "reply_count": 0,
                "like_count": 0,
                "quote_count": 0,
                "bookmark_count": 0,
                "impression_count": 0
            },
            "edit_history_tweet_ids": [
                "1674908125374320641"
            ],
            "id": "1674908125374320641",
            "entities": {
                "mentions": [
                    {
                        "start": 3,
                        "end": 15,
                        "username": "PlayCODNews",
                        "id": "1145294302068785154"
                    }
                ]
            }
        },
        {
            "author_id": "1435505761459658754",
            "text": "RT @PlayCODNews: Season 6: Templar's Oath Battle Pass Trailer\n\nhttps://t.co/ZYCYS8EJkU",
            "public_metrics": {
                "retweet_count": 29,
                "reply_count": 0,
                "like_count": 0,
                "quote_count": 0,
                "bookmark_count": 0,
                "impression_count": 0
            },
            "edit_history_tweet_ids": [
                "1674908043283435520"
            ],
            "id": "1674908043283435520",
            "entities": {
                "mentions": [
                    {
                        "start": 3,
                        "end": 15,
                        "username": "PlayCODNews",
                        "id": "1145294302068785154"
                    }
                ]
            }
        },
        {
            "author_id": "1600273003165716481",
            "text": "@guliano72 @InfoCoDES_ Va a ser un refrito del MW2,  Activision cada vez da mas asco",
            "public_metrics": {
                "retweet_count": 0,
                "reply_count": 0,
                "like_count": 0,
                "quote_count": 0,
                "bookmark_count": 0,
                "impression_count": 90
            },
            "edit_history_tweet_ids": [
                "1674907993077325829"
            ],
            "id": "1674907993077325829",
            "entities": {
                "mentions": [
                    {
                        "start": 0,
                        "end": 10,
                        "username": "guliano72",
                        "id": "119806659"
                    },
                    {
                        "start": 11,
                        "end": 22,
                        "username": "InfoCoDES_",
                        "id": "979335888600817665"
                    }
                ]
            }
        },
        {
            "author_id": "1479531028763103234",
            "text": "RT @661ave: evening at a bar in Manchester\n#Ghost #SimonGhostRiley #CallOfDuty #MWII #MW2 https://t.co/cWaVdj1Uep",
            "public_metrics": {
                "retweet_count": 363,
                "reply_count": 0,
                "like_count": 0,
                "quote_count": 0,
                "bookmark_count": 0,
                "impression_count": 0
            },
            "edit_history_tweet_ids": [
                "1674907914044166144"
            ],
            "id": "1674907914044166144",
            "entities": {
                "mentions": [
                    {
                        "start": 3,
                        "end": 10,
                        "username": "661ave",
                        "id": "1054927382"
                    }
                ]
            }
        },
        {
            "author_id": "20179097",
            "text": "RT @BBBGAMINGNEWS: In a recent update @CallofDuty have stated that you can be Permanently banned if you Report non-cheaters in call of duty  ",
            "public_metrics": {
                "retweet_count": 6,
                "reply_count": 0,
                "like_count": 0,
                "quote_count": 0,
                "bookmark_count": 0,
                "impression_count": 0
            },
            "edit_history_tweet_ids": [
                "1674907759307902977"
            ],
            "id": "1674907759307902977",
            "entities": {
                "mentions": [
                    {
                        "start": 3,
                        "end": 17,
                        "username": "BBBGAMINGNEWS",
                        "id": "1497870971964907522"
                    },
                    {
                        "start": 38,
                        "end": 49,
                        "username": "CallofDuty",
                        "id": "290097288"
                    }
                ]
            }
        },
        {
            "author_id": "1609633323663466498",
            "text": "RT @661ave: evening at a bar in Manchester\n#Ghost #SimonGhostRiley #CallOfDuty #MWII #MW2 https://t.co/cWaVdj1Uep",
            "public_metrics": {
                "retweet_count": 363,
                "reply_count": 0,
                "like_count": 0,
                "quote_count": 0,
                "bookmark_count": 0,
                "impression_count": 0
            },
            "edit_history_tweet_ids": [
                "1674907175221592065"
            ],
            "id": "1674907175221592065",
            "entities": {
                "mentions": [
                    {
                        "start": 3,
                        "end": 10,
                        "username": "661ave",
                        "id": "1054927382"
                    }
                ]
            }
        },
        {
            "author_id": "2511546878",
            "text": "RT @PlayCODMobile: ??The ship is being attacked! \n\nSeason 6: Templar's Oath goes live on 7/5 at 5PM PT ?? Check out the Battle Pass in the in  ",
            "public_metrics": {
                "retweet_count": 81,
                "reply_count": 0,
                "like_count": 0,
                "quote_count": 0,
                "bookmark_count": 0,
                "impression_count": 0
            },
            "edit_history_tweet_ids": [
                "1674907057386823681"
            ],
            "id": "1674907057386823681",
            "entities": {
                "mentions": [
                    {
                        "start": 3,
                        "end": 17,
                        "username": "PlayCODMobile",
                        "id": "1166443278834659328"
                    }
                ]
            }
        },
        {
            "author_id": "1364238418553827330",
            "text": "As MELHORES CONFIGURA??ES em 2023 para o #CoDMobile \n@PlayCODMobile @CallofDutyBR https://t.co/AmB2lTNA1T",
            "public_metrics": {
                "retweet_count": 0,
                "reply_count": 1,
                "like_count": 11,
                "quote_count": 0,
                "bookmark_count": 0,
                "impression_count": 200
            },
            "edit_history_tweet_ids": [
                "1674906300520574978"
            ],
            "id": "1674906300520574978",
            "entities": {
                "mentions": [
                    {
                        "start": 53,
                        "end": 67,
                        "username": "PlayCODMobile",
                        "id": "1166443278834659328"
                    },
                    {
                        "start": 68,
                        "end": 81,
                        "username": "CallofDutyBR",
                        "id": "1281327848330948608"
                    }
                ]
            }
        },
        {
            "author_id": "1394922343617736707",
            "text": "RT @michelekoi: \"But, who is the one who made those?\"\nMe: of course, it was Gaz's idea ??????\n\n#kitty #cat #ghost #puppy #dog #soap #SoapMacTa  ",
            "public_metrics": {
                "retweet_count": 10,
                "reply_count": 0,
                "like_count": 0,
                "quote_count": 0,
                "bookmark_count": 0,
                "impression_count": 0
            },
            "edit_history_tweet_ids": [
                "1674906244295929856"
            ],
            "id": "1674906244295929856",
            "entities": {
                "mentions": [
                    {
                        "start": 3,
                        "end": 14,
                        "username": "michelekoi",
                        "id": "70811687"
                    }
                ]
            }
        },
        {
            "author_id": "1635409057388417024",
            "text": "RT @PlayCODMobile: ?? Time to put your feet up and relax! \n\nHere  s a preview of what  s coming to #CODMobile this summer ???? https://t.co/EZ  ",
            "public_metrics": {
                "retweet_count": 82,
                "reply_count": 0,
                "like_count": 0,
                "quote_count": 0,
                "bookmark_count": 0,
                "impression_count": 0
            },
            "edit_history_tweet_ids": [
                "1674906227908698112"
            ],
            "id": "1674906227908698112",
            "entities": {
                "mentions": [
                    {
                        "start": 3,
                        "end": 17,
                        "username": "PlayCODMobile",
                        "id": "1166443278834659328"
                    }
                ]
            }
        }
    ],
    "includes": {
        "users": [
            {
                "id": "1021771255957995520",
                "name": "tim ??",
                "username": "artimaaaeus"
            },
            {
                "id": "1166443278834659328",
                "name": "Call of Duty: Mobile",
                "username": "PlayCODMobile"
            },
            {
                "id": "1613363724152094722",
                "name": "???? alex ?? ??",
                "username": "alexgscod"
            },
            {
                "id": "290097288",
                "name": "Call of Duty",
                "username": "CallofDuty"
            },
            {
                "id": "949791609587191813",
                "name": "Roxaroo",
                "username": "ToxicRoxic"
            },
            {
                "id": "1500360333696790528",
                "name": "   ֥    ",
                "username": "kobutyal456"
            },
            {
                "id": "10228272",
                "name": "YouTube",
                "username": "YouTube"
            },
            {
                "id": "1112278494682271747",
                "name": "GhostWolf",
                "username": "loneghostwolf88"
            },
            {
                "id": "1354873405619773442",
                "name": "volok",
                "username": "roachp0t"
            },
            {
                "id": "1441174708930576386",
                "name": "?Yume ???",
                "username": "yumecore"
            },
            {
                "id": "1008542800562946048",
                "name": "   ѧݧݧ  ??COMMISSION (CLOSED)",
                "username": "Tava_tavatic"
            },
            {
                "id": "1266193455966859265",
                "name": "CELL",
                "username": "remix3s"
            },
            {
                "id": "1181682413908283392",
                "name": "COD        `   `??KeNNy_NeverDie",
                "username": "KeNNy_NeverDie"
            },
            {
                "id": "1221767930653872128",
                "name": "TheRoo1",
                "username": "The_Roo1"
            },
            {
                "id": "1054927382",
                "name": "661ave",
                "username": "661ave"
            },
            {
                "id": "1518154738700886016",
                "name": "NickyBurger",
                "username": "burger_nicky"
            },
            {
                "id": "1202913356",
                "name": "???? dF Founder",
                "username": "dF_Founder"
            },
            {
                "id": "1336072713262272518",
                "name": "Ace | ????",
                "username": "Scights"
            },
            {
                "id": "1048186246290460673",
                "name": "...",
                "username": "Xtormiken"
            },
            {
                "id": "2571107712",
                "name": "ava ?? ??",
                "username": "itslilbabewolf"
            },
            {
                "id": "1570202220288671747",
                "name": "COD MWII",
                "username": "CODmwfeed"
            },
            {
                "id": "935139811639398400",
                "name": "Starberry Roll??",
                "username": "lilya_neko"
            },
            {
                "id": "1413980965530124289",
                "name": "TeamPressured",
                "username": "PressuredGYT"
            },
            {
                "id": "797579773451059200",
                "name": "DYL",
                "username": "oitsdyl"
            },
            {
                "id": "1665525657260941313",
                "name": "Spicy C",
                "username": "SpicyClowder"
            },
            {
                "id": "1336586107169861632",
                "name": "Blameguy",
                "username": "Blameguyy"
            },
            {
                "id": "612782611",
                "name": "Activision",
                "username": "Activision"
            },
            {
                "id": "774708231457341440",
                "name": "Call of Duty: Warzone News",
                "username": "WarzoneTFN"
            },
            {
                "id": "2391962164",
                "name": "CODRTs",
                "username": "CODReTweeters"
            },
            {
                "id": "3982971509",
                "name": "ScrimFinder.net | We Retweet",
                "username": "ScrimFinder"
            },
            {
                "id": "251726319",
                "name": "Usman",
                "username": "SKizzleAXE"
            },
            {
                "id": "1145294302068785154",
                "name": "PlayCODNews",
                "username": "PlayCODNews"
            },
            {
                "id": "119806659",
                "name": "guliano",
                "username": "guliano72"
            },
            {
                "id": "979335888600817665",
                "name": "InfoCoDES",
                "username": "InfoCoDES_"
            },
            {
                "id": "1497870971964907522",
                "name": "BBB GAMING NEWS",
                "username": "BBBGAMINGNEWS"
            },
            {
                "id": "1281327848330948608",
                "name": "Call of Duty BR",
                "username": "CallofDutyBR"
            },
            {
                "id": "70811687",
                "name": "????MicheleKoi????",
                "username": "michelekoi"
            }
        ]
    },
    "meta": {
        "newest_id": "1674930613202173954",
        "oldest_id": "1674906227908698112",
        "result_count": 100,
        "next_token": "b26v89c19zqg8o3fqklzoslhjgbxruzrgo64cl1rj6ikd"
    }
}