{
    "data": [
        {
            "text": "RT @makumakiti032: みなさま！\n先日の動画はもうチェックしましたか？👀♥️\n\nうさぎさんにも負けない動画になっております🐰\n誰なのかはね…\n私も分からないけど🤭💔\n\n #DMZ #MW2 #Warzone2募集 \n #お金配り  #YouTube  #実況動画",
            "public_metrics": {
                "retweet_count": 2,
                "reply_count": 0,
                "like_count": 0,
                "quote_count": 0,
                "bookmark_count": 0,
                "impression_count": 0
            },
            "entities": {
                "mentions": [
                    {
                        "start": 3,
                        "end": 17,
                        "username": "makumakiti032",
                        "id": "742607646"
                    }
                ]
            },
            "author_id": "956860570103201792",
            "edit_history_tweet_ids": [
                "1677588317238611973"
            ],
            "id": "1677588317238611973"
        },
        {
            "text": "RT @Lictor_GD: #укррайт #укрфанфікшн #укрслеш #SoapGhost #GhostSoap #soapmactavish #SimonGhostRiley #ghostmw2 #soapmw2 #CallOfDuty #MW2 @uk…",
            "public_metrics": {
                "retweet_count": 6,
                "reply_count": 0,
                "like_count": 0,
                "quote_count": 0,
                "bookmark_count": 0,
                "impression_count": 0
            },
            "entities": {
                "mentions": [
                    {
                        "start": 3,
                        "end": 13,
                        "username": "Lictor_GD",
                        "id": "1456682221239218181"
                    }
                ]
            },
            "author_id": "1557031269527060483",
            "edit_history_tweet_ids": [
                "1677588304404029441"
            ],
            "id": "1677588304404029441"
        },
        {
            "text": "RT @MKyohei_1209: ある日のこと...\n #MW2 #CallofDuty #CoD https://t.co/3unVFiT3Uc",
            "public_metrics": {
                "retweet_count": 1,
                "reply_count": 0,
                "like_count": 0,
                "quote_count": 0,
                "bookmark_count": 0,
                "impression_count": 0
            },
            "entities": {
                "mentions": [
                    {
                        "start": 3,
                        "end": 16,
                        "username": "MKyohei_1209",
                        "id": "1542169312018169856"
                    }
                ]
            },
            "author_id": "1542169312018169856",
            "edit_history_tweet_ids": [
                "1677588258619019270"
            ],
            "id": "1677588258619019270"
        },
        {
            "text": "RT @lilindermile: Oh god he’s grooving #simonghostriley #mw2 #callofduty #ghostsoap https://t.co/1JxMCvCSow",
            "public_metrics": {
                "retweet_count": 796,
                "reply_count": 0,
                "like_count": 0,
                "quote_count": 0,
                "bookmark_count": 0,
                "impression_count": 0
            },
            "entities": {
                "mentions": [
                    {
                        "start": 3,
                        "end": 16,
                        "username": "lilindermile",
                        "id": "1410684041376976897"
                    }
                ]
            },
            "author_id": "1239084959706439685",
            "edit_history_tweet_ids": [
                "1677588148019425280"
            ],
            "id": "1677588148019425280"
        },
        {
            "text": "RT @lilindermile: Oh god he’s grooving #simonghostriley #mw2 #callofduty #ghostsoap https://t.co/1JxMCvCSow",
            "public_metrics": {
                "retweet_count": 796,
                "reply_count": 0,
                "like_count": 0,
                "quote_count": 0,
                "bookmark_count": 0,
                "impression_count": 0
            },
            "entities": {
                "mentions": [
                    {
                        "start": 3,
                        "end": 16,
                        "username": "lilindermile",
                        "id": "1410684041376976897"
                    }
                ]
            },
            "author_id": "1408659127899889669",
            "edit_history_tweet_ids": [
                "1677588045028282368"
            ],
            "id": "1677588045028282368"
        },
        {
            "text": "RT @lilindermile: Oh god he’s grooving #simonghostriley #mw2 #callofduty #ghostsoap https://t.co/1JxMCvCSow",
            "public_metrics": {
                "retweet_count": 796,
                "reply_count": 0,
                "like_count": 0,
                "quote_count": 0,
                "bookmark_count": 0,
                "impression_count": 0
            },
            "entities": {
                "mentions": [
                    {
                        "start": 3,
                        "end": 16,
                        "username": "lilindermile",
                        "id": "1410684041376976897"
                    }
                ]
            },
            "author_id": "1217351229753327616",
            "edit_history_tweet_ids": [
                "1677588004377071616"
            ],
            "id": "1677588004377071616"
        },
        {
            "text": "RT @HellishDraws: Pride month may be over.. but that doesn’t stop me from feeding y’all trans Soap \n#GhostSoap #CallOfDuty #MW2 https://t.c…",
            "public_metrics": {
                "retweet_count": 347,
                "reply_count": 0,
                "like_count": 0,
                "quote_count": 0,
                "bookmark_count": 0,
                "impression_count": 0
            },
            "entities": {
                "mentions": [
                    {
                        "start": 3,
                        "end": 16,
                        "username": "HellishDraws",
                        "id": "1336527669161324544"
                    }
                ]
            },
            "author_id": "1421944691407216641",
            "edit_history_tweet_ids": [
                "1677587985460518917"
            ],
            "id": "1677587985460518917"
        },
        {
            "text": "@KevinGa_59 @PlayCODMobile Do they force you to buy it???",
            "public_metrics": {
                "retweet_count": 0,
                "reply_count": 0,
                "like_count": 0,
                "quote_count": 0,
                "bookmark_count": 0,
                "impression_count": 14
            },
            "entities": {
                "mentions": [
                    {
                        "start": 0,
                        "end": 11,
                        "username": "KevinGa_59",
                        "id": "1526914059701985282"
                    },
                    {
                        "start": 12,
                        "end": 26,
                        "username": "PlayCODMobile",
                        "id": "1166443278834659328"
                    }
                ]
            },
            "author_id": "1304713049723604992",
            "edit_history_tweet_ids": [
                "1677587857064460288"
            ],
            "id": "1677587857064460288"
        },
        {
            "text": "RT @loneghostwolf88: Alexa play Lady Gaga's - Alejandro \n\nFinally got my hands on Alejandro's model. Here a quick test render.\n\n#alejandrov…",
            "public_metrics": {
                "retweet_count": 73,
                "reply_count": 0,
                "like_count": 0,
                "quote_count": 0,
                "bookmark_count": 0,
                "impression_count": 0
            },
            "entities": {
                "mentions": [
                    {
                        "start": 3,
                        "end": 19,
                        "username": "loneghostwolf88",
                        "id": "1112278494682271747"
                    }
                ]
            },
            "author_id": "1639076184679133184",
            "edit_history_tweet_ids": [
                "1677587841541636096"
            ],
            "id": "1677587841541636096"
        },
        {
            "text": "RT @lilindermile: Oh god he’s grooving #simonghostriley #mw2 #callofduty #ghostsoap https://t.co/1JxMCvCSow",
            "public_metrics": {
                "retweet_count": 796,
                "reply_count": 0,
                "like_count": 0,
                "quote_count": 0,
                "bookmark_count": 0,
                "impression_count": 0
            },
            "entities": {
                "mentions": [
                    {
                        "start": 3,
                        "end": 16,
                        "username": "lilindermile",
                        "id": "1410684041376976897"
                    }
                ]
            },
            "author_id": "1467883041196429317",
            "edit_history_tweet_ids": [
                "1677587539027431424"
            ],
            "id": "1677587539027431424"
        },
        {
            "text": "RT @HellishDraws: Pride month may be over.. but that doesn’t stop me from feeding y’all trans Soap \n#GhostSoap #CallOfDuty #MW2 https://t.c…",
            "public_metrics": {
                "retweet_count": 347,
                "reply_count": 0,
                "like_count": 0,
                "quote_count": 0,
                "bookmark_count": 0,
                "impression_count": 0
            },
            "entities": {
                "mentions": [
                    {
                        "start": 3,
                        "end": 16,
                        "username": "HellishDraws",
                        "id": "1336527669161324544"
                    }
                ]
            },
            "author_id": "1505639760739680257",
            "edit_history_tweet_ids": [
                "1677587520131874816"
            ],
            "id": "1677587520131874816"
        },
        {
            "text": "RT @HotSatans: bach for round 2 yeehaw ft. warm up request to get back on the horse 🤠🤘 i just kno it smells crazy in there☠️ #nsfw #ghostmw…",
            "public_metrics": {
                "retweet_count": 1388,
                "reply_count": 0,
                "like_count": 0,
                "quote_count": 0,
                "bookmark_count": 0,
                "impression_count": 0
            },
            "entities": {
                "mentions": [
                    {
                        "start": 3,
                        "end": 13,
                        "username": "HotSatans",
                        "id": "1071508661275688960"
                    }
                ]
            },
            "author_id": "1676185080983691265",
            "edit_history_tweet_ids": [
                "1677587334659801088"
            ],
            "id": "1677587334659801088"
        },
        {
            "text": "RT @Veradia_: FINALLY DREW PRICEE 🧡 #CallofDuty #MW2 https://t.co/HnvinBn6Ot",
            "public_metrics": {
                "retweet_count": 307,
                "reply_count": 0,
                "like_count": 0,
                "quote_count": 0,
                "bookmark_count": 0,
                "impression_count": 0
            },
            "entities": {
                "mentions": [
                    {
                        "start": 3,
                        "end": 12,
                        "username": "Veradia_",
                        "id": "4062382365"
                    }
                ]
            },
            "author_id": "1205327275631226880",
            "edit_history_tweet_ids": [
                "1677587275188690944"
            ],
            "id": "1677587275188690944"
        },
        {
            "text": "RT @HotSatans: request number uno aka König edging dONE 🫡 #nsfw #König #CallofDuty #MW2 #Konigmw2 https://t.co/J0Nw2iGNVe",
            "public_metrics": {
                "retweet_count": 1640,
                "reply_count": 0,
                "like_count": 0,
                "quote_count": 0,
                "bookmark_count": 0,
                "impression_count": 0
            },
            "entities": {
                "mentions": [
                    {
                        "start": 3,
                        "end": 13,
                        "username": "HotSatans",
                        "id": "1071508661275688960"
                    }
                ]
            },
            "author_id": "1676185080983691265",
            "edit_history_tweet_ids": [
                "1677587197820542977"
            ],
            "id": "1677587197820542977"
        },
        {
            "text": "RT @Veradia_: FINALLY DREW PRICEE 🧡 #CallofDuty #MW2 https://t.co/HnvinBn6Ot",
            "public_metrics": {
                "retweet_count": 307,
                "reply_count": 0,
                "like_count": 0,
                "quote_count": 0,
                "bookmark_count": 0,
                "impression_count": 0
            },
            "entities": {
                "mentions": [
                    {
                        "start": 3,
                        "end": 12,
                        "username": "Veradia_",
                        "id": "4062382365"
                    }
                ]
            },
            "author_id": "110089484",
            "edit_history_tweet_ids": [
                "1677587186676269056"
            ],
            "id": "1677587186676269056"
        },
        {
            "text": "あと少しで全キャラ［笑］ ＃CallofDutyModernWarfareII ＃COD ＃MW2 ＃DMZ #PS4share https://t.co/leJdsKAz8o",
            "public_metrics": {
                "retweet_count": 0,
                "reply_count": 0,
                "like_count": 0,
                "quote_count": 0,
                "bookmark_count": 0,
                "impression_count": 51
            },
            "author_id": "933937415181316097",
            "edit_history_tweet_ids": [
                "1677587168276140033"
            ],
            "id": "1677587168276140033"
        },
        {
            "text": "RT @HotSatans: bro we need to get to the safe zone bro the gas is closing in brO-\nKönig doodle to get back on the horse🤠 #nsfw #König #Call…",
            "public_metrics": {
                "retweet_count": 1240,
                "reply_count": 0,
                "like_count": 0,
                "quote_count": 0,
                "bookmark_count": 0,
                "impression_count": 0
            },
            "entities": {
                "mentions": [
                    {
                        "start": 3,
                        "end": 13,
                        "username": "HotSatans",
                        "id": "1071508661275688960"
                    }
                ]
            },
            "author_id": "1676185080983691265",
            "edit_history_tweet_ids": [
                "1677587161795756032"
            ],
            "id": "1677587161795756032"
        },
        {
            "text": "RT @lilindermile: Oh god he’s grooving #simonghostriley #mw2 #callofduty #ghostsoap https://t.co/1JxMCvCSow",
            "public_metrics": {
                "retweet_count": 796,
                "reply_count": 0,
                "like_count": 0,
                "quote_count": 0,
                "bookmark_count": 0,
                "impression_count": 0
            },
            "entities": {
                "mentions": [
                    {
                        "start": 3,
                        "end": 16,
                        "username": "lilindermile",
                        "id": "1410684041376976897"
                    }
                ]
            },
            "author_id": "1183166358382501888",
            "edit_history_tweet_ids": [
                "1677587155194085377"
            ],
            "id": "1677587155194085377"
        },
        {
            "text": "RT @lilindermile: Oh god he’s grooving #simonghostriley #mw2 #callofduty #ghostsoap https://t.co/1JxMCvCSow",
            "public_metrics": {
                "retweet_count": 796,
                "reply_count": 0,
                "like_count": 0,
                "quote_count": 0,
                "bookmark_count": 0,
                "impression_count": 0
            },
            "entities": {
                "mentions": [
                    {
                        "start": 3,
                        "end": 16,
                        "username": "lilindermile",
                        "id": "1410684041376976897"
                    }
                ]
            },
            "author_id": "2159166758",
            "edit_history_tweet_ids": [
                "1677587120695787521"
            ],
            "id": "1677587120695787521"
        },
        {
            "text": "RT @lilindermile: Oh god he’s grooving #simonghostriley #mw2 #callofduty #ghostsoap https://t.co/1JxMCvCSow",
            "public_metrics": {
                "retweet_count": 796,
                "reply_count": 0,
                "like_count": 0,
                "quote_count": 0,
                "bookmark_count": 0,
                "impression_count": 0
            },
            "entities": {
                "mentions": [
                    {
                        "start": 3,
                        "end": 16,
                        "username": "lilindermile",
                        "id": "1410684041376976897"
                    }
                ]
            },
            "author_id": "1501040901640290308",
            "edit_history_tweet_ids": [
                "1677587105328037888"
            ],
            "id": "1677587105328037888"
        },
        {
            "text": "RT @HotSatans: when ur trying to do stealth kills but the clap of ur asscheeks keep alerting the shadows #nsfw #ghostmw2 #CallofDuty #ghost…",
            "public_metrics": {
                "retweet_count": 1005,
                "reply_count": 0,
                "like_count": 0,
                "quote_count": 0,
                "bookmark_count": 0,
                "impression_count": 0
            },
            "entities": {
                "mentions": [
                    {
                        "start": 3,
                        "end": 13,
                        "username": "HotSatans",
                        "id": "1071508661275688960"
                    }
                ]
            },
            "author_id": "1676185080983691265",
            "edit_history_tweet_ids": [
                "1677587057886076930"
            ],
            "id": "1677587057886076930"
        },
        {
            "text": "RT @PlayCODMobile: 🗡️ Help Mythic Templar save Sophia in the Knight’s Crusade Mythic Drop!\n\n👉 Live now in the in-game store! https://t.co/9…",
            "public_metrics": {
                "retweet_count": 51,
                "reply_count": 0,
                "like_count": 0,
                "quote_count": 0,
                "bookmark_count": 0,
                "impression_count": 0
            },
            "entities": {
                "mentions": [
                    {
                        "start": 3,
                        "end": 17,
                        "username": "PlayCODMobile",
                        "id": "1166443278834659328"
                    }
                ]
            },
            "author_id": "1349797582977921026",
            "edit_history_tweet_ids": [
                "1677587057764384771"
            ],
            "id": "1677587057764384771"
        },
        {
            "text": "RT @artimaaaeus: simon w/o trauma is prolly very flirtatious\n---\n#CallofDuty #MWII #MW2 #Ghost https://t.co/CELOykoKiU",
            "public_metrics": {
                "retweet_count": 518,
                "reply_count": 0,
                "like_count": 0,
                "quote_count": 0,
                "bookmark_count": 0,
                "impression_count": 0
            },
            "entities": {
                "mentions": [
                    {
                        "start": 3,
                        "end": 15,
                        "username": "artimaaaeus",
                        "id": "1021771255957995520"
                    }
                ]
            },
            "author_id": "1057910708543737857",
            "edit_history_tweet_ids": [
                "1677586939183251457"
            ],
            "id": "1677586939183251457"
        },
        {
            "text": "👏👏 #Warzone #callofduty #Warcraft #game #gamephoto #inteldrops #CODNext #MWII  \nOriginal: ConstantSosig https://t.co/VCGtqhW6w0",
            "public_metrics": {
                "retweet_count": 0,
                "reply_count": 0,
                "like_count": 1,
                "quote_count": 0,
                "bookmark_count": 0,
                "impression_count": 22
            },
            "author_id": "1648982248383987712",
            "edit_history_tweet_ids": [
                "1677586770995871744"
            ],
            "id": "1677586770995871744"
        },
        {
            "text": "RT @SRuki_: ひさびさのランクたのち🤞🏻\n#mw2 #mw2023 #ModernWarfare2 #CallofDuty #CoD #ShareFactoryStudio #PS5Share https://t.co/2oXOjSfm7f",
            "public_metrics": {
                "retweet_count": 3,
                "reply_count": 0,
                "like_count": 0,
                "quote_count": 0,
                "bookmark_count": 0,
                "impression_count": 0
            },
            "entities": {
                "mentions": [
                    {
                        "start": 3,
                        "end": 10,
                        "username": "SRuki_",
                        "id": "1487087808808615938"
                    }
                ]
            },
            "author_id": "1011569847761686528",
            "edit_history_tweet_ids": [
                "1677586579634917376"
            ],
            "id": "1677586579634917376"
        },
        {
            "text": "RT @xDefiiantz: https://t.co/gME58ERh6F #live #dmz #steamer #twitch #mw2 @IAMWI3N3RS",
            "public_metrics": {
                "retweet_count": 1,
                "reply_count": 0,
                "like_count": 0,
                "quote_count": 0,
                "bookmark_count": 0,
                "impression_count": 0
            },
            "entities": {
                "mentions": [
                    {
                        "start": 3,
                        "end": 14,
                        "username": "xDefiiantz",
                        "id": "2542311512"
                    },
                    {
                        "start": 73,
                        "end": 84,
                        "username": "IAMWI3N3RS",
                        "id": "859136140783349764"
                    }
                ]
            },
            "author_id": "859136140783349764",
            "edit_history_tweet_ids": [
                "1677586575893446657"
            ],
            "id": "1677586575893446657"
        },
        {
            "text": "https://t.co/gME58ERh6F #live #dmz #steamer #twitch #mw2 @IAMWI3N3RS",
            "public_metrics": {
                "retweet_count": 1,
                "reply_count": 0,
                "like_count": 2,
                "quote_count": 0,
                "bookmark_count": 0,
                "impression_count": 70
            },
            "entities": {
                "mentions": [
                    {
                        "start": 57,
                        "end": 68,
                        "username": "IAMWI3N3RS",
                        "id": "859136140783349764"
                    }
                ]
            },
            "author_id": "2542311512",
            "edit_history_tweet_ids": [
                "1677586445937045504"
            ],
            "id": "1677586445937045504"
        },
        {
            "text": "RT @artimaaaeus: simon w/o trauma is prolly very flirtatious\n---\n#CallofDuty #MWII #MW2 #Ghost https://t.co/CELOykoKiU",
            "public_metrics": {
                "retweet_count": 518,
                "reply_count": 0,
                "like_count": 0,
                "quote_count": 0,
                "bookmark_count": 0,
                "impression_count": 0
            },
            "entities": {
                "mentions": [
                    {
                        "start": 3,
                        "end": 15,
                        "username": "artimaaaeus",
                        "id": "1021771255957995520"
                    }
                ]
            },
            "author_id": "1339687198204018688",
            "edit_history_tweet_ids": [
                "1677586349522599938"
            ],
            "id": "1677586349522599938"
        },
        {
            "text": "RT @Veradia_: FINALLY DREW PRICEE 🧡 #CallofDuty #MW2 https://t.co/HnvinBn6Ot",
            "public_metrics": {
                "retweet_count": 307,
                "reply_count": 0,
                "like_count": 0,
                "quote_count": 0,
                "bookmark_count": 0,
                "impression_count": 0
            },
            "entities": {
                "mentions": [
                    {
                        "start": 3,
                        "end": 12,
                        "username": "Veradia_",
                        "id": "4062382365"
                    }
                ]
            },
            "author_id": "1651688475526144000",
            "edit_history_tweet_ids": [
                "1677586323866099712"
            ],
            "id": "1677586323866099712"
        },
        {
            "text": "gameplay\n#Warzone2 #warzonemobile #Warzone #callofduty #PUBG \n.\n.\n.\n.\nhttps://t.co/7JQdXmrKTj\nhttps://t.co/7JQdXmrKTj\nhttps://t.co/7JQdXmrKTj\nhttps://t.co/7JQdXmrKTj",
            "public_metrics": {
                "retweet_count": 0,
                "reply_count": 0,
                "like_count": 1,
                "quote_count": 0,
                "bookmark_count": 0,
                "impression_count": 263
            },
            "author_id": "907532818695286786",
            "edit_history_tweet_ids": [
                "1677586119045545984"
            ],
            "id": "1677586119045545984"
        },
        {
            "text": "RT @lilindermile: Oh god he’s grooving #simonghostriley #mw2 #callofduty #ghostsoap https://t.co/1JxMCvCSow",
            "public_metrics": {
                "retweet_count": 796,
                "reply_count": 0,
                "like_count": 0,
                "quote_count": 0,
                "bookmark_count": 0,
                "impression_count": 0
            },
            "entities": {
                "mentions": [
                    {
                        "start": 3,
                        "end": 16,
                        "username": "lilindermile",
                        "id": "1410684041376976897"
                    }
                ]
            },
            "author_id": "1191555967210573825",
            "edit_history_tweet_ids": [
                "1677586038473248769"
            ],
            "id": "1677586038473248769"
        },
        {
            "text": "RT @BettyBRenders: Hola Papi 😏\n\n#Alejandro #alejandrovargas #ElPapi #AlejandroMW2 #MW2 #MWII #CallofDutyModernWarfare2 #CallofDuty https://…",
            "public_metrics": {
                "retweet_count": 155,
                "reply_count": 0,
                "like_count": 0,
                "quote_count": 0,
                "bookmark_count": 0,
                "impression_count": 0
            },
            "entities": {
                "mentions": [
                    {
                        "start": 3,
                        "end": 17,
                        "username": "BettyBRenders",
                        "id": "57432440"
                    }
                ]
            },
            "author_id": "1437463053151338501",
            "edit_history_tweet_ids": [
                "1677585998795116544"
            ],
            "id": "1677585998795116544"
        },
        {
            "text": "RT @Lictor_GD: #укррайт #укрфанфікшн #укрслеш #SoapGhost #GhostSoap #soapmactavish #SimonGhostRiley #ghostmw2 #soapmw2 #CallOfDuty #MW2 @uk…",
            "public_metrics": {
                "retweet_count": 6,
                "reply_count": 0,
                "like_count": 0,
                "quote_count": 0,
                "bookmark_count": 0,
                "impression_count": 0
            },
            "entities": {
                "mentions": [
                    {
                        "start": 3,
                        "end": 13,
                        "username": "Lictor_GD",
                        "id": "1456682221239218181"
                    }
                ]
            },
            "author_id": "1203810420034809858",
            "edit_history_tweet_ids": [
                "1677585794268004352"
            ],
            "id": "1677585794268004352"
        },
        {
            "text": "RT @Veradia_: FINALLY DREW PRICEE 🧡 #CallofDuty #MW2 https://t.co/HnvinBn6Ot",
            "public_metrics": {
                "retweet_count": 307,
                "reply_count": 0,
                "like_count": 0,
                "quote_count": 0,
                "bookmark_count": 0,
                "impression_count": 0
            },
            "entities": {
                "mentions": [
                    {
                        "start": 3,
                        "end": 12,
                        "username": "Veradia_",
                        "id": "4062382365"
                    }
                ]
            },
            "author_id": "1224330823383404544",
            "edit_history_tweet_ids": [
                "1677585793253269504"
            ],
            "id": "1677585793253269504"
        },
        {
            "text": "RT @lilindermile: Oh god he’s grooving #simonghostriley #mw2 #callofduty #ghostsoap https://t.co/1JxMCvCSow",
            "public_metrics": {
                "retweet_count": 796,
                "reply_count": 0,
                "like_count": 0,
                "quote_count": 0,
                "bookmark_count": 0,
                "impression_count": 0
            },
            "entities": {
                "mentions": [
                    {
                        "start": 3,
                        "end": 16,
                        "username": "lilindermile",
                        "id": "1410684041376976897"
                    }
                ]
            },
            "author_id": "1374806833827872773",
            "edit_history_tweet_ids": [
                "1677585735900069888"
            ],
            "id": "1677585735900069888"
        },
        {
            "text": "RT @Veradia_: FINALLY DREW PRICEE 🧡 #CallofDuty #MW2 https://t.co/HnvinBn6Ot",
            "public_metrics": {
                "retweet_count": 307,
                "reply_count": 0,
                "like_count": 0,
                "quote_count": 0,
                "bookmark_count": 0,
                "impression_count": 0
            },
            "entities": {
                "mentions": [
                    {
                        "start": 3,
                        "end": 12,
                        "username": "Veradia_",
                        "id": "4062382365"
                    }
                ]
            },
            "author_id": "1374806833827872773",
            "edit_history_tweet_ids": [
                "1677585723518484481"
            ],
            "id": "1677585723518484481"
        },
        {
            "text": "RT @BettyBRenders: Hola Papi 😏\n\n#Alejandro #alejandrovargas #ElPapi #AlejandroMW2 #MW2 #MWII #CallofDutyModernWarfare2 #CallofDuty https://…",
            "public_metrics": {
                "retweet_count": 155,
                "reply_count": 0,
                "like_count": 0,
                "quote_count": 0,
                "bookmark_count": 0,
                "impression_count": 0
            },
            "entities": {
                "mentions": [
                    {
                        "start": 3,
                        "end": 17,
                        "username": "BettyBRenders",
                        "id": "57432440"
                    }
                ]
            },
            "author_id": "1251360184728985605",
            "edit_history_tweet_ids": [
                "1677585368365907968"
            ],
            "id": "1677585368365907968"
        },
        {
            "text": "RT @artimaaaeus: simon w/o trauma is prolly very flirtatious\n---\n#CallofDuty #MWII #MW2 #Ghost https://t.co/CELOykoKiU",
            "public_metrics": {
                "retweet_count": 518,
                "reply_count": 0,
                "like_count": 0,
                "quote_count": 0,
                "bookmark_count": 0,
                "impression_count": 0
            },
            "entities": {
                "mentions": [
                    {
                        "start": 3,
                        "end": 15,
                        "username": "artimaaaeus",
                        "id": "1021771255957995520"
                    }
                ]
            },
            "author_id": "1454023642325659651",
            "edit_history_tweet_ids": [
                "1677585311579136000"
            ],
            "id": "1677585311579136000"
        },
        {
            "text": "RT @Veradia_: FINALLY DREW PRICEE 🧡 #CallofDuty #MW2 https://t.co/HnvinBn6Ot",
            "public_metrics": {
                "retweet_count": 307,
                "reply_count": 0,
                "like_count": 0,
                "quote_count": 0,
                "bookmark_count": 0,
                "impression_count": 0
            },
            "entities": {
                "mentions": [
                    {
                        "start": 3,
                        "end": 12,
                        "username": "Veradia_",
                        "id": "4062382365"
                    }
                ]
            },
            "author_id": "1200676600808923136",
            "edit_history_tweet_ids": [
                "1677585295837913089"
            ],
            "id": "1677585295837913089"
        },
        {
            "text": "RT @lilindermile: Oh god he’s grooving #simonghostriley #mw2 #callofduty #ghostsoap https://t.co/1JxMCvCSow",
            "public_metrics": {
                "retweet_count": 796,
                "reply_count": 0,
                "like_count": 0,
                "quote_count": 0,
                "bookmark_count": 0,
                "impression_count": 0
            },
            "entities": {
                "mentions": [
                    {
                        "start": 3,
                        "end": 16,
                        "username": "lilindermile",
                        "id": "1410684041376976897"
                    }
                ]
            },
            "author_id": "1226842834088497153",
            "edit_history_tweet_ids": [
                "1677585176837382145"
            ],
            "id": "1677585176837382145"
        },
        {
            "text": "RT @lilindermile: Oh god he’s grooving #simonghostriley #mw2 #callofduty #ghostsoap https://t.co/1JxMCvCSow",
            "public_metrics": {
                "retweet_count": 796,
                "reply_count": 0,
                "like_count": 0,
                "quote_count": 0,
                "bookmark_count": 0,
                "impression_count": 0
            },
            "entities": {
                "mentions": [
                    {
                        "start": 3,
                        "end": 16,
                        "username": "lilindermile",
                        "id": "1410684041376976897"
                    }
                ]
            },
            "author_id": "1288377279693783040",
            "edit_history_tweet_ids": [
                "1677585114644254721"
            ],
            "id": "1677585114644254721"
        },
        {
            "text": "RT @Veradia_: FINALLY DREW PRICEE 🧡 #CallofDuty #MW2 https://t.co/HnvinBn6Ot",
            "public_metrics": {
                "retweet_count": 307,
                "reply_count": 0,
                "like_count": 0,
                "quote_count": 0,
                "bookmark_count": 0,
                "impression_count": 0
            },
            "entities": {
                "mentions": [
                    {
                        "start": 3,
                        "end": 12,
                        "username": "Veradia_",
                        "id": "4062382365"
                    }
                ]
            },
            "author_id": "1129208348392546305",
            "edit_history_tweet_ids": [
                "1677585063775547394"
            ],
            "id": "1677585063775547394"
        },
        {
            "text": "RT @lilindermile: Oh god he’s grooving #simonghostriley #mw2 #callofduty #ghostsoap https://t.co/1JxMCvCSow",
            "public_metrics": {
                "retweet_count": 796,
                "reply_count": 0,
                "like_count": 0,
                "quote_count": 0,
                "bookmark_count": 0,
                "impression_count": 0
            },
            "entities": {
                "mentions": [
                    {
                        "start": 3,
                        "end": 16,
                        "username": "lilindermile",
                        "id": "1410684041376976897"
                    }
                ]
            },
            "author_id": "1161316415460134912",
            "edit_history_tweet_ids": [
                "1677584905805635586"
            ],
            "id": "1677584905805635586"
        },
        {
            "text": "RT @HellishDraws: Pride month may be over.. but that doesn’t stop me from feeding y’all trans Soap \n#GhostSoap #CallOfDuty #MW2 https://t.c…",
            "public_metrics": {
                "retweet_count": 347,
                "reply_count": 0,
                "like_count": 0,
                "quote_count": 0,
                "bookmark_count": 0,
                "impression_count": 0
            },
            "entities": {
                "mentions": [
                    {
                        "start": 3,
                        "end": 16,
                        "username": "HellishDraws",
                        "id": "1336527669161324544"
                    }
                ]
            },
            "author_id": "1339687198204018688",
            "edit_history_tweet_ids": [
                "1677584423313633281"
            ],
            "id": "1677584423313633281"
        },
        {
            "text": "RT @Veradia_: FINALLY DREW PRICEE 🧡 #CallofDuty #MW2 https://t.co/HnvinBn6Ot",
            "public_metrics": {
                "retweet_count": 307,
                "reply_count": 0,
                "like_count": 0,
                "quote_count": 0,
                "bookmark_count": 0,
                "impression_count": 0
            },
            "entities": {
                "mentions": [
                    {
                        "start": 3,
                        "end": 12,
                        "username": "Veradia_",
                        "id": "4062382365"
                    }
                ]
            },
            "author_id": "1339687198204018688",
            "edit_history_tweet_ids": [
                "1677584286931623937"
            ],
            "id": "1677584286931623937"
        },
        {
            "text": "RT @lilindermile: Oh god he’s grooving #simonghostriley #mw2 #callofduty #ghostsoap https://t.co/1JxMCvCSow",
            "public_metrics": {
                "retweet_count": 796,
                "reply_count": 0,
                "like_count": 0,
                "quote_count": 0,
                "bookmark_count": 0,
                "impression_count": 0
            },
            "entities": {
                "mentions": [
                    {
                        "start": 3,
                        "end": 16,
                        "username": "lilindermile",
                        "id": "1410684041376976897"
                    }
                ]
            },
            "author_id": "2419558861",
            "edit_history_tweet_ids": [
                "1677584169042595842"
            ],
            "id": "1677584169042595842"
        },
        {
            "text": "RT @lazaruskiller: decided to switch up the dynamic for once 🤭\n\n🌿\n\n#ghost #könig #simonriley #simonghostriley #konig #Koenigmw2 #ghostmw2 #…",
            "public_metrics": {
                "retweet_count": 107,
                "reply_count": 0,
                "like_count": 0,
                "quote_count": 0,
                "bookmark_count": 0,
                "impression_count": 0
            },
            "entities": {
                "mentions": [
                    {
                        "start": 3,
                        "end": 17,
                        "username": "lazaruskiller",
                        "id": "1046382023949127680"
                    }
                ]
            },
            "author_id": "1435786509655834626",
            "edit_history_tweet_ids": [
                "1677584167394222080"
            ],
            "id": "1677584167394222080"
        },
        {
            "text": "RT @lilindermile: Oh god he’s grooving #simonghostriley #mw2 #callofduty #ghostsoap https://t.co/1JxMCvCSow",
            "public_metrics": {
                "retweet_count": 796,
                "reply_count": 0,
                "like_count": 0,
                "quote_count": 0,
                "bookmark_count": 0,
                "impression_count": 0
            },
            "entities": {
                "mentions": [
                    {
                        "start": 3,
                        "end": 16,
                        "username": "lilindermile",
                        "id": "1410684041376976897"
                    }
                ]
            },
            "author_id": "1187670645598875648",
            "edit_history_tweet_ids": [
                "1677584154517721088"
            ],
            "id": "1677584154517721088"
        },
        {
            "text": "RT @BettyBRenders: Hola Papi 😏\n\n#Alejandro #alejandrovargas #ElPapi #AlejandroMW2 #MW2 #MWII #CallofDutyModernWarfare2 #CallofDuty https://…",
            "public_metrics": {
                "retweet_count": 155,
                "reply_count": 0,
                "like_count": 0,
                "quote_count": 0,
                "bookmark_count": 0,
                "impression_count": 0
            },
            "entities": {
                "mentions": [
                    {
                        "start": 3,
                        "end": 17,
                        "username": "BettyBRenders",
                        "id": "57432440"
                    }
                ]
            },
            "author_id": "1339687198204018688",
            "edit_history_tweet_ids": [
                "1677584118127685633"
            ],
            "id": "1677584118127685633"
        },
        {
            "text": "RT @artimaaaeus: simon w/o trauma is prolly very flirtatious\n---\n#CallofDuty #MWII #MW2 #Ghost https://t.co/CELOykoKiU",
            "public_metrics": {
                "retweet_count": 518,
                "reply_count": 0,
                "like_count": 0,
                "quote_count": 0,
                "bookmark_count": 0,
                "impression_count": 0
            },
            "entities": {
                "mentions": [
                    {
                        "start": 3,
                        "end": 15,
                        "username": "artimaaaeus",
                        "id": "1021771255957995520"
                    }
                ]
            },
            "author_id": "1248939533153992704",
            "edit_history_tweet_ids": [
                "1677584063878553600"
            ],
            "id": "1677584063878553600"
        },
        {
            "text": "#MW2　銃よりトンファの方キル取れるくらいにはトンファ強いわDMZは連携取れる仲間が居るからめっちゃ攻めれる\n\nhttps://t.co/teDKXtwE1n https://t.co/UFvDgE2fqE",
            "public_metrics": {
                "retweet_count": 0,
                "reply_count": 1,
                "like_count": 0,
                "quote_count": 0,
                "bookmark_count": 0,
                "impression_count": 199
            },
            "author_id": "1026366998362480641",
            "edit_history_tweet_ids": [
                "1677583862707417098"
            ],
            "id": "1677583862707417098"
        },
        {
            "text": "SEASON 4 *META* TOP LOADOUTS VONDEL\n\n#callofduty #warzone #warzone2 #shorts #warzoneloadout #vondelwarzone #toploadout #bestloadout #meta #season04 #codwarzone #warzone2loadouts #vondel #mw2 #activision https://t.co/k7sppdpTNd",
            "public_metrics": {
                "retweet_count": 0,
                "reply_count": 0,
                "like_count": 0,
                "quote_count": 0,
                "bookmark_count": 0,
                "impression_count": 319
            },
            "author_id": "1303351116688654337",
            "edit_history_tweet_ids": [
                "1677583839479349248"
            ],
            "id": "1677583839479349248"
        },
        {
            "text": "RT @lilindermile: Oh god he’s grooving #simonghostriley #mw2 #callofduty #ghostsoap https://t.co/1JxMCvCSow",
            "public_metrics": {
                "retweet_count": 796,
                "reply_count": 0,
                "like_count": 0,
                "quote_count": 0,
                "bookmark_count": 0,
                "impression_count": 0
            },
            "entities": {
                "mentions": [
                    {
                        "start": 3,
                        "end": 16,
                        "username": "lilindermile",
                        "id": "1410684041376976897"
                    }
                ]
            },
            "author_id": "449146233",
            "edit_history_tweet_ids": [
                "1677583762643734530"
            ],
            "id": "1677583762643734530"
        },
        {
            "text": "RT @lilindermile: Oh god he’s grooving #simonghostriley #mw2 #callofduty #ghostsoap https://t.co/1JxMCvCSow",
            "public_metrics": {
                "retweet_count": 796,
                "reply_count": 0,
                "like_count": 0,
                "quote_count": 0,
                "bookmark_count": 0,
                "impression_count": 0
            },
            "entities": {
                "mentions": [
                    {
                        "start": 3,
                        "end": 16,
                        "username": "lilindermile",
                        "id": "1410684041376976897"
                    }
                ]
            },
            "author_id": "3412188640",
            "edit_history_tweet_ids": [
                "1677583758017306624"
            ],
            "id": "1677583758017306624"
        },
        {
            "text": "RT @lilindermile: Oh god he’s grooving #simonghostriley #mw2 #callofduty #ghostsoap https://t.co/1JxMCvCSow",
            "public_metrics": {
                "retweet_count": 796,
                "reply_count": 0,
                "like_count": 0,
                "quote_count": 0,
                "bookmark_count": 0,
                "impression_count": 0
            },
            "entities": {
                "mentions": [
                    {
                        "start": 3,
                        "end": 16,
                        "username": "lilindermile",
                        "id": "1410684041376976897"
                    }
                ]
            },
            "author_id": "1567584423348170752",
            "edit_history_tweet_ids": [
                "1677583405586976771"
            ],
            "id": "1677583405586976771"
        },
        {
            "text": "RT @lilindermile: Oh god he’s grooving #simonghostriley #mw2 #callofduty #ghostsoap https://t.co/1JxMCvCSow",
            "public_metrics": {
                "retweet_count": 796,
                "reply_count": 0,
                "like_count": 0,
                "quote_count": 0,
                "bookmark_count": 0,
                "impression_count": 0
            },
            "entities": {
                "mentions": [
                    {
                        "start": 3,
                        "end": 16,
                        "username": "lilindermile",
                        "id": "1410684041376976897"
                    }
                ]
            },
            "author_id": "1266965965314506752",
            "edit_history_tweet_ids": [
                "1677583317070381057"
            ],
            "id": "1677583317070381057"
        },
        {
            "text": "RT @loneghostwolf88: one more render from the latest little render session with Ghost 💀\n#simonghostriley #CoDGhost #CallofDuty #3DRender #M…",
            "public_metrics": {
                "retweet_count": 278,
                "reply_count": 0,
                "like_count": 0,
                "quote_count": 0,
                "bookmark_count": 0,
                "impression_count": 0
            },
            "entities": {
                "mentions": [
                    {
                        "start": 3,
                        "end": 19,
                        "username": "loneghostwolf88",
                        "id": "1112278494682271747"
                    }
                ]
            },
            "author_id": "1639076184679133184",
            "edit_history_tweet_ids": [
                "1677583288117116928"
            ],
            "id": "1677583288117116928"
        },
        {
            "text": "RT @PlayCODMobile: 🗡️ Help Mythic Templar save Sophia in the Knight’s Crusade Mythic Drop!\n\n👉 Live now in the in-game store! https://t.co/9…",
            "public_metrics": {
                "retweet_count": 51,
                "reply_count": 0,
                "like_count": 0,
                "quote_count": 0,
                "bookmark_count": 0,
                "impression_count": 0
            },
            "entities": {
                "mentions": [
                    {
                        "start": 3,
                        "end": 17,
                        "username": "PlayCODMobile",
                        "id": "1166443278834659328"
                    }
                ]
            },
            "author_id": "1646431125663805440",
            "edit_history_tweet_ids": [
                "1677583183682912256"
            ],
            "id": "1677583183682912256"
        },
        {
            "text": "@Chadvh17_ @PlayCODMobile I suggest you message  (#jiji_recovery ) on Instagram his one of the meta Engineer he's an expert on getting issues related to yours completely resolved💯",
            "public_metrics": {
                "retweet_count": 0,
                "reply_count": 0,
                "like_count": 0,
                "quote_count": 0,
                "bookmark_count": 0,
                "impression_count": 8
            },
            "entities": {
                "mentions": [
                    {
                        "start": 0,
                        "end": 10,
                        "username": "Chadvh17_",
                        "id": "1637062225553752068"
                    },
                    {
                        "start": 11,
                        "end": 25,
                        "username": "PlayCODMobile",
                        "id": "1166443278834659328"
                    }
                ]
            },
            "author_id": "4818832210",
            "edit_history_tweet_ids": [
                "1677583172987502593"
            ],
            "id": "1677583172987502593"
        },
        {
            "text": "RT @artimaaaeus: simon w/o trauma is prolly very flirtatious\n---\n#CallofDuty #MWII #MW2 #Ghost https://t.co/CELOykoKiU",
            "public_metrics": {
                "retweet_count": 518,
                "reply_count": 0,
                "like_count": 0,
                "quote_count": 0,
                "bookmark_count": 0,
                "impression_count": 0
            },
            "entities": {
                "mentions": [
                    {
                        "start": 3,
                        "end": 15,
                        "username": "artimaaaeus",
                        "id": "1021771255957995520"
                    }
                ]
            },
            "author_id": "1612484355498057728",
            "edit_history_tweet_ids": [
                "1677583094172221440"
            ],
            "id": "1677583094172221440"
        },
        {
            "text": "RT @lilindermile: Oh god he’s grooving #simonghostriley #mw2 #callofduty #ghostsoap https://t.co/1JxMCvCSow",
            "public_metrics": {
                "retweet_count": 796,
                "reply_count": 0,
                "like_count": 0,
                "quote_count": 0,
                "bookmark_count": 0,
                "impression_count": 0
            },
            "entities": {
                "mentions": [
                    {
                        "start": 3,
                        "end": 16,
                        "username": "lilindermile",
                        "id": "1410684041376976897"
                    }
                ]
            },
            "author_id": "2328978614",
            "edit_history_tweet_ids": [
                "1677582875493908482"
            ],
            "id": "1677582875493908482"
        },
        {
            "text": "RT @lilindermile: Oh god he’s grooving #simonghostriley #mw2 #callofduty #ghostsoap https://t.co/1JxMCvCSow",
            "public_metrics": {
                "retweet_count": 796,
                "reply_count": 0,
                "like_count": 0,
                "quote_count": 0,
                "bookmark_count": 0,
                "impression_count": 0
            },
            "entities": {
                "mentions": [
                    {
                        "start": 3,
                        "end": 16,
                        "username": "lilindermile",
                        "id": "1410684041376976897"
                    }
                ]
            },
            "author_id": "859375811501072385",
            "edit_history_tweet_ids": [
                "1677582865549373441"
            ],
            "id": "1677582865549373441"
        },
        {
            "text": "RT @artimaaaeus: simon w/o trauma is prolly very flirtatious\n---\n#CallofDuty #MWII #MW2 #Ghost https://t.co/CELOykoKiU",
            "public_metrics": {
                "retweet_count": 518,
                "reply_count": 0,
                "like_count": 0,
                "quote_count": 0,
                "bookmark_count": 0,
                "impression_count": 0
            },
            "entities": {
                "mentions": [
                    {
                        "start": 3,
                        "end": 15,
                        "username": "artimaaaeus",
                        "id": "1021771255957995520"
                    }
                ]
            },
            "author_id": "1353441755304259585",
            "edit_history_tweet_ids": [
                "1677582553052528642"
            ],
            "id": "1677582553052528642"
        },
        {
            "text": "#укррайт #укрфанфікшн #укрслеш #SoapGhost #GhostSoap #soapmactavish #SimonGhostRiley #ghostmw2 #soapmw2 #CallOfDuty #MW2 @ukrfanficshn @ua_slash\n\nМісія продовжується і у літаку, і на землі, і учасникам обох бойових груп доводиться приймати непрості рішення, щоб досягти успіху ⬇️ https://t.co/WoO17wllic",
            "public_metrics": {
                "retweet_count": 6,
                "reply_count": 1,
                "like_count": 26,
                "quote_count": 1,
                "bookmark_count": 0,
                "impression_count": 1792
            },
            "entities": {
                "mentions": [
                    {
                        "start": 121,
                        "end": 134,
                        "username": "ukrfanficshn",
                        "id": "1507103401481490444"
                    },
                    {
                        "start": 135,
                        "end": 144,
                        "username": "ua_slash",
                        "id": "1651984700645203973"
                    }
                ]
            },
            "author_id": "1456682221239218181",
            "edit_history_tweet_ids": [
                "1677582516968980485"
            ],
            "id": "1677582516968980485"
        },
        {
            "text": "Check out Playing Ranked Call of Duty MW2/MWII!! Come Join Me! https://t.co/I5Qx9GCZC4 #CallOfDuty #MW2 #ModernWarfare2",
            "public_metrics": {
                "retweet_count": 0,
                "reply_count": 0,
                "like_count": 0,
                "quote_count": 0,
                "bookmark_count": 0,
                "impression_count": 14
            },
            "author_id": "1224539678944169984",
            "edit_history_tweet_ids": [
                "1677582479719383040"
            ],
            "id": "1677582479719383040"
        },
        {
            "text": "RT @lilindermile: Oh god he’s grooving #simonghostriley #mw2 #callofduty #ghostsoap https://t.co/1JxMCvCSow",
            "public_metrics": {
                "retweet_count": 796,
                "reply_count": 0,
                "like_count": 0,
                "quote_count": 0,
                "bookmark_count": 0,
                "impression_count": 0
            },
            "entities": {
                "mentions": [
                    {
                        "start": 3,
                        "end": 16,
                        "username": "lilindermile",
                        "id": "1410684041376976897"
                    }
                ]
            },
            "author_id": "1474029429752057868",
            "edit_history_tweet_ids": [
                "1677582431459717125"
            ],
            "id": "1677582431459717125"
        },
        {
            "text": "RT @Veradia_: FINALLY DREW PRICEE 🧡 #CallofDuty #MW2 https://t.co/HnvinBn6Ot",
            "public_metrics": {
                "retweet_count": 307,
                "reply_count": 0,
                "like_count": 0,
                "quote_count": 0,
                "bookmark_count": 0,
                "impression_count": 0
            },
            "entities": {
                "mentions": [
                    {
                        "start": 3,
                        "end": 12,
                        "username": "Veradia_",
                        "id": "4062382365"
                    }
                ]
            },
            "author_id": "1217774791156957185",
            "edit_history_tweet_ids": [
                "1677582421347147776"
            ],
            "id": "1677582421347147776"
        },
        {
            "text": "RT @artimaaaeus: simon w/o trauma is prolly very flirtatious\n---\n#CallofDuty #MWII #MW2 #Ghost https://t.co/CELOykoKiU",
            "public_metrics": {
                "retweet_count": 518,
                "reply_count": 0,
                "like_count": 0,
                "quote_count": 0,
                "bookmark_count": 0,
                "impression_count": 0
            },
            "entities": {
                "mentions": [
                    {
                        "start": 3,
                        "end": 15,
                        "username": "artimaaaeus",
                        "id": "1021771255957995520"
                    }
                ]
            },
            "author_id": "868156202785615874",
            "edit_history_tweet_ids": [
                "1677582239096270848"
            ],
            "id": "1677582239096270848"
        },
        {
            "text": "RT @lilindermile: Oh god he’s grooving #simonghostriley #mw2 #callofduty #ghostsoap https://t.co/1JxMCvCSow",
            "public_metrics": {
                "retweet_count": 796,
                "reply_count": 0,
                "like_count": 0,
                "quote_count": 0,
                "bookmark_count": 0,
                "impression_count": 0
            },
            "entities": {
                "mentions": [
                    {
                        "start": 3,
                        "end": 16,
                        "username": "lilindermile",
                        "id": "1410684041376976897"
                    }
                ]
            },
            "author_id": "1192756492614565890",
            "edit_history_tweet_ids": [
                "1677582093017296897"
            ],
            "id": "1677582093017296897"
        },
        {
            "text": "RT @lilindermile: Oh god he’s grooving #simonghostriley #mw2 #callofduty #ghostsoap https://t.co/1JxMCvCSow",
            "public_metrics": {
                "retweet_count": 796,
                "reply_count": 0,
                "like_count": 0,
                "quote_count": 0,
                "bookmark_count": 0,
                "impression_count": 0
            },
            "entities": {
                "mentions": [
                    {
                        "start": 3,
                        "end": 16,
                        "username": "lilindermile",
                        "id": "1410684041376976897"
                    }
                ]
            },
            "author_id": "1029211659649339392",
            "edit_history_tweet_ids": [
                "1677582044887392256"
            ],
            "id": "1677582044887392256"
        },
        {
            "text": "RT @lilindermile: Oh god he’s grooving #simonghostriley #mw2 #callofduty #ghostsoap https://t.co/1JxMCvCSow",
            "public_metrics": {
                "retweet_count": 796,
                "reply_count": 0,
                "like_count": 0,
                "quote_count": 0,
                "bookmark_count": 0,
                "impression_count": 0
            },
            "entities": {
                "mentions": [
                    {
                        "start": 3,
                        "end": 16,
                        "username": "lilindermile",
                        "id": "1410684041376976897"
                    }
                ]
            },
            "author_id": "1455690589568000001",
            "edit_history_tweet_ids": [
                "1677582007285719041"
            ],
            "id": "1677582007285719041"
        },
        {
            "text": "RT @Veradia_: FINALLY DREW PRICEE 🧡 #CallofDuty #MW2 https://t.co/HnvinBn6Ot",
            "public_metrics": {
                "retweet_count": 307,
                "reply_count": 0,
                "like_count": 0,
                "quote_count": 0,
                "bookmark_count": 0,
                "impression_count": 0
            },
            "entities": {
                "mentions": [
                    {
                        "start": 3,
                        "end": 12,
                        "username": "Veradia_",
                        "id": "4062382365"
                    }
                ]
            },
            "author_id": "1348598404750864390",
            "edit_history_tweet_ids": [
                "1677581957616795648"
            ],
            "id": "1677581957616795648"
        },
        {
            "text": "RT @lilindermile: Oh god he’s grooving #simonghostriley #mw2 #callofduty #ghostsoap https://t.co/1JxMCvCSow",
            "public_metrics": {
                "retweet_count": 796,
                "reply_count": 0,
                "like_count": 0,
                "quote_count": 0,
                "bookmark_count": 0,
                "impression_count": 0
            },
            "entities": {
                "mentions": [
                    {
                        "start": 3,
                        "end": 16,
                        "username": "lilindermile",
                        "id": "1410684041376976897"
                    }
                ]
            },
            "author_id": "1457535954030596096",
            "edit_history_tweet_ids": [
                "1677581806537957377"
            ],
            "id": "1677581806537957377"
        },
        {
            "text": "RT @lilindermile: Oh god he’s grooving #simonghostriley #mw2 #callofduty #ghostsoap https://t.co/1JxMCvCSow",
            "public_metrics": {
                "retweet_count": 796,
                "reply_count": 0,
                "like_count": 0,
                "quote_count": 0,
                "bookmark_count": 0,
                "impression_count": 0
            },
            "entities": {
                "mentions": [
                    {
                        "start": 3,
                        "end": 16,
                        "username": "lilindermile",
                        "id": "1410684041376976897"
                    }
                ]
            },
            "author_id": "1422340870842454020",
            "edit_history_tweet_ids": [
                "1677581522654863361"
            ],
            "id": "1677581522654863361"
        },
        {
            "text": "RT @BettyBRenders: Hola Papi 😏\n\n#Alejandro #alejandrovargas #ElPapi #AlejandroMW2 #MW2 #MWII #CallofDutyModernWarfare2 #CallofDuty https://…",
            "public_metrics": {
                "retweet_count": 155,
                "reply_count": 0,
                "like_count": 0,
                "quote_count": 0,
                "bookmark_count": 0,
                "impression_count": 0
            },
            "entities": {
                "mentions": [
                    {
                        "start": 3,
                        "end": 17,
                        "username": "BettyBRenders",
                        "id": "57432440"
                    }
                ]
            },
            "author_id": "1621531542802530305",
            "edit_history_tweet_ids": [
                "1677581508121436161"
            ],
            "id": "1677581508121436161"
        },
        {
            "text": "RT @Veradia_: FINALLY DREW PRICEE 🧡 #CallofDuty #MW2 https://t.co/HnvinBn6Ot",
            "public_metrics": {
                "retweet_count": 307,
                "reply_count": 0,
                "like_count": 0,
                "quote_count": 0,
                "bookmark_count": 0,
                "impression_count": 0
            },
            "entities": {
                "mentions": [
                    {
                        "start": 3,
                        "end": 12,
                        "username": "Veradia_",
                        "id": "4062382365"
                    }
                ]
            },
            "author_id": "1459770440893837312",
            "edit_history_tweet_ids": [
                "1677581463242375171"
            ],
            "id": "1677581463242375171"
        },
        {
            "text": "RT @artimaaaeus: simon w/o trauma is prolly very flirtatious\n---\n#CallofDuty #MWII #MW2 #Ghost https://t.co/CELOykoKiU",
            "public_metrics": {
                "retweet_count": 518,
                "reply_count": 0,
                "like_count": 0,
                "quote_count": 0,
                "bookmark_count": 0,
                "impression_count": 0
            },
            "entities": {
                "mentions": [
                    {
                        "start": 3,
                        "end": 15,
                        "username": "artimaaaeus",
                        "id": "1021771255957995520"
                    }
                ]
            },
            "author_id": "1432831659699838978",
            "edit_history_tweet_ids": [
                "1677581219616153601"
            ],
            "id": "1677581219616153601"
        },
        {
            "text": "RT @CallofDuty: 2XP is now live for 24 hours in Call of Duty #Warzone and #MWII 🔥🔥 https://t.co/4yFU9rgfxN",
            "public_metrics": {
                "retweet_count": 119,
                "reply_count": 0,
                "like_count": 0,
                "quote_count": 0,
                "bookmark_count": 0,
                "impression_count": 0
            },
            "entities": {
                "mentions": [
                    {
                        "start": 3,
                        "end": 14,
                        "username": "CallofDuty",
                        "id": "290097288"
                    }
                ]
            },
            "author_id": "1667103880172408832",
            "edit_history_tweet_ids": [
                "1677581218404245504"
            ],
            "id": "1677581218404245504"
        },
        {
            "text": "RT @BettyBRenders: Hola Papi 😏\n\n#Alejandro #alejandrovargas #ElPapi #AlejandroMW2 #MW2 #MWII #CallofDutyModernWarfare2 #CallofDuty https://…",
            "public_metrics": {
                "retweet_count": 155,
                "reply_count": 0,
                "like_count": 0,
                "quote_count": 0,
                "bookmark_count": 0,
                "impression_count": 0
            },
            "entities": {
                "mentions": [
                    {
                        "start": 3,
                        "end": 17,
                        "username": "BettyBRenders",
                        "id": "57432440"
                    }
                ]
            },
            "author_id": "850210544392953860",
            "edit_history_tweet_ids": [
                "1677581210141483010"
            ],
            "id": "1677581210141483010"
        },
        {
            "text": "RT @artimaaaeus: simon w/o trauma is prolly very flirtatious\n---\n#CallofDuty #MWII #MW2 #Ghost https://t.co/CELOykoKiU",
            "public_metrics": {
                "retweet_count": 518,
                "reply_count": 0,
                "like_count": 0,
                "quote_count": 0,
                "bookmark_count": 0,
                "impression_count": 0
            },
            "entities": {
                "mentions": [
                    {
                        "start": 3,
                        "end": 15,
                        "username": "artimaaaeus",
                        "id": "1021771255957995520"
                    }
                ]
            },
            "author_id": "1642534124375224321",
            "edit_history_tweet_ids": [
                "1677581190939721729"
            ],
            "id": "1677581190939721729"
        },
        {
            "text": "RT @Veradia_: FINALLY DREW PRICEE 🧡 #CallofDuty #MW2 https://t.co/HnvinBn6Ot",
            "public_metrics": {
                "retweet_count": 307,
                "reply_count": 0,
                "like_count": 0,
                "quote_count": 0,
                "bookmark_count": 0,
                "impression_count": 0
            },
            "entities": {
                "mentions": [
                    {
                        "start": 3,
                        "end": 12,
                        "username": "Veradia_",
                        "id": "4062382365"
                    }
                ]
            },
            "author_id": "1392533755554840578",
            "edit_history_tweet_ids": [
                "1677581177962520577"
            ],
            "id": "1677581177962520577"
        },
        {
            "text": "RT @loneghostwolf88: one more render from the latest little render session with Ghost 💀\n#simonghostriley #CoDGhost #CallofDuty #3DRender #M…",
            "public_metrics": {
                "retweet_count": 278,
                "reply_count": 0,
                "like_count": 0,
                "quote_count": 0,
                "bookmark_count": 0,
                "impression_count": 0
            },
            "entities": {
                "mentions": [
                    {
                        "start": 3,
                        "end": 19,
                        "username": "loneghostwolf88",
                        "id": "1112278494682271747"
                    }
                ]
            },
            "author_id": "1571348102325637120",
            "edit_history_tweet_ids": [
                "1677581154394972160"
            ],
            "id": "1677581154394972160"
        },
        {
            "text": "RT @lilindermile: Oh god he’s grooving #simonghostriley #mw2 #callofduty #ghostsoap https://t.co/1JxMCvCSow",
            "public_metrics": {
                "retweet_count": 796,
                "reply_count": 0,
                "like_count": 0,
                "quote_count": 0,
                "bookmark_count": 0,
                "impression_count": 0
            },
            "entities": {
                "mentions": [
                    {
                        "start": 3,
                        "end": 16,
                        "username": "lilindermile",
                        "id": "1410684041376976897"
                    }
                ]
            },
            "author_id": "1459186316089106432",
            "edit_history_tweet_ids": [
                "1677581118768582657"
            ],
            "id": "1677581118768582657"
        },
        {
            "text": "RT @lilindermile: Oh god he’s grooving #simonghostriley #mw2 #callofduty #ghostsoap https://t.co/1JxMCvCSow",
            "public_metrics": {
                "retweet_count": 796,
                "reply_count": 0,
                "like_count": 0,
                "quote_count": 0,
                "bookmark_count": 0,
                "impression_count": 0
            },
            "entities": {
                "mentions": [
                    {
                        "start": 3,
                        "end": 16,
                        "username": "lilindermile",
                        "id": "1410684041376976897"
                    }
                ]
            },
            "author_id": "1416922100133105669",
            "edit_history_tweet_ids": [
                "1677581073264570369"
            ],
            "id": "1677581073264570369"
        },
        {
            "text": "RT @loneghostwolf88: Alexa play Lady Gaga's - Alejandro \n\nFinally got my hands on Alejandro's model. Here a quick test render.\n\n#alejandrov…",
            "public_metrics": {
                "retweet_count": 73,
                "reply_count": 0,
                "like_count": 0,
                "quote_count": 0,
                "bookmark_count": 0,
                "impression_count": 0
            },
            "entities": {
                "mentions": [
                    {
                        "start": 3,
                        "end": 19,
                        "username": "loneghostwolf88",
                        "id": "1112278494682271747"
                    }
                ]
            },
            "author_id": "1392533755554840578",
            "edit_history_tweet_ids": [
                "1677580962291503105"
            ],
            "id": "1677580962291503105"
        },
        {
            "text": "RT @Veradia_: FINALLY DREW PRICEE 🧡 #CallofDuty #MW2 https://t.co/HnvinBn6Ot",
            "public_metrics": {
                "retweet_count": 307,
                "reply_count": 0,
                "like_count": 0,
                "quote_count": 0,
                "bookmark_count": 0,
                "impression_count": 0
            },
            "entities": {
                "mentions": [
                    {
                        "start": 3,
                        "end": 12,
                        "username": "Veradia_",
                        "id": "4062382365"
                    }
                ]
            },
            "author_id": "1615637256106135553",
            "edit_history_tweet_ids": [
                "1677580825791979520"
            ],
            "id": "1677580825791979520"
        },
        {
            "text": "RT @lilindermile: Oh god he’s grooving #simonghostriley #mw2 #callofduty #ghostsoap https://t.co/1JxMCvCSow",
            "public_metrics": {
                "retweet_count": 796,
                "reply_count": 0,
                "like_count": 0,
                "quote_count": 0,
                "bookmark_count": 0,
                "impression_count": 0
            },
            "entities": {
                "mentions": [
                    {
                        "start": 3,
                        "end": 16,
                        "username": "lilindermile",
                        "id": "1410684041376976897"
                    }
                ]
            },
            "author_id": "942915301284257792",
            "edit_history_tweet_ids": [
                "1677580791499624450"
            ],
            "id": "1677580791499624450"
        },
        {
            "text": "RT @artimaaaeus: simon w/o trauma is prolly very flirtatious\n---\n#CallofDuty #MWII #MW2 #Ghost https://t.co/CELOykoKiU",
            "public_metrics": {
                "retweet_count": 518,
                "reply_count": 0,
                "like_count": 0,
                "quote_count": 0,
                "bookmark_count": 0,
                "impression_count": 0
            },
            "entities": {
                "mentions": [
                    {
                        "start": 3,
                        "end": 15,
                        "username": "artimaaaeus",
                        "id": "1021771255957995520"
                    }
                ]
            },
            "author_id": "1665339204925292545",
            "edit_history_tweet_ids": [
                "1677580742145249286"
            ],
            "id": "1677580742145249286"
        },
        {
            "text": "ひさびさのランクたのち🤞🏻\n#mw2 #mw2023 #ModernWarfare2 #CallofDuty #CoD #ShareFactoryStudio #PS5Share https://t.co/2oXOjSfm7f",
            "public_metrics": {
                "retweet_count": 3,
                "reply_count": 0,
                "like_count": 19,
                "quote_count": 0,
                "bookmark_count": 0,
                "impression_count": 1163
            },
            "author_id": "1487087808808615938",
            "edit_history_tweet_ids": [
                "1677580415471874048"
            ],
            "id": "1677580415471874048"
        },
        {
            "text": "@EVILXJUG @PlayCODMobile W",
            "public_metrics": {
                "retweet_count": 0,
                "reply_count": 0,
                "like_count": 2,
                "quote_count": 0,
                "bookmark_count": 0,
                "impression_count": 83
            },
            "entities": {
                "mentions": [
                    {
                        "start": 0,
                        "end": 9,
                        "username": "EVILXJUG",
                        "id": "4064174596"
                    },
                    {
                        "start": 10,
                        "end": 24,
                        "username": "PlayCODMobile",
                        "id": "1166443278834659328"
                    }
                ]
            },
            "author_id": "1384153666064576518",
            "edit_history_tweet_ids": [
                "1677580325281488896"
            ],
            "id": "1677580325281488896"
        },
        {
            "text": "RT @Veradia_: FINALLY DREW PRICEE 🧡 #CallofDuty #MW2 https://t.co/HnvinBn6Ot",
            "public_metrics": {
                "retweet_count": 307,
                "reply_count": 0,
                "like_count": 0,
                "quote_count": 0,
                "bookmark_count": 0,
                "impression_count": 0
            },
            "entities": {
                "mentions": [
                    {
                        "start": 3,
                        "end": 12,
                        "username": "Veradia_",
                        "id": "4062382365"
                    }
                ]
            },
            "author_id": "1416922100133105669",
            "edit_history_tweet_ids": [
                "1677580324925210625"
            ],
            "id": "1677580324925210625"
        },
        {
            "text": "RT @lilindermile: Oh god he’s grooving #simonghostriley #mw2 #callofduty #ghostsoap https://t.co/1JxMCvCSow",
            "public_metrics": {
                "retweet_count": 796,
                "reply_count": 0,
                "like_count": 0,
                "quote_count": 0,
                "bookmark_count": 0,
                "impression_count": 0
            },
            "entities": {
                "mentions": [
                    {
                        "start": 3,
                        "end": 16,
                        "username": "lilindermile",
                        "id": "1410684041376976897"
                    }
                ]
            },
            "author_id": "1432831659699838978",
            "edit_history_tweet_ids": [
                "1677580304964255747"
            ],
            "id": "1677580304964255747"
        },
        {
            "text": "@Chadvh17_ @PlayCODMobile I was hacked couple weeks ago and the hacker changed all my password and email then a friend of mine recommend me to #jiji_recovey on instagram Who fix my account In just 30minutes \nYou can also message him for your account recovery.",
            "public_metrics": {
                "retweet_count": 0,
                "reply_count": 0,
                "like_count": 0,
                "quote_count": 0,
                "bookmark_count": 0,
                "impression_count": 9
            },
            "entities": {
                "mentions": [
                    {
                        "start": 0,
                        "end": 10,
                        "username": "Chadvh17_",
                        "id": "1637062225553752068"
                    },
                    {
                        "start": 11,
                        "end": 25,
                        "username": "PlayCODMobile",
                        "id": "1166443278834659328"
                    }
                ]
            },
            "author_id": "1677344532180922369",
            "edit_history_tweet_ids": [
                "1677580292947623936"
            ],
            "id": "1677580292947623936"
        },
        {
            "text": "RT @artimaaaeus: simon w/o trauma is prolly very flirtatious\n---\n#CallofDuty #MWII #MW2 #Ghost https://t.co/CELOykoKiU",
            "public_metrics": {
                "retweet_count": 518,
                "reply_count": 0,
                "like_count": 0,
                "quote_count": 0,
                "bookmark_count": 0,
                "impression_count": 0
            },
            "entities": {
                "mentions": [
                    {
                        "start": 3,
                        "end": 15,
                        "username": "artimaaaeus",
                        "id": "1021771255957995520"
                    }
                ]
            },
            "author_id": "219925206",
            "edit_history_tweet_ids": [
                "1677580169794686977"
            ],
            "id": "1677580169794686977"
        },
        {
            "text": "RT @artimaaaeus: simon w/o trauma is prolly very flirtatious\n---\n#CallofDuty #MWII #MW2 #Ghost https://t.co/CELOykoKiU",
            "public_metrics": {
                "retweet_count": 518,
                "reply_count": 0,
                "like_count": 0,
                "quote_count": 0,
                "bookmark_count": 0,
                "impression_count": 0
            },
            "entities": {
                "mentions": [
                    {
                        "start": 3,
                        "end": 15,
                        "username": "artimaaaeus",
                        "id": "1021771255957995520"
                    }
                ]
            },
            "author_id": "1635297773086973952",
            "edit_history_tweet_ids": [
                "1677580155605200896"
            ],
            "id": "1677580155605200896"
        },
        {
            "text": "RT @loneghostwolf88: Alexa play Lady Gaga's - Alejandro \n\nFinally got my hands on Alejandro's model. Here a quick test render.\n\n#alejandrov…",
            "public_metrics": {
                "retweet_count": 73,
                "reply_count": 0,
                "like_count": 0,
                "quote_count": 0,
                "bookmark_count": 0,
                "impression_count": 0
            },
            "entities": {
                "mentions": [
                    {
                        "start": 3,
                        "end": 19,
                        "username": "loneghostwolf88",
                        "id": "1112278494682271747"
                    }
                ]
            },
            "author_id": "1416922100133105669",
            "edit_history_tweet_ids": [
                "1677580154879770627"
            ],
            "id": "1677580154879770627"
        },
        {
            "text": "RT @artimaaaeus: simon w/o trauma is prolly very flirtatious\n---\n#CallofDuty #MWII #MW2 #Ghost https://t.co/CELOykoKiU",
            "public_metrics": {
                "retweet_count": 518,
                "reply_count": 0,
                "like_count": 0,
                "quote_count": 0,
                "bookmark_count": 0,
                "impression_count": 0
            },
            "entities": {
                "mentions": [
                    {
                        "start": 3,
                        "end": 15,
                        "username": "artimaaaeus",
                        "id": "1021771255957995520"
                    }
                ]
            },
            "author_id": "850210544392953860",
            "edit_history_tweet_ids": [
                "1677580138966573056"
            ],
            "id": "1677580138966573056"
        },
        {
            "text": "RT @artimaaaeus: simon w/o trauma is prolly very flirtatious\n---\n#CallofDuty #MWII #MW2 #Ghost https://t.co/CELOykoKiU",
            "public_metrics": {
                "retweet_count": 518,
                "reply_count": 0,
                "like_count": 0,
                "quote_count": 0,
                "bookmark_count": 0,
                "impression_count": 0
            },
            "entities": {
                "mentions": [
                    {
                        "start": 3,
                        "end": 15,
                        "username": "artimaaaeus",
                        "id": "1021771255957995520"
                    }
                ]
            },
            "author_id": "1547593863572795400",
            "edit_history_tweet_ids": [
                "1677580074047115265"
            ],
            "id": "1677580074047115265"
        },
        {
            "text": "RT @lilindermile: Oh god he’s grooving #simonghostriley #mw2 #callofduty #ghostsoap https://t.co/1JxMCvCSow",
            "public_metrics": {
                "retweet_count": 796,
                "reply_count": 0,
                "like_count": 0,
                "quote_count": 0,
                "bookmark_count": 0,
                "impression_count": 0
            },
            "entities": {
                "mentions": [
                    {
                        "start": 3,
                        "end": 16,
                        "username": "lilindermile",
                        "id": "1410684041376976897"
                    }
                ]
            },
            "author_id": "1662955398750691329",
            "edit_history_tweet_ids": [
                "1677580067596300293"
            ],
            "id": "1677580067596300293"
        },
        {
            "text": "RT @lilindermile: Oh god he’s grooving #simonghostriley #mw2 #callofduty #ghostsoap https://t.co/1JxMCvCSow",
            "public_metrics": {
                "retweet_count": 796,
                "reply_count": 0,
                "like_count": 0,
                "quote_count": 0,
                "bookmark_count": 0,
                "impression_count": 0
            },
            "entities": {
                "mentions": [
                    {
                        "start": 3,
                        "end": 16,
                        "username": "lilindermile",
                        "id": "1410684041376976897"
                    }
                ]
            },
            "author_id": "1462406274033733632",
            "edit_history_tweet_ids": [
                "1677579838440472577"
            ],
            "id": "1677579838440472577"
        }
    ],
    "includes": {
        "users": [
            {
                "id": "742607646",
                "name": "The OneeMarina💋",
                "username": "makumakiti032"
            },
            {
                "id": "1456682221239218181",
                "name": "🇺🇦бог кукурудзи Ах-Мун🇺🇦",
                "username": "Lictor_GD"
            },
            {
                "id": "1542169312018169856",
                "name": "きょろごん",
                "username": "MKyohei_1209"
            },
            {
                "id": "1410684041376976897",
                "name": "papa weenis 🔞",
                "username": "lilindermile"
            },
            {
                "id": "1336527669161324544",
                "name": "Hellish 🧼💀",
                "username": "HellishDraws"
            },
            {
                "id": "1526914059701985282",
                "name": "Kevin Garcia",
                "username": "KevinGa_59"
            },
            {
                "id": "1166443278834659328",
                "name": "Call of Duty: Mobile",
                "username": "PlayCODMobile"
            },
            {
                "id": "1112278494682271747",
                "name": "GhostWolf",
                "username": "loneghostwolf88"
            },
            {
                "id": "1071508661275688960",
                "name": "satans fresh hot tiddy milk",
                "username": "HotSatans"
            },
            {
                "id": "4062382365",
                "name": "Sara 💜",
                "username": "Veradia_"
            },
            {
                "id": "1021771255957995520",
                "name": "tim 🧢",
                "username": "artimaaaeus"
            },
            {
                "id": "1487087808808615938",
                "name": "SRuki",
                "username": "SRuki_"
            },
            {
                "id": "2542311512",
                "name": "xDef",
                "username": "xDefiiantz"
            },
            {
                "id": "859136140783349764",
                "name": "IAMWI3N3RS",
                "username": "IAMWI3N3RS"
            },
            {
                "id": "57432440",
                "name": "BettyBattaglia ✯ comms closed ✯",
                "username": "BettyBRenders"
            },
            {
                "id": "1046382023949127680",
                "name": "🔮Lazarus.",
                "username": "lazaruskiller"
            },
            {
                "id": "1637062225553752068",
                "name": "Chad",
                "username": "Chadvh17_"
            },
            {
                "id": "1507103401481490444",
                "name": "УкрРайт спільнота.",
                "username": "ukrfanficshn"
            },
            {
                "id": "1651984700645203973",
                "name": "Український Слеш",
                "username": "ua_slash"
            },
            {
                "id": "290097288",
                "name": "Call of Duty",
                "username": "CallofDuty"
            },
            {
                "id": "4064174596",
                "name": "EVILxJUG",
                "username": "EVILXJUG"
            }
        ]
    },
    "meta": {
        "newest_id": "1677588317238611973",
        "oldest_id": "1677579838440472577",
        "result_count": 100,
        "next_token": "b26v89c19zqg8o3fqkm0y0yicv9b4mvr4walq46rrq2rh"
    }
}