{
    "data": [
        {
            "id": "1677105055248396289",
            "edit_history_tweet_ids": [
                "1677105055248396289"
            ],
            "public_metrics": {
                "retweet_count": 0,
                "reply_count": 0,
                "like_count": 0,
                "quote_count": 0,
                "bookmark_count": 0,
                "impression_count": 34
            },
            "author_id": "3558766413",
            "text": "Call of Duty Mw2 Snd Streamer Hit's Insane Almost 1 Frame Flick No Scope with Sniper 🤯😱 #cod #gaming #mw2 #ModernWarfare2 #CallofDuty #anime https://t.co/0gLvjvTOrB"
        },
        {
            "id": "1677105001259302912",
            "edit_history_tweet_ids": [
                "1677105001259302912"
            ],
            "entities": {
                "mentions": [
                    {
                        "start": 3,
                        "end": 17,
                        "username": "lazaruskiller",
                        "id": "1046382023949127680"
                    }
                ]
            },
            "public_metrics": {
                "retweet_count": 26,
                "reply_count": 0,
                "like_count": 0,
                "quote_count": 0,
                "bookmark_count": 0,
                "impression_count": 0
            },
            "author_id": "1640482548001153031",
            "text": "RT @lazaruskiller: decided to switch up the dynamic for once 🤭\n\n🌿\n\n#ghost #könig #simonriley #simonghostriley #konig #Koenigmw2 #ghostmw2 #…"
        },
        {
            "id": "1677104923954102273",
            "edit_history_tweet_ids": [
                "1677104923954102273"
            ],
            "entities": {
                "mentions": [
                    {
                        "start": 3,
                        "end": 17,
                        "username": "H2Multiplayer",
                        "id": "1675432096733736962"
                    }
                ]
            },
            "public_metrics": {
                "retweet_count": 2,
                "reply_count": 0,
                "like_count": 0,
                "quote_count": 0,
                "bookmark_count": 0,
                "impression_count": 0
            },
            "author_id": "1320157806545326081",
            "text": "RT @H2Multiplayer: Our Modern Warfare 2 Multiplayer Remastered mod will not just be normal MW2 maps, but also the campaign remastered maps…"
        },
        {
            "id": "1677104853703614468",
            "edit_history_tweet_ids": [
                "1677104853703614468"
            ],
            "entities": {
                "mentions": [
                    {
                        "start": 3,
                        "end": 17,
                        "username": "H2Multiplayer",
                        "id": "1675432096733736962"
                    }
                ]
            },
            "public_metrics": {
                "retweet_count": 2,
                "reply_count": 0,
                "like_count": 0,
                "quote_count": 0,
                "bookmark_count": 0,
                "impression_count": 0
            },
            "author_id": "1320157806545326081",
            "text": "RT @H2Multiplayer: Our Call of Duty: Modern Warfare 2 Multiplayer Remastered Mod will hopefully release within the next few months! #callof…"
        },
        {
            "id": "1677104843930972161",
            "edit_history_tweet_ids": [
                "1677104843930972161"
            ],
            "entities": {
                "mentions": [
                    {
                        "start": 3,
                        "end": 17,
                        "username": "H2Multiplayer",
                        "id": "1675432096733736962"
                    }
                ]
            },
            "public_metrics": {
                "retweet_count": 4,
                "reply_count": 0,
                "like_count": 0,
                "quote_count": 0,
                "bookmark_count": 0,
                "impression_count": 0
            },
            "author_id": "1320157806545326081",
            "text": "RT @H2Multiplayer: Yes, this is from our MW2 Remastered Multiplayer Mod. I hope we can get the elevators working for it 👀\n#MW2 #ModernWarfa…"
        },
        {
            "id": "1677104449393774592",
            "edit_history_tweet_ids": [
                "1677104449393774592"
            ],
            "public_metrics": {
                "retweet_count": 0,
                "reply_count": 0,
                "like_count": 0,
                "quote_count": 0,
                "bookmark_count": 0,
                "impression_count": 21
            },
            "author_id": "481362832",
            "text": "#CallofDuty #Warzone2 #horror #vondel #ThreadsApp #threadsvstwitter https://t.co/5ZThqEyqtV"
        },
        {
            "id": "1677104027387977729",
            "edit_history_tweet_ids": [
                "1677104027387977729"
            ],
            "public_metrics": {
                "retweet_count": 0,
                "reply_count": 0,
                "like_count": 0,
                "quote_count": 0,
                "bookmark_count": 0,
                "impression_count": 11
            },
            "author_id": "1200946480464433153",
            "text": "Good teamwork with the nade. Third kid gets SLAMMED!!!! #CallOfDuty #MWII https://t.co/isbPR7aZ34"
        },
        {
            "id": "1677103485572243456",
            "edit_history_tweet_ids": [
                "1677103485572243456"
            ],
            "entities": {
                "mentions": [
                    {
                        "start": 3,
                        "end": 17,
                        "username": "makumakiti032",
                        "id": "742607646"
                    }
                ]
            },
            "public_metrics": {
                "retweet_count": 5,
                "reply_count": 0,
                "like_count": 0,
                "quote_count": 0,
                "bookmark_count": 0,
                "impression_count": 0
            },
            "author_id": "1412892715981836288",
            "text": "RT @makumakiti032: 【✅本日の最新動画💖📸YouTube限定👀】\nDMZ!ソロで無限にお金を増量💰もうお金に困らない💖偶然見つけた世界最速情報\n\nhttps://t.co/8cwZsjKrfq\n\nこれが本物のお金を増やす方法…。\n『無限』という言葉が相応しい動…"
        },
        {
            "id": "1677103380177752064",
            "edit_history_tweet_ids": [
                "1677103380177752064"
            ],
            "entities": {
                "mentions": [
                    {
                        "start": 0,
                        "end": 14,
                        "username": "PlayCODMobile",
                        "id": "1166443278834659328"
                    }
                ]
            },
            "public_metrics": {
                "retweet_count": 0,
                "reply_count": 0,
                "like_count": 0,
                "quote_count": 0,
                "bookmark_count": 0,
                "impression_count": 13
            },
            "author_id": "1190848731395977222",
            "text": "@PlayCODMobile Is optimization, changing some of Semi-Auto’s to like SVD, and even anti Cheat gonna be a thing?"
        },
        {
            "id": "1677103211050680321",
            "edit_history_tweet_ids": [
                "1677103211050680321"
            ],
            "public_metrics": {
                "retweet_count": 0,
                "reply_count": 0,
                "like_count": 0,
                "quote_count": 0,
                "bookmark_count": 0,
                "impression_count": 12
            },
            "author_id": "1200946480464433153",
            "text": "Probably should have taken the back alley heady. This was very early on in the year 🤷🏻‍♂️ #CallOfDuty #MWII https://t.co/9NoOyHJASn"
        },
        {
            "id": "1677103104976723968",
            "edit_history_tweet_ids": [
                "1677103104976723968"
            ],
            "entities": {
                "mentions": [
                    {
                        "start": 3,
                        "end": 19,
                        "username": "loneghostwolf88",
                        "id": "1112278494682271747"
                    }
                ]
            },
            "public_metrics": {
                "retweet_count": 68,
                "reply_count": 0,
                "like_count": 0,
                "quote_count": 0,
                "bookmark_count": 0,
                "impression_count": 0
            },
            "author_id": "1622311979506335754",
            "text": "RT @loneghostwolf88: 💀💞\n#simonghostriley #CoDGhost #CallofDuty #3DRender  #MWII https://t.co/QsZDciE6lE"
        },
        {
            "id": "1677103055286960129",
            "edit_history_tweet_ids": [
                "1677103055286960129"
            ],
            "entities": {
                "mentions": [
                    {
                        "start": 0,
                        "end": 15,
                        "username": "TheCassiniJohn",
                        "id": "1133358736771125249"
                    },
                    {
                        "start": 16,
                        "end": 30,
                        "username": "PlayCODMobile",
                        "id": "1166443278834659328"
                    }
                ]
            },
            "public_metrics": {
                "retweet_count": 0,
                "reply_count": 0,
                "like_count": 1,
                "quote_count": 0,
                "bookmark_count": 0,
                "impression_count": 17
            },
            "author_id": "1190848731395977222",
            "text": "@TheCassiniJohn @PlayCODMobile World of Warcraft’s Lich King"
        },
        {
            "id": "1677102942409871362",
            "edit_history_tweet_ids": [
                "1677102942409871362"
            ],
            "entities": {
                "mentions": [
                    {
                        "start": 3,
                        "end": 14,
                        "username": "CallofDuty",
                        "id": "290097288"
                    }
                ]
            },
            "public_metrics": {
                "retweet_count": 74,
                "reply_count": 0,
                "like_count": 0,
                "quote_count": 0,
                "bookmark_count": 0,
                "impression_count": 0
            },
            "author_id": "1641098892212342786",
            "text": "RT @CallofDuty: Plenty of action for every Operator 🔥 \n\nShoothouse, Showdown, and Kunstenaar District 24/7 and more in this week's #MWII Pl…"
        },
        {
            "id": "1677102736943337473",
            "edit_history_tweet_ids": [
                "1677102736943337473"
            ],
            "public_metrics": {
                "retweet_count": 0,
                "reply_count": 0,
                "like_count": 0,
                "quote_count": 0,
                "bookmark_count": 0,
                "impression_count": 41
            },
            "author_id": "34235457",
            "text": "Platinum #51 - Lockwood MK2\n\nUse this loadout on the Invasion playlist. \n\nThe Polyatomic grind starts now.\n\n#MWII   #ModernWarfare2       #MW2    #callofduty       #ModernWarfareII        #CallofDutyModernWarfareII https://t.co/cvCJlqkw6p"
        },
        {
            "id": "1677102593108058115",
            "edit_history_tweet_ids": [
                "1677102593108058115"
            ],
            "entities": {
                "mentions": [
                    {
                        "start": 35,
                        "end": 49,
                        "username": "PlayCODMobile",
                        "id": "1166443278834659328"
                    }
                ]
            },
            "public_metrics": {
                "retweet_count": 0,
                "reply_count": 1,
                "like_count": 0,
                "quote_count": 0,
                "bookmark_count": 0,
                "impression_count": 24
            },
            "author_id": "1512095039631106059",
            "text": "Pure trash cutting of all the time @PlayCODMobile 👍 https://t.co/6YM3yZTPYd"
        },
        {
            "id": "1677102218099449857",
            "edit_history_tweet_ids": [
                "1677102218099449857"
            ],
            "public_metrics": {
                "retweet_count": 0,
                "reply_count": 0,
                "like_count": 0,
                "quote_count": 0,
                "bookmark_count": 0,
                "impression_count": 12
            },
            "author_id": "1200946480464433153",
            "text": "Frying in the point!!!! #CallOfDuty #MWII https://t.co/RHTY5PSSZF"
        },
        {
            "id": "1677102148872445953",
            "edit_history_tweet_ids": [
                "1677102148872445953"
            ],
            "entities": {
                "mentions": [
                    {
                        "start": 59,
                        "end": 67,
                        "username": "ProoFJC",
                        "id": "58368604"
                    }
                ]
            },
            "public_metrics": {
                "retweet_count": 0,
                "reply_count": 0,
                "like_count": 0,
                "quote_count": 0,
                "bookmark_count": 0,
                "impression_count": 22
            },
            "author_id": "808465202358419457",
            "text": "NOBODY Is Beating ProoFy In A 1v1 During His Prime       .\n@ProoFJC \n#CDL2023 #CallofDuty #COD https://t.co/HVijmI1TdJ"
        },
        {
            "id": "1677102094841696256",
            "edit_history_tweet_ids": [
                "1677102094841696256"
            ],
            "entities": {
                "mentions": [
                    {
                        "start": 3,
                        "end": 12,
                        "username": "caroaart",
                        "id": "1225042134295810048"
                    }
                ]
            },
            "public_metrics": {
                "retweet_count": 188,
                "reply_count": 0,
                "like_count": 0,
                "quote_count": 0,
                "bookmark_count": 0,
                "impression_count": 0
            },
            "author_id": "1423667815077187587",
            "text": "RT @caroaart: ”Quiet, Prinzessin”\n#CallofDuty #König #Konig #MWII #MW2 https://t.co/hvRIP169AU"
        },
        {
            "id": "1677101934333812736",
            "edit_history_tweet_ids": [
                "1677101934333812736"
            ],
            "entities": {
                "mentions": [
                    {
                        "start": 85,
                        "end": 90,
                        "username": "Tfue",
                        "id": "2559865245"
                    }
                ]
            },
            "public_metrics": {
                "retweet_count": 0,
                "reply_count": 0,
                "like_count": 0,
                "quote_count": 0,
                "bookmark_count": 0,
                "impression_count": 24
            },
            "author_id": "1339641209111932928",
            "text": "Some Stream Highlights from last month!\n\nThanks for the support\n\nWanna help me grow? @Tfue \n#Warzone2 #CallofDuty #Fortnite #streamer #KickStreaming #KickStreamer #Folllow #twitchstreamer \nhttps://t.co/X5MOJZZAtm"
        },
        {
            "id": "1677101626765574144",
            "edit_history_tweet_ids": [
                "1677101626765574144"
            ],
            "public_metrics": {
                "retweet_count": 0,
                "reply_count": 0,
                "like_count": 0,
                "quote_count": 0,
                "bookmark_count": 0,
                "impression_count": 17
            },
            "author_id": "1200946480464433153",
            "text": "Taking tough fights thru the fence that DESTROYS your aim assist 😂🤷🏻‍♂️ #CallOfDuty #MWII https://t.co/X81DGKB2DE"
        },
        {
            "id": "1677101389946978304",
            "edit_history_tweet_ids": [
                "1677101389946978304"
            ],
            "entities": {
                "mentions": [
                    {
                        "start": 3,
                        "end": 13,
                        "username": "_Eidetic_",
                        "id": "3138155694"
                    }
                ]
            },
            "public_metrics": {
                "retweet_count": 5,
                "reply_count": 0,
                "like_count": 0,
                "quote_count": 0,
                "bookmark_count": 0,
                "impression_count": 0
            },
            "author_id": "971206584847106048",
            "text": "RT @_Eidetic_: 💀 finally broke out my sunset light 🤭💜\n#ghostcosplay #simonghostriley #simonriley #simonrileyghost #modernwarfare #modernwar…"
        },
        {
            "id": "1677101387707031553",
            "edit_history_tweet_ids": [
                "1677101387707031553"
            ],
            "entities": {
                "mentions": [
                    {
                        "start": 3,
                        "end": 19,
                        "username": "HoboWithSh0tgun",
                        "id": "407118314"
                    },
                    {
                        "start": 67,
                        "end": 80,
                        "username": "Tava_tavatic",
                        "id": "1008542800562946048"
                    }
                ]
            },
            "public_metrics": {
                "retweet_count": 39,
                "reply_count": 0,
                "like_count": 0,
                "quote_count": 0,
                "bookmark_count": 0,
                "impression_count": 0
            },
            "author_id": "2328978614",
            "text": "RT @HoboWithSh0tgun: - Now we're getting started!\n\nOriginal art by @Tava_tavatic\n\n#cod #CallofDuty #MWII #Konigmw2 #Konig #MW2 #CallofDutyM…"
        },
        {
            "id": "1677101343406952448",
            "edit_history_tweet_ids": [
                "1677101343406952448"
            ],
            "entities": {
                "mentions": [
                    {
                        "start": 3,
                        "end": 19,
                        "username": "somethin_sticky",
                        "id": "1668636633426477057"
                    }
                ]
            },
            "public_metrics": {
                "retweet_count": 3,
                "reply_count": 0,
                "like_count": 0,
                "quote_count": 0,
                "bookmark_count": 0,
                "impression_count": 0
            },
            "author_id": "1895889541",
            "text": "RT @somethin_sticky: Horangi watching König’s … “finishing move” 🥴\n#CallofDuty #CoD #könig #MW2 #mw2nsfw #nsfw #horangi https://t.co/CFxBBK…"
        },
        {
            "id": "1677101252981686272",
            "edit_history_tweet_ids": [
                "1677101252981686272"
            ],
            "public_metrics": {
                "retweet_count": 0,
                "reply_count": 0,
                "like_count": 0,
                "quote_count": 0,
                "bookmark_count": 0,
                "impression_count": 94
            },
            "author_id": "2959045650",
            "text": "Tap into your inner jaguar 🐆 \n\nThe Jaguar Bundle is out now in the #MWII &amp; #Warzone in-game shop. \n\nhttps://t.co/PL3G37V8ll"
        },
        {
            "id": "1677101118344642560",
            "edit_history_tweet_ids": [
                "1677101118344642560"
            ],
            "public_metrics": {
                "retweet_count": 0,
                "reply_count": 0,
                "like_count": 0,
                "quote_count": 0,
                "bookmark_count": 0,
                "impression_count": 14
            },
            "author_id": "1200946480464433153",
            "text": "Who remembers this nonsense?!?!?! Bagra control. Took very little skill. This was supposed to be ranked play 😂#CallOfDuty #MWII https://t.co/jpYztoia4B"
        },
        {
            "id": "1677100604819230720",
            "edit_history_tweet_ids": [
                "1677100604819230720"
            ],
            "entities": {
                "mentions": [
                    {
                        "start": 3,
                        "end": 17,
                        "username": "lazaruskiller",
                        "id": "1046382023949127680"
                    }
                ]
            },
            "public_metrics": {
                "retweet_count": 26,
                "reply_count": 0,
                "like_count": 0,
                "quote_count": 0,
                "bookmark_count": 0,
                "impression_count": 0
            },
            "author_id": "2328978614",
            "text": "RT @lazaruskiller: decided to switch up the dynamic for once 🤭\n\n🌿\n\n#ghost #könig #simonriley #simonghostriley #konig #Koenigmw2 #ghostmw2 #…"
        },
        {
            "id": "1677100418021687296",
            "edit_history_tweet_ids": [
                "1677100418021687296"
            ],
            "public_metrics": {
                "retweet_count": 0,
                "reply_count": 0,
                "like_count": 0,
                "quote_count": 0,
                "bookmark_count": 0,
                "impression_count": 7
            },
            "author_id": "1200946480464433153",
            "text": "Frying around P1 #CallOfDuty #MWII https://t.co/xBp49wziIT"
        },
        {
            "id": "1677100261188173828",
            "edit_history_tweet_ids": [
                "1677100261188173828"
            ],
            "entities": {
                "mentions": [
                    {
                        "start": 65,
                        "end": 73,
                        "username": "YouTube",
                        "id": "10228272"
                    }
                ]
            },
            "public_metrics": {
                "retweet_count": 0,
                "reply_count": 0,
                "like_count": 0,
                "quote_count": 0,
                "bookmark_count": 0,
                "impression_count": 2
            },
            "author_id": "1619093835451191296",
            "text": "Call of duty warzone2 gameplay &amp; https://t.co/YoS3wuDkyg via @YouTube"
        },
        {
            "id": "1677099957101248513",
            "edit_history_tweet_ids": [
                "1677099957101248513"
            ],
            "public_metrics": {
                "retweet_count": 0,
                "reply_count": 0,
                "like_count": 0,
                "quote_count": 0,
                "bookmark_count": 0,
                "impression_count": 9
            },
            "author_id": "1629874646941151240",
            "text": "Warzone2 is nothing but hit markers Activision is shit"
        },
        {
            "id": "1677099893478002688",
            "edit_history_tweet_ids": [
                "1677099893478002688"
            ],
            "entities": {
                "mentions": [
                    {
                        "start": 3,
                        "end": 13,
                        "username": "BuzWeaver",
                        "id": "6667522"
                    }
                ]
            },
            "public_metrics": {
                "retweet_count": 1,
                "reply_count": 0,
                "like_count": 0,
                "quote_count": 0,
                "bookmark_count": 0,
                "impression_count": 0
            },
            "author_id": "113814075",
            "text": "RT @BuzWeaver: Call of Duty Game Play. #DMZ #Vondel Season 4 Missions and Contracts. #MWII #CoDMW2 #Warzone2 #PCGaming #Xbox #Playstation -…"
        },
        {
            "id": "1677099863371128833",
            "edit_history_tweet_ids": [
                "1677099863371128833"
            ],
            "entities": {
                "mentions": [
                    {
                        "start": 3,
                        "end": 17,
                        "username": "lazaruskiller",
                        "id": "1046382023949127680"
                    }
                ]
            },
            "public_metrics": {
                "retweet_count": 26,
                "reply_count": 0,
                "like_count": 0,
                "quote_count": 0,
                "bookmark_count": 0,
                "impression_count": 0
            },
            "author_id": "1488017434284068867",
            "text": "RT @lazaruskiller: decided to switch up the dynamic for once 🤭\n\n🌿\n\n#ghost #könig #simonriley #simonghostriley #konig #Koenigmw2 #ghostmw2 #…"
        },
        {
            "id": "1677099707850448898",
            "edit_history_tweet_ids": [
                "1677099707850448898"
            ],
            "public_metrics": {
                "retweet_count": 0,
                "reply_count": 0,
                "like_count": 0,
                "quote_count": 0,
                "bookmark_count": 0,
                "impression_count": 12
            },
            "author_id": "1200946480464433153",
            "text": "Couldn’t quite save the B point 😞 #CallOfDuty #MWII https://t.co/0Gc20tAtHN"
        },
        {
            "id": "1677099704574959617",
            "edit_history_tweet_ids": [
                "1677099704574959617"
            ],
            "entities": {
                "mentions": [
                    {
                        "start": 3,
                        "end": 13,
                        "username": "BuzWeaver",
                        "id": "6667522"
                    }
                ]
            },
            "public_metrics": {
                "retweet_count": 1,
                "reply_count": 0,
                "like_count": 0,
                "quote_count": 0,
                "bookmark_count": 0,
                "impression_count": 0
            },
            "author_id": "113814075",
            "text": "RT @BuzWeaver: #DMZ Mega Bot Horde Rushing Us At Quarry. #MWII #CoDMW2 #Warzone2 #PCGaming #Xbox #Playstation #CoDClips #DMZClips -- https:…"
        },
        {
            "id": "1677099704067186692",
            "edit_history_tweet_ids": [
                "1677099704067186692"
            ],
            "public_metrics": {
                "retweet_count": 0,
                "reply_count": 0,
                "like_count": 0,
                "quote_count": 0,
                "bookmark_count": 0,
                "impression_count": 1
            },
            "author_id": "1464620611460866051",
            "text": "Is this you?? BE honest!!!\n\n#CallofDuty #teammate\n#funny #groupchat #memes #codclips #warzone #mw2 #ModernWarfare2\n#twitch #streamer \nCheck out UmDripnJuice's video! #TikTok https://t.co/Tc7dpmRwpt"
        },
        {
            "id": "1677099599717367810",
            "edit_history_tweet_ids": [
                "1677099599717367810"
            ],
            "entities": {
                "mentions": [
                    {
                        "start": 3,
                        "end": 13,
                        "username": "BuzWeaver",
                        "id": "6667522"
                    },
                    {
                        "start": 42,
                        "end": 53,
                        "username": "CallofDuty",
                        "id": "290097288"
                    },
                    {
                        "start": 54,
                        "end": 67,
                        "username": "InfinityWard",
                        "id": "18742444"
                    }
                ]
            },
            "public_metrics": {
                "retweet_count": 1,
                "reply_count": 0,
                "like_count": 0,
                "quote_count": 0,
                "bookmark_count": 0,
                "impression_count": 0
            },
            "author_id": "113814075",
            "text": "RT @BuzWeaver: Double Skulls All The Way! @CallofDuty @InfinityWard #MW2 #DMZ #PCGaming #Xbox #PlayStation #PS4 #PS5 #CoD https://t.co/Yoda…"
        },
        {
            "id": "1677099331764080643",
            "edit_history_tweet_ids": [
                "1677099331764080643"
            ],
            "entities": {
                "mentions": [
                    {
                        "start": 0,
                        "end": 11,
                        "username": "CallofDuty",
                        "id": "290097288"
                    }
                ]
            },
            "public_metrics": {
                "retweet_count": 0,
                "reply_count": 0,
                "like_count": 0,
                "quote_count": 0,
                "bookmark_count": 0,
                "impression_count": 38
            },
            "author_id": "3755301139",
            "text": "@CallofDuty will you sponsor me now? 😂😂 #mw2 #CODE #Veteran https://t.co/rbfpFlxJOq"
        },
        {
            "id": "1677099148225695744",
            "edit_history_tweet_ids": [
                "1677099148225695744"
            ],
            "entities": {
                "mentions": [
                    {
                        "start": 3,
                        "end": 19,
                        "username": "loneghostwolf88",
                        "id": "1112278494682271747"
                    }
                ]
            },
            "public_metrics": {
                "retweet_count": 68,
                "reply_count": 0,
                "like_count": 0,
                "quote_count": 0,
                "bookmark_count": 0,
                "impression_count": 0
            },
            "author_id": "2783287969",
            "text": "RT @loneghostwolf88: 💀💞\n#simonghostriley #CoDGhost #CallofDuty #3DRender  #MWII https://t.co/QsZDciE6lE"
        },
        {
            "id": "1677099091510063105",
            "edit_history_tweet_ids": [
                "1677099091510063105"
            ],
            "entities": {
                "mentions": [
                    {
                        "start": 3,
                        "end": 13,
                        "username": "CODLeague",
                        "id": "294198566"
                    }
                ]
            },
            "public_metrics": {
                "retweet_count": 54,
                "reply_count": 0,
                "like_count": 0,
                "quote_count": 0,
                "bookmark_count": 0,
                "impression_count": 0
            },
            "author_id": "749327437146624001",
            "text": "RT @CODLeague: #CDL2023\n\n▰▰▰▰▰▰▰▰▰▰ 100% https://t.co/LUgLoRHyTV"
        },
        {
            "id": "1677098888056930304",
            "edit_history_tweet_ids": [
                "1677098888056930304"
            ],
            "public_metrics": {
                "retweet_count": 0,
                "reply_count": 0,
                "like_count": 0,
                "quote_count": 0,
                "bookmark_count": 0,
                "impression_count": 6
            },
            "author_id": "1200946480464433153",
            "text": "Getting smoked in HP. Teammates are nowhere near the hill. Meanwhile I’m forced to try to break hills like this all game long 🤦🏻‍♂️ #CallOfDuty #MWII https://t.co/kgxqEmikfq"
        },
        {
            "id": "1677098085292408836",
            "edit_history_tweet_ids": [
                "1677098085292408836"
            ],
            "entities": {
                "mentions": [
                    {
                        "start": 3,
                        "end": 17,
                        "username": "makumakiti032",
                        "id": "742607646"
                    }
                ]
            },
            "public_metrics": {
                "retweet_count": 5,
                "reply_count": 0,
                "like_count": 0,
                "quote_count": 0,
                "bookmark_count": 0,
                "impression_count": 0
            },
            "author_id": "183868700",
            "text": "RT @makumakiti032: 【✅本日の最新動画💖📸YouTube限定👀】\nDMZ!ソロで無限にお金を増量💰もうお金に困らない💖偶然見つけた世界最速情報\n\nhttps://t.co/8cwZsjKrfq\n\nこれが本物のお金を増やす方法…。\n『無限』という言葉が相応しい動…"
        },
        {
            "id": "1677097754512830470",
            "edit_history_tweet_ids": [
                "1677097754512830470"
            ],
            "entities": {
                "mentions": [
                    {
                        "start": 3,
                        "end": 17,
                        "username": "BettyBRenders",
                        "id": "57432440"
                    }
                ]
            },
            "public_metrics": {
                "retweet_count": 295,
                "reply_count": 0,
                "like_count": 0,
                "quote_count": 0,
                "bookmark_count": 0,
                "impression_count": 0
            },
            "author_id": "1550377766255792128",
            "text": "RT @BettyBRenders: When you want to post and see #König D 1 C K but twitter says… noooooo! 🖕🏻\n\n#Koenig #KönigMW2 #MW2 #WMII #CallofDutyMode…"
        },
        {
            "id": "1677097066646978560",
            "edit_history_tweet_ids": [
                "1677097066646978560"
            ],
            "public_metrics": {
                "retweet_count": 0,
                "reply_count": 0,
                "like_count": 0,
                "quote_count": 0,
                "bookmark_count": 0,
                "impression_count": 12
            },
            "author_id": "1200946480464433153",
            "text": "Another wild ending to a control round. Ranked play. #CallOfDuty #MWII https://t.co/QYq98oRINL"
        },
        {
            "id": "1677096894902726656",
            "edit_history_tweet_ids": [
                "1677096894902726656"
            ],
            "entities": {
                "mentions": [
                    {
                        "start": 3,
                        "end": 17,
                        "username": "lazaruskiller",
                        "id": "1046382023949127680"
                    }
                ]
            },
            "public_metrics": {
                "retweet_count": 26,
                "reply_count": 0,
                "like_count": 0,
                "quote_count": 0,
                "bookmark_count": 0,
                "impression_count": 0
            },
            "author_id": "1373970949851209728",
            "text": "RT @lazaruskiller: decided to switch up the dynamic for once 🤭\n\n🌿\n\n#ghost #könig #simonriley #simonghostriley #konig #Koenigmw2 #ghostmw2 #…"
        },
        {
            "id": "1677096887919480832",
            "edit_history_tweet_ids": [
                "1677096887919480832"
            ],
            "entities": {
                "mentions": [
                    {
                        "start": 3,
                        "end": 19,
                        "username": "somethin_sticky",
                        "id": "1668636633426477057"
                    }
                ]
            },
            "public_metrics": {
                "retweet_count": 3,
                "reply_count": 0,
                "like_count": 0,
                "quote_count": 0,
                "bookmark_count": 0,
                "impression_count": 0
            },
            "author_id": "177615192",
            "text": "RT @somethin_sticky: Horangi watching König’s … “finishing move” 🥴\n#CallofDuty #CoD #könig #MW2 #mw2nsfw #nsfw #horangi https://t.co/CFxBBK…"
        },
        {
            "id": "1677096829844959232",
            "edit_history_tweet_ids": [
                "1677096829844959232"
            ],
            "public_metrics": {
                "retweet_count": 0,
                "reply_count": 0,
                "like_count": 0,
                "quote_count": 0,
                "bookmark_count": 0,
                "impression_count": 144
            },
            "author_id": "942849389164486659",
            "text": "Random question for my fellow CDL fans 🤔\n\nDo you use Instagram for CDL news or follow any CDL pages? #CDL2023"
        },
        {
            "id": "1677096794046464000",
            "edit_history_tweet_ids": [
                "1677096794046464000"
            ],
            "public_metrics": {
                "retweet_count": 0,
                "reply_count": 0,
                "like_count": 0,
                "quote_count": 0,
                "bookmark_count": 0,
                "impression_count": 0
            },
            "author_id": "14199030",
            "text": "Team up!! I'm now streaming on Twitch, YouTube and TikTok! Playing Modern Warfare 2 #PathtoAffiliate #MW2 #CallofDuty #CallofDutyWarzone #Vanguard #BattleRoyale #WarzonePacific #Streaming \nhttps://t.co/a36dbu8KtE"
        },
        {
            "id": "1677096677528813568",
            "edit_history_tweet_ids": [
                "1677096677528813568"
            ],
            "entities": {
                "mentions": [
                    {
                        "start": 0,
                        "end": 11,
                        "username": "Activision",
                        "id": "612782611"
                    }
                ]
            },
            "public_metrics": {
                "retweet_count": 0,
                "reply_count": 0,
                "like_count": 0,
                "quote_count": 0,
                "bookmark_count": 0,
                "impression_count": 15
            },
            "author_id": "1415724864191832068",
            "text": "@Activision Please fire the person who makes the decision of what maps and games modes we can play. #Warzone2"
        },
        {
            "id": "1677096506170691584",
            "edit_history_tweet_ids": [
                "1677096506170691584"
            ],
            "public_metrics": {
                "retweet_count": 0,
                "reply_count": 0,
                "like_count": 1,
                "quote_count": 0,
                "bookmark_count": 0,
                "impression_count": 140
            },
            "author_id": "956402256613552128",
            "text": "『COD:DMZ攻略』WZはISO45とラハマン556とKVとワンショット砂がメタ。アジア鯖だけKV使用率がかなり高そう。\nhttps://t.co/lgZJxSf6rL\n\n#COD #コールオブデューティ #callofduty #CODMW2 #MW2 #CoDMWII #DMZ #warzone2 #シーズン4 #コシチェイ #KV https://t.co/RW5nbUOMLL"
        },
        {
            "id": "1677096434137718784",
            "edit_history_tweet_ids": [
                "1677096434137718784"
            ],
            "entities": {
                "mentions": [
                    {
                        "start": 3,
                        "end": 17,
                        "username": "lazaruskiller",
                        "id": "1046382023949127680"
                    }
                ]
            },
            "public_metrics": {
                "retweet_count": 26,
                "reply_count": 0,
                "like_count": 0,
                "quote_count": 0,
                "bookmark_count": 0,
                "impression_count": 0
            },
            "author_id": "1619721033153662976",
            "text": "RT @lazaruskiller: decided to switch up the dynamic for once 🤭\n\n🌿\n\n#ghost #könig #simonriley #simonghostriley #konig #Koenigmw2 #ghostmw2 #…"
        },
        {
            "id": "1677096193338253313",
            "edit_history_tweet_ids": [
                "1677096193338253313"
            ],
            "public_metrics": {
                "retweet_count": 0,
                "reply_count": 0,
                "like_count": 0,
                "quote_count": 0,
                "bookmark_count": 0,
                "impression_count": 9
            },
            "author_id": "1200946480464433153",
            "text": "Absolute chaos at the end of this round!!! #CallOfDuty #MWII https://t.co/RQ9yuDjqfl"
        },
        {
            "id": "1677095990904356865",
            "edit_history_tweet_ids": [
                "1677095990904356865"
            ],
            "entities": {
                "mentions": [
                    {
                        "start": 0,
                        "end": 14,
                        "username": "PlayCODMobile",
                        "id": "1166443278834659328"
                    }
                ]
            },
            "public_metrics": {
                "retweet_count": 0,
                "reply_count": 0,
                "like_count": 0,
                "quote_count": 0,
                "bookmark_count": 0,
                "impression_count": 11
            },
            "author_id": "2331713954",
            "text": "@PlayCODMobile I have an issue with my game please. I need to speak with support"
        },
        {
            "id": "1677095499017363456",
            "edit_history_tweet_ids": [
                "1677095499017363456"
            ],
            "entities": {
                "mentions": [
                    {
                        "start": 26,
                        "end": 40,
                        "username": "PlayCODMobile",
                        "id": "1166443278834659328"
                    }
                ]
            },
            "public_metrics": {
                "retweet_count": 0,
                "reply_count": 0,
                "like_count": 0,
                "quote_count": 0,
                "bookmark_count": 0,
                "impression_count": 58
            },
            "author_id": "297831182",
            "text": "Why can't I get a game on @PlayCODMobile 😭😭😭😭😭"
        },
        {
            "id": "1677095176764833792",
            "edit_history_tweet_ids": [
                "1677095176764833792"
            ],
            "public_metrics": {
                "retweet_count": 0,
                "reply_count": 0,
                "like_count": 0,
                "quote_count": 0,
                "bookmark_count": 0,
                "impression_count": 9
            },
            "author_id": "1200946480464433153",
            "text": "Clutchin up in SnD!!!! Ranked play. #CallOfDuty #MWII https://t.co/ng7Yt3eLmX"
        },
        {
            "id": "1677095112206082049",
            "edit_history_tweet_ids": [
                "1677095112206082049"
            ],
            "public_metrics": {
                "retweet_count": 0,
                "reply_count": 0,
                "like_count": 0,
                "quote_count": 0,
                "bookmark_count": 0,
                "impression_count": 8
            },
            "author_id": "1396665556783271937",
            "text": "Live on Tiktok at 10PM EST tonight! Swing through for a bit I'd greatly appreciate it! Hang out and 😂 at some gameplay somewhere between 40 IQ and occasionally 2,000 IQ. #gaming #warzone2 #wz2 #callofduty\n\nhttps://t.co/sAWDnCsxYl"
        },
        {
            "id": "1677094951300235264",
            "edit_history_tweet_ids": [
                "1677094951300235264"
            ],
            "entities": {
                "mentions": [
                    {
                        "start": 3,
                        "end": 11,
                        "username": "Phixate",
                        "id": "1053833360"
                    }
                ]
            },
            "public_metrics": {
                "retweet_count": 2,
                "reply_count": 0,
                "like_count": 0,
                "quote_count": 0,
                "bookmark_count": 0,
                "impression_count": 0
            },
            "author_id": "1468707599243624452",
            "text": "RT @Phixate: DMZ • I'm Still Addicted to This Game\n#DMZ #Warzone2 \n\nhttps://t.co/miXZaadqe3 https://t.co/yViTfXpRYg"
        },
        {
            "id": "1677094598789693441",
            "edit_history_tweet_ids": [
                "1677094598789693441"
            ],
            "entities": {
                "mentions": [
                    {
                        "start": 11,
                        "end": 17,
                        "username": "830pm",
                        "id": "177728662"
                    }
                ]
            },
            "public_metrics": {
                "retweet_count": 0,
                "reply_count": 0,
                "like_count": 0,
                "quote_count": 0,
                "bookmark_count": 0,
                "impression_count": 16
            },
            "author_id": "1300160436973850627",
            "text": "Going live @830pm EST and after warmups, Ill be using viewer-chosen loadouts on Vondel! Lets get it, see you soon Beefies!\n#twitch #warzone2 #callofduty #Glytchfam #fps #gamer #dadbot #dadbod #imabot #gamerdad #streamer"
        },
        {
            "id": "1677094597388845056",
            "edit_history_tweet_ids": [
                "1677094597388845056"
            ],
            "entities": {
                "mentions": [
                    {
                        "start": 3,
                        "end": 15,
                        "username": "Fennec_2513",
                        "id": "1590147341973131264"
                    }
                ]
            },
            "public_metrics": {
                "retweet_count": 29,
                "reply_count": 0,
                "like_count": 0,
                "quote_count": 0,
                "bookmark_count": 0,
                "impression_count": 0
            },
            "author_id": "801742890",
            "text": "RT @Fennec_2513: Kithes 😘 #CallofDuty #MWII #GhostSoap #Ghoap https://t.co/aPhYV3MHPU"
        },
        {
            "id": "1677093977357418496",
            "edit_history_tweet_ids": [
                "1677093977357418496"
            ],
            "public_metrics": {
                "retweet_count": 0,
                "reply_count": 0,
                "like_count": 0,
                "quote_count": 0,
                "bookmark_count": 0,
                "impression_count": 8
            },
            "author_id": "1200946480464433153",
            "text": "Got ‘em in the blender EARLY. Bagra HP. Ranked. #CallOfDuty #MWII https://t.co/l6CfJqqvGQ"
        },
        {
            "id": "1677093817047224320",
            "edit_history_tweet_ids": [
                "1677093817047224320"
            ],
            "entities": {
                "mentions": [
                    {
                        "start": 3,
                        "end": 13,
                        "username": "CODLeague",
                        "id": "294198566"
                    }
                ]
            },
            "public_metrics": {
                "retweet_count": 54,
                "reply_count": 0,
                "like_count": 0,
                "quote_count": 0,
                "bookmark_count": 0,
                "impression_count": 0
            },
            "author_id": "2891038620",
            "text": "RT @CODLeague: #CDL2023\n\n▰▰▰▰▰▰▰▰▰▰ 100% https://t.co/LUgLoRHyTV"
        },
        {
            "id": "1677093642002141184",
            "edit_history_tweet_ids": [
                "1677093642002141184"
            ],
            "entities": {
                "mentions": [
                    {
                        "start": 3,
                        "end": 17,
                        "username": "makumakiti032",
                        "id": "742607646"
                    }
                ]
            },
            "public_metrics": {
                "retweet_count": 5,
                "reply_count": 0,
                "like_count": 0,
                "quote_count": 0,
                "bookmark_count": 0,
                "impression_count": 0
            },
            "author_id": "1596002626432221184",
            "text": "RT @makumakiti032: 【✅本日の最新動画💖📸YouTube限定👀】\nDMZ!ソロで無限にお金を増量💰もうお金に困らない💖偶然見つけた世界最速情報\n\nhttps://t.co/8cwZsjKrfq\n\nこれが本物のお金を増やす方法…。\n『無限』という言葉が相応しい動…"
        },
        {
            "id": "1677093059677372416",
            "edit_history_tweet_ids": [
                "1677093059677372416"
            ],
            "entities": {
                "mentions": [
                    {
                        "start": 0,
                        "end": 13,
                        "username": "CallofDutyES",
                        "id": "1100081706172858372"
                    }
                ]
            },
            "public_metrics": {
                "retweet_count": 0,
                "reply_count": 0,
                "like_count": 0,
                "quote_count": 0,
                "bookmark_count": 0,
                "impression_count": 2
            },
            "author_id": "514006338",
            "text": "@CallofDutyES Call of Duty MW2 (Te tengo un regalo / I have a gift for you) #CallOfDuty #ModernWarfare2 #COD #MW2 #Multiplayer #Multijugador https://t.co/rKwiiWtYgn"
        },
        {
            "id": "1677093039859220480",
            "edit_history_tweet_ids": [
                "1677093039859220480"
            ],
            "public_metrics": {
                "retweet_count": 0,
                "reply_count": 0,
                "like_count": 0,
                "quote_count": 0,
                "bookmark_count": 0,
                "impression_count": 10
            },
            "author_id": "1200946480464433153",
            "text": "GETTING 4 ON ROTATION!!!! Ranked play. #CallOfDuty #MWII https://t.co/30WJmG3nPU"
        },
        {
            "id": "1677092936939458561",
            "edit_history_tweet_ids": [
                "1677092936939458561"
            ],
            "entities": {
                "mentions": [
                    {
                        "start": 0,
                        "end": 11,
                        "username": "CallofDuty",
                        "id": "290097288"
                    }
                ]
            },
            "public_metrics": {
                "retweet_count": 0,
                "reply_count": 0,
                "like_count": 0,
                "quote_count": 0,
                "bookmark_count": 0,
                "impression_count": 2
            },
            "author_id": "514006338",
            "text": "@CallofDuty Call of Duty MW2 (Te tengo un regalo / I have a gift for you) #CallOfDuty #ModernWarfare2 #COD #MW2 #Multiplayer #Multijugador https://t.co/rKwiiWtYgn"
        },
        {
            "id": "1677092897307475969",
            "edit_history_tweet_ids": [
                "1677092897307475969"
            ],
            "entities": {
                "mentions": [
                    {
                        "start": 3,
                        "end": 16,
                        "username": "Pastel_Bratz",
                        "id": "1150579861372768257"
                    }
                ]
            },
            "public_metrics": {
                "retweet_count": 1,
                "reply_count": 0,
                "like_count": 0,
                "quote_count": 0,
                "bookmark_count": 0,
                "impression_count": 0
            },
            "author_id": "696770355726262273",
            "withheld": {
                "copyright": false,
                "country_codes": [
                    "ID"
                ]
            },
            "text": "RT @Pastel_Bratz: as a smol gurl with a sniper I felt accomplished lol #mw2 #ModernWarfare2 #CallofDutyModernWarfare2 #callofduty #rankedpl…"
        },
        {
            "id": "1677092761231581184",
            "edit_history_tweet_ids": [
                "1677092761231581184"
            ],
            "public_metrics": {
                "retweet_count": 0,
                "reply_count": 0,
                "like_count": 0,
                "quote_count": 0,
                "bookmark_count": 0,
                "impression_count": 12
            },
            "author_id": "1665691862722543617",
            "text": "🔴LIVE - CaptClandestine - VONDEL RESURGENCE - ROAD TO 100 SUBS https://t.co/5BAcBnbfyv\n\n#ModernWarfare2 #CallofDuty\n#MW2"
        },
        {
            "id": "1677092359895433219",
            "edit_history_tweet_ids": [
                "1677092359895433219"
            ],
            "entities": {
                "mentions": [
                    {
                        "start": 3,
                        "end": 19,
                        "username": "HoboWithSh0tgun",
                        "id": "407118314"
                    },
                    {
                        "start": 67,
                        "end": 80,
                        "username": "Tava_tavatic",
                        "id": "1008542800562946048"
                    }
                ]
            },
            "public_metrics": {
                "retweet_count": 39,
                "reply_count": 0,
                "like_count": 0,
                "quote_count": 0,
                "bookmark_count": 0,
                "impression_count": 0
            },
            "author_id": "1462668771655659525",
            "text": "RT @HoboWithSh0tgun: - Now we're getting started!\n\nOriginal art by @Tava_tavatic\n\n#cod #CallofDuty #MWII #Konigmw2 #Konig #MW2 #CallofDutyM…"
        },
        {
            "id": "1677092063421112320",
            "edit_history_tweet_ids": [
                "1677092063421112320"
            ],
            "public_metrics": {
                "retweet_count": 0,
                "reply_count": 0,
                "like_count": 0,
                "quote_count": 0,
                "bookmark_count": 0,
                "impression_count": 8
            },
            "author_id": "1200946480464433153",
            "text": "Things got sketchy at the very end of this round. I put the nail in the coffin tho!!!! #CallOfDuty #MWII https://t.co/mHUFx0Bu0f"
        },
        {
            "id": "1677092013404045313",
            "edit_history_tweet_ids": [
                "1677092013404045313"
            ],
            "entities": {
                "mentions": [
                    {
                        "start": 12,
                        "end": 26,
                        "username": "KickStreaming",
                        "id": "1579314486137458695"
                    },
                    {
                        "start": 182,
                        "end": 196,
                        "username": "Trainwreckstv",
                        "id": "3256068152"
                    },
                    {
                        "start": 197,
                        "end": 208,
                        "username": "StakeEddie",
                        "id": "1140458581088538624"
                    }
                ]
            },
            "public_metrics": {
                "retweet_count": 0,
                "reply_count": 0,
                "like_count": 0,
                "quote_count": 0,
                "bookmark_count": 0,
                "impression_count": 22
            },
            "author_id": "1191170971249590273",
            "text": "LIVE NOW ON @KickStreaming✅ \n\nK I C K . C O M / I N S P I T H\n\nhttps://t.co/NEQHoE2Nyx\n\n#warzone #warzone2 #ashikaisland #mw2 #callofduty #gaming #streamer #streamerthings #inspith\n\n@Trainwreckstv @StakeEddie https://t.co/gk4QP2DSIY"
        },
        {
            "id": "1677091901734780931",
            "edit_history_tweet_ids": [
                "1677091901734780931"
            ],
            "entities": {
                "mentions": [
                    {
                        "start": 190,
                        "end": 201,
                        "username": "CallofDuty",
                        "id": "290097288"
                    }
                ]
            },
            "public_metrics": {
                "retweet_count": 0,
                "reply_count": 0,
                "like_count": 0,
                "quote_count": 0,
                "bookmark_count": 0,
                "impression_count": 11
            },
            "author_id": "761560908485238785",
            "text": "Já está difícil ganhar ponto com o ping alto e quando ganho não conta, estava na partida fiquei top 5 minha equipe eliminada criquei pra sair e a pontuação simplesmente não contou #Warzone2 @CallofDuty #Warzone"
        },
        {
            "id": "1677091860278308864",
            "edit_history_tweet_ids": [
                "1677091860278308864"
            ],
            "entities": {
                "mentions": [
                    {
                        "start": 3,
                        "end": 17,
                        "username": "lazaruskiller",
                        "id": "1046382023949127680"
                    }
                ]
            },
            "public_metrics": {
                "retweet_count": 26,
                "reply_count": 0,
                "like_count": 0,
                "quote_count": 0,
                "bookmark_count": 0,
                "impression_count": 0
            },
            "author_id": "1617505926004490240",
            "text": "RT @lazaruskiller: decided to switch up the dynamic for once 🤭\n\n🌿\n\n#ghost #könig #simonriley #simonghostriley #konig #Koenigmw2 #ghostmw2 #…"
        },
        {
            "id": "1677091644586303488",
            "edit_history_tweet_ids": [
                "1677091644586303488"
            ],
            "entities": {
                "mentions": [
                    {
                        "start": 3,
                        "end": 19,
                        "username": "loneghostwolf88",
                        "id": "1112278494682271747"
                    }
                ]
            },
            "public_metrics": {
                "retweet_count": 68,
                "reply_count": 0,
                "like_count": 0,
                "quote_count": 0,
                "bookmark_count": 0,
                "impression_count": 0
            },
            "author_id": "1246455816552509445",
            "text": "RT @loneghostwolf88: 💀💞\n#simonghostriley #CoDGhost #CallofDuty #3DRender  #MWII https://t.co/QsZDciE6lE"
        },
        {
            "id": "1677091383432323073",
            "edit_history_tweet_ids": [
                "1677091383432323073"
            ],
            "public_metrics": {
                "retweet_count": 0,
                "reply_count": 0,
                "like_count": 1,
                "quote_count": 0,
                "bookmark_count": 0,
                "impression_count": 8
            },
            "author_id": "838862820116606976",
            "text": "#warzone #warzone2 #win #victory #resurgence #videogame #videogames #funny #pro #mlg #esports #activision #cod #callofduty #modernwarfare #modernwarfare2 #mw2 #wz #wz2 #clips #gamingclips #vod #gaming #massiveresurgence #helicopter #chopper #method #strategy #easy"
        },
        {
            "id": "1677090999435251712",
            "edit_history_tweet_ids": [
                "1677090999435251712"
            ],
            "public_metrics": {
                "retweet_count": 0,
                "reply_count": 0,
                "like_count": 0,
                "quote_count": 0,
                "bookmark_count": 0,
                "impression_count": 10
            },
            "author_id": "1200946480464433153",
            "text": "Doing EVERYTHING I can to secure the W on P2. Bagra HP. Ranked. #CallOfDuty #MWII https://t.co/51u19crQmN"
        },
        {
            "id": "1677090898826645504",
            "edit_history_tweet_ids": [
                "1677090898826645504"
            ],
            "entities": {
                "mentions": [
                    {
                        "start": 3,
                        "end": 19,
                        "username": "HoboWithSh0tgun",
                        "id": "407118314"
                    },
                    {
                        "start": 67,
                        "end": 80,
                        "username": "Tava_tavatic",
                        "id": "1008542800562946048"
                    }
                ]
            },
            "public_metrics": {
                "retweet_count": 39,
                "reply_count": 0,
                "like_count": 0,
                "quote_count": 0,
                "bookmark_count": 0,
                "impression_count": 0
            },
            "author_id": "1468524891087736836",
            "text": "RT @HoboWithSh0tgun: - Now we're getting started!\n\nOriginal art by @Tava_tavatic\n\n#cod #CallofDuty #MWII #Konigmw2 #Konig #MW2 #CallofDutyM…"
        },
        {
            "id": "1677090853976932353",
            "edit_history_tweet_ids": [
                "1677090853976932353"
            ],
            "public_metrics": {
                "retweet_count": 0,
                "reply_count": 0,
                "like_count": 0,
                "quote_count": 0,
                "bookmark_count": 0,
                "impression_count": 108
            },
            "author_id": "1605352492455276545",
            "text": "New Weekly Event \"Laugh it Up\" play any BR playlist to earn points\n\n#WarzoneMobile #Callofdutymobile #CoDMobile #Warzone2 #MWII #DMZ #CallofDuty #Activision #Farlight84 #PUBGMOBILE #Fornite #MobileGame #ApexLedgends https://t.co/F057bU6gXc"
        },
        {
            "id": "1677090671138856960",
            "edit_history_tweet_ids": [
                "1677090671138856960"
            ],
            "entities": {
                "mentions": [
                    {
                        "start": 3,
                        "end": 13,
                        "username": "_Eidetic_",
                        "id": "3138155694"
                    }
                ]
            },
            "public_metrics": {
                "retweet_count": 5,
                "reply_count": 0,
                "like_count": 0,
                "quote_count": 0,
                "bookmark_count": 0,
                "impression_count": 0
            },
            "author_id": "913649558118215681",
            "text": "RT @_Eidetic_: We ll show them all\n#konig #konigmw2 #konigcod #konigcosplay #cod #callofduty #mw2 #modernwarfare #modernwarfare2 #fyp #cods…"
        },
        {
            "id": "1677090066680754176",
            "edit_history_tweet_ids": [
                "1677090066680754176"
            ],
            "entities": {
                "mentions": [
                    {
                        "start": 0,
                        "end": 14,
                        "username": "PlayCODMobile",
                        "id": "1166443278834659328"
                    }
                ]
            },
            "public_metrics": {
                "retweet_count": 0,
                "reply_count": 0,
                "like_count": 0,
                "quote_count": 0,
                "bookmark_count": 0,
                "impression_count": 11
            },
            "author_id": "1656657551352811520",
            "text": "@PlayCODMobile Please when are we having the mythic skin draw"
        },
        {
            "id": "1677089909553676288",
            "edit_history_tweet_ids": [
                "1677089909553676288"
            ],
            "public_metrics": {
                "retweet_count": 0,
                "reply_count": 0,
                "like_count": 0,
                "quote_count": 0,
                "bookmark_count": 0,
                "impression_count": 7
            },
            "author_id": "268051854",
            "text": "https://t.co/rh1oG1CuuP #Warzone2 #CallofDuty"
        },
        {
            "id": "1677089802498211840",
            "edit_history_tweet_ids": [
                "1677089802498211840"
            ],
            "entities": {
                "mentions": [
                    {
                        "start": 0,
                        "end": 13,
                        "username": "IDEncrypted0",
                        "id": "1283813522875572224"
                    },
                    {
                        "start": 14,
                        "end": 28,
                        "username": "TheGhostOfMW3",
                        "id": "1460052008128417799"
                    }
                ]
            },
            "public_metrics": {
                "retweet_count": 0,
                "reply_count": 0,
                "like_count": 3,
                "quote_count": 0,
                "bookmark_count": 0,
                "impression_count": 157
            },
            "author_id": "241638034",
            "text": "@IDEncrypted0 @TheGhostOfMW3 It was originally mw2 dlc and someone at Activision decided let’s slap mw3 on it. Not even lying. It’s shady af."
        },
        {
            "id": "1677089725591502855",
            "edit_history_tweet_ids": [
                "1677089725591502855"
            ],
            "entities": {
                "mentions": [
                    {
                        "start": 3,
                        "end": 19,
                        "username": "loneghostwolf88",
                        "id": "1112278494682271747"
                    }
                ]
            },
            "public_metrics": {
                "retweet_count": 68,
                "reply_count": 0,
                "like_count": 0,
                "quote_count": 0,
                "bookmark_count": 0,
                "impression_count": 0
            },
            "author_id": "1351062129969942529",
            "text": "RT @loneghostwolf88: 💀💞\n#simonghostriley #CoDGhost #CallofDuty #3DRender  #MWII https://t.co/QsZDciE6lE"
        },
        {
            "id": "1677089713239228416",
            "edit_history_tweet_ids": [
                "1677089713239228416"
            ],
            "public_metrics": {
                "retweet_count": 0,
                "reply_count": 0,
                "like_count": 0,
                "quote_count": 0,
                "bookmark_count": 0,
                "impression_count": 6
            },
            "author_id": "1200946480464433153",
            "text": "Clearing the point!!!! Almost got bad timing with my equipment and lining up the jump. Breenbergh control. Ranked. #CallOfDuty #MWII https://t.co/uVU7wMl23r"
        },
        {
            "id": "1677089668075061248",
            "edit_history_tweet_ids": [
                "1677089668075061248"
            ],
            "entities": {
                "mentions": [
                    {
                        "start": 22,
                        "end": 36,
                        "username": "RavenSoftware",
                        "id": "19136295"
                    }
                ]
            },
            "public_metrics": {
                "retweet_count": 0,
                "reply_count": 0,
                "like_count": 0,
                "quote_count": 0,
                "bookmark_count": 0,
                "impression_count": 5
            },
            "author_id": "948314056397656065",
            "text": "#CallofDuty\n#Warzone2\n@RavenSoftware\nhttps://t.co/ztAQcEk5fe"
        },
        {
            "id": "1677089426629853185",
            "edit_history_tweet_ids": [
                "1677089426629853185"
            ],
            "public_metrics": {
                "retweet_count": 0,
                "reply_count": 0,
                "like_count": 4,
                "quote_count": 1,
                "bookmark_count": 0,
                "impression_count": 204
            },
            "author_id": "1214198042854715392",
            "text": "Did you see that Quick Scope 😳\n\n#apex #apexlegends #warzone #lgbt #trending #news #toy #callofduty #pokemon #fashion #car #viral #truck #metaverse #stream #mw2 #fortnite #cat #kids #tiktok #live #pets #love #dogs #Memes #goals #nhl #disney #motivation #streaming https://t.co/WzYkifpJFn"
        },
        {
            "id": "1677089357499633665",
            "edit_history_tweet_ids": [
                "1677089357499633665"
            ],
            "entities": {
                "mentions": [
                    {
                        "start": 3,
                        "end": 18,
                        "username": "KommandoKawaii",
                        "id": "1350927743974842372"
                    }
                ]
            },
            "public_metrics": {
                "retweet_count": 10,
                "reply_count": 0,
                "like_count": 0,
                "quote_count": 0,
                "bookmark_count": 0,
                "impression_count": 0
            },
            "author_id": "1616358613232279553",
            "text": "RT @KommandoKawaii: #Patchwork style - Konig &amp; Gromsko plushies from #CallOfDuty #Warzone #Warzone2 🌸🧵\n\n#Cute #Kawaii #Plush #Plushies #CoD…"
        },
        {
            "id": "1677089242898374656",
            "edit_history_tweet_ids": [
                "1677089242898374656"
            ],
            "entities": {
                "mentions": [
                    {
                        "start": 3,
                        "end": 13,
                        "username": "CODLeague",
                        "id": "294198566"
                    }
                ]
            },
            "public_metrics": {
                "retweet_count": 54,
                "reply_count": 0,
                "like_count": 0,
                "quote_count": 0,
                "bookmark_count": 0,
                "impression_count": 0
            },
            "author_id": "1631488122541293568",
            "text": "RT @CODLeague: #CDL2023\n\n▰▰▰▰▰▰▰▰▰▰ 100% https://t.co/LUgLoRHyTV"
        },
        {
            "id": "1677089154612469760",
            "edit_history_tweet_ids": [
                "1677089154612469760"
            ],
            "public_metrics": {
                "retweet_count": 0,
                "reply_count": 0,
                "like_count": 0,
                "quote_count": 0,
                "bookmark_count": 0,
                "impression_count": 8
            },
            "author_id": "723532208179404800",
            "text": "Even though the gameplay remains incredibly fun, #CallOfDuty #COD is not in a good place for a lot of reasons. #VideoGames #CODMW2 #Warzone2\n\n https://t.co/uS8hn02zWo"
        },
        {
            "id": "1677089031736406017",
            "edit_history_tweet_ids": [
                "1677089031736406017"
            ],
            "entities": {
                "mentions": [
                    {
                        "start": 3,
                        "end": 19,
                        "username": "loneghostwolf88",
                        "id": "1112278494682271747"
                    }
                ]
            },
            "public_metrics": {
                "retweet_count": 68,
                "reply_count": 0,
                "like_count": 0,
                "quote_count": 0,
                "bookmark_count": 0,
                "impression_count": 0
            },
            "author_id": "564053609",
            "text": "RT @loneghostwolf88: 💀💞\n#simonghostriley #CoDGhost #CallofDuty #3DRender  #MWII https://t.co/QsZDciE6lE"
        },
        {
            "id": "1677088913238683650",
            "edit_history_tweet_ids": [
                "1677088913238683650"
            ],
            "entities": {
                "mentions": [
                    {
                        "start": 3,
                        "end": 16,
                        "username": "LTGaming1996",
                        "id": "1487540988319084549"
                    },
                    {
                        "start": 43,
                        "end": 54,
                        "username": "CallofDuty",
                        "id": "290097288"
                    },
                    {
                        "start": 55,
                        "end": 68,
                        "username": "CallofDutyUK",
                        "id": "704650838"
                    },
                    {
                        "start": 69,
                        "end": 83,
                        "username": "ModernWarzone",
                        "id": "1228824019987726338"
                    },
                    {
                        "start": 84,
                        "end": 96,
                        "username": "CallMyHorse",
                        "id": "1069460708771938309"
                    },
                    {
                        "start": 97,
                        "end": 109,
                        "username": "Real_ITSJAY",
                        "id": "1408726795722051585"
                    },
                    {
                        "start": 110,
                        "end": 118,
                        "username": "ZdawgYT",
                        "id": "936063102671572992"
                    },
                    {
                        "start": 119,
                        "end": 134,
                        "username": "KiltedKiller29",
                        "id": "1455255125598081037"
                    }
                ]
            },
            "public_metrics": {
                "retweet_count": 2,
                "reply_count": 0,
                "like_count": 0,
                "quote_count": 0,
                "bookmark_count": 0,
                "impression_count": 0
            },
            "author_id": "1069460708771938309",
            "text": "RT @LTGaming1996: https://t.co/CDKp6gi9xJ\n\n@CallofDuty @CallofDutyUK @ModernWarzone @CallMyHorse @Real_ITSJAY @ZdawgYT @KiltedKiller29 @kic…"
        },
        {
            "id": "1677088879269101570",
            "edit_history_tweet_ids": [
                "1677088879269101570"
            ],
            "public_metrics": {
                "retweet_count": 0,
                "reply_count": 0,
                "like_count": 0,
                "quote_count": 0,
                "bookmark_count": 0,
                "impression_count": 8
            },
            "author_id": "1200946480464433153",
            "text": "Don’t worry, I’ll clear the point!!!! Teammate contested for me, so that was cool. Himmelmatt control. Ranked. #CallOfDuty #MWII https://t.co/EjdekbomiI"
        },
        {
            "id": "1677088820582293505",
            "edit_history_tweet_ids": [
                "1677088820582293505"
            ],
            "entities": {
                "mentions": [
                    {
                        "start": 3,
                        "end": 14,
                        "username": "CallofDuty",
                        "id": "290097288"
                    }
                ]
            },
            "public_metrics": {
                "retweet_count": 60,
                "reply_count": 0,
                "like_count": 0,
                "quote_count": 0,
                "bookmark_count": 0,
                "impression_count": 0
            },
            "author_id": "781913539799818240",
            "text": "RT @CallofDuty: Grab the squad for 24 hours of 2XP action 🤝\n\nEarn Double Player XP from July 7 (10 AM PT) - July 8 (10 AM PT) in Call of Du…"
        },
        {
            "id": "1677088800554598403",
            "edit_history_tweet_ids": [
                "1677088800554598403"
            ],
            "entities": {
                "mentions": [
                    {
                        "start": 3,
                        "end": 17,
                        "username": "Mr_Clasher_YT",
                        "id": "2398763586"
                    },
                    {
                        "start": 29,
                        "end": 43,
                        "username": "PlayCODMobile",
                        "id": "1166443278834659328"
                    },
                    {
                        "start": 52,
                        "end": 62,
                        "username": "trovolive",
                        "id": "1256321951494107137"
                    }
                ]
            },
            "public_metrics": {
                "retweet_count": 2,
                "reply_count": 0,
                "like_count": 0,
                "quote_count": 0,
                "bookmark_count": 0,
                "impression_count": 0
            },
            "author_id": "1464959761",
            "text": "RT @Mr_Clasher_YT: Streaming @PlayCODMobile live on @trovolive PLATINUM PUSH WITH BIG ELIXIR BOXES ALL NIGHT https://t.co/9Z4PH2gGG5 💯💯💯 #C…"
        },
        {
            "id": "1677088642911592450",
            "edit_history_tweet_ids": [
                "1677088642911592450"
            ],
            "entities": {
                "mentions": [
                    {
                        "start": 0,
                        "end": 10,
                        "username": "Ramboo_sR",
                        "id": "1015088738"
                    },
                    {
                        "start": 11,
                        "end": 25,
                        "username": "PlayCODMobile",
                        "id": "1166443278834659328"
                    }
                ]
            },
            "public_metrics": {
                "retweet_count": 0,
                "reply_count": 0,
                "like_count": 0,
                "quote_count": 0,
                "bookmark_count": 0,
                "impression_count": 14
            },
            "author_id": "959579447086206976",
            "text": "@Ramboo_sR @PlayCODMobile Bro 54k cp 😳 https://t.co/LlOMjCBAPx"
        },
        {
            "id": "1677088635034673152",
            "edit_history_tweet_ids": [
                "1677088635034673152"
            ],
            "entities": {
                "mentions": [
                    {
                        "start": 3,
                        "end": 17,
                        "username": "Mr_Clasher_YT",
                        "id": "2398763586"
                    },
                    {
                        "start": 29,
                        "end": 43,
                        "username": "PlayCODMobile",
                        "id": "1166443278834659328"
                    },
                    {
                        "start": 52,
                        "end": 62,
                        "username": "trovolive",
                        "id": "1256321951494107137"
                    }
                ]
            },
            "public_metrics": {
                "retweet_count": 2,
                "reply_count": 0,
                "like_count": 0,
                "quote_count": 0,
                "bookmark_count": 0,
                "impression_count": 0
            },
            "author_id": "2398763586",
            "text": "RT @Mr_Clasher_YT: Streaming @PlayCODMobile live on @trovolive PLATINUM PUSH WITH BIG ELIXIR BOXES ALL NIGHT https://t.co/9Z4PH2gGG5 💯💯💯 #C…"
        },
        {
            "id": "1677088617833848833",
            "edit_history_tweet_ids": [
                "1677088617833848833"
            ],
            "entities": {
                "mentions": [
                    {
                        "start": 10,
                        "end": 24,
                        "username": "PlayCODMobile",
                        "id": "1166443278834659328"
                    },
                    {
                        "start": 33,
                        "end": 43,
                        "username": "trovolive",
                        "id": "1256321951494107137"
                    }
                ]
            },
            "public_metrics": {
                "retweet_count": 2,
                "reply_count": 0,
                "like_count": 2,
                "quote_count": 0,
                "bookmark_count": 0,
                "impression_count": 55
            },
            "author_id": "2398763586",
            "text": "Streaming @PlayCODMobile live on @trovolive PLATINUM PUSH WITH BIG ELIXIR BOXES ALL NIGHT https://t.co/9Z4PH2gGG5 💯💯💯 #CallofDutyMobile #CODMobile #CallofDuty #COD #Trovo"
        },
        {
            "id": "1677088567388954630",
            "edit_history_tweet_ids": [
                "1677088567388954630"
            ],
            "entities": {
                "mentions": [
                    {
                        "start": 3,
                        "end": 17,
                        "username": "PlayCODMobile",
                        "id": "1166443278834659328"
                    }
                ]
            },
            "public_metrics": {
                "retweet_count": 45,
                "reply_count": 0,
                "like_count": 0,
                "quote_count": 0,
                "bookmark_count": 0,
                "impression_count": 0
            },
            "author_id": "100069476",
            "text": "RT @PlayCODMobile: 🗡️Season 6: Templar's Oath goes live on 7/5 at 5PM PT and you don't want to miss it!🙅‍♂️ https://t.co/evzKSQEud3"
        },
        {
            "id": "1677088537492041731",
            "edit_history_tweet_ids": [
                "1677088537492041731"
            ],
            "public_metrics": {
                "retweet_count": 3,
                "reply_count": 0,
                "like_count": 13,
                "quote_count": 0,
                "bookmark_count": 0,
                "impression_count": 123
            },
            "author_id": "1668636633426477057",
            "text": "Horangi watching König’s … “finishing move” 🥴\n#CallofDuty #CoD #könig #MW2 #mw2nsfw #nsfw #horangi https://t.co/CFxBBK0A9X"
        },
        {
            "id": "1677088471121293319",
            "edit_history_tweet_ids": [
                "1677088471121293319"
            ],
            "entities": {
                "mentions": [
                    {
                        "start": 3,
                        "end": 17,
                        "username": "PlayCODMobile",
                        "id": "1166443278834659328"
                    }
                ]
            },
            "public_metrics": {
                "retweet_count": 59,
                "reply_count": 0,
                "like_count": 0,
                "quote_count": 0,
                "bookmark_count": 0,
                "impression_count": 0
            },
            "author_id": "100069476",
            "text": "RT @PlayCODMobile: 🗡️ Season 6 is live now!\n\n📲 Hop in-game to explore all the new Season 6 content! https://t.co/zSztufO7nZ"
        },
        {
            "id": "1677088344587530242",
            "edit_history_tweet_ids": [
                "1677088344587530242"
            ],
            "public_metrics": {
                "retweet_count": 0,
                "reply_count": 0,
                "like_count": 0,
                "quote_count": 0,
                "bookmark_count": 0,
                "impression_count": 9
            },
            "author_id": "1200946480464433153",
            "text": "Solid opening break. Ranked. Bagra HP. Thank god the sniper missed 🤷🏻‍♂️😂 #CallOfDuty #MWII https://t.co/bWH1N5suaZ"
        },
        {
            "id": "1677088323272159302",
            "edit_history_tweet_ids": [
                "1677088323272159302"
            ],
            "entities": {
                "mentions": [
                    {
                        "start": 0,
                        "end": 14,
                        "username": "AbyssGoingAlt",
                        "id": "1598883010220285955"
                    },
                    {
                        "start": 15,
                        "end": 29,
                        "username": "PlayCODMobile",
                        "id": "1166443278834659328"
                    }
                ]
            },
            "public_metrics": {
                "retweet_count": 0,
                "reply_count": 0,
                "like_count": 0,
                "quote_count": 0,
                "bookmark_count": 0,
                "impression_count": 2
            },
            "author_id": "1662160184674746369",
            "text": "@AbyssGoingAlt @PlayCODMobile Shadow return battle pass from back in the days"
        },
        {
            "id": "1677088313654558721",
            "edit_history_tweet_ids": [
                "1677088313654558721"
            ],
            "entities": {
                "mentions": [
                    {
                        "start": 3,
                        "end": 17,
                        "username": "Mr_Clasher_YT",
                        "id": "2398763586"
                    },
                    {
                        "start": 29,
                        "end": 43,
                        "username": "PlayCODMobile",
                        "id": "1166443278834659328"
                    },
                    {
                        "start": 52,
                        "end": 62,
                        "username": "trovolive",
                        "id": "1256321951494107137"
                    }
                ]
            },
            "public_metrics": {
                "retweet_count": 1,
                "reply_count": 0,
                "like_count": 0,
                "quote_count": 0,
                "bookmark_count": 0,
                "impression_count": 0
            },
            "author_id": "1464959761",
            "text": "RT @Mr_Clasher_YT: Streaming @PlayCODMobile live on @trovolive PLATINUM PUSH WITH BIG WLIXIR BOXES ALL NIGHT https://t.co/rkhCm1vwSr 💯💯💯 #C…"
        }
    ],
    "includes": {
        "users": [
            {
                "id": "1046382023949127680",
                "name": "🔮Lazarus.",
                "username": "lazaruskiller"
            },
            {
                "id": "1675432096733736962",
                "name": "H2 Multiplayer Mod",
                "username": "H2Multiplayer"
            },
            {
                "id": "742607646",
                "name": "The OneeMarina💋",
                "username": "makumakiti032"
            },
            {
                "id": "1166443278834659328",
                "name": "Call of Duty: Mobile",
                "username": "PlayCODMobile"
            },
            {
                "id": "1112278494682271747",
                "name": "GhostWolf",
                "username": "loneghostwolf88"
            },
            {
                "id": "1133358736771125249",
                "name": "John",
                "username": "TheCassiniJohn"
            },
            {
                "id": "290097288",
                "name": "Call of Duty",
                "username": "CallofDuty"
            },
            {
                "id": "58368604",
                "name": "ProoFy",
                "username": "ProoFJC"
            },
            {
                "id": "1225042134295810048",
                "name": "Caroline 🦋 COMMISSIONS CLOSED",
                "username": "caroaart"
            },
            {
                "id": "2559865245",
                "name": "Tfue",
                "username": "Tfue"
            },
            {
                "id": "3138155694",
                "name": "Eidetic Cosplay & Photography",
                "username": "_Eidetic_"
            },
            {
                "id": "407118314",
                "name": "El_Valter",
                "username": "HoboWithSh0tgun"
            },
            {
                "id": "1008542800562946048",
                "name": "Халлот🚷COMMISSION (CLOSED)",
                "username": "Tava_tavatic"
            },
            {
                "id": "1668636633426477057",
                "name": "Something_Sticky",
                "username": "somethin_sticky"
            },
            {
                "id": "10228272",
                "name": "YouTube",
                "username": "YouTube"
            },
            {
                "id": "6667522",
                "name": "RW 🇺🇸",
                "username": "BuzWeaver"
            },
            {
                "id": "18742444",
                "name": "Infinity Ward",
                "username": "InfinityWard"
            },
            {
                "id": "294198566",
                "name": "Call of Duty League",
                "username": "CODLeague"
            },
            {
                "id": "57432440",
                "name": "BettyBattaglia ✯ comms closed ✯",
                "username": "BettyBRenders"
            },
            {
                "id": "612782611",
                "name": "Activision",
                "username": "Activision"
            },
            {
                "id": "1053833360",
                "name": "Phixate",
                "username": "Phixate"
            },
            {
                "id": "177728662",
                "name": "8:30pm",
                "username": "830pm"
            },
            {
                "id": "1590147341973131264",
                "name": "Riley 🦊",
                "username": "Fennec_2513"
            },
            {
                "id": "1100081706172858372",
                "name": "Call of Duty España",
                "username": "CallofDutyES"
            },
            {
                "id": "1150579861372768257",
                "name": "Pastel_Brat",
                "username": "Pastel_Bratz"
            },
            {
                "id": "1579314486137458695",
                "name": "Kick.com",
                "username": "KickStreaming"
            },
            {
                "id": "3256068152",
                "name": "Trainwreck",
                "username": "Trainwreckstv"
            },
            {
                "id": "1140458581088538624",
                "name": "Eddie",
                "username": "StakeEddie"
            },
            {
                "id": "1283813522875572224",
                "name": "Mohammad Hossien",
                "username": "IDEncrypted0"
            },
            {
                "id": "1460052008128417799",
                "name": "dude, trust me",
                "username": "TheGhostOfMW3"
            },
            {
                "id": "19136295",
                "name": "Raven Software",
                "username": "RavenSoftware"
            },
            {
                "id": "1350927743974842372",
                "name": "Kommando Kawaii",
                "username": "KommandoKawaii"
            },
            {
                "id": "1487540988319084549",
                "name": "LTGaming1996",
                "username": "LTGaming1996"
            },
            {
                "id": "704650838",
                "name": "Call of Duty UK",
                "username": "CallofDutyUK"
            },
            {
                "id": "1228824019987726338",
                "name": "ModernWarzone",
                "username": "ModernWarzone"
            },
            {
                "id": "1069460708771938309",
                "name": "CallMyHorse",
                "username": "CallMyHorse"
            },
            {
                "id": "1408726795722051585",
                "name": "JustCallMe_Jay",
                "username": "Real_ITSJAY"
            },
            {
                "id": "936063102671572992",
                "name": "Zdawg",
                "username": "ZdawgYT"
            },
            {
                "id": "1455255125598081037",
                "name": "Kilted Killer",
                "username": "KiltedKiller29"
            },
            {
                "id": "2398763586",
                "name": "YTMrClasher(130K)",
                "username": "Mr_Clasher_YT"
            },
            {
                "id": "1256321951494107137",
                "name": "Trovo Live",
                "username": "trovolive"
            },
            {
                "id": "1015088738",
                "name": "Ramboo_sR | Clash of Clans",
                "username": "Ramboo_sR"
            },
            {
                "id": "1598883010220285955",
                "name": "Abyss",
                "username": "AbyssGoingAlt"
            }
        ]
    },
    "meta": {
        "newest_id": "1677105055248396289",
        "oldest_id": "1677088313654558721",
        "result_count": 100,
        "next_token": "b26v89c19zqg8o3fqkm0xqb6d34yf7cmxg54txdwcqt19"
    }
}