{
    "data": [
        {
            "author_id": "1657660762729648128",
            "edit_history_tweet_ids": [
                "1676742521911906304"
            ],
            "entities": {
                "mentions": [
                    {
                        "start": 0,
                        "end": 12,
                        "username": "Ohsniped999",
                        "id": "1296928042749759494"
                    },
                    {
                        "start": 13,
                        "end": 22,
                        "username": "Moolooll",
                        "id": "1326200469379801093"
                    },
                    {
                        "start": 23,
                        "end": 38,
                        "username": "RealBobbyPlays",
                        "id": "1658308753"
                    },
                    {
                        "start": 39,
                        "end": 49,
                        "username": "MineyCODM",
                        "id": "1213283880930660353"
                    }
                ]
            },
            "public_metrics": {
                "retweet_count": 0,
                "reply_count": 0,
                "like_count": 0,
                "quote_count": 0,
                "bookmark_count": 0,
                "impression_count": 24
            },
            "text": "@Ohsniped999 @Moolooll @RealBobbyPlays @MineyCODM lmao di*kriding cuz of paid skins hahhahahah this is just getting embarrassing. lets see if u criticize the moment/gameplay like u do with mw2/wz, i'm gonna bet a million, u wont",
            "id": "1676742521911906304"
        },
        {
            "author_id": "1437108307962044424",
            "edit_history_tweet_ids": [
                "1676742452957290498"
            ],
            "entities": {
                "mentions": [
                    {
                        "start": 0,
                        "end": 11,
                        "username": "CallofDuty",
                        "id": "290097288"
                    }
                ]
            },
            "public_metrics": {
                "retweet_count": 0,
                "reply_count": 0,
                "like_count": 0,
                "quote_count": 0,
                "bookmark_count": 0,
                "impression_count": 131
            },
            "text": "@CallofDuty Reveal MWIII. MWII is shit.",
            "id": "1676742452957290498"
        },
        {
            "author_id": "1458427154039967748",
            "edit_history_tweet_ids": [
                "1676742091240611847"
            ],
            "entities": {
                "mentions": [
                    {
                        "start": 3,
                        "end": 19,
                        "username": "loneghostwolf88",
                        "id": "1112278494682271747"
                    }
                ]
            },
            "public_metrics": {
                "retweet_count": 207,
                "reply_count": 0,
                "like_count": 0,
                "quote_count": 0,
                "bookmark_count": 0,
                "impression_count": 0
            },
            "text": "RT @loneghostwolf88: We know König is tall enough to play Basketball \n#CoDKönig #CallofDuty #3DRender  #MWII https://t.co/miic5gpvgH",
            "id": "1676742091240611847"
        },
        {
            "author_id": "1663670618150121483",
            "edit_history_tweet_ids": [
                "1676741491098546176"
            ],
            "entities": {
                "mentions": [
                    {
                        "start": 3,
                        "end": 19,
                        "username": "loneghostwolf88",
                        "id": "1112278494682271747"
                    },
                    {
                        "start": 33,
                        "end": 42,
                        "username": "roachp0t",
                        "id": "1354873405619773442"
                    }
                ]
            },
            "public_metrics": {
                "retweet_count": 106,
                "reply_count": 0,
                "like_count": 0,
                "quote_count": 0,
                "bookmark_count": 0,
                "impression_count": 0
            },
            "text": "RT @loneghostwolf88: Inspired by @roachp0t Ghost &amp; Riley series and with their permission here my little contribution because I love seeing…",
            "id": "1676741491098546176"
        },
        {
            "author_id": "1195073765861928961",
            "edit_history_tweet_ids": [
                "1676741467316920320"
            ],
            "entities": {
                "mentions": [
                    {
                        "start": 0,
                        "end": 11,
                        "username": "CallofDuty",
                        "id": "290097288"
                    }
                ]
            },
            "public_metrics": {
                "retweet_count": 0,
                "reply_count": 0,
                "like_count": 0,
                "quote_count": 0,
                "bookmark_count": 0,
                "impression_count": 199
            },
            "text": "@CallofDuty There's no point in giving feedback on how MWII can be better. This game isn't made to satisfy us, the consumers. It was made to satisfy ATVI, and they succeeded. It is what it is.",
            "id": "1676741467316920320"
        },
        {
            "author_id": "820129674034429953",
            "edit_history_tweet_ids": [
                "1676741437302403072"
            ],
            "entities": {
                "mentions": [
                    {
                        "start": 3,
                        "end": 12,
                        "username": "h0neyaki",
                        "id": "1272948560909254657"
                    },
                    {
                        "start": 54,
                        "end": 66,
                        "username": "neil_ellice",
                        "id": "1634556233243062273"
                    }
                ]
            },
            "public_metrics": {
                "retweet_count": 37,
                "reply_count": 0,
                "like_count": 0,
                "quote_count": 0,
                "bookmark_count": 0,
                "impression_count": 0
            },
            "text": "RT @h0neyaki: A slot for Soap 🧼\nWho else should join? @neil_ellice #cod #CallofDuty #MW2 #codmw2 #SoapMacTavish #SoapCod https://t.co/54GAJ…",
            "id": "1676741437302403072"
        },
        {
            "author_id": "1663670618150121483",
            "edit_history_tweet_ids": [
                "1676741431585648643"
            ],
            "entities": {
                "mentions": [
                    {
                        "start": 3,
                        "end": 19,
                        "username": "loneghostwolf88",
                        "id": "1112278494682271747"
                    }
                ]
            },
            "public_metrics": {
                "retweet_count": 294,
                "reply_count": 0,
                "like_count": 0,
                "quote_count": 0,
                "bookmark_count": 0,
                "impression_count": 0
            },
            "text": "RT @loneghostwolf88: my favorite King \n#CallofDutyModernWarfare2 #CoDKönig #CallofDuty #3DRender #Rendering #Daz3D #MWII https://t.co/uovdj…",
            "id": "1676741431585648643"
        },
        {
            "author_id": "1663670618150121483",
            "edit_history_tweet_ids": [
                "1676741334365790208"
            ],
            "entities": {
                "mentions": [
                    {
                        "start": 3,
                        "end": 19,
                        "username": "loneghostwolf88",
                        "id": "1112278494682271747"
                    }
                ]
            },
            "public_metrics": {
                "retweet_count": 133,
                "reply_count": 0,
                "like_count": 0,
                "quote_count": 0,
                "bookmark_count": 0,
                "impression_count": 0
            },
            "text": "RT @loneghostwolf88: Just me appreciating his new model I'm using for my renders\n#CoDMW2 #simonghostriley #CoDGhost #CallofDuty #3DRender…",
            "id": "1676741334365790208"
        },
        {
            "author_id": "1663670618150121483",
            "edit_history_tweet_ids": [
                "1676741192594124801"
            ],
            "entities": {
                "mentions": [
                    {
                        "start": 3,
                        "end": 19,
                        "username": "loneghostwolf88",
                        "id": "1112278494682271747"
                    }
                ]
            },
            "public_metrics": {
                "retweet_count": 207,
                "reply_count": 0,
                "like_count": 0,
                "quote_count": 0,
                "bookmark_count": 0,
                "impression_count": 0
            },
            "text": "RT @loneghostwolf88: We know König is tall enough to play Basketball \n#CoDKönig #CallofDuty #3DRender  #MWII https://t.co/miic5gpvgH",
            "id": "1676741192594124801"
        },
        {
            "author_id": "1304956607751577600",
            "edit_history_tweet_ids": [
                "1676741189134082049"
            ],
            "entities": {
                "mentions": [
                    {
                        "start": 0,
                        "end": 11,
                        "username": "PAVEL_CODM",
                        "id": "1621032577367687171"
                    },
                    {
                        "start": 12,
                        "end": 26,
                        "username": "PlayCODMobile",
                        "id": "1166443278834659328"
                    }
                ]
            },
            "public_metrics": {
                "retweet_count": 0,
                "reply_count": 1,
                "like_count": 0,
                "quote_count": 0,
                "bookmark_count": 0,
                "impression_count": 10
            },
            "text": "@PAVEL_CODM @PlayCODMobile But the game is terrible right now. No impactful update has released this year\n\nFeeding them money will only make them lazier",
            "id": "1676741189134082049"
        },
        {
            "author_id": "1560348740703191041",
            "edit_history_tweet_ids": [
                "1676741180581707776"
            ],
            "entities": {
                "mentions": [
                    {
                        "start": 3,
                        "end": 19,
                        "username": "loneghostwolf88",
                        "id": "1112278494682271747"
                    }
                ]
            },
            "public_metrics": {
                "retweet_count": 207,
                "reply_count": 0,
                "like_count": 0,
                "quote_count": 0,
                "bookmark_count": 0,
                "impression_count": 0
            },
            "text": "RT @loneghostwolf88: We know König is tall enough to play Basketball \n#CoDKönig #CallofDuty #3DRender  #MWII https://t.co/miic5gpvgH",
            "id": "1676741180581707776"
        },
        {
            "author_id": "1663670618150121483",
            "edit_history_tweet_ids": [
                "1676741111778254849"
            ],
            "entities": {
                "mentions": [
                    {
                        "start": 3,
                        "end": 19,
                        "username": "loneghostwolf88",
                        "id": "1112278494682271747"
                    }
                ]
            },
            "public_metrics": {
                "retweet_count": 225,
                "reply_count": 0,
                "like_count": 0,
                "quote_count": 0,
                "bookmark_count": 0,
                "impression_count": 0
            },
            "text": "RT @loneghostwolf88: Detective Mactavish \n#MWII  #CodSoap #CallofDuty #3DRender https://t.co/QYUOhkFzgm",
            "id": "1676741111778254849"
        },
        {
            "author_id": "1371482961292320770",
            "edit_history_tweet_ids": [
                "1676740988470185986"
            ],
            "entities": {
                "mentions": [
                    {
                        "start": 3,
                        "end": 19,
                        "username": "loneghostwolf88",
                        "id": "1112278494682271747"
                    }
                ]
            },
            "public_metrics": {
                "retweet_count": 207,
                "reply_count": 0,
                "like_count": 0,
                "quote_count": 0,
                "bookmark_count": 0,
                "impression_count": 0
            },
            "text": "RT @loneghostwolf88: We know König is tall enough to play Basketball \n#CoDKönig #CallofDuty #3DRender  #MWII https://t.co/miic5gpvgH",
            "id": "1676740988470185986"
        },
        {
            "author_id": "464206622",
            "edit_history_tweet_ids": [
                "1676740343822274562"
            ],
            "public_metrics": {
                "retweet_count": 0,
                "reply_count": 0,
                "like_count": 0,
                "quote_count": 0,
                "bookmark_count": 0,
                "impression_count": 4
            },
            "text": "What's going on here!? #twitch #gamer #smallstreamer #twitchstream #dadgamer #callofduty #fortnite #thedaybefore #live #DMZ #warzone2.0 #averagejoe #missions #justforfun #bot #fb.gg #youtube #scumgame #scum https://t.co/doOp8RvYAv",
            "id": "1676740343822274562"
        },
        {
            "author_id": "1485882687269179392",
            "edit_history_tweet_ids": [
                "1676740328244805632"
            ],
            "entities": {
                "mentions": [
                    {
                        "start": 3,
                        "end": 11,
                        "username": "im_ibot",
                        "id": "1663593965809967104"
                    }
                ]
            },
            "public_metrics": {
                "retweet_count": 1,
                "reply_count": 0,
                "like_count": 0,
                "quote_count": 0,
                "bookmark_count": 0,
                "impression_count": 0
            },
            "text": "RT @im_ibot: This Is How Hardpoint Went Today On Stream + The Mass Reports\n-\n#cod #mw2 #CallofDuty #YouTube #twitch \n-\nLink: https://t.co/I…",
            "id": "1676740328244805632"
        },
        {
            "author_id": "1544168274849579008",
            "edit_history_tweet_ids": [
                "1676739990460547072"
            ],
            "public_metrics": {
                "retweet_count": 0,
                "reply_count": 0,
                "like_count": 2,
                "quote_count": 0,
                "bookmark_count": 0,
                "impression_count": 43
            },
            "text": "We are LIVE! Its a DAWG house in here. Don't Miss out on joining the pack!\n \n#DMZ #MW2 #CODDMZ #twitch\n\nhttps://t.co/dllCA9zMYi",
            "id": "1676739990460547072"
        },
        {
            "author_id": "1521417890448420865",
            "edit_history_tweet_ids": [
                "1676739894704766977"
            ],
            "entities": {
                "mentions": [
                    {
                        "start": 3,
                        "end": 14,
                        "username": "GuanZi_YOO",
                        "id": "1075786766483972097"
                    }
                ]
            },
            "public_metrics": {
                "retweet_count": 122,
                "reply_count": 0,
                "like_count": 0,
                "quote_count": 0,
                "bookmark_count": 0,
                "impression_count": 0
            },
            "text": "RT @GuanZi_YOO: 请品尝小狗\n#CallofDuty #MW2 #mw2fanart #konig https://t.co/HBe97R05qj",
            "id": "1676739894704766977"
        },
        {
            "author_id": "727633714704945152",
            "edit_history_tweet_ids": [
                "1676739689129058304"
            ],
            "public_metrics": {
                "retweet_count": 0,
                "reply_count": 0,
                "like_count": 0,
                "quote_count": 0,
                "bookmark_count": 0,
                "impression_count": 90
            },
            "text": "I’m widdowy beddow #1 #cod #CallofDuty #mwii #mw2 #sniping #sniper https://t.co/qGHdCYLM3U",
            "id": "1676739689129058304"
        },
        {
            "author_id": "284971371",
            "edit_history_tweet_ids": [
                "1676739654194987008"
            ],
            "entities": {
                "mentions": [
                    {
                        "start": 0,
                        "end": 11,
                        "username": "CallofDuty",
                        "id": "290097288"
                    }
                ]
            },
            "public_metrics": {
                "retweet_count": 0,
                "reply_count": 0,
                "like_count": 0,
                "quote_count": 0,
                "bookmark_count": 0,
                "impression_count": 95
            },
            "text": "@CallofDuty Why is 3rd person mode only TDM??? 3rd person mode on mw2 is legit it’s sad how you guys aren’t supporting it like you should be….",
            "id": "1676739654194987008"
        },
        {
            "author_id": "1663593965809967104",
            "edit_history_tweet_ids": [
                "1676739279500746752"
            ],
            "public_metrics": {
                "retweet_count": 1,
                "reply_count": 0,
                "like_count": 2,
                "quote_count": 0,
                "bookmark_count": 0,
                "impression_count": 53
            },
            "text": "This Is How Hardpoint Went Today On Stream + The Mass Reports\n-\n#cod #mw2 #CallofDuty #YouTube #twitch \n-\nLink: https://t.co/IcAnEMZEco https://t.co/PyvqXEZsJk",
            "id": "1676739279500746752"
        },
        {
            "author_id": "2783287969",
            "edit_history_tweet_ids": [
                "1676739157954269184"
            ],
            "entities": {
                "mentions": [
                    {
                        "start": 3,
                        "end": 19,
                        "username": "loneghostwolf88",
                        "id": "1112278494682271747"
                    }
                ]
            },
            "public_metrics": {
                "retweet_count": 207,
                "reply_count": 0,
                "like_count": 0,
                "quote_count": 0,
                "bookmark_count": 0,
                "impression_count": 0
            },
            "text": "RT @loneghostwolf88: We know König is tall enough to play Basketball \n#CoDKönig #CallofDuty #3DRender  #MWII https://t.co/miic5gpvgH",
            "id": "1676739157954269184"
        },
        {
            "author_id": "1442238871849160709",
            "edit_history_tweet_ids": [
                "1676738692122124288"
            ],
            "entities": {
                "mentions": [
                    {
                        "start": 3,
                        "end": 11,
                        "username": "remix3s",
                        "id": "1266193455966859265"
                    }
                ]
            },
            "public_metrics": {
                "retweet_count": 350,
                "reply_count": 0,
                "like_count": 0,
                "quote_count": 0,
                "bookmark_count": 0,
                "impression_count": 0
            },
            "text": "RT @remix3s: 👻👻👻\n\n#Ghost #SimonGhostRiley #mw2 #CallofDuty https://t.co/Dc81lhF0YX",
            "id": "1676738692122124288"
        },
        {
            "author_id": "1344299414769176576",
            "edit_history_tweet_ids": [
                "1676738085512683520"
            ],
            "public_metrics": {
                "retweet_count": 0,
                "reply_count": 0,
                "like_count": 1,
                "quote_count": 0,
                "bookmark_count": 0,
                "impression_count": 48
            },
            "text": "🍀LuckShot🍀\n🚨DUBZ IN THE CHAT🚨 \nhttps://t.co/QXbQui3AkD #LuckShot #Warzone #ttv #Playstation #CallOfDuty #Rebirth #COD #PS5 #MW2 #Twitch #EnduranceEsports",
            "id": "1676738085512683520"
        },
        {
            "author_id": "173232695",
            "edit_history_tweet_ids": [
                "1676738053069754369"
            ],
            "entities": {
                "mentions": [
                    {
                        "start": 0,
                        "end": 14,
                        "username": "PlayCODMobile",
                        "id": "1166443278834659328"
                    }
                ]
            },
            "public_metrics": {
                "retweet_count": 0,
                "reply_count": 0,
                "like_count": 0,
                "quote_count": 0,
                "bookmark_count": 0,
                "impression_count": 11
            },
            "text": "@PlayCODMobile 20 mins to fellas ☺️☺️",
            "id": "1676738053069754369"
        },
        {
            "author_id": "1157043028227268608",
            "edit_history_tweet_ids": [
                "1676737998615113729"
            ],
            "entities": {
                "mentions": [
                    {
                        "start": 3,
                        "end": 19,
                        "username": "xbruised_peachx",
                        "id": "4720277247"
                    }
                ]
            },
            "public_metrics": {
                "retweet_count": 586,
                "reply_count": 0,
                "like_count": 0,
                "quote_count": 0,
                "bookmark_count": 0,
                "impression_count": 0
            },
            "text": "RT @xbruised_peachx: Let me blow ya mind...\n#Konig #König #Konigmw2 #CallofDuty #MWII https://t.co/e1dVGEasdu",
            "id": "1676737998615113729"
        },
        {
            "author_id": "1621032577367687171",
            "edit_history_tweet_ids": [
                "1676737854230364160"
            ],
            "entities": {
                "mentions": [
                    {
                        "start": 0,
                        "end": 11,
                        "username": "blitzdafur",
                        "id": "1304956607751577600"
                    },
                    {
                        "start": 12,
                        "end": 26,
                        "username": "PlayCODMobile",
                        "id": "1166443278834659328"
                    }
                ]
            },
            "public_metrics": {
                "retweet_count": 0,
                "reply_count": 1,
                "like_count": 0,
                "quote_count": 0,
                "bookmark_count": 0,
                "impression_count": 8
            },
            "text": "@blitzdafur @PlayCODMobile Yes i have them..but none are equal to this one.Everyone has their own preference,you like them,everyone with white hair is equal to you but most people like it.",
            "id": "1676737854230364160"
        },
        {
            "author_id": "1395244980671811587",
            "edit_history_tweet_ids": [
                "1676737382912237570"
            ],
            "entities": {
                "mentions": [
                    {
                        "start": 3,
                        "end": 14,
                        "username": "CallofDuty",
                        "id": "290097288"
                    }
                ]
            },
            "public_metrics": {
                "retweet_count": 74,
                "reply_count": 0,
                "like_count": 0,
                "quote_count": 0,
                "bookmark_count": 0,
                "impression_count": 0
            },
            "text": "RT @CallofDuty: Plenty of action for every Operator 🔥 \n\nShoothouse, Showdown, and Kunstenaar District 24/7 and more in this week's #MWII Pl…",
            "id": "1676737382912237570"
        },
        {
            "author_id": "1676722291684651008",
            "edit_history_tweet_ids": [
                "1676737187742728192"
            ],
            "entities": {
                "mentions": [
                    {
                        "start": 0,
                        "end": 14,
                        "username": "PlayCODMobile",
                        "id": "1166443278834659328"
                    }
                ]
            },
            "public_metrics": {
                "retweet_count": 0,
                "reply_count": 0,
                "like_count": 0,
                "quote_count": 0,
                "bookmark_count": 0,
                "impression_count": 7
            },
            "text": "@PlayCODMobile  #codm #CoDMobile #Callofdutymobile Medic class, refit class Still broken above 13 seasons!!! Do we gona play 14 seasons whit the season 6??? https://t.co/fB3lo7BLRa",
            "id": "1676737187742728192"
        },
        {
            "author_id": "1276997562864721921",
            "edit_history_tweet_ids": [
                "1676737176812371968"
            ],
            "entities": {
                "mentions": [
                    {
                        "start": 3,
                        "end": 12,
                        "username": "h0neyaki",
                        "id": "1272948560909254657"
                    },
                    {
                        "start": 54,
                        "end": 66,
                        "username": "neil_ellice",
                        "id": "1634556233243062273"
                    }
                ]
            },
            "public_metrics": {
                "retweet_count": 37,
                "reply_count": 0,
                "like_count": 0,
                "quote_count": 0,
                "bookmark_count": 0,
                "impression_count": 0
            },
            "text": "RT @h0neyaki: A slot for Soap 🧼\nWho else should join? @neil_ellice #cod #CallofDuty #MW2 #codmw2 #SoapMacTavish #SoapCod https://t.co/54GAJ…",
            "id": "1676737176812371968"
        },
        {
            "author_id": "1704920228",
            "edit_history_tweet_ids": [
                "1676737007425396736"
            ],
            "public_metrics": {
                "retweet_count": 0,
                "reply_count": 0,
                "like_count": 0,
                "quote_count": 0,
                "bookmark_count": 0,
                "impression_count": 14
            },
            "text": "NEW VIDEO ON THE CHANNEL SO COME THRU AND ENJOY THE VIDEO ALSO LEAVE SOME SUPPORT ON IT TOO\n#MWII #YouTubers #CallofDuty \n\nhttps://t.co/qHlZXzNTv9",
            "id": "1676737007425396736"
        },
        {
            "author_id": "1282833483254034432",
            "edit_history_tweet_ids": [
                "1676736878102585344"
            ],
            "entities": {
                "mentions": [
                    {
                        "start": 3,
                        "end": 12,
                        "username": "ItsGxnoo",
                        "id": "1501477379436433408"
                    },
                    {
                        "start": 52,
                        "end": 61,
                        "username": "lAscendl",
                        "id": "3245645509"
                    },
                    {
                        "start": 127,
                        "end": 139,
                        "username": "LujoKingdom",
                        "id": "1529987660848287766"
                    }
                ]
            },
            "public_metrics": {
                "retweet_count": 11,
                "reply_count": 0,
                "like_count": 0,
                "quote_count": 0,
                "bookmark_count": 0,
                "impression_count": 0
            },
            "text": "RT @ItsGxnoo: - 🚨Dropped a new #MW2Ranked banger🚨\n- @lAscendl &amp; I turned around the entire game from 0-2 to a 3-2 sweep😈\n- @LujoKingdom \n#M…",
            "id": "1676736878102585344"
        },
        {
            "author_id": "1657215678695325698",
            "edit_history_tweet_ids": [
                "1676736691082604544"
            ],
            "entities": {
                "mentions": [
                    {
                        "start": 3,
                        "end": 10,
                        "username": "ZomB26",
                        "id": "2938062676"
                    }
                ]
            },
            "public_metrics": {
                "retweet_count": 2,
                "reply_count": 0,
                "like_count": 0,
                "quote_count": 0,
                "bookmark_count": 0,
                "impression_count": 0
            },
            "text": "RT @ZomB26: Playing MWII MattZomB!! come join me! Happy 4th! https://t.co/z9vkoLZGJu\n#DMZ #ModernWarefareII #smallstreamer\n#SmallStreamersC…",
            "id": "1676736691082604544"
        },
        {
            "author_id": "1591292115811704832",
            "edit_history_tweet_ids": [
                "1676736625026424833"
            ],
            "entities": {
                "mentions": [
                    {
                        "start": 3,
                        "end": 11,
                        "username": "WhosGat",
                        "id": "1412591633032486921"
                    }
                ]
            },
            "public_metrics": {
                "retweet_count": 3,
                "reply_count": 0,
                "like_count": 0,
                "quote_count": 0,
                "bookmark_count": 0,
                "impression_count": 0
            },
            "text": "RT @WhosGat: NEW SHORT 😭🎯\n\n#CallofDuty\n#ModernWarfareII\n#MWII\n\nhttps://t.co/mNvlIKjiTG",
            "id": "1676736625026424833"
        },
        {
            "author_id": "1276997562864721921",
            "edit_history_tweet_ids": [
                "1676736540020490243"
            ],
            "entities": {
                "mentions": [
                    {
                        "start": 3,
                        "end": 19,
                        "username": "loneghostwolf88",
                        "id": "1112278494682271747"
                    }
                ]
            },
            "public_metrics": {
                "retweet_count": 207,
                "reply_count": 0,
                "like_count": 0,
                "quote_count": 0,
                "bookmark_count": 0,
                "impression_count": 0
            },
            "text": "RT @loneghostwolf88: We know König is tall enough to play Basketball \n#CoDKönig #CallofDuty #3DRender  #MWII https://t.co/miic5gpvgH",
            "id": "1676736540020490243"
        },
        {
            "author_id": "1412591633032486921",
            "edit_history_tweet_ids": [
                "1676736486543183873"
            ],
            "public_metrics": {
                "retweet_count": 3,
                "reply_count": 2,
                "like_count": 9,
                "quote_count": 0,
                "bookmark_count": 0,
                "impression_count": 232
            },
            "text": "NEW SHORT 😭🎯\n\n#CallofDuty\n#ModernWarfareII\n#MWII\n\nhttps://t.co/mNvlIKjiTG",
            "id": "1676736486543183873"
        },
        {
            "author_id": "1280503887871516675",
            "edit_history_tweet_ids": [
                "1676736247211995136"
            ],
            "public_metrics": {
                "retweet_count": 0,
                "reply_count": 0,
                "like_count": 0,
                "quote_count": 0,
                "bookmark_count": 0,
                "impression_count": 13
            },
            "text": "Confira minhas estatísticas semanais no #CallofDuty #MWII 💪 https://t.co/HcuSSU64Rm 😂😂😂🥹",
            "id": "1676736247211995136"
        },
        {
            "author_id": "876951485992644609",
            "edit_history_tweet_ids": [
                "1676735854558035969"
            ],
            "public_metrics": {
                "retweet_count": 0,
                "reply_count": 0,
                "like_count": 0,
                "quote_count": 0,
                "bookmark_count": 0,
                "impression_count": 5
            },
            "text": "Check out my weekly stats in #CallofDuty #MWII 💪 https://t.co/9ZdbvGyldN",
            "id": "1676735854558035969"
        },
        {
            "author_id": "4816394819",
            "edit_history_tweet_ids": [
                "1676735258748747776"
            ],
            "entities": {
                "mentions": [
                    {
                        "start": 3,
                        "end": 15,
                        "username": "YankeeOwwww",
                        "id": "381828143"
                    }
                ]
            },
            "public_metrics": {
                "retweet_count": 1,
                "reply_count": 0,
                "like_count": 0,
                "quote_count": 0,
                "bookmark_count": 0,
                "impression_count": 0
            },
            "text": "RT @YankeeOwwww: WE’RE FOOKIN LIVE!!!!  Resurgence trios!!! Time for daddy to slap the kids around 🤣🤣🤣https://t.co/RBoBCn71lU. #Warzone2 #C…",
            "id": "1676735258748747776"
        },
        {
            "author_id": "1339365357698560004",
            "edit_history_tweet_ids": [
                "1676735029886558209"
            ],
            "entities": {
                "mentions": [
                    {
                        "start": 3,
                        "end": 15,
                        "username": "lexiissgone",
                        "id": "1642097723481440256"
                    }
                ]
            },
            "public_metrics": {
                "retweet_count": 450,
                "reply_count": 0,
                "like_count": 0,
                "quote_count": 0,
                "bookmark_count": 0,
                "impression_count": 0
            },
            "text": "RT @lexiissgone: I HAD TO REPOST IT CUZ I CAN'T CALM DOWN FUCK\n\n[ #soapghost #GhostSoap #CallofDuty #MWII #cod #art #SoapMacTavish #ghostco…",
            "id": "1676735029886558209"
        },
        {
            "author_id": "1676726790444793857",
            "edit_history_tweet_ids": [
                "1676734875699642370"
            ],
            "entities": {
                "mentions": [
                    {
                        "start": 3,
                        "end": 13,
                        "username": "ShkretArt",
                        "id": "1270915551628595200"
                    }
                ]
            },
            "public_metrics": {
                "retweet_count": 1317,
                "reply_count": 0,
                "like_count": 0,
                "quote_count": 0,
                "bookmark_count": 0,
                "impression_count": 0
            },
            "text": "RT @ShkretArt: I like to draw the captain a little shaggy\n#CaptainPrice #MW2 #CallofDuty https://t.co/S4WxD7EtJj",
            "id": "1676734875699642370"
        },
        {
            "author_id": "3138155694",
            "edit_history_tweet_ids": [
                "1676734808167202817"
            ],
            "public_metrics": {
                "retweet_count": 4,
                "reply_count": 1,
                "like_count": 84,
                "quote_count": 0,
                "bookmark_count": 2,
                "impression_count": 1031
            },
            "text": "Can't wait to re do this with the new contacts \n#konig #konigmw2 #konigcod #konigcosplay #cod #callofduty #mw2 #modernwarfare #modernwarfare2 #fyp #codsquadup #mw2022 #warzone #warzone2 #kortac https://t.co/8xe8clcOA6",
            "id": "1676734808167202817"
        },
        {
            "author_id": "1561225150061846528",
            "edit_history_tweet_ids": [
                "1676734234420019205"
            ],
            "public_metrics": {
                "retweet_count": 0,
                "reply_count": 1,
                "like_count": 4,
                "quote_count": 1,
                "bookmark_count": 0,
                "impression_count": 21
            },
            "text": "Warzone 2 LIVE! #youtube #warzone2 #callofduty\nhttps://t.co/3tJomWXtTU",
            "id": "1676734234420019205"
        },
        {
            "author_id": "1347259857515278338",
            "edit_history_tweet_ids": [
                "1676734077720748035"
            ],
            "entities": {
                "mentions": [
                    {
                        "start": 3,
                        "end": 17,
                        "username": "PlayCODMobile",
                        "id": "1166443278834659328"
                    }
                ]
            },
            "public_metrics": {
                "retweet_count": 37,
                "reply_count": 0,
                "like_count": 0,
                "quote_count": 0,
                "bookmark_count": 0,
                "impression_count": 0
            },
            "text": "RT @PlayCODMobile: 🗡️Come for vengeance and save Sophia! Season 6 goes live tomorrow at 5PM PT 👈 https://t.co/dg8dYiMpCg",
            "id": "1676734077720748035"
        },
        {
            "author_id": "1657660762729648128",
            "edit_history_tweet_ids": [
                "1676733924645699584"
            ],
            "entities": {
                "mentions": [
                    {
                        "start": 0,
                        "end": 12,
                        "username": "Ohsniped999",
                        "id": "1296928042749759494"
                    },
                    {
                        "start": 13,
                        "end": 22,
                        "username": "Moolooll",
                        "id": "1326200469379801093"
                    },
                    {
                        "start": 23,
                        "end": 38,
                        "username": "RealBobbyPlays",
                        "id": "1658308753"
                    },
                    {
                        "start": 39,
                        "end": 49,
                        "username": "MineyCODM",
                        "id": "1213283880930660353"
                    }
                ]
            },
            "public_metrics": {
                "retweet_count": 0,
                "reply_count": 1,
                "like_count": 0,
                "quote_count": 0,
                "bookmark_count": 0,
                "impression_count": 98
            },
            "text": "@Ohsniped999 @Moolooll @RealBobbyPlays @MineyCODM Still waiting....... anyway warzone mobile uses the same engine as mw2 so theoretically it should have the same modern gameplay mechanics as mw2, can't wait to see you guys start suc*ing wz mobile's co*k when that's out with the same gameplay as mw2. That's gonna be so funny lmao",
            "id": "1676733924645699584"
        },
        {
            "author_id": "1458849751126970369",
            "edit_history_tweet_ids": [
                "1676733761281507334"
            ],
            "public_metrics": {
                "retweet_count": 0,
                "reply_count": 0,
                "like_count": 0,
                "quote_count": 0,
                "bookmark_count": 0,
                "impression_count": 1
            },
            "text": "Check out BACK ON ASHIKA ISLAND!! 🔥 #callofduty #warzone2 #ps5 #live #youtube #gaming https://t.co/8tT3ZNJlKS #viral",
            "id": "1676733761281507334"
        },
        {
            "author_id": "1532345732115714049",
            "edit_history_tweet_ids": [
                "1676733694814429185"
            ],
            "entities": {
                "mentions": [
                    {
                        "start": 21,
                        "end": 35,
                        "username": "PlayCODMobile",
                        "id": "1166443278834659328"
                    }
                ]
            },
            "public_metrics": {
                "retweet_count": 0,
                "reply_count": 1,
                "like_count": 2,
                "quote_count": 0,
                "bookmark_count": 0,
                "impression_count": 43
            },
            "text": "Eai qual? #codmobile @PlayCODMobile https://t.co/L6AOy9umF3",
            "id": "1676733694814429185"
        },
        {
            "author_id": "1147060101313945610",
            "edit_history_tweet_ids": [
                "1676733648538566657"
            ],
            "entities": {
                "mentions": [
                    {
                        "start": 108,
                        "end": 116,
                        "username": "discord",
                        "id": "3065618342"
                    },
                    {
                        "start": 164,
                        "end": 175,
                        "username": "Activision",
                        "id": "612782611"
                    },
                    {
                        "start": 257,
                        "end": 265,
                        "username": "ATVI_AB",
                        "id": "753670706311815169"
                    },
                    {
                        "start": 268,
                        "end": 279,
                        "username": "ATVIAssist",
                        "id": "85215038"
                    }
                ]
            },
            "public_metrics": {
                "retweet_count": 0,
                "reply_count": 4,
                "like_count": 2,
                "quote_count": 1,
                "bookmark_count": 0,
                "impression_count": 261
            },
            "text": "¿He sido suspendido del chat de Call of Duty por 14 días? Me sancionan por reportes falsos y yo siempre uso @discord para hablar con mis compañeros, ¿de que hablan @Activision?  \nEsto es risa🤦‍♂️🤡 Se viene vídeo de YouTube.  #ActivisionBlizzard #Warzone2 \n🤡@ATVI_AB  🤡@ATVIAssist https://t.co/ZdpHlokz8G",
            "id": "1676733648538566657"
        },
        {
            "author_id": "2328978614",
            "edit_history_tweet_ids": [
                "1676733566577696776"
            ],
            "entities": {
                "mentions": [
                    {
                        "start": 3,
                        "end": 14,
                        "username": "GuanZi_YOO",
                        "id": "1075786766483972097"
                    }
                ]
            },
            "public_metrics": {
                "retweet_count": 122,
                "reply_count": 0,
                "like_count": 0,
                "quote_count": 0,
                "bookmark_count": 0,
                "impression_count": 0
            },
            "text": "RT @GuanZi_YOO: 请品尝小狗\n#CallofDuty #MW2 #mw2fanart #konig https://t.co/HBe97R05qj",
            "id": "1676733566577696776"
        },
        {
            "author_id": "1211334425771819008",
            "edit_history_tweet_ids": [
                "1676732962866618368"
            ],
            "entities": {
                "mentions": [
                    {
                        "start": 3,
                        "end": 12,
                        "username": "yumecore",
                        "id": "1441174708930576386"
                    }
                ]
            },
            "public_metrics": {
                "retweet_count": 93,
                "reply_count": 0,
                "like_count": 0,
                "quote_count": 0,
                "bookmark_count": 0,
                "impression_count": 0
            },
            "text": "RT @yumecore: Simon \"Ghost\" Riley\n#CallofDuty #MWII #MW2 \nLoove this shot  1/2 https://t.co/4wjGuWUxA1",
            "id": "1676732962866618368"
        },
        {
            "author_id": "14199030",
            "edit_history_tweet_ids": [
                "1676732866103844867"
            ],
            "public_metrics": {
                "retweet_count": 0,
                "reply_count": 0,
                "like_count": 0,
                "quote_count": 0,
                "bookmark_count": 0,
                "impression_count": 4
            },
            "text": "Team up!! I'm now streaming on Twitch, YouTube and TikTok! Playing Modern Warfare 2 #PathtoAffiliate #MW2 #CallofDuty #CallofDutyWarzone #Vanguard #BattleRoyale #WarzonePacific #Streaming \nhttps://t.co/a36dbu8KtE",
            "id": "1676732866103844867"
        },
        {
            "author_id": "1472410379359854592",
            "edit_history_tweet_ids": [
                "1676732440453300224"
            ],
            "entities": {
                "mentions": [
                    {
                        "start": 3,
                        "end": 19,
                        "username": "loneghostwolf88",
                        "id": "1112278494682271747"
                    }
                ]
            },
            "public_metrics": {
                "retweet_count": 207,
                "reply_count": 0,
                "like_count": 0,
                "quote_count": 0,
                "bookmark_count": 0,
                "impression_count": 0
            },
            "text": "RT @loneghostwolf88: We know König is tall enough to play Basketball \n#CoDKönig #CallofDuty #3DRender  #MWII https://t.co/miic5gpvgH",
            "id": "1676732440453300224"
        },
        {
            "author_id": "4101108675",
            "edit_history_tweet_ids": [
                "1676732339085275136"
            ],
            "entities": {
                "mentions": [
                    {
                        "start": 3,
                        "end": 14,
                        "username": "CallofDuty",
                        "id": "290097288"
                    }
                ]
            },
            "public_metrics": {
                "retweet_count": 74,
                "reply_count": 0,
                "like_count": 0,
                "quote_count": 0,
                "bookmark_count": 0,
                "impression_count": 0
            },
            "text": "RT @CallofDuty: Plenty of action for every Operator 🔥 \n\nShoothouse, Showdown, and Kunstenaar District 24/7 and more in this week's #MWII Pl…",
            "id": "1676732339085275136"
        },
        {
            "author_id": "1298204584805117955",
            "edit_history_tweet_ids": [
                "1676732206520193024"
            ],
            "entities": {
                "mentions": [
                    {
                        "start": 3,
                        "end": 19,
                        "username": "loneghostwolf88",
                        "id": "1112278494682271747"
                    }
                ]
            },
            "public_metrics": {
                "retweet_count": 207,
                "reply_count": 0,
                "like_count": 0,
                "quote_count": 0,
                "bookmark_count": 0,
                "impression_count": 0
            },
            "text": "RT @loneghostwolf88: We know König is tall enough to play Basketball \n#CoDKönig #CallofDuty #3DRender  #MWII https://t.co/miic5gpvgH",
            "id": "1676732206520193024"
        },
        {
            "author_id": "1545150902608269316",
            "edit_history_tweet_ids": [
                "1676731796807876608"
            ],
            "public_metrics": {
                "retweet_count": 0,
                "reply_count": 0,
                "like_count": 0,
                "quote_count": 0,
                "bookmark_count": 0,
                "impression_count": 14
            },
            "text": "Dozeiro lixo, Imagina 😂 | GNOMIN | #callofduty #warzone2 #gameplay #GNOMINOFICIAL #GNOMIN #shorts #reels https://t.co/g1tJHytety",
            "id": "1676731796807876608"
        },
        {
            "author_id": "1514549763466694657",
            "edit_history_tweet_ids": [
                "1676731512526639104"
            ],
            "entities": {
                "mentions": [
                    {
                        "start": 71,
                        "end": 82,
                        "username": "CallofDuty",
                        "id": "290097288"
                    },
                    {
                        "start": 94,
                        "end": 105,
                        "username": "Activision",
                        "id": "612782611"
                    },
                    {
                        "start": 106,
                        "end": 118,
                        "username": "PlayStation",
                        "id": "10671602"
                    },
                    {
                        "start": 119,
                        "end": 132,
                        "username": "InfinityWard",
                        "id": "18742444"
                    }
                ]
            },
            "public_metrics": {
                "retweet_count": 0,
                "reply_count": 0,
                "like_count": 0,
                "quote_count": 0,
                "bookmark_count": 0,
                "impression_count": 60
            },
            "text": "🪤🥷👍#PS5Share, #CallofDutyModernWarfareII #vondel #warzone2 #callofduty @callofduty #mwII #mw2 @activision @playstation @infinityward #modernwarfare2 #cod https://t.co/1G0MuIeMot",
            "id": "1676731512526639104"
        },
        {
            "author_id": "1118474882851975168",
            "edit_history_tweet_ids": [
                "1676731260847136768"
            ],
            "entities": {
                "mentions": [
                    {
                        "start": 3,
                        "end": 14,
                        "username": "GuanZi_YOO",
                        "id": "1075786766483972097"
                    }
                ]
            },
            "public_metrics": {
                "retweet_count": 122,
                "reply_count": 0,
                "like_count": 0,
                "quote_count": 0,
                "bookmark_count": 0,
                "impression_count": 0
            },
            "text": "RT @GuanZi_YOO: 请品尝小狗\n#CallofDuty #MW2 #mw2fanart #konig https://t.co/HBe97R05qj",
            "id": "1676731260847136768"
        },
        {
            "author_id": "1676726790444793857",
            "edit_history_tweet_ids": [
                "1676731057402413058"
            ],
            "entities": {
                "mentions": [
                    {
                        "start": 3,
                        "end": 12,
                        "username": "codontwt",
                        "id": "1604480480518209539"
                    }
                ]
            },
            "public_metrics": {
                "retweet_count": 52,
                "reply_count": 0,
                "like_count": 0,
                "quote_count": 0,
                "bookmark_count": 0,
                "impression_count": 0
            },
            "text": "RT @codontwt: Monday mood\n\n#CallofDuty \n#ModernWarfare2 \n#ModernWarfareII \n#MW2 \n#MWII\n#rodolfoparra https://t.co/ecgmKHfSEr",
            "id": "1676731057402413058"
        },
        {
            "author_id": "312681971",
            "edit_history_tweet_ids": [
                "1676730831300067328"
            ],
            "entities": {
                "mentions": [
                    {
                        "start": 3,
                        "end": 14,
                        "username": "CallofDuty",
                        "id": "290097288"
                    }
                ]
            },
            "public_metrics": {
                "retweet_count": 74,
                "reply_count": 0,
                "like_count": 0,
                "quote_count": 0,
                "bookmark_count": 0,
                "impression_count": 0
            },
            "text": "RT @CallofDuty: Plenty of action for every Operator 🔥 \n\nShoothouse, Showdown, and Kunstenaar District 24/7 and more in this week's #MWII Pl…",
            "id": "1676730831300067328"
        },
        {
            "author_id": "1309167842638598150",
            "edit_history_tweet_ids": [
                "1676730800879071234"
            ],
            "public_metrics": {
                "retweet_count": 0,
                "reply_count": 0,
                "like_count": 0,
                "quote_count": 0,
                "bookmark_count": 0,
                "impression_count": 7
            },
            "text": "Revisa mis estadísticas semanales en #CallofDuty #MWII 💪 https://t.co/J9AbzCqym7",
            "id": "1676730800879071234"
        },
        {
            "author_id": "1611005473142210561",
            "edit_history_tweet_ids": [
                "1676730794210127872"
            ],
            "entities": {
                "mentions": [
                    {
                        "start": 3,
                        "end": 19,
                        "username": "loneghostwolf88",
                        "id": "1112278494682271747"
                    }
                ]
            },
            "public_metrics": {
                "retweet_count": 207,
                "reply_count": 0,
                "like_count": 0,
                "quote_count": 0,
                "bookmark_count": 0,
                "impression_count": 0
            },
            "text": "RT @loneghostwolf88: We know König is tall enough to play Basketball \n#CoDKönig #CallofDuty #3DRender  #MWII https://t.co/miic5gpvgH",
            "id": "1676730794210127872"
        },
        {
            "author_id": "1676722291684651008",
            "edit_history_tweet_ids": [
                "1676730720427950083"
            ],
            "entities": {
                "mentions": [
                    {
                        "start": 0,
                        "end": 15,
                        "username": "TheCassiniJohn",
                        "id": "1133358736771125249"
                    },
                    {
                        "start": 16,
                        "end": 28,
                        "username": "PlayCODNews",
                        "id": "1145294302068785154"
                    },
                    {
                        "start": 29,
                        "end": 43,
                        "username": "PlayCODMobile",
                        "id": "1166443278834659328"
                    }
                ]
            },
            "public_metrics": {
                "retweet_count": 0,
                "reply_count": 0,
                "like_count": 0,
                "quote_count": 0,
                "bookmark_count": 0,
                "impression_count": 4
            },
            "text": "@TheCassiniJohn @PlayCODNews @PlayCODMobile This is a good add yes. https://t.co/iYcx322xAi https://t.co/17gN84kfIg",
            "id": "1676730720427950083"
        },
        {
            "author_id": "1402428768283672576",
            "edit_history_tweet_ids": [
                "1676730475379818496"
            ],
            "entities": {
                "mentions": [
                    {
                        "start": 3,
                        "end": 19,
                        "username": "loneghostwolf88",
                        "id": "1112278494682271747"
                    }
                ]
            },
            "public_metrics": {
                "retweet_count": 225,
                "reply_count": 0,
                "like_count": 0,
                "quote_count": 0,
                "bookmark_count": 0,
                "impression_count": 0
            },
            "text": "RT @loneghostwolf88: Detective Mactavish \n#MWII  #CodSoap #CallofDuty #3DRender https://t.co/QYUOhkFzgm",
            "id": "1676730475379818496"
        },
        {
            "author_id": "381828143",
            "edit_history_tweet_ids": [
                "1676730395356717059"
            ],
            "public_metrics": {
                "retweet_count": 1,
                "reply_count": 0,
                "like_count": 3,
                "quote_count": 0,
                "bookmark_count": 0,
                "impression_count": 26
            },
            "text": "WE’RE FOOKIN LIVE!!!!  Resurgence trios!!! Time for daddy to slap the kids around 🤣🤣🤣https://t.co/RBoBCn71lU. #Warzone2 #CallofDutyModernWarfare2 #gamerdad #SupportSmallStreamers #smallstreamer #twitchstreamer #cod #CallofDuty",
            "id": "1676730395356717059"
        },
        {
            "author_id": "1585554794923626496",
            "edit_history_tweet_ids": [
                "1676730185800982529"
            ],
            "entities": {
                "mentions": [
                    {
                        "start": 3,
                        "end": 14,
                        "username": "CallofDuty",
                        "id": "290097288"
                    }
                ]
            },
            "public_metrics": {
                "retweet_count": 134,
                "reply_count": 0,
                "like_count": 0,
                "quote_count": 0,
                "bookmark_count": 0,
                "impression_count": 0
            },
            "text": "RT @CallofDuty: #TeamRICOCHET is thrilled to share with the community several updates to RICOCHET including the Hallucination decoy and In-…",
            "id": "1676730185800982529"
        },
        {
            "author_id": "1548771710605742080",
            "edit_history_tweet_ids": [
                "1676730098068918272"
            ],
            "entities": {
                "mentions": [
                    {
                        "start": 0,
                        "end": 8,
                        "username": "Lobo_Jz",
                        "id": "2592380317"
                    },
                    {
                        "start": 9,
                        "end": 23,
                        "username": "PlayCODMobile",
                        "id": "1166443278834659328"
                    }
                ]
            },
            "public_metrics": {
                "retweet_count": 0,
                "reply_count": 0,
                "like_count": 0,
                "quote_count": 0,
                "bookmark_count": 0,
                "impression_count": 2
            },
            "text": "@Lobo_Jz @PlayCODMobile Y tambien que regrese la kring MTica",
            "id": "1676730098068918272"
        },
        {
            "author_id": "1070314205641957376",
            "edit_history_tweet_ids": [
                "1676729411683463168"
            ],
            "public_metrics": {
                "retweet_count": 0,
                "reply_count": 0,
                "like_count": 0,
                "quote_count": 0,
                "bookmark_count": 0,
                "impression_count": 14
            },
            "text": "Check out my weekly stats in #CallofDuty #MWII 💪 https://t.co/XK7oBF6jNS",
            "id": "1676729411683463168"
        },
        {
            "author_id": "828451839968428032",
            "edit_history_tweet_ids": [
                "1676729353818734594"
            ],
            "entities": {
                "mentions": [
                    {
                        "start": 3,
                        "end": 13,
                        "username": "alexgscod",
                        "id": "1613363724152094722"
                    }
                ]
            },
            "public_metrics": {
                "retweet_count": 364,
                "reply_count": 0,
                "like_count": 0,
                "quote_count": 0,
                "bookmark_count": 0,
                "impression_count": 0
            },
            "text": "RT @alexgscod: What LT sees 💀🖤🧼\n(+nsfw variants on patreon)\n\n#GhostSoap #SoapGhost #CallOfDuty #MW2 https://t.co/0KxKQEGblR",
            "id": "1676729353818734594"
        },
        {
            "author_id": "1458849751126970369",
            "edit_history_tweet_ids": [
                "1676729104668696583"
            ],
            "public_metrics": {
                "retweet_count": 0,
                "reply_count": 0,
                "like_count": 1,
                "quote_count": 0,
                "bookmark_count": 0,
                "impression_count": 5
            },
            "text": "Check out BACK ON ASHIKA ISLAND!! 🔥 #callofduty #warzone2 #ps5 #live #youtube #gaming https://t.co/8tT3ZNJlKS",
            "id": "1676729104668696583"
        },
        {
            "author_id": "1044458280708239361",
            "edit_history_tweet_ids": [
                "1676728789316009984"
            ],
            "entities": {
                "mentions": [
                    {
                        "start": 3,
                        "end": 19,
                        "username": "loneghostwolf88",
                        "id": "1112278494682271747"
                    }
                ]
            },
            "public_metrics": {
                "retweet_count": 207,
                "reply_count": 0,
                "like_count": 0,
                "quote_count": 0,
                "bookmark_count": 0,
                "impression_count": 0
            },
            "text": "RT @loneghostwolf88: We know König is tall enough to play Basketball \n#CoDKönig #CallofDuty #3DRender  #MWII https://t.co/miic5gpvgH",
            "id": "1676728789316009984"
        },
        {
            "author_id": "610548674",
            "edit_history_tweet_ids": [
                "1676728638233022466"
            ],
            "public_metrics": {
                "retweet_count": 0,
                "reply_count": 0,
                "like_count": 0,
                "quote_count": 0,
                "bookmark_count": 0,
                "impression_count": 8
            },
            "text": "Check out my weekly stats in #CallofDuty #MWII 💪 https://t.co/XgOFgrFOWD",
            "id": "1676728638233022466"
        },
        {
            "author_id": "1560811899088162817",
            "edit_history_tweet_ids": [
                "1676728447891304451"
            ],
            "public_metrics": {
                "retweet_count": 0,
                "reply_count": 0,
                "like_count": 0,
                "quote_count": 0,
                "bookmark_count": 0,
                "impression_count": 2
            },
            "text": "Check out my weekly stats in #CallofDuty #MWII 💪 https://t.co/qeqH3azIyB",
            "id": "1676728447891304451"
        },
        {
            "author_id": "1304956607751577600",
            "edit_history_tweet_ids": [
                "1676727922378555392"
            ],
            "entities": {
                "mentions": [
                    {
                        "start": 0,
                        "end": 10,
                        "username": "Xtormiken",
                        "id": "1048186246290460673"
                    },
                    {
                        "start": 11,
                        "end": 25,
                        "username": "PlayCODMobile",
                        "id": "1166443278834659328"
                    }
                ]
            },
            "public_metrics": {
                "retweet_count": 0,
                "reply_count": 0,
                "like_count": 0,
                "quote_count": 0,
                "bookmark_count": 0,
                "impression_count": 5
            },
            "text": "@Xtormiken @PlayCODMobile I have no hope for the future. This has been the worst year of codm",
            "id": "1676727922378555392"
        },
        {
            "author_id": "1676644559697383424",
            "edit_history_tweet_ids": [
                "1676727843718574080"
            ],
            "entities": {
                "mentions": [
                    {
                        "start": 0,
                        "end": 12,
                        "username": "Ohsniped999",
                        "id": "1296928042749759494"
                    }
                ]
            },
            "public_metrics": {
                "retweet_count": 0,
                "reply_count": 1,
                "like_count": 0,
                "quote_count": 0,
                "bookmark_count": 0,
                "impression_count": 42
            },
            "text": "@Ohsniped999 hmm he's not wrong tho, if u have played both mw2 and codm its easy to recognize mw2 is a much better built game overall especially with its gameplay. codm does feel outdated compared to mw2. but it just lacks as much content",
            "id": "1676727843718574080"
        },
        {
            "author_id": "6667522",
            "edit_history_tweet_ids": [
                "1676727760981508097"
            ],
            "entities": {
                "mentions": [
                    {
                        "start": 27,
                        "end": 38,
                        "username": "CallofDuty",
                        "id": "290097288"
                    },
                    {
                        "start": 39,
                        "end": 52,
                        "username": "InfinityWard",
                        "id": "18742444"
                    }
                ]
            },
            "public_metrics": {
                "retweet_count": 1,
                "reply_count": 0,
                "like_count": 1,
                "quote_count": 0,
                "bookmark_count": 0,
                "impression_count": 63
            },
            "text": "Double Skulls All The Way! @CallofDuty @InfinityWard #MW2 #DMZ #PCGaming #Xbox #PlayStation #PS4 #PS5 #CoD https://t.co/Yoda0zWZnY",
            "id": "1676727760981508097"
        },
        {
            "author_id": "4816394819",
            "edit_history_tweet_ids": [
                "1676727715385298944"
            ],
            "entities": {
                "mentions": [
                    {
                        "start": 3,
                        "end": 10,
                        "username": "xFrio_",
                        "id": "1372211843402448904"
                    }
                ]
            },
            "public_metrics": {
                "retweet_count": 1,
                "reply_count": 0,
                "like_count": 0,
                "quote_count": 0,
                "bookmark_count": 0,
                "impression_count": 0
            },
            "text": "RT @xFrio_: Taking over\n\n#MW2 #eSports #CallofDuty #gamingpc #RICOCHET #twitchstreamer #twitchaffiliate #Competition #gaming #SCRIMFINDER #…",
            "id": "1676727715385298944"
        },
        {
            "author_id": "4816394819",
            "edit_history_tweet_ids": [
                "1676727710410854400"
            ],
            "entities": {
                "mentions": [
                    {
                        "start": 3,
                        "end": 10,
                        "username": "xFrio_",
                        "id": "1372211843402448904"
                    }
                ]
            },
            "public_metrics": {
                "retweet_count": 1,
                "reply_count": 0,
                "like_count": 0,
                "quote_count": 0,
                "bookmark_count": 0,
                "impression_count": 0
            },
            "text": "RT @xFrio_: Locked \n\n#MW2 #eSports #CallofDuty #gamingpc #RICOCHET #twitchstreamer #twitchaffiliate #Competition #gaming #SCRIMFINDER #CODF…",
            "id": "1676727710410854400"
        },
        {
            "author_id": "1465740516360966151",
            "edit_history_tweet_ids": [
                "1676727663405445120"
            ],
            "public_metrics": {
                "retweet_count": 0,
                "reply_count": 0,
                "like_count": 0,
                "quote_count": 0,
                "bookmark_count": 0,
                "impression_count": 58
            },
            "text": "https://t.co/JlJvoq78Ac\n\nCall of Duty Warzone 2.0 - SHIPMENT - DOMINATION\n\n#LionHunterChannel #Warzone2 #CallofDutyWarzone #CallOfDuty #COD #игра #шутер #game #shooter #FPS #YouTube #DMZ #SOLO",
            "id": "1676727663405445120"
        },
        {
            "author_id": "3014215192",
            "edit_history_tweet_ids": [
                "1676727559290253312"
            ],
            "public_metrics": {
                "retweet_count": 0,
                "reply_count": 0,
                "like_count": 0,
                "quote_count": 0,
                "bookmark_count": 0,
                "impression_count": 2
            },
            "text": "Revisa mis estadísticas semanales en #CallofDuty #MWII 💪 https://t.co/OZ5I84WzXK",
            "id": "1676727559290253312"
        },
        {
            "author_id": "1617505926004490240",
            "edit_history_tweet_ids": [
                "1676727492109905921"
            ],
            "entities": {
                "mentions": [
                    {
                        "start": 3,
                        "end": 14,
                        "username": "GuanZi_YOO",
                        "id": "1075786766483972097"
                    }
                ]
            },
            "public_metrics": {
                "retweet_count": 122,
                "reply_count": 0,
                "like_count": 0,
                "quote_count": 0,
                "bookmark_count": 0,
                "impression_count": 0
            },
            "text": "RT @GuanZi_YOO: 请品尝小狗\n#CallofDuty #MW2 #mw2fanart #konig https://t.co/HBe97R05qj",
            "id": "1676727492109905921"
        },
        {
            "author_id": "956402256613552128",
            "edit_history_tweet_ids": [
                "1676727382739419139"
            ],
            "public_metrics": {
                "retweet_count": 0,
                "reply_count": 0,
                "like_count": 1,
                "quote_count": 0,
                "bookmark_count": 0,
                "impression_count": 268
            },
            "text": "今年の新作(COD2023)は再び「スレハンのMW3」だし見ものだな。11月に新作ってことはMW2はシーズン6まであるの？\nhttps://t.co/JdLDLaivBl\n\n#COD #コールオブデューティ #callofduty #CODMW2 #MW2 #CoDMWII #DMZ #warzone2 #シーズン4 #CODMW3 #MW3 https://t.co/0fwh9f0C9q",
            "id": "1676727382739419139"
        },
        {
            "author_id": "1384825462308880389",
            "edit_history_tweet_ids": [
                "1676727373058777098"
            ],
            "entities": {
                "mentions": [
                    {
                        "start": 3,
                        "end": 14,
                        "username": "GuanZi_YOO",
                        "id": "1075786766483972097"
                    }
                ]
            },
            "public_metrics": {
                "retweet_count": 122,
                "reply_count": 0,
                "like_count": 0,
                "quote_count": 0,
                "bookmark_count": 0,
                "impression_count": 0
            },
            "text": "RT @GuanZi_YOO: 请品尝小狗\n#CallofDuty #MW2 #mw2fanart #konig https://t.co/HBe97R05qj",
            "id": "1676727373058777098"
        },
        {
            "author_id": "1048186246290460673",
            "edit_history_tweet_ids": [
                "1676727256381530112"
            ],
            "entities": {
                "mentions": [
                    {
                        "start": 0,
                        "end": 11,
                        "username": "blitzdafur",
                        "id": "1304956607751577600"
                    },
                    {
                        "start": 12,
                        "end": 26,
                        "username": "PlayCODMobile",
                        "id": "1166443278834659328"
                    }
                ]
            },
            "public_metrics": {
                "retweet_count": 0,
                "reply_count": 1,
                "like_count": 0,
                "quote_count": 0,
                "bookmark_count": 0,
                "impression_count": 9
            },
            "text": "@blitzdafur @PlayCODMobile Yea, but according to the community manager one of these will be on the battlepass on S7 so it's a slight change for good (but maybe will be a lame recolor)",
            "id": "1676727256381530112"
        },
        {
            "author_id": "92881040",
            "edit_history_tweet_ids": [
                "1676727245069590530"
            ],
            "entities": {
                "mentions": [
                    {
                        "start": 3,
                        "end": 16,
                        "username": "CollinsChadM",
                        "id": "15328133"
                    }
                ]
            },
            "public_metrics": {
                "retweet_count": 7,
                "reply_count": 0,
                "like_count": 0,
                "quote_count": 0,
                "bookmark_count": 0,
                "impression_count": 0
            },
            "text": "RT @CollinsChadM: First time playing Resurgence and he got the dub! Full stream vid now up!\n\n#CallofDuty’s ALEX Plays #MW2 &amp; #Warzone - Co-…",
            "id": "1676727245069590530"
        },
        {
            "author_id": "1308467977025720321",
            "edit_history_tweet_ids": [
                "1676726816545832960"
            ],
            "entities": {
                "mentions": [
                    {
                        "start": 3,
                        "end": 15,
                        "username": "electrotom_",
                        "id": "1276456313900457985"
                    }
                ]
            },
            "public_metrics": {
                "retweet_count": 2,
                "reply_count": 0,
                "like_count": 0,
                "quote_count": 0,
                "bookmark_count": 0,
                "impression_count": 0
            },
            "text": "RT @electrotom_: My TikTok’s doing the rounds, take a look and show it some love ❤️ https://t.co/T1Al4zXjKr #cod #callofduty #codwarzone #w…",
            "id": "1676726816545832960"
        },
        {
            "author_id": "1197496642586365954",
            "edit_history_tweet_ids": [
                "1676726784845381634"
            ],
            "entities": {
                "mentions": [
                    {
                        "start": 3,
                        "end": 19,
                        "username": "loneghostwolf88",
                        "id": "1112278494682271747"
                    }
                ]
            },
            "public_metrics": {
                "retweet_count": 207,
                "reply_count": 0,
                "like_count": 0,
                "quote_count": 0,
                "bookmark_count": 0,
                "impression_count": 0
            },
            "text": "RT @loneghostwolf88: We know König is tall enough to play Basketball \n#CoDKönig #CallofDuty #3DRender  #MWII https://t.co/miic5gpvgH",
            "id": "1676726784845381634"
        },
        {
            "author_id": "1550532599243743233",
            "edit_history_tweet_ids": [
                "1676726733603586049"
            ],
            "entities": {
                "mentions": [
                    {
                        "start": 3,
                        "end": 12,
                        "username": "h0neyaki",
                        "id": "1272948560909254657"
                    },
                    {
                        "start": 54,
                        "end": 66,
                        "username": "neil_ellice",
                        "id": "1634556233243062273"
                    }
                ]
            },
            "public_metrics": {
                "retweet_count": 37,
                "reply_count": 0,
                "like_count": 0,
                "quote_count": 0,
                "bookmark_count": 0,
                "impression_count": 0
            },
            "text": "RT @h0neyaki: A slot for Soap 🧼\nWho else should join? @neil_ellice #cod #CallofDuty #MW2 #codmw2 #SoapMacTavish #SoapCod https://t.co/54GAJ…",
            "id": "1676726733603586049"
        },
        {
            "author_id": "1912851924",
            "edit_history_tweet_ids": [
                "1676726305923149825"
            ],
            "entities": {
                "mentions": [
                    {
                        "start": 3,
                        "end": 17,
                        "username": "lily_redfeels",
                        "id": "74166602"
                    }
                ]
            },
            "public_metrics": {
                "retweet_count": 20,
                "reply_count": 0,
                "like_count": 0,
                "quote_count": 0,
                "bookmark_count": 0,
                "impression_count": 0
            },
            "text": "RT @lily_redfeels: his bug senses are tingling 🪳\n\n#MW2 #Roach #cod #CallofDuty https://t.co/ByHL74A3kK",
            "id": "1676726305923149825"
        },
        {
            "author_id": "76331713",
            "edit_history_tweet_ids": [
                "1676726132488404992"
            ],
            "entities": {
                "mentions": [
                    {
                        "start": 3,
                        "end": 19,
                        "username": "loneghostwolf88",
                        "id": "1112278494682271747"
                    }
                ]
            },
            "public_metrics": {
                "retweet_count": 207,
                "reply_count": 0,
                "like_count": 0,
                "quote_count": 0,
                "bookmark_count": 0,
                "impression_count": 0
            },
            "text": "RT @loneghostwolf88: We know König is tall enough to play Basketball \n#CoDKönig #CallofDuty #3DRender  #MWII https://t.co/miic5gpvgH",
            "id": "1676726132488404992"
        },
        {
            "author_id": "1092597329646022656",
            "edit_history_tweet_ids": [
                "1676726072627417090"
            ],
            "entities": {
                "mentions": [
                    {
                        "start": 3,
                        "end": 19,
                        "username": "loneghostwolf88",
                        "id": "1112278494682271747"
                    }
                ]
            },
            "public_metrics": {
                "retweet_count": 225,
                "reply_count": 0,
                "like_count": 0,
                "quote_count": 0,
                "bookmark_count": 0,
                "impression_count": 0
            },
            "text": "RT @loneghostwolf88: Detective Mactavish \n#MWII  #CodSoap #CallofDuty #3DRender https://t.co/QYUOhkFzgm",
            "id": "1676726072627417090"
        },
        {
            "author_id": "1675432096733736962",
            "edit_history_tweet_ids": [
                "1676726044001456128"
            ],
            "public_metrics": {
                "retweet_count": 4,
                "reply_count": 2,
                "like_count": 28,
                "quote_count": 0,
                "bookmark_count": 0,
                "impression_count": 1773
            },
            "text": "Yes, this is from our MW2 Remastered Multiplayer Mod. I hope we can get the elevators working for it 👀\n#MW2 #ModernWarfare2 #CallofDuty #mw2remastered #h2m #h2mmod https://t.co/YAMMYIHF5i",
            "id": "1676726044001456128"
        },
        {
            "author_id": "896099867142926336",
            "edit_history_tweet_ids": [
                "1676725976561246209"
            ],
            "entities": {
                "mentions": [
                    {
                        "start": 3,
                        "end": 19,
                        "username": "loneghostwolf88",
                        "id": "1112278494682271747"
                    }
                ]
            },
            "public_metrics": {
                "retweet_count": 225,
                "reply_count": 0,
                "like_count": 0,
                "quote_count": 0,
                "bookmark_count": 0,
                "impression_count": 0
            },
            "text": "RT @loneghostwolf88: Detective Mactavish \n#MWII  #CodSoap #CallofDuty #3DRender https://t.co/QYUOhkFzgm",
            "id": "1676725976561246209"
        },
        {
            "author_id": "1634745204241494016",
            "edit_history_tweet_ids": [
                "1676725605600055299"
            ],
            "entities": {
                "mentions": [
                    {
                        "start": 3,
                        "end": 14,
                        "username": "CallofDuty",
                        "id": "290097288"
                    }
                ]
            },
            "public_metrics": {
                "retweet_count": 74,
                "reply_count": 0,
                "like_count": 0,
                "quote_count": 0,
                "bookmark_count": 0,
                "impression_count": 0
            },
            "text": "RT @CallofDuty: Plenty of action for every Operator 🔥 \n\nShoothouse, Showdown, and Kunstenaar District 24/7 and more in this week's #MWII Pl…",
            "id": "1676725605600055299"
        },
        {
            "author_id": "1643769968117309442",
            "edit_history_tweet_ids": [
                "1676725567075278848"
            ],
            "entities": {
                "mentions": [
                    {
                        "start": 3,
                        "end": 10,
                        "username": "661ave",
                        "id": "1054927382"
                    }
                ]
            },
            "public_metrics": {
                "retweet_count": 409,
                "reply_count": 0,
                "like_count": 0,
                "quote_count": 0,
                "bookmark_count": 0,
                "impression_count": 0
            },
            "text": "RT @661ave: #JohnPrice #CaptainPrice #MWII #MW2 #CallofDuty https://t.co/sdOdCzsFZS",
            "id": "1676725567075278848"
        },
        {
            "author_id": "1636132086858805249",
            "edit_history_tweet_ids": [
                "1676725228586651649"
            ],
            "entities": {
                "mentions": [
                    {
                        "start": 3,
                        "end": 15,
                        "username": "lexiissgone",
                        "id": "1642097723481440256"
                    }
                ]
            },
            "public_metrics": {
                "retweet_count": 8,
                "reply_count": 0,
                "like_count": 0,
                "quote_count": 0,
                "bookmark_count": 0,
                "impression_count": 0
            },
            "text": "RT @lexiissgone: quick warm up in 20 mins with him..........??????\n\n[#Konig #CallofDuty #MWII #art #WIP ] https://t.co/CHy5cvziIw",
            "id": "1676725228586651649"
        },
        {
            "author_id": "1499125329620869121",
            "edit_history_tweet_ids": [
                "1676724952584671232"
            ],
            "entities": {
                "mentions": [
                    {
                        "start": 3,
                        "end": 19,
                        "username": "loneghostwolf88",
                        "id": "1112278494682271747"
                    }
                ]
            },
            "public_metrics": {
                "retweet_count": 207,
                "reply_count": 0,
                "like_count": 0,
                "quote_count": 0,
                "bookmark_count": 0,
                "impression_count": 0
            },
            "text": "RT @loneghostwolf88: We know König is tall enough to play Basketball \n#CoDKönig #CallofDuty #3DRender  #MWII https://t.co/miic5gpvgH",
            "id": "1676724952584671232"
        },
        {
            "author_id": "1458102671064305674",
            "edit_history_tweet_ids": [
                "1676724894887981058"
            ],
            "entities": {
                "mentions": [
                    {
                        "start": 3,
                        "end": 14,
                        "username": "CallofDuty",
                        "id": "290097288"
                    }
                ]
            },
            "public_metrics": {
                "retweet_count": 74,
                "reply_count": 0,
                "like_count": 0,
                "quote_count": 0,
                "bookmark_count": 0,
                "impression_count": 0
            },
            "text": "RT @CallofDuty: Plenty of action for every Operator 🔥 \n\nShoothouse, Showdown, and Kunstenaar District 24/7 and more in this week's #MWII Pl…",
            "id": "1676724894887981058"
        },
        {
            "author_id": "1508577733399527428",
            "edit_history_tweet_ids": [
                "1676724727153324036"
            ],
            "entities": {
                "mentions": [
                    {
                        "start": 65,
                        "end": 79,
                        "username": "GNSxKorrupted",
                        "id": "1508244984021110787"
                    },
                    {
                        "start": 80,
                        "end": 91,
                        "username": "CallofDuty",
                        "id": "290097288"
                    }
                ]
            },
            "public_metrics": {
                "retweet_count": 0,
                "reply_count": 0,
                "like_count": 0,
                "quote_count": 0,
                "bookmark_count": 0,
                "impression_count": 4
            },
            "text": "SEE YOU THERE!!!!!#CallofDuty #Warzone2 #CallofDutyModernWarfare @GNSxKorrupted @CallofDuty https://t.co/V6nyBGwOgm",
            "id": "1676724727153324036"
        },
        {
            "author_id": "1457692842",
            "edit_history_tweet_ids": [
                "1676724723139346435"
            ],
            "entities": {
                "mentions": [
                    {
                        "start": 3,
                        "end": 14,
                        "username": "CallofDuty",
                        "id": "290097288"
                    }
                ]
            },
            "public_metrics": {
                "retweet_count": 74,
                "reply_count": 0,
                "like_count": 0,
                "quote_count": 0,
                "bookmark_count": 0,
                "impression_count": 0
            },
            "text": "RT @CallofDuty: Plenty of action for every Operator 🔥 \n\nShoothouse, Showdown, and Kunstenaar District 24/7 and more in this week's #MWII Pl…",
            "id": "1676724723139346435"
        },
        {
            "author_id": "980445269128105984",
            "edit_history_tweet_ids": [
                "1676724299636305922"
            ],
            "entities": {
                "mentions": [
                    {
                        "start": 3,
                        "end": 14,
                        "username": "CallofDuty",
                        "id": "290097288"
                    }
                ]
            },
            "public_metrics": {
                "retweet_count": 74,
                "reply_count": 0,
                "like_count": 0,
                "quote_count": 0,
                "bookmark_count": 0,
                "impression_count": 0
            },
            "text": "RT @CallofDuty: Plenty of action for every Operator 🔥 \n\nShoothouse, Showdown, and Kunstenaar District 24/7 and more in this week's #MWII Pl…",
            "id": "1676724299636305922"
        }
    ],
    "includes": {
        "users": [
            {
                "id": "1296928042749759494",
                "name": "Ohsniped 🦠",
                "username": "Ohsniped999"
            },
            {
                "id": "1326200469379801093",
                "name": "Mo",
                "username": "Moolooll"
            },
            {
                "id": "1658308753",
                "name": "Bobby Plays",
                "username": "RealBobbyPlays"
            },
            {
                "id": "1213283880930660353",
                "name": "Miney",
                "username": "MineyCODM"
            },
            {
                "id": "290097288",
                "name": "Call of Duty",
                "username": "CallofDuty"
            },
            {
                "id": "1112278494682271747",
                "name": "GhostWolf",
                "username": "loneghostwolf88"
            },
            {
                "id": "1354873405619773442",
                "name": "volok",
                "username": "roachp0t"
            },
            {
                "id": "1272948560909254657",
                "name": "ɪ ᴀᴍ ʏᴀᴋɪ 🌊",
                "username": "h0neyaki"
            },
            {
                "id": "1634556233243062273",
                "name": "Neil Ellice",
                "username": "neil_ellice"
            },
            {
                "id": "1621032577367687171",
                "name": "Pavel",
                "username": "PAVEL_CODM"
            },
            {
                "id": "1166443278834659328",
                "name": "Call of Duty: Mobile",
                "username": "PlayCODMobile"
            },
            {
                "id": "1663593965809967104",
                "name": "ibot",
                "username": "im_ibot"
            },
            {
                "id": "1075786766483972097",
                "name": "VIOLENT_ORANGE",
                "username": "GuanZi_YOO"
            },
            {
                "id": "1266193455966859265",
                "name": "CELL",
                "username": "remix3s"
            },
            {
                "id": "4720277247",
                "name": "peach",
                "username": "xbruised_peachx"
            },
            {
                "id": "1304956607751577600",
                "name": "BLITZ",
                "username": "blitzdafur"
            },
            {
                "id": "1501477379436433408",
                "name": "Gxno🔱🦹🏽‍♂️",
                "username": "ItsGxnoo"
            },
            {
                "id": "3245645509",
                "name": "Ascend",
                "username": "lAscendl"
            },
            {
                "id": "1529987660848287766",
                "name": "Lujo Kingdom 🔱",
                "username": "LujoKingdom"
            },
            {
                "id": "2938062676",
                "name": "MattZomB",
                "username": "ZomB26"
            },
            {
                "id": "1412591633032486921",
                "name": "Gat",
                "username": "WhosGat"
            },
            {
                "id": "381828143",
                "name": "Yankee",
                "username": "YankeeOwwww"
            },
            {
                "id": "1642097723481440256",
                "name": "LEX",
                "username": "lexiissgone"
            },
            {
                "id": "1270915551628595200",
                "name": "Shkret Art",
                "username": "ShkretArt"
            },
            {
                "id": "3065618342",
                "name": "Discord",
                "username": "discord"
            },
            {
                "id": "612782611",
                "name": "Activision",
                "username": "Activision"
            },
            {
                "id": "753670706311815169",
                "name": "Activision Blizzard",
                "username": "ATVI_AB"
            },
            {
                "id": "85215038",
                "name": "Activision Support",
                "username": "ATVIAssist"
            },
            {
                "id": "1441174708930576386",
                "name": "༄Yume ❄🐼",
                "username": "yumecore"
            },
            {
                "id": "10671602",
                "name": "PlayStation",
                "username": "PlayStation"
            },
            {
                "id": "18742444",
                "name": "Infinity Ward",
                "username": "InfinityWard"
            },
            {
                "id": "1604480480518209539",
                "name": "cod characters on twt 💀🌱",
                "username": "codontwt"
            },
            {
                "id": "1133358736771125249",
                "name": "John",
                "username": "TheCassiniJohn"
            },
            {
                "id": "1145294302068785154",
                "name": "PlayCODNews",
                "username": "PlayCODNews"
            },
            {
                "id": "2592380317",
                "name": "Lobo Jz 🐶✏️",
                "username": "Lobo_Jz"
            },
            {
                "id": "1613363724152094722",
                "name": "🧼💀 alex 💀 🧼",
                "username": "alexgscod"
            },
            {
                "id": "1048186246290460673",
                "name": "...",
                "username": "Xtormiken"
            },
            {
                "id": "1372211843402448904",
                "name": "xFrio_",
                "username": "xFrio_"
            },
            {
                "id": "15328133",
                "name": "Chad Michael Collins",
                "username": "CollinsChadM"
            },
            {
                "id": "1276456313900457985",
                "name": "9R | ElectroTom_",
                "username": "electrotom_"
            },
            {
                "id": "74166602",
                "name": "Cine 💀✨️👻",
                "username": "lily_redfeels"
            },
            {
                "id": "1054927382",
                "name": "661ave",
                "username": "661ave"
            },
            {
                "id": "1508244984021110787",
                "name": "Korrupted-_-",
                "username": "GNSxKorrupted"
            }
        ]
    },
    "meta": {
        "newest_id": "1676742521911906304",
        "oldest_id": "1676724299636305922",
        "result_count": 99,
        "next_token": "b26v89c19zqg8o3fqkm0izkikpx2unr8mcll1ha6s9nct"
    }
}