{
    "data": [
        {
            "public_metrics": {
                "retweet_count": 942,
                "reply_count": 0,
                "like_count": 0,
                "quote_count": 0,
                "bookmark_count": 0,
                "impression_count": 0
            },
            "text": "RT @AmikoRoyAi: Portable heater\n\n#ghostsoap #soapghost #MWII #callofduty https://t.co/N5zMoHWTaF",
            "edit_history_tweet_ids": [
                "1679279336673759232"
            ],
            "id": "1679279336673759232",
            "author_id": "1486234372969799680",
            "entities": {
                "mentions": [
                    {
                        "start": 3,
                        "end": 14,
                        "username": "AmikoRoyAi",
                        "id": "4883418989"
                    }
                ]
            }
        },
        {
            "public_metrics": {
                "retweet_count": 169,
                "reply_count": 0,
                "like_count": 0,
                "quote_count": 0,
                "bookmark_count": 0,
                "impression_count": 0
            },
            "text": "RT @alexgscod: Chilling bfs at the pool! 💀🧼☀️🌊\n(nsfw variants on patreon)\n\n#GhostSoap #SoapGhost #CallOfDuty #MWII #SimonGhostRiley #soapma…",
            "edit_history_tweet_ids": [
                "1679279303194992640"
            ],
            "id": "1679279303194992640",
            "author_id": "1493370268294680577",
            "entities": {
                "mentions": [
                    {
                        "start": 3,
                        "end": 13,
                        "username": "alexgscod",
                        "id": "1613363724152094722"
                    }
                ]
            }
        },
        {
            "public_metrics": {
                "retweet_count": 942,
                "reply_count": 0,
                "like_count": 0,
                "quote_count": 0,
                "bookmark_count": 0,
                "impression_count": 0
            },
            "text": "RT @AmikoRoyAi: Portable heater\n\n#ghostsoap #soapghost #MWII #callofduty https://t.co/N5zMoHWTaF",
            "edit_history_tweet_ids": [
                "1679279258714411008"
            ],
            "id": "1679279258714411008",
            "author_id": "1481561281572196355",
            "entities": {
                "mentions": [
                    {
                        "start": 3,
                        "end": 14,
                        "username": "AmikoRoyAi",
                        "id": "4883418989"
                    }
                ]
            }
        },
        {
            "public_metrics": {
                "retweet_count": 942,
                "reply_count": 0,
                "like_count": 0,
                "quote_count": 0,
                "bookmark_count": 0,
                "impression_count": 0
            },
            "text": "RT @AmikoRoyAi: Portable heater\n\n#ghostsoap #soapghost #MWII #callofduty https://t.co/N5zMoHWTaF",
            "edit_history_tweet_ids": [
                "1679279061787394048"
            ],
            "id": "1679279061787394048",
            "author_id": "1609578041738465280",
            "entities": {
                "mentions": [
                    {
                        "start": 3,
                        "end": 14,
                        "username": "AmikoRoyAi",
                        "id": "4883418989"
                    }
                ]
            }
        },
        {
            "public_metrics": {
                "retweet_count": 54,
                "reply_count": 0,
                "like_count": 0,
                "quote_count": 0,
                "bookmark_count": 0,
                "impression_count": 0
            },
            "text": "RT @CallofDuty: Take the fight to the canals and more 🏊‍♂️\n\nVondel Waterfront 24/7, Kill Streak Confirmed, and Deathmatch Domination plus m…",
            "edit_history_tweet_ids": [
                "1679279053168078848"
            ],
            "id": "1679279053168078848",
            "author_id": "1442437273216188418",
            "entities": {
                "mentions": [
                    {
                        "start": 3,
                        "end": 14,
                        "username": "CallofDuty",
                        "id": "290097288"
                    }
                ]
            }
        },
        {
            "public_metrics": {
                "retweet_count": 411,
                "reply_count": 0,
                "like_count": 0,
                "quote_count": 0,
                "bookmark_count": 0,
                "impression_count": 0
            },
            "text": "RT @artimaaaeus: touch\n---\n#CallofDuty #MWII #MW2 #GhostSoap https://t.co/Ini1wUlSax",
            "edit_history_tweet_ids": [
                "1679278986411614215"
            ],
            "id": "1679278986411614215",
            "author_id": "1347287454928277506",
            "entities": {
                "mentions": [
                    {
                        "start": 3,
                        "end": 15,
                        "username": "artimaaaeus",
                        "id": "1021771255957995520"
                    }
                ]
            }
        },
        {
            "public_metrics": {
                "retweet_count": 411,
                "reply_count": 0,
                "like_count": 0,
                "quote_count": 0,
                "bookmark_count": 0,
                "impression_count": 0
            },
            "text": "RT @artimaaaeus: touch\n---\n#CallofDuty #MWII #MW2 #GhostSoap https://t.co/Ini1wUlSax",
            "edit_history_tweet_ids": [
                "1679278965213761537"
            ],
            "id": "1679278965213761537",
            "author_id": "1481561281572196355",
            "entities": {
                "mentions": [
                    {
                        "start": 3,
                        "end": 15,
                        "username": "artimaaaeus",
                        "id": "1021771255957995520"
                    }
                ]
            }
        },
        {
            "public_metrics": {
                "retweet_count": 942,
                "reply_count": 0,
                "like_count": 0,
                "quote_count": 0,
                "bookmark_count": 0,
                "impression_count": 0
            },
            "text": "RT @AmikoRoyAi: Portable heater\n\n#ghostsoap #soapghost #MWII #callofduty https://t.co/N5zMoHWTaF",
            "edit_history_tweet_ids": [
                "1679278863853953024"
            ],
            "id": "1679278863853953024",
            "author_id": "1354366740382294016",
            "entities": {
                "mentions": [
                    {
                        "start": 3,
                        "end": 14,
                        "username": "AmikoRoyAi",
                        "id": "4883418989"
                    }
                ]
            }
        },
        {
            "public_metrics": {
                "retweet_count": 0,
                "reply_count": 0,
                "like_count": 0,
                "quote_count": 0,
                "bookmark_count": 0,
                "impression_count": 335
            },
            "text": "Oi @CallofDuty  your game eats ass bro fix it. #warzone2 #theboys",
            "edit_history_tweet_ids": [
                "1679278632814911489"
            ],
            "id": "1679278632814911489",
            "author_id": "1251206171618312193",
            "entities": {
                "mentions": [
                    {
                        "start": 3,
                        "end": 14,
                        "username": "CallofDuty",
                        "id": "290097288"
                    }
                ]
            }
        },
        {
            "public_metrics": {
                "retweet_count": 942,
                "reply_count": 0,
                "like_count": 0,
                "quote_count": 0,
                "bookmark_count": 0,
                "impression_count": 0
            },
            "text": "RT @AmikoRoyAi: Portable heater\n\n#ghostsoap #soapghost #MWII #callofduty https://t.co/N5zMoHWTaF",
            "edit_history_tweet_ids": [
                "1679278418901254144"
            ],
            "id": "1679278418901254144",
            "author_id": "3234184750",
            "entities": {
                "mentions": [
                    {
                        "start": 3,
                        "end": 14,
                        "username": "AmikoRoyAi",
                        "id": "4883418989"
                    }
                ]
            }
        },
        {
            "public_metrics": {
                "retweet_count": 411,
                "reply_count": 0,
                "like_count": 0,
                "quote_count": 0,
                "bookmark_count": 0,
                "impression_count": 0
            },
            "text": "RT @artimaaaeus: touch\n---\n#CallofDuty #MWII #MW2 #GhostSoap https://t.co/Ini1wUlSax",
            "edit_history_tweet_ids": [
                "1679278263124779009"
            ],
            "id": "1679278263124779009",
            "author_id": "3234184750",
            "entities": {
                "mentions": [
                    {
                        "start": 3,
                        "end": 15,
                        "username": "artimaaaeus",
                        "id": "1021771255957995520"
                    }
                ]
            }
        },
        {
            "public_metrics": {
                "retweet_count": 151,
                "reply_count": 0,
                "like_count": 0,
                "quote_count": 0,
                "bookmark_count": 0,
                "impression_count": 0
            },
            "text": "RT @loneghostwolf88: We know he's proud of his pecs 🤭❤️‍🔥\n#CallofDutyModernWarfare2 #CodGhost #CodSoap #CallofDuty #3DRender #Rendering #MW…",
            "edit_history_tweet_ids": [
                "1679278248524681217"
            ],
            "id": "1679278248524681217",
            "author_id": "949932943102722048",
            "entities": {
                "mentions": [
                    {
                        "start": 3,
                        "end": 19,
                        "username": "loneghostwolf88",
                        "id": "1112278494682271747"
                    }
                ]
            }
        },
        {
            "public_metrics": {
                "retweet_count": 109,
                "reply_count": 0,
                "like_count": 0,
                "quote_count": 0,
                "bookmark_count": 0,
                "impression_count": 0
            },
            "text": "RT @loneghostwolf88: \"You got him, Lt.\" \n#CallofDutyModernWarfare2 #CodGhost #CodSoap #CallofDuty #3DRender #Rendering #MWII https://t.co/g…",
            "edit_history_tweet_ids": [
                "1679278236461846528"
            ],
            "id": "1679278236461846528",
            "author_id": "949932943102722048",
            "entities": {
                "mentions": [
                    {
                        "start": 3,
                        "end": 19,
                        "username": "loneghostwolf88",
                        "id": "1112278494682271747"
                    }
                ]
            }
        },
        {
            "public_metrics": {
                "retweet_count": 0,
                "reply_count": 0,
                "like_count": 2,
                "quote_count": 0,
                "bookmark_count": 0,
                "impression_count": 797
            },
            "text": "Modo camperos🤣 #Warzone #Warzone2 #CallofDuty #CallofDutyModernWarfare2 #CallofDutyModernWarfareII #CallofDutyBlackOpsColdWar https://t.co/dvaoGumfDr",
            "edit_history_tweet_ids": [
                "1679278220816916482"
            ],
            "id": "1679278220816916482",
            "author_id": "1435474008066121730"
        },
        {
            "public_metrics": {
                "retweet_count": 231,
                "reply_count": 0,
                "like_count": 0,
                "quote_count": 0,
                "bookmark_count": 0,
                "impression_count": 0
            },
            "text": "RT @loneghostwolf88: Soap for the beach boy series 🧼☀️🏝️\n#CallofDutyModernWarfare2 #CodGhost #CodSoap #CallofDuty #3DRender #Rendering #MWI…",
            "edit_history_tweet_ids": [
                "1679278127275728896"
            ],
            "id": "1679278127275728896",
            "author_id": "949932943102722048",
            "entities": {
                "mentions": [
                    {
                        "start": 3,
                        "end": 19,
                        "username": "loneghostwolf88",
                        "id": "1112278494682271747"
                    }
                ]
            }
        },
        {
            "public_metrics": {
                "retweet_count": 411,
                "reply_count": 0,
                "like_count": 0,
                "quote_count": 0,
                "bookmark_count": 0,
                "impression_count": 0
            },
            "text": "RT @artimaaaeus: touch\n---\n#CallofDuty #MWII #MW2 #GhostSoap https://t.co/Ini1wUlSax",
            "edit_history_tweet_ids": [
                "1679278119562166272"
            ],
            "id": "1679278119562166272",
            "author_id": "19757511",
            "entities": {
                "mentions": [
                    {
                        "start": 3,
                        "end": 15,
                        "username": "artimaaaeus",
                        "id": "1021771255957995520"
                    }
                ]
            }
        },
        {
            "public_metrics": {
                "retweet_count": 942,
                "reply_count": 0,
                "like_count": 0,
                "quote_count": 0,
                "bookmark_count": 0,
                "impression_count": 0
            },
            "text": "RT @AmikoRoyAi: Portable heater\n\n#ghostsoap #soapghost #MWII #callofduty https://t.co/N5zMoHWTaF",
            "edit_history_tweet_ids": [
                "1679278055649427456"
            ],
            "id": "1679278055649427456",
            "author_id": "1534305937627959296",
            "entities": {
                "mentions": [
                    {
                        "start": 3,
                        "end": 14,
                        "username": "AmikoRoyAi",
                        "id": "4883418989"
                    }
                ]
            }
        },
        {
            "public_metrics": {
                "retweet_count": 0,
                "reply_count": 0,
                "like_count": 0,
                "quote_count": 0,
                "bookmark_count": 0,
                "impression_count": 129
            },
            "text": "DMZ Death By Propeller #Warzone2 #callofduty #fyp #cod #funny #rebirthisland #warzone #warzoneclips #warzonefunnyclips #codwarzone #modernwarfare #gaming #streamer #twitch #joke #comedy #viral #caldera #battleroyale #fps #blackcreatives #blackcreator https://t.co/fpRKVJmrnh https://t.co/VDEuLm1Lnk",
            "edit_history_tweet_ids": [
                "1679278035823099905"
            ],
            "id": "1679278035823099905",
            "author_id": "2677513093"
        },
        {
            "public_metrics": {
                "retweet_count": 16,
                "reply_count": 0,
                "like_count": 0,
                "quote_count": 0,
                "bookmark_count": 0,
                "impression_count": 0
            },
            "text": "RT @michelekoi: Poor Ghost\n\n#Ghost #SimonGhostRiley #SimonRiley #cod #mw2 #mwii #fanart #cat #kitty #kitten #CallofDuty #ModernWarfare2 #Mo…",
            "edit_history_tweet_ids": [
                "1679278026671140864"
            ],
            "id": "1679278026671140864",
            "author_id": "1069761984768303105",
            "entities": {
                "mentions": [
                    {
                        "start": 3,
                        "end": 14,
                        "username": "michelekoi",
                        "id": "70811687"
                    }
                ]
            }
        },
        {
            "public_metrics": {
                "retweet_count": 942,
                "reply_count": 0,
                "like_count": 0,
                "quote_count": 0,
                "bookmark_count": 0,
                "impression_count": 0
            },
            "text": "RT @AmikoRoyAi: Portable heater\n\n#ghostsoap #soapghost #MWII #callofduty https://t.co/N5zMoHWTaF",
            "edit_history_tweet_ids": [
                "1679278017992880128"
            ],
            "id": "1679278017992880128",
            "author_id": "3223960740",
            "entities": {
                "mentions": [
                    {
                        "start": 3,
                        "end": 14,
                        "username": "AmikoRoyAi",
                        "id": "4883418989"
                    }
                ]
            }
        },
        {
            "public_metrics": {
                "retweet_count": 0,
                "reply_count": 0,
                "like_count": 0,
                "quote_count": 0,
                "bookmark_count": 0,
                "impression_count": 10
            },
            "text": "@ArMeLiToOo @PlayCODMobile Ooh okay",
            "edit_history_tweet_ids": [
                "1679278007075106818"
            ],
            "id": "1679278007075106818",
            "author_id": "1375061548436164616",
            "entities": {
                "mentions": [
                    {
                        "start": 0,
                        "end": 11,
                        "username": "ArMeLiToOo",
                        "id": "332705630"
                    },
                    {
                        "start": 12,
                        "end": 26,
                        "username": "PlayCODMobile",
                        "id": "1166443278834659328"
                    }
                ]
            }
        },
        {
            "public_metrics": {
                "retweet_count": 16,
                "reply_count": 0,
                "like_count": 0,
                "quote_count": 0,
                "bookmark_count": 0,
                "impression_count": 0
            },
            "text": "RT @michelekoi: Poor Ghost\n\n#Ghost #SimonGhostRiley #SimonRiley #cod #mw2 #mwii #fanart #cat #kitty #kitten #CallofDuty #ModernWarfare2 #Mo…",
            "edit_history_tweet_ids": [
                "1679277998610972672"
            ],
            "id": "1679277998610972672",
            "author_id": "617771243",
            "entities": {
                "mentions": [
                    {
                        "start": 3,
                        "end": 14,
                        "username": "michelekoi",
                        "id": "70811687"
                    }
                ]
            }
        },
        {
            "public_metrics": {
                "retweet_count": 236,
                "reply_count": 0,
                "like_count": 0,
                "quote_count": 0,
                "bookmark_count": 0,
                "impression_count": 0
            },
            "text": "RT @loneghostwolf88: Detective Mactavish \n#MWII  #CodSoap #CallofDuty #3DRender https://t.co/QYUOhkFzgm",
            "edit_history_tweet_ids": [
                "1679277799008501765"
            ],
            "id": "1679277799008501765",
            "author_id": "949932943102722048",
            "entities": {
                "mentions": [
                    {
                        "start": 3,
                        "end": 19,
                        "username": "loneghostwolf88",
                        "id": "1112278494682271747"
                    }
                ]
            }
        },
        {
            "public_metrics": {
                "retweet_count": 942,
                "reply_count": 0,
                "like_count": 0,
                "quote_count": 0,
                "bookmark_count": 0,
                "impression_count": 0
            },
            "text": "RT @AmikoRoyAi: Portable heater\n\n#ghostsoap #soapghost #MWII #callofduty https://t.co/N5zMoHWTaF",
            "edit_history_tweet_ids": [
                "1679277784584302592"
            ],
            "id": "1679277784584302592",
            "author_id": "1349712630471032832",
            "entities": {
                "mentions": [
                    {
                        "start": 3,
                        "end": 14,
                        "username": "AmikoRoyAi",
                        "id": "4883418989"
                    }
                ]
            }
        },
        {
            "public_metrics": {
                "retweet_count": 0,
                "reply_count": 0,
                "like_count": 0,
                "quote_count": 0,
                "bookmark_count": 0,
                "impression_count": 210
            },
            "text": "LIVE NOW Heling in #DMZ Season 4 with Missions and Taking Out Platoon Squads #mw2 #modernwarfare2 https://t.co/7YejkrjOOX https://t.co/DYrWSDqtLS",
            "edit_history_tweet_ids": [
                "1679277765491662848"
            ],
            "id": "1679277765491662848",
            "author_id": "2545417406"
        },
        {
            "public_metrics": {
                "retweet_count": 74,
                "reply_count": 0,
                "like_count": 0,
                "quote_count": 0,
                "bookmark_count": 0,
                "impression_count": 0
            },
            "text": "RT @loneghostwolf88: Alexa play Lady Gaga's - Alejandro \n\nFinally got my hands on Alejandro's model. Here a quick test render.\n\n#alejandrov…",
            "edit_history_tweet_ids": [
                "1679277655705944064"
            ],
            "id": "1679277655705944064",
            "author_id": "949932943102722048",
            "entities": {
                "mentions": [
                    {
                        "start": 3,
                        "end": 19,
                        "username": "loneghostwolf88",
                        "id": "1112278494682271747"
                    }
                ]
            }
        },
        {
            "public_metrics": {
                "retweet_count": 942,
                "reply_count": 0,
                "like_count": 0,
                "quote_count": 0,
                "bookmark_count": 0,
                "impression_count": 0
            },
            "text": "RT @AmikoRoyAi: Portable heater\n\n#ghostsoap #soapghost #MWII #callofduty https://t.co/N5zMoHWTaF",
            "edit_history_tweet_ids": [
                "1679277635099332608"
            ],
            "id": "1679277635099332608",
            "author_id": "1320098179669315584",
            "entities": {
                "mentions": [
                    {
                        "start": 3,
                        "end": 14,
                        "username": "AmikoRoyAi",
                        "id": "4883418989"
                    }
                ]
            }
        },
        {
            "public_metrics": {
                "retweet_count": 103,
                "reply_count": 0,
                "like_count": 0,
                "quote_count": 0,
                "bookmark_count": 0,
                "impression_count": 0
            },
            "text": "RT @loneghostwolf88: 6th entry of the beach boy series - Alex Keller ☀️📷 🏝️\n#CallofDutyModernWarfare2 #CodAlexKeller #alexkeller #CallofDut…",
            "edit_history_tweet_ids": [
                "1679277625649561600"
            ],
            "id": "1679277625649561600",
            "author_id": "949932943102722048",
            "entities": {
                "mentions": [
                    {
                        "start": 3,
                        "end": 19,
                        "username": "loneghostwolf88",
                        "id": "1112278494682271747"
                    }
                ]
            }
        },
        {
            "public_metrics": {
                "retweet_count": 261,
                "reply_count": 0,
                "like_count": 0,
                "quote_count": 0,
                "bookmark_count": 0,
                "impression_count": 0
            },
            "text": "RT @xbruised_peachx: inspired by littlezeng on tumblr\n#Konig #König #Konigmw2 #CallofDuty #MWII https://t.co/6vEYh0qmq1",
            "edit_history_tweet_ids": [
                "1679277612546539520"
            ],
            "id": "1679277612546539520",
            "author_id": "1509077111453401093",
            "entities": {
                "mentions": [
                    {
                        "start": 3,
                        "end": 19,
                        "username": "xbruised_peachx",
                        "id": "4720277247"
                    }
                ]
            }
        },
        {
            "public_metrics": {
                "retweet_count": 942,
                "reply_count": 0,
                "like_count": 0,
                "quote_count": 0,
                "bookmark_count": 0,
                "impression_count": 0
            },
            "text": "RT @AmikoRoyAi: Portable heater\n\n#ghostsoap #soapghost #MWII #callofduty https://t.co/N5zMoHWTaF",
            "edit_history_tweet_ids": [
                "1679277471429169153"
            ],
            "id": "1679277471429169153",
            "author_id": "1296339046503870464",
            "entities": {
                "mentions": [
                    {
                        "start": 3,
                        "end": 14,
                        "username": "AmikoRoyAi",
                        "id": "4883418989"
                    }
                ]
            }
        },
        {
            "public_metrics": {
                "retweet_count": 246,
                "reply_count": 0,
                "like_count": 0,
                "quote_count": 0,
                "bookmark_count": 0,
                "impression_count": 0
            },
            "text": "RT @loneghostwolf88: 7th entry of the beach boy series - Alejandro Vargas ☀️📷  🏝️\n#alejandrovargas #CoDAlejandro #CallofDuty #3DRender #MWI…",
            "edit_history_tweet_ids": [
                "1679277327417741312"
            ],
            "id": "1679277327417741312",
            "author_id": "949932943102722048",
            "entities": {
                "mentions": [
                    {
                        "start": 3,
                        "end": 19,
                        "username": "loneghostwolf88",
                        "id": "1112278494682271747"
                    }
                ]
            }
        },
        {
            "public_metrics": {
                "retweet_count": 0,
                "reply_count": 0,
                "like_count": 1,
                "quote_count": 0,
                "bookmark_count": 0,
                "impression_count": 580
            },
            "text": "Well... \n\nThat was easy 😂🤣 New Jak-12?\n\n#CallofDutyModernWarfare2 #CallofDutyWarzone #Warzone2 #Warzone #Warzoneclips #WarzoneSeason3 #CallofDutyModernWarfare #callofduty #ActivisionBlizzard #ModernWarfare2 #cod #MW2 https://t.co/ZVSu4j8Yhs",
            "edit_history_tweet_ids": [
                "1679277277496979462"
            ],
            "id": "1679277277496979462",
            "author_id": "1283172381079502848"
        },
        {
            "public_metrics": {
                "retweet_count": 411,
                "reply_count": 0,
                "like_count": 0,
                "quote_count": 0,
                "bookmark_count": 0,
                "impression_count": 0
            },
            "text": "RT @artimaaaeus: touch\n---\n#CallofDuty #MWII #MW2 #GhostSoap https://t.co/Ini1wUlSax",
            "edit_history_tweet_ids": [
                "1679277206017646595"
            ],
            "id": "1679277206017646595",
            "author_id": "375370036",
            "entities": {
                "mentions": [
                    {
                        "start": 3,
                        "end": 15,
                        "username": "artimaaaeus",
                        "id": "1021771255957995520"
                    }
                ]
            }
        },
        {
            "public_metrics": {
                "retweet_count": 373,
                "reply_count": 0,
                "like_count": 0,
                "quote_count": 0,
                "bookmark_count": 0,
                "impression_count": 0
            },
            "text": "RT @loneghostwolf88: What happens in a locker room, stays in a locker room \n#MWII #CodSoap #CallofDuty #3DRender https://t.co/x9vbK97gRm",
            "edit_history_tweet_ids": [
                "1679277139038986240"
            ],
            "id": "1679277139038986240",
            "author_id": "949932943102722048",
            "entities": {
                "mentions": [
                    {
                        "start": 3,
                        "end": 19,
                        "username": "loneghostwolf88",
                        "id": "1112278494682271747"
                    }
                ]
            }
        },
        {
            "public_metrics": {
                "retweet_count": 942,
                "reply_count": 0,
                "like_count": 0,
                "quote_count": 0,
                "bookmark_count": 0,
                "impression_count": 0
            },
            "text": "RT @AmikoRoyAi: Portable heater\n\n#ghostsoap #soapghost #MWII #callofduty https://t.co/N5zMoHWTaF",
            "edit_history_tweet_ids": [
                "1679277109523492864"
            ],
            "id": "1679277109523492864",
            "author_id": "963555544819789826",
            "entities": {
                "mentions": [
                    {
                        "start": 3,
                        "end": 14,
                        "username": "AmikoRoyAi",
                        "id": "4883418989"
                    }
                ]
            }
        },
        {
            "public_metrics": {
                "retweet_count": 1,
                "reply_count": 0,
                "like_count": 3,
                "quote_count": 0,
                "bookmark_count": 0,
                "impression_count": 324
            },
            "text": "I´m so f***ing done with #Warzone2 🤬🤬\nThis Update is just **** 🤬\n@Activision thanks for taking my fun! 🤬\n\nWill do Just Chatting, Reactions and Slots in the Future till I find something different and my PC Build will be ready",
            "edit_history_tweet_ids": [
                "1679277045946150912"
            ],
            "id": "1679277045946150912",
            "author_id": "1334723112722632704",
            "entities": {
                "mentions": [
                    {
                        "start": 65,
                        "end": 76,
                        "username": "Activision",
                        "id": "612782611"
                    }
                ]
            }
        },
        {
            "public_metrics": {
                "retweet_count": 44,
                "reply_count": 0,
                "like_count": 0,
                "quote_count": 0,
                "bookmark_count": 0,
                "impression_count": 0
            },
            "text": "RT @WarzoneTFN: Starlight, Homelander, and Black Noir are now available in MWII x Warzone! \n\n https://t.co/x4ytSYrmS4",
            "edit_history_tweet_ids": [
                "1679276900764483585"
            ],
            "id": "1679276900764483585",
            "author_id": "1190416758492008449",
            "entities": {
                "mentions": [
                    {
                        "start": 3,
                        "end": 14,
                        "username": "WarzoneTFN",
                        "id": "774708231457341440"
                    }
                ]
            }
        },
        {
            "public_metrics": {
                "retweet_count": 0,
                "reply_count": 0,
                "like_count": 0,
                "quote_count": 0,
                "bookmark_count": 0,
                "impression_count": 109
            },
            "text": "目からビーム出したらフレンド申請来るよ！\n\n#MW2\n#DMZ\n#リローデッドとは。",
            "edit_history_tweet_ids": [
                "1679276888429301760"
            ],
            "id": "1679276888429301760",
            "author_id": "1253135831776129025"
        },
        {
            "public_metrics": {
                "retweet_count": 1,
                "reply_count": 0,
                "like_count": 2,
                "quote_count": 0,
                "bookmark_count": 0,
                "impression_count": 223
            },
            "text": "I finally got &amp; unlocked the new MX Guardian shotgun in #MWII. Why? on last DMZ match, I stole it from an enemy player and stowed it in my backpack. \n\nNow, i don't have to worry about getting it free in the battle pass now. https://t.co/uyj4HnpfZq",
            "edit_history_tweet_ids": [
                "1679276873665191939"
            ],
            "id": "1679276873665191939",
            "author_id": "1262068804953288709"
        },
        {
            "public_metrics": {
                "retweet_count": 135,
                "reply_count": 0,
                "like_count": 0,
                "quote_count": 0,
                "bookmark_count": 0,
                "impression_count": 0
            },
            "text": "RT @loneghostwolf88: Just me appreciating his new model I'm using for my renders\n#CoDMW2 #simonghostriley #CoDGhost #CallofDuty #3DRender…",
            "edit_history_tweet_ids": [
                "1679276826856951808"
            ],
            "id": "1679276826856951808",
            "author_id": "1467771145017389056",
            "entities": {
                "mentions": [
                    {
                        "start": 3,
                        "end": 19,
                        "username": "loneghostwolf88",
                        "id": "1112278494682271747"
                    }
                ]
            }
        },
        {
            "public_metrics": {
                "retweet_count": 113,
                "reply_count": 0,
                "like_count": 0,
                "quote_count": 0,
                "bookmark_count": 0,
                "impression_count": 0
            },
            "text": "RT @loneghostwolf88: 💀💞\n#simonghostriley #CoDGhost #CallofDuty #3DRender  #MWII https://t.co/QsZDciE6lE",
            "edit_history_tweet_ids": [
                "1679276801242337280"
            ],
            "id": "1679276801242337280",
            "author_id": "1467771145017389056",
            "entities": {
                "mentions": [
                    {
                        "start": 3,
                        "end": 19,
                        "username": "loneghostwolf88",
                        "id": "1112278494682271747"
                    }
                ]
            }
        },
        {
            "public_metrics": {
                "retweet_count": 427,
                "reply_count": 0,
                "like_count": 0,
                "quote_count": 0,
                "bookmark_count": 0,
                "impression_count": 0
            },
            "text": "RT @661ave: #Ghost #SimonGhostRiley #CallOfDuty #MWII #MW2 https://t.co/9FXEq9ZwyS",
            "edit_history_tweet_ids": [
                "1679276767020974082"
            ],
            "id": "1679276767020974082",
            "author_id": "1467771145017389056",
            "entities": {
                "mentions": [
                    {
                        "start": 3,
                        "end": 10,
                        "username": "661ave",
                        "id": "1054927382"
                    }
                ]
            }
        },
        {
            "public_metrics": {
                "retweet_count": 813,
                "reply_count": 0,
                "like_count": 0,
                "quote_count": 0,
                "bookmark_count": 0,
                "impression_count": 0
            },
            "text": "RT @lilindermile: Oh god he’s grooving #simonghostriley #mw2 #callofduty #ghostsoap https://t.co/1JxMCvCSow",
            "edit_history_tweet_ids": [
                "1679276707117961217"
            ],
            "id": "1679276707117961217",
            "author_id": "941937364464578560",
            "entities": {
                "mentions": [
                    {
                        "start": 3,
                        "end": 16,
                        "username": "lilindermile",
                        "id": "1410684041376976897"
                    }
                ]
            }
        },
        {
            "public_metrics": {
                "retweet_count": 942,
                "reply_count": 0,
                "like_count": 0,
                "quote_count": 0,
                "bookmark_count": 0,
                "impression_count": 0
            },
            "text": "RT @AmikoRoyAi: Portable heater\n\n#ghostsoap #soapghost #MWII #callofduty https://t.co/N5zMoHWTaF",
            "edit_history_tweet_ids": [
                "1679276656265969664"
            ],
            "id": "1679276656265969664",
            "author_id": "933263122286051328",
            "entities": {
                "mentions": [
                    {
                        "start": 3,
                        "end": 14,
                        "username": "AmikoRoyAi",
                        "id": "4883418989"
                    }
                ]
            }
        },
        {
            "public_metrics": {
                "retweet_count": 225,
                "reply_count": 0,
                "like_count": 0,
                "quote_count": 0,
                "bookmark_count": 0,
                "impression_count": 0
            },
            "text": "RT @aphasia4fog: Idk, did he really use a T-shirt as a mask?\n#König\n#MWII \n#CallofDuty https://t.co/4Yv9JGtNal",
            "edit_history_tweet_ids": [
                "1679276645671395328"
            ],
            "id": "1679276645671395328",
            "author_id": "1420475374853525504",
            "entities": {
                "mentions": [
                    {
                        "start": 3,
                        "end": 15,
                        "username": "aphasia4fog",
                        "id": "1358426500270157824"
                    }
                ]
            }
        },
        {
            "public_metrics": {
                "retweet_count": 0,
                "reply_count": 0,
                "like_count": 0,
                "quote_count": 0,
                "bookmark_count": 0,
                "impression_count": 17
            },
            "text": "@charlieINTEL MW2's abysmal live service single handedly made me not give a shit about who gets to own Activision",
            "edit_history_tweet_ids": [
                "1679276177574297600"
            ],
            "id": "1679276177574297600",
            "author_id": "1614891986925887490",
            "entities": {
                "mentions": [
                    {
                        "start": 0,
                        "end": 13,
                        "username": "charlieINTEL",
                        "id": "15411797"
                    }
                ]
            }
        },
        {
            "public_metrics": {
                "retweet_count": 411,
                "reply_count": 0,
                "like_count": 0,
                "quote_count": 0,
                "bookmark_count": 0,
                "impression_count": 0
            },
            "text": "RT @artimaaaeus: touch\n---\n#CallofDuty #MWII #MW2 #GhostSoap https://t.co/Ini1wUlSax",
            "edit_history_tweet_ids": [
                "1679276139318226944"
            ],
            "id": "1679276139318226944",
            "author_id": "777685447812218880",
            "entities": {
                "mentions": [
                    {
                        "start": 3,
                        "end": 15,
                        "username": "artimaaaeus",
                        "id": "1021771255957995520"
                    }
                ]
            }
        },
        {
            "public_metrics": {
                "retweet_count": 1393,
                "reply_count": 0,
                "like_count": 0,
                "quote_count": 0,
                "bookmark_count": 0,
                "impression_count": 0
            },
            "text": "RT @AmikoRoyAi: I love the hc that Ghost is always cold and Soap is a living furnace 🥺\n\n#soapghost #ghostsoap #MWII #callofduty https://t.c…",
            "edit_history_tweet_ids": [
                "1679276115276316672"
            ],
            "id": "1679276115276316672",
            "author_id": "1030212060255277056",
            "entities": {
                "mentions": [
                    {
                        "start": 3,
                        "end": 14,
                        "username": "AmikoRoyAi",
                        "id": "4883418989"
                    }
                ]
            }
        },
        {
            "public_metrics": {
                "retweet_count": 184,
                "reply_count": 0,
                "like_count": 0,
                "quote_count": 0,
                "bookmark_count": 0,
                "impression_count": 0
            },
            "text": "RT @_GamingTherapy: Temp V Powers go Hard!! 🔥🔥\n\n#CallofDuty #Warzone #Warzone2 #CODTopPlays https://t.co/2WpcMuwbnN",
            "edit_history_tweet_ids": [
                "1679276087929438208"
            ],
            "id": "1679276087929438208",
            "author_id": "1437592012308553730",
            "entities": {
                "mentions": [
                    {
                        "start": 3,
                        "end": 18,
                        "username": "_GamingTherapy",
                        "id": "1395079950772969479"
                    }
                ]
            }
        },
        {
            "public_metrics": {
                "retweet_count": 184,
                "reply_count": 0,
                "like_count": 0,
                "quote_count": 0,
                "bookmark_count": 0,
                "impression_count": 0
            },
            "text": "RT @_GamingTherapy: Temp V Powers go Hard!! 🔥🔥\n\n#CallofDuty #Warzone #Warzone2 #CODTopPlays https://t.co/2WpcMuwbnN",
            "edit_history_tweet_ids": [
                "1679276039329988611"
            ],
            "id": "1679276039329988611",
            "author_id": "1268666002969149440",
            "entities": {
                "mentions": [
                    {
                        "start": 3,
                        "end": 18,
                        "username": "_GamingTherapy",
                        "id": "1395079950772969479"
                    }
                ]
            }
        },
        {
            "public_metrics": {
                "retweet_count": 942,
                "reply_count": 0,
                "like_count": 0,
                "quote_count": 0,
                "bookmark_count": 0,
                "impression_count": 0
            },
            "text": "RT @AmikoRoyAi: Portable heater\n\n#ghostsoap #soapghost #MWII #callofduty https://t.co/N5zMoHWTaF",
            "edit_history_tweet_ids": [
                "1679275993565913088"
            ],
            "id": "1679275993565913088",
            "author_id": "1030212060255277056",
            "entities": {
                "mentions": [
                    {
                        "start": 3,
                        "end": 14,
                        "username": "AmikoRoyAi",
                        "id": "4883418989"
                    }
                ]
            }
        },
        {
            "public_metrics": {
                "retweet_count": 16,
                "reply_count": 0,
                "like_count": 0,
                "quote_count": 0,
                "bookmark_count": 0,
                "impression_count": 0
            },
            "text": "RT @michelekoi: Poor Ghost\n\n#Ghost #SimonGhostRiley #SimonRiley #cod #mw2 #mwii #fanart #cat #kitty #kitten #CallofDuty #ModernWarfare2 #Mo…",
            "edit_history_tweet_ids": [
                "1679275935130943489"
            ],
            "id": "1679275935130943489",
            "author_id": "1380141943980756998",
            "entities": {
                "mentions": [
                    {
                        "start": 3,
                        "end": 14,
                        "username": "michelekoi",
                        "id": "70811687"
                    }
                ]
            }
        },
        {
            "public_metrics": {
                "retweet_count": 184,
                "reply_count": 0,
                "like_count": 0,
                "quote_count": 0,
                "bookmark_count": 0,
                "impression_count": 0
            },
            "text": "RT @_GamingTherapy: Temp V Powers go Hard!! 🔥🔥\n\n#CallofDuty #Warzone #Warzone2 #CODTopPlays https://t.co/2WpcMuwbnN",
            "edit_history_tweet_ids": [
                "1679275757359742976"
            ],
            "id": "1679275757359742976",
            "author_id": "728630953",
            "entities": {
                "mentions": [
                    {
                        "start": 3,
                        "end": 18,
                        "username": "_GamingTherapy",
                        "id": "1395079950772969479"
                    }
                ]
            }
        },
        {
            "public_metrics": {
                "retweet_count": 261,
                "reply_count": 0,
                "like_count": 0,
                "quote_count": 0,
                "bookmark_count": 0,
                "impression_count": 0
            },
            "text": "RT @xbruised_peachx: inspired by littlezeng on tumblr\n#Konig #König #Konigmw2 #CallofDuty #MWII https://t.co/6vEYh0qmq1",
            "edit_history_tweet_ids": [
                "1679275753056223232"
            ],
            "id": "1679275753056223232",
            "author_id": "1488235334798303238",
            "entities": {
                "mentions": [
                    {
                        "start": 3,
                        "end": 19,
                        "username": "xbruised_peachx",
                        "id": "4720277247"
                    }
                ]
            }
        },
        {
            "public_metrics": {
                "retweet_count": 16,
                "reply_count": 0,
                "like_count": 0,
                "quote_count": 0,
                "bookmark_count": 0,
                "impression_count": 0
            },
            "text": "RT @michelekoi: Poor Ghost\n\n#Ghost #SimonGhostRiley #SimonRiley #cod #mw2 #mwii #fanart #cat #kitty #kitten #CallofDuty #ModernWarfare2 #Mo…",
            "edit_history_tweet_ids": [
                "1679275658990460928"
            ],
            "id": "1679275658990460928",
            "author_id": "1587208279058522112",
            "entities": {
                "mentions": [
                    {
                        "start": 3,
                        "end": 14,
                        "username": "michelekoi",
                        "id": "70811687"
                    }
                ]
            }
        },
        {
            "public_metrics": {
                "retweet_count": 942,
                "reply_count": 0,
                "like_count": 0,
                "quote_count": 0,
                "bookmark_count": 0,
                "impression_count": 0
            },
            "text": "RT @AmikoRoyAi: Portable heater\n\n#ghostsoap #soapghost #MWII #callofduty https://t.co/N5zMoHWTaF",
            "edit_history_tweet_ids": [
                "1679275623368253440"
            ],
            "id": "1679275623368253440",
            "author_id": "913442078088155142",
            "entities": {
                "mentions": [
                    {
                        "start": 3,
                        "end": 14,
                        "username": "AmikoRoyAi",
                        "id": "4883418989"
                    }
                ]
            }
        },
        {
            "public_metrics": {
                "retweet_count": 261,
                "reply_count": 0,
                "like_count": 0,
                "quote_count": 0,
                "bookmark_count": 0,
                "impression_count": 0
            },
            "text": "RT @xbruised_peachx: inspired by littlezeng on tumblr\n#Konig #König #Konigmw2 #CallofDuty #MWII https://t.co/6vEYh0qmq1",
            "edit_history_tweet_ids": [
                "1679275587586646016"
            ],
            "id": "1679275587586646016",
            "author_id": "941937364464578560",
            "entities": {
                "mentions": [
                    {
                        "start": 3,
                        "end": 19,
                        "username": "xbruised_peachx",
                        "id": "4720277247"
                    }
                ]
            }
        },
        {
            "public_metrics": {
                "retweet_count": 16,
                "reply_count": 0,
                "like_count": 0,
                "quote_count": 0,
                "bookmark_count": 0,
                "impression_count": 0
            },
            "text": "RT @michelekoi: Poor Ghost\n\n#Ghost #SimonGhostRiley #SimonRiley #cod #mw2 #mwii #fanart #cat #kitty #kitten #CallofDuty #ModernWarfare2 #Mo…",
            "edit_history_tweet_ids": [
                "1679275559312936962"
            ],
            "id": "1679275559312936962",
            "author_id": "732749402419417088",
            "entities": {
                "mentions": [
                    {
                        "start": 3,
                        "end": 14,
                        "username": "michelekoi",
                        "id": "70811687"
                    }
                ]
            }
        },
        {
            "public_metrics": {
                "retweet_count": 2,
                "reply_count": 0,
                "like_count": 0,
                "quote_count": 0,
                "bookmark_count": 0,
                "impression_count": 0
            },
            "text": "RT @bigbubbajake: THERE IS NO WAY I DID THIS 😤 #mwii #mw2 #modernwarfare2 #callofduty https://t.co/rq4dNEtA3n",
            "edit_history_tweet_ids": [
                "1679275532930695168"
            ],
            "id": "1679275532930695168",
            "author_id": "1091831330567008262",
            "entities": {
                "mentions": [
                    {
                        "start": 3,
                        "end": 16,
                        "username": "bigbubbajake",
                        "id": "1249400667430682625"
                    }
                ]
            }
        },
        {
            "public_metrics": {
                "retweet_count": 411,
                "reply_count": 0,
                "like_count": 0,
                "quote_count": 0,
                "bookmark_count": 0,
                "impression_count": 0
            },
            "text": "RT @artimaaaeus: touch\n---\n#CallofDuty #MWII #MW2 #GhostSoap https://t.co/Ini1wUlSax",
            "edit_history_tweet_ids": [
                "1679275461971697664"
            ],
            "id": "1679275461971697664",
            "author_id": "714339759749922816",
            "entities": {
                "mentions": [
                    {
                        "start": 3,
                        "end": 15,
                        "username": "artimaaaeus",
                        "id": "1021771255957995520"
                    }
                ]
            }
        },
        {
            "public_metrics": {
                "retweet_count": 942,
                "reply_count": 0,
                "like_count": 0,
                "quote_count": 0,
                "bookmark_count": 0,
                "impression_count": 0
            },
            "text": "RT @AmikoRoyAi: Portable heater\n\n#ghostsoap #soapghost #MWII #callofduty https://t.co/N5zMoHWTaF",
            "edit_history_tweet_ids": [
                "1679275450542231554"
            ],
            "id": "1679275450542231554",
            "author_id": "1408062545945006083",
            "entities": {
                "mentions": [
                    {
                        "start": 3,
                        "end": 14,
                        "username": "AmikoRoyAi",
                        "id": "4883418989"
                    }
                ]
            }
        },
        {
            "public_metrics": {
                "retweet_count": 244,
                "reply_count": 0,
                "like_count": 0,
                "quote_count": 0,
                "bookmark_count": 0,
                "impression_count": 0
            },
            "text": "RT @naruysae: Ghost 💀🔪  — Commission for Lu\n#simonghostriley #mw2 #callofduty https://t.co/imdnST8tkA",
            "edit_history_tweet_ids": [
                "1679275432032468992"
            ],
            "id": "1679275432032468992",
            "author_id": "1130967297533906944",
            "entities": {
                "mentions": [
                    {
                        "start": 3,
                        "end": 12,
                        "username": "naruysae",
                        "id": "803553797981270016"
                    }
                ]
            }
        },
        {
            "public_metrics": {
                "retweet_count": 169,
                "reply_count": 0,
                "like_count": 0,
                "quote_count": 0,
                "bookmark_count": 0,
                "impression_count": 0
            },
            "text": "RT @alexgscod: Chilling bfs at the pool! 💀🧼☀️🌊\n(nsfw variants on patreon)\n\n#GhostSoap #SoapGhost #CallOfDuty #MWII #SimonGhostRiley #soapma…",
            "edit_history_tweet_ids": [
                "1679275273919905794"
            ],
            "id": "1679275273919905794",
            "author_id": "1071978665020395520",
            "entities": {
                "mentions": [
                    {
                        "start": 3,
                        "end": 13,
                        "username": "alexgscod",
                        "id": "1613363724152094722"
                    }
                ]
            }
        },
        {
            "public_metrics": {
                "retweet_count": 42,
                "reply_count": 0,
                "like_count": 0,
                "quote_count": 0,
                "bookmark_count": 0,
                "impression_count": 0
            },
            "text": "RT @hazmat6135: i don't know if this will help but it might point the devs in the direction to figure out what they messed up @Activision #…",
            "edit_history_tweet_ids": [
                "1679275187047366659"
            ],
            "id": "1679275187047366659",
            "author_id": "1644148541571334152",
            "entities": {
                "mentions": [
                    {
                        "start": 3,
                        "end": 14,
                        "username": "hazmat6135",
                        "id": "1280389430403125248"
                    },
                    {
                        "start": 126,
                        "end": 137,
                        "username": "Activision",
                        "id": "612782611"
                    }
                ]
            }
        },
        {
            "public_metrics": {
                "retweet_count": 3,
                "reply_count": 0,
                "like_count": 0,
                "quote_count": 0,
                "bookmark_count": 0,
                "impression_count": 0
            },
            "text": "RT @PrimeVics: New STARLIGHT,Homelander,Black nior skin - $10 each✅📲\n\nHalf off retail!\n\n#Warzone2 #unlockall #cod #CallofDuty https://t.co/…",
            "edit_history_tweet_ids": [
                "1679274883300073472"
            ],
            "id": "1679274883300073472",
            "author_id": "1286047944236572673",
            "entities": {
                "mentions": [
                    {
                        "start": 3,
                        "end": 13,
                        "username": "PrimeVics",
                        "id": "1198090406799429638"
                    }
                ]
            }
        },
        {
            "public_metrics": {
                "retweet_count": 432,
                "reply_count": 0,
                "like_count": 0,
                "quote_count": 0,
                "bookmark_count": 0,
                "impression_count": 0
            },
            "text": "RT @alexgscod: 🧼 \"So ye DO believe in mi silly little dream of our happy ending after all, LT.\"\n💀 \"I do, Johnny.\"\n🥹🥹🥹🖤\n#GhostSoap #SoapGhos…",
            "edit_history_tweet_ids": [
                "1679274805336342530"
            ],
            "id": "1679274805336342530",
            "author_id": "1325139546846027782",
            "entities": {
                "mentions": [
                    {
                        "start": 3,
                        "end": 13,
                        "username": "alexgscod",
                        "id": "1613363724152094722"
                    }
                ]
            }
        },
        {
            "public_metrics": {
                "retweet_count": 942,
                "reply_count": 0,
                "like_count": 0,
                "quote_count": 0,
                "bookmark_count": 0,
                "impression_count": 0
            },
            "text": "RT @AmikoRoyAi: Portable heater\n\n#ghostsoap #soapghost #MWII #callofduty https://t.co/N5zMoHWTaF",
            "edit_history_tweet_ids": [
                "1679274737481007105"
            ],
            "id": "1679274737481007105",
            "author_id": "2815454423",
            "entities": {
                "mentions": [
                    {
                        "start": 3,
                        "end": 14,
                        "username": "AmikoRoyAi",
                        "id": "4883418989"
                    }
                ]
            }
        },
        {
            "public_metrics": {
                "retweet_count": 942,
                "reply_count": 0,
                "like_count": 0,
                "quote_count": 0,
                "bookmark_count": 0,
                "impression_count": 0
            },
            "text": "RT @AmikoRoyAi: Portable heater\n\n#ghostsoap #soapghost #MWII #callofduty https://t.co/N5zMoHWTaF",
            "edit_history_tweet_ids": [
                "1679274680119889920"
            ],
            "id": "1679274680119889920",
            "author_id": "1597584191201619968",
            "entities": {
                "mentions": [
                    {
                        "start": 3,
                        "end": 14,
                        "username": "AmikoRoyAi",
                        "id": "4883418989"
                    }
                ]
            }
        },
        {
            "public_metrics": {
                "retweet_count": 411,
                "reply_count": 0,
                "like_count": 0,
                "quote_count": 0,
                "bookmark_count": 0,
                "impression_count": 0
            },
            "text": "RT @artimaaaeus: touch\n---\n#CallofDuty #MWII #MW2 #GhostSoap https://t.co/Ini1wUlSax",
            "edit_history_tweet_ids": [
                "1679274672964395008"
            ],
            "id": "1679274672964395008",
            "author_id": "1597584191201619968",
            "entities": {
                "mentions": [
                    {
                        "start": 3,
                        "end": 15,
                        "username": "artimaaaeus",
                        "id": "1021771255957995520"
                    }
                ]
            }
        },
        {
            "public_metrics": {
                "retweet_count": 942,
                "reply_count": 0,
                "like_count": 0,
                "quote_count": 0,
                "bookmark_count": 0,
                "impression_count": 0
            },
            "text": "RT @AmikoRoyAi: Portable heater\n\n#ghostsoap #soapghost #MWII #callofduty https://t.co/N5zMoHWTaF",
            "edit_history_tweet_ids": [
                "1679274544752631808"
            ],
            "id": "1679274544752631808",
            "author_id": "617771243",
            "entities": {
                "mentions": [
                    {
                        "start": 3,
                        "end": 14,
                        "username": "AmikoRoyAi",
                        "id": "4883418989"
                    }
                ]
            }
        },
        {
            "public_metrics": {
                "retweet_count": 411,
                "reply_count": 0,
                "like_count": 0,
                "quote_count": 0,
                "bookmark_count": 0,
                "impression_count": 0
            },
            "text": "RT @artimaaaeus: touch\n---\n#CallofDuty #MWII #MW2 #GhostSoap https://t.co/Ini1wUlSax",
            "edit_history_tweet_ids": [
                "1679274497252397057"
            ],
            "id": "1679274497252397057",
            "author_id": "1388649885432356867",
            "entities": {
                "mentions": [
                    {
                        "start": 3,
                        "end": 15,
                        "username": "artimaaaeus",
                        "id": "1021771255957995520"
                    }
                ]
            }
        },
        {
            "public_metrics": {
                "retweet_count": 1,
                "reply_count": 0,
                "like_count": 4,
                "quote_count": 0,
                "bookmark_count": 0,
                "impression_count": 338
            },
            "text": "wow @CallofDuty this new update for the super powers is absolute shit! Another shit update by a multi billion dollar company smh #CallofDuty #CallofDutyModernWarfare2 #Warzone2",
            "edit_history_tweet_ids": [
                "1679274314577637378"
            ],
            "id": "1679274314577637378",
            "author_id": "801713526905667584",
            "entities": {
                "mentions": [
                    {
                        "start": 4,
                        "end": 15,
                        "username": "CallofDuty",
                        "id": "290097288"
                    }
                ]
            }
        },
        {
            "public_metrics": {
                "retweet_count": 942,
                "reply_count": 0,
                "like_count": 0,
                "quote_count": 0,
                "bookmark_count": 0,
                "impression_count": 0
            },
            "text": "RT @AmikoRoyAi: Portable heater\n\n#ghostsoap #soapghost #MWII #callofduty https://t.co/N5zMoHWTaF",
            "edit_history_tweet_ids": [
                "1679274126798733313"
            ],
            "id": "1679274126798733313",
            "author_id": "1630033745293062144",
            "entities": {
                "mentions": [
                    {
                        "start": 3,
                        "end": 14,
                        "username": "AmikoRoyAi",
                        "id": "4883418989"
                    }
                ]
            }
        },
        {
            "public_metrics": {
                "retweet_count": 942,
                "reply_count": 0,
                "like_count": 0,
                "quote_count": 0,
                "bookmark_count": 0,
                "impression_count": 0
            },
            "text": "RT @AmikoRoyAi: Portable heater\n\n#ghostsoap #soapghost #MWII #callofduty https://t.co/N5zMoHWTaF",
            "edit_history_tweet_ids": [
                "1679274013204307968"
            ],
            "id": "1679274013204307968",
            "author_id": "784581129974284290",
            "entities": {
                "mentions": [
                    {
                        "start": 3,
                        "end": 14,
                        "username": "AmikoRoyAi",
                        "id": "4883418989"
                    }
                ]
            }
        },
        {
            "public_metrics": {
                "retweet_count": 411,
                "reply_count": 0,
                "like_count": 0,
                "quote_count": 0,
                "bookmark_count": 0,
                "impression_count": 0
            },
            "text": "RT @artimaaaeus: touch\n---\n#CallofDuty #MWII #MW2 #GhostSoap https://t.co/Ini1wUlSax",
            "edit_history_tweet_ids": [
                "1679273995080695808"
            ],
            "id": "1679273995080695808",
            "author_id": "1464201120264372225",
            "entities": {
                "mentions": [
                    {
                        "start": 3,
                        "end": 15,
                        "username": "artimaaaeus",
                        "id": "1021771255957995520"
                    }
                ]
            }
        },
        {
            "public_metrics": {
                "retweet_count": 942,
                "reply_count": 0,
                "like_count": 0,
                "quote_count": 0,
                "bookmark_count": 0,
                "impression_count": 0
            },
            "text": "RT @AmikoRoyAi: Portable heater\n\n#ghostsoap #soapghost #MWII #callofduty https://t.co/N5zMoHWTaF",
            "edit_history_tweet_ids": [
                "1679273954148581381"
            ],
            "id": "1679273954148581381",
            "author_id": "1464201120264372225",
            "entities": {
                "mentions": [
                    {
                        "start": 3,
                        "end": 14,
                        "username": "AmikoRoyAi",
                        "id": "4883418989"
                    }
                ]
            }
        },
        {
            "public_metrics": {
                "retweet_count": 0,
                "reply_count": 0,
                "like_count": 2,
                "quote_count": 0,
                "bookmark_count": 0,
                "impression_count": 45
            },
            "text": "@CallofDuty why is this MW2 update so laggy and glitchy? Hasn’t ever been like this.",
            "edit_history_tweet_ids": [
                "1679273875333599233"
            ],
            "id": "1679273875333599233",
            "author_id": "1074786938077368320",
            "entities": {
                "mentions": [
                    {
                        "start": 0,
                        "end": 11,
                        "username": "CallofDuty",
                        "id": "290097288"
                    }
                ]
            }
        },
        {
            "public_metrics": {
                "retweet_count": 411,
                "reply_count": 0,
                "like_count": 0,
                "quote_count": 0,
                "bookmark_count": 0,
                "impression_count": 0
            },
            "text": "RT @artimaaaeus: touch\n---\n#CallofDuty #MWII #MW2 #GhostSoap https://t.co/Ini1wUlSax",
            "edit_history_tweet_ids": [
                "1679273801371078663"
            ],
            "id": "1679273801371078663",
            "author_id": "1249155540376334338",
            "entities": {
                "mentions": [
                    {
                        "start": 3,
                        "end": 15,
                        "username": "artimaaaeus",
                        "id": "1021771255957995520"
                    }
                ]
            }
        },
        {
            "public_metrics": {
                "retweet_count": 942,
                "reply_count": 0,
                "like_count": 0,
                "quote_count": 0,
                "bookmark_count": 0,
                "impression_count": 0
            },
            "text": "RT @AmikoRoyAi: Portable heater\n\n#ghostsoap #soapghost #MWII #callofduty https://t.co/N5zMoHWTaF",
            "edit_history_tweet_ids": [
                "1679273749743300608"
            ],
            "id": "1679273749743300608",
            "author_id": "2570153485",
            "entities": {
                "mentions": [
                    {
                        "start": 3,
                        "end": 14,
                        "username": "AmikoRoyAi",
                        "id": "4883418989"
                    }
                ]
            }
        },
        {
            "public_metrics": {
                "retweet_count": 942,
                "reply_count": 0,
                "like_count": 0,
                "quote_count": 0,
                "bookmark_count": 0,
                "impression_count": 0
            },
            "text": "RT @AmikoRoyAi: Portable heater\n\n#ghostsoap #soapghost #MWII #callofduty https://t.co/N5zMoHWTaF",
            "edit_history_tweet_ids": [
                "1679273623629053953"
            ],
            "id": "1679273623629053953",
            "author_id": "19757511",
            "entities": {
                "mentions": [
                    {
                        "start": 3,
                        "end": 14,
                        "username": "AmikoRoyAi",
                        "id": "4883418989"
                    }
                ]
            }
        },
        {
            "public_metrics": {
                "retweet_count": 1,
                "reply_count": 0,
                "like_count": 0,
                "quote_count": 0,
                "bookmark_count": 0,
                "impression_count": 0
            },
            "text": "RT @zNova902: Soooo the new @CallofDuty update is fuckin chalkeddd … can’t find any ground loot guns, ammo or money lmao @RavenSoftware \n\n#…",
            "edit_history_tweet_ids": [
                "1679273597607591936"
            ],
            "id": "1679273597607591936",
            "author_id": "1341956984946483200",
            "entities": {
                "mentions": [
                    {
                        "start": 3,
                        "end": 12,
                        "username": "zNova902",
                        "id": "1251195298850000902"
                    },
                    {
                        "start": 28,
                        "end": 39,
                        "username": "CallofDuty",
                        "id": "290097288"
                    },
                    {
                        "start": 121,
                        "end": 135,
                        "username": "RavenSoftware",
                        "id": "19136295"
                    }
                ]
            }
        },
        {
            "public_metrics": {
                "retweet_count": 411,
                "reply_count": 0,
                "like_count": 0,
                "quote_count": 0,
                "bookmark_count": 0,
                "impression_count": 0
            },
            "text": "RT @artimaaaeus: touch\n---\n#CallofDuty #MWII #MW2 #GhostSoap https://t.co/Ini1wUlSax",
            "edit_history_tweet_ids": [
                "1679273541886439424"
            ],
            "id": "1679273541886439424",
            "author_id": "1238707299163619328",
            "entities": {
                "mentions": [
                    {
                        "start": 3,
                        "end": 15,
                        "username": "artimaaaeus",
                        "id": "1021771255957995520"
                    }
                ]
            }
        },
        {
            "public_metrics": {
                "retweet_count": 942,
                "reply_count": 0,
                "like_count": 0,
                "quote_count": 0,
                "bookmark_count": 0,
                "impression_count": 0
            },
            "text": "RT @AmikoRoyAi: Portable heater\n\n#ghostsoap #soapghost #MWII #callofduty https://t.co/N5zMoHWTaF",
            "edit_history_tweet_ids": [
                "1679273488501342208"
            ],
            "id": "1679273488501342208",
            "author_id": "841707250691514370",
            "entities": {
                "mentions": [
                    {
                        "start": 3,
                        "end": 14,
                        "username": "AmikoRoyAi",
                        "id": "4883418989"
                    }
                ]
            }
        },
        {
            "public_metrics": {
                "retweet_count": 942,
                "reply_count": 0,
                "like_count": 0,
                "quote_count": 0,
                "bookmark_count": 0,
                "impression_count": 0
            },
            "text": "RT @AmikoRoyAi: Portable heater\n\n#ghostsoap #soapghost #MWII #callofduty https://t.co/N5zMoHWTaF",
            "edit_history_tweet_ids": [
                "1679273481861726208"
            ],
            "id": "1679273481861726208",
            "author_id": "1238707299163619328",
            "entities": {
                "mentions": [
                    {
                        "start": 3,
                        "end": 14,
                        "username": "AmikoRoyAi",
                        "id": "4883418989"
                    }
                ]
            }
        },
        {
            "public_metrics": {
                "retweet_count": 942,
                "reply_count": 0,
                "like_count": 0,
                "quote_count": 0,
                "bookmark_count": 0,
                "impression_count": 0
            },
            "text": "RT @AmikoRoyAi: Portable heater\n\n#ghostsoap #soapghost #MWII #callofduty https://t.co/N5zMoHWTaF",
            "edit_history_tweet_ids": [
                "1679273467256905728"
            ],
            "id": "1679273467256905728",
            "author_id": "732749402419417088",
            "entities": {
                "mentions": [
                    {
                        "start": 3,
                        "end": 14,
                        "username": "AmikoRoyAi",
                        "id": "4883418989"
                    }
                ]
            }
        },
        {
            "public_metrics": {
                "retweet_count": 942,
                "reply_count": 0,
                "like_count": 0,
                "quote_count": 0,
                "bookmark_count": 0,
                "impression_count": 0
            },
            "text": "RT @AmikoRoyAi: Portable heater\n\n#ghostsoap #soapghost #MWII #callofduty https://t.co/N5zMoHWTaF",
            "edit_history_tweet_ids": [
                "1679273399548276736"
            ],
            "id": "1679273399548276736",
            "author_id": "1500115428638666752",
            "entities": {
                "mentions": [
                    {
                        "start": 3,
                        "end": 14,
                        "username": "AmikoRoyAi",
                        "id": "4883418989"
                    }
                ]
            }
        },
        {
            "public_metrics": {
                "retweet_count": 411,
                "reply_count": 0,
                "like_count": 0,
                "quote_count": 0,
                "bookmark_count": 0,
                "impression_count": 0
            },
            "text": "RT @artimaaaeus: touch\n---\n#CallofDuty #MWII #MW2 #GhostSoap https://t.co/Ini1wUlSax",
            "edit_history_tweet_ids": [
                "1679273398457827328"
            ],
            "id": "1679273398457827328",
            "author_id": "1642708437917372416",
            "entities": {
                "mentions": [
                    {
                        "start": 3,
                        "end": 15,
                        "username": "artimaaaeus",
                        "id": "1021771255957995520"
                    }
                ]
            }
        },
        {
            "public_metrics": {
                "retweet_count": 0,
                "reply_count": 0,
                "like_count": 0,
                "quote_count": 0,
                "bookmark_count": 0,
                "impression_count": 340
            },
            "text": "I really like how you can put plates on the dummies in the firing range. Huge W. \n\nNo Al Mazrah will piss some people off. \n\nVondel BR is a W. \n\n#MW2 #CallofDuty #Warzone2",
            "edit_history_tweet_ids": [
                "1679273359576821761"
            ],
            "id": "1679273359576821761",
            "author_id": "329162975"
        },
        {
            "public_metrics": {
                "retweet_count": 42,
                "reply_count": 0,
                "like_count": 0,
                "quote_count": 0,
                "bookmark_count": 0,
                "impression_count": 0
            },
            "text": "RT @LUTION_TOKEN: #LUTIONARMY our weekly #MW2 team death match will resume Tonight! \n#PSN N8KED_VIKING \n#ACTIVISION N8KED_VIKING #5053242…",
            "edit_history_tweet_ids": [
                "1679273173219418112"
            ],
            "id": "1679273173219418112",
            "author_id": "1559634465865048064",
            "entities": {
                "mentions": [
                    {
                        "start": 3,
                        "end": 16,
                        "username": "LUTION_TOKEN",
                        "id": "1596244844615180288"
                    }
                ]
            }
        },
        {
            "public_metrics": {
                "retweet_count": 373,
                "reply_count": 0,
                "like_count": 0,
                "quote_count": 0,
                "bookmark_count": 0,
                "impression_count": 0
            },
            "text": "RT @loneghostwolf88: What happens in a locker room, stays in a locker room \n#MWII #CodSoap #CallofDuty #3DRender https://t.co/x9vbK97gRm",
            "edit_history_tweet_ids": [
                "1679273172804460545"
            ],
            "id": "1679273172804460545",
            "author_id": "1553712569478778881",
            "entities": {
                "mentions": [
                    {
                        "start": 3,
                        "end": 19,
                        "username": "loneghostwolf88",
                        "id": "1112278494682271747"
                    }
                ]
            }
        },
        {
            "public_metrics": {
                "retweet_count": 0,
                "reply_count": 0,
                "like_count": 3,
                "quote_count": 0,
                "bookmark_count": 0,
                "impression_count": 572
            },
            "text": "Call of Duty Mw2 Streamer Accused of Cheating After Insane Random Wall Bang In SND LOBBY! #cod #mw2 #warzone #gaming #CallofDuty #ModernWarfare2 https://t.co/Ifefvc8Asw",
            "edit_history_tweet_ids": [
                "1679273125073100800"
            ],
            "id": "1679273125073100800",
            "author_id": "3558766413"
        },
        {
            "public_metrics": {
                "retweet_count": 54,
                "reply_count": 0,
                "like_count": 0,
                "quote_count": 0,
                "bookmark_count": 0,
                "impression_count": 0
            },
            "text": "RT @CallofDuty: Take the fight to the canals and more 🏊‍♂️\n\nVondel Waterfront 24/7, Kill Streak Confirmed, and Deathmatch Domination plus m…",
            "edit_history_tweet_ids": [
                "1679273014733488130"
            ],
            "id": "1679273014733488130",
            "author_id": "781913539799818240",
            "entities": {
                "mentions": [
                    {
                        "start": 3,
                        "end": 14,
                        "username": "CallofDuty",
                        "id": "290097288"
                    }
                ]
            }
        },
        {
            "public_metrics": {
                "retweet_count": 373,
                "reply_count": 0,
                "like_count": 0,
                "quote_count": 0,
                "bookmark_count": 0,
                "impression_count": 0
            },
            "text": "RT @loneghostwolf88: What happens in a locker room, stays in a locker room \n#MWII #CodSoap #CallofDuty #3DRender https://t.co/x9vbK97gRm",
            "edit_history_tweet_ids": [
                "1679272998056996864"
            ],
            "id": "1679272998056996864",
            "author_id": "1070945960212291584",
            "entities": {
                "mentions": [
                    {
                        "start": 3,
                        "end": 19,
                        "username": "loneghostwolf88",
                        "id": "1112278494682271747"
                    }
                ]
            }
        },
        {
            "public_metrics": {
                "retweet_count": 169,
                "reply_count": 0,
                "like_count": 0,
                "quote_count": 0,
                "bookmark_count": 0,
                "impression_count": 0
            },
            "text": "RT @alexgscod: Chilling bfs at the pool! 💀🧼☀️🌊\n(nsfw variants on patreon)\n\n#GhostSoap #SoapGhost #CallOfDuty #MWII #SimonGhostRiley #soapma…",
            "edit_history_tweet_ids": [
                "1679272980139118593"
            ],
            "id": "1679272980139118593",
            "author_id": "1568110598050975750",
            "entities": {
                "mentions": [
                    {
                        "start": 3,
                        "end": 13,
                        "username": "alexgscod",
                        "id": "1613363724152094722"
                    }
                ]
            }
        },
        {
            "public_metrics": {
                "retweet_count": 373,
                "reply_count": 0,
                "like_count": 0,
                "quote_count": 0,
                "bookmark_count": 0,
                "impression_count": 0
            },
            "text": "RT @loneghostwolf88: What happens in a locker room, stays in a locker room \n#MWII #CodSoap #CallofDuty #3DRender https://t.co/x9vbK97gRm",
            "edit_history_tweet_ids": [
                "1679272899503374337"
            ],
            "id": "1679272899503374337",
            "author_id": "1299782970056667136",
            "entities": {
                "mentions": [
                    {
                        "start": 3,
                        "end": 19,
                        "username": "loneghostwolf88",
                        "id": "1112278494682271747"
                    }
                ]
            }
        },
        {
            "public_metrics": {
                "retweet_count": 942,
                "reply_count": 0,
                "like_count": 0,
                "quote_count": 0,
                "bookmark_count": 0,
                "impression_count": 0
            },
            "text": "RT @AmikoRoyAi: Portable heater\n\n#ghostsoap #soapghost #MWII #callofduty https://t.co/N5zMoHWTaF",
            "edit_history_tweet_ids": [
                "1679272876074229760"
            ],
            "id": "1679272876074229760",
            "author_id": "913649558118215681",
            "entities": {
                "mentions": [
                    {
                        "start": 3,
                        "end": 14,
                        "username": "AmikoRoyAi",
                        "id": "4883418989"
                    }
                ]
            }
        },
        {
            "public_metrics": {
                "retweet_count": 373,
                "reply_count": 0,
                "like_count": 0,
                "quote_count": 0,
                "bookmark_count": 0,
                "impression_count": 0
            },
            "text": "RT @loneghostwolf88: What happens in a locker room, stays in a locker room \n#MWII #CodSoap #CallofDuty #3DRender https://t.co/x9vbK97gRm",
            "edit_history_tweet_ids": [
                "1679272853278175233"
            ],
            "id": "1679272853278175233",
            "author_id": "1568110598050975750",
            "entities": {
                "mentions": [
                    {
                        "start": 3,
                        "end": 19,
                        "username": "loneghostwolf88",
                        "id": "1112278494682271747"
                    }
                ]
            }
        },
        {
            "public_metrics": {
                "retweet_count": 875,
                "reply_count": 0,
                "like_count": 0,
                "quote_count": 0,
                "bookmark_count": 0,
                "impression_count": 0
            },
            "text": "RT @alexgscod: Thank you so much for 5k!!! 😊😭🙏\n💀❤️🧼\n\n#GhostSoap #SoapGhost #CallOfDuty #MWII https://t.co/3Wsq7SNXj5",
            "edit_history_tweet_ids": [
                "1679272797757923328"
            ],
            "id": "1679272797757923328",
            "author_id": "1610480427763916800",
            "entities": {
                "mentions": [
                    {
                        "start": 3,
                        "end": 13,
                        "username": "alexgscod",
                        "id": "1613363724152094722"
                    }
                ]
            }
        },
        {
            "public_metrics": {
                "retweet_count": 0,
                "reply_count": 0,
                "like_count": 2,
                "quote_count": 0,
                "bookmark_count": 0,
                "impression_count": 306
            },
            "text": "DMZアプデしたらめちゃくちゃカクつく😮‍💨\nマルチは問題ないからアプデの問題？\n#dmz #mw2",
            "edit_history_tweet_ids": [
                "1679272704392691714"
            ],
            "id": "1679272704392691714",
            "author_id": "1340694407205580801"
        },
        {
            "public_metrics": {
                "retweet_count": 58,
                "reply_count": 0,
                "like_count": 0,
                "quote_count": 0,
                "bookmark_count": 0,
                "impression_count": 0
            },
            "text": "RT @artimaaaeus: just a valeria dood i painted the other night 🩸\n---\n#CallofDuty #MWII #MW2 #valeriagarza https://t.co/1sIwAqFdnb",
            "edit_history_tweet_ids": [
                "1679272658729402369"
            ],
            "id": "1679272658729402369",
            "author_id": "1675536037236428801",
            "entities": {
                "mentions": [
                    {
                        "start": 3,
                        "end": 15,
                        "username": "artimaaaeus",
                        "id": "1021771255957995520"
                    }
                ]
            }
        }
    ],
    "includes": {
        "users": [
            {
                "id": "4883418989",
                "name": "🦊Amiko💀🧼brainrot",
                "username": "AmikoRoyAi"
            },
            {
                "id": "1613363724152094722",
                "name": "🧼💀 alex 💀🧼",
                "username": "alexgscod"
            },
            {
                "id": "290097288",
                "name": "Call of Duty",
                "username": "CallofDuty"
            },
            {
                "id": "1021771255957995520",
                "name": "tim 🧢",
                "username": "artimaaaeus"
            },
            {
                "id": "1112278494682271747",
                "name": "GhostWolf",
                "username": "loneghostwolf88"
            },
            {
                "id": "70811687",
                "name": "🧼💀MicheleKoi💀🧼",
                "username": "michelekoi"
            },
            {
                "id": "332705630",
                "name": "melio",
                "username": "ArMeLiToOo"
            },
            {
                "id": "1166443278834659328",
                "name": "Call of Duty: Mobile",
                "username": "PlayCODMobile"
            },
            {
                "id": "4720277247",
                "name": "peach",
                "username": "xbruised_peachx"
            },
            {
                "id": "612782611",
                "name": "Activision",
                "username": "Activision"
            },
            {
                "id": "774708231457341440",
                "name": "Call of Duty: Warzone News",
                "username": "WarzoneTFN"
            },
            {
                "id": "1054927382",
                "name": "661ave",
                "username": "661ave"
            },
            {
                "id": "1410684041376976897",
                "name": "papa weenis 🔞",
                "username": "lilindermile"
            },
            {
                "id": "1358426500270157824",
                "name": "APH",
                "username": "aphasia4fog"
            },
            {
                "id": "15411797",
                "name": "CharlieIntel",
                "username": "charlieINTEL"
            },
            {
                "id": "1395079950772969479",
                "name": "Gaming Therapy",
                "username": "_GamingTherapy"
            },
            {
                "id": "1249400667430682625",
                "name": "RG bigbubbajake",
                "username": "bigbubbajake"
            },
            {
                "id": "803553797981270016",
                "name": "naruysae",
                "username": "naruysae"
            },
            {
                "id": "1280389430403125248",
                "name": "Hazmat6135",
                "username": "hazmat6135"
            },
            {
                "id": "1198090406799429638",
                "name": "𝐛𝐚𝐬𝐢𝐜🎸",
                "username": "PrimeVics"
            },
            {
                "id": "1251195298850000902",
                "name": "zNova🎮",
                "username": "zNova902"
            },
            {
                "id": "19136295",
                "name": "Raven Software",
                "username": "RavenSoftware"
            },
            {
                "id": "1596244844615180288",
                "name": "LUTION",
                "username": "LUTION_TOKEN"
            }
        ]
    },
    "meta": {
        "newest_id": "1679279336673759232",
        "oldest_id": "1679272658729402369",
        "result_count": 100,
        "next_token": "b26v89c19zqg8o3fqkm1s5s7gclalb1s92bxuexgx54zh"
    }
}