{
    "data": [
        {
            "author_id": "1620579137780944896",
            "public_metrics": {
                "retweet_count": 195,
                "reply_count": 0,
                "like_count": 0,
                "quote_count": 0,
                "bookmark_count": 0,
                "impression_count": 0
            },
            "entities": {
                "mentions": [
                    {
                        "start": 3,
                        "end": 19,
                        "username": "xbruised_peachx",
                        "id": "4720277247"
                    }
                ]
            },
            "id": "1680245619586211841",
            "edit_history_tweet_ids": [
                "1680245619586211841"
            ],
            "text": "RT @xbruised_peachx: you can't steal our souls\n#FarahKarim #CallofDuty #MWII https://t.co/2ZJkAT479R"
        },
        {
            "author_id": "923613792394792960",
            "public_metrics": {
                "retweet_count": 489,
                "reply_count": 0,
                "like_count": 0,
                "quote_count": 0,
                "bookmark_count": 0,
                "impression_count": 0
            },
            "entities": {
                "mentions": [
                    {
                        "start": 3,
                        "end": 10,
                        "username": "661ave",
                        "id": "1054927382"
                    }
                ]
            },
            "id": "1680245565232144386",
            "edit_history_tweet_ids": [
                "1680245565232144386"
            ],
            "text": "RT @661ave: #CallofDuty #MWII #König #Konig https://t.co/0rV56R9kKj"
        },
        {
            "author_id": "1219821299767422976",
            "public_metrics": {
                "retweet_count": 206,
                "reply_count": 0,
                "like_count": 0,
                "quote_count": 0,
                "bookmark_count": 0,
                "impression_count": 0
            },
            "entities": {
                "mentions": [
                    {
                        "start": 3,
                        "end": 15,
                        "username": "lexiissgone",
                        "id": "1642097723481440256"
                    }
                ]
            },
            "id": "1680245312374419458",
            "edit_history_tweet_ids": [
                "1680245312374419458"
            ],
            "text": "RT @lexiissgone: leave me alone im always late for tiktok trends ugh\n\n[ #soapghost #callofduty #MWII #ghost #soapmactavish #GhostSoap #ghos…"
        },
        {
            "author_id": "1496083190850924547",
            "public_metrics": {
                "retweet_count": 217,
                "reply_count": 0,
                "like_count": 0,
                "quote_count": 0,
                "bookmark_count": 0,
                "impression_count": 0
            },
            "entities": {
                "mentions": [
                    {
                        "start": 3,
                        "end": 13,
                        "username": "HanumTaza",
                        "id": "4324216279"
                    }
                ]
            },
            "id": "1680245283391942656",
            "edit_history_tweet_ids": [
                "1680245283391942656"
            ],
            "text": "RT @HanumTaza: Drink milk! it will give you laser eyes power!\n#MW2 #CallofDuty #TheBoys #soapghost https://t.co/XM6LngBDMz"
        },
        {
            "author_id": "1525943652534693888",
            "public_metrics": {
                "retweet_count": 206,
                "reply_count": 0,
                "like_count": 0,
                "quote_count": 0,
                "bookmark_count": 0,
                "impression_count": 0
            },
            "entities": {
                "mentions": [
                    {
                        "start": 3,
                        "end": 15,
                        "username": "lexiissgone",
                        "id": "1642097723481440256"
                    }
                ]
            },
            "id": "1680245209223901184",
            "edit_history_tweet_ids": [
                "1680245209223901184"
            ],
            "text": "RT @lexiissgone: leave me alone im always late for tiktok trends ugh\n\n[ #soapghost #callofduty #MWII #ghost #soapmactavish #GhostSoap #ghos…"
        },
        {
            "author_id": "1084201718492086274",
            "public_metrics": {
                "retweet_count": 217,
                "reply_count": 0,
                "like_count": 0,
                "quote_count": 0,
                "bookmark_count": 0,
                "impression_count": 0
            },
            "entities": {
                "mentions": [
                    {
                        "start": 3,
                        "end": 13,
                        "username": "HanumTaza",
                        "id": "4324216279"
                    }
                ]
            },
            "id": "1680245131444903936",
            "edit_history_tweet_ids": [
                "1680245131444903936"
            ],
            "text": "RT @HanumTaza: Drink milk! it will give you laser eyes power!\n#MW2 #CallofDuty #TheBoys #soapghost https://t.co/XM6LngBDMz"
        },
        {
            "author_id": "1525943652534693888",
            "public_metrics": {
                "retweet_count": 217,
                "reply_count": 0,
                "like_count": 0,
                "quote_count": 0,
                "bookmark_count": 0,
                "impression_count": 0
            },
            "entities": {
                "mentions": [
                    {
                        "start": 3,
                        "end": 13,
                        "username": "HanumTaza",
                        "id": "4324216279"
                    }
                ]
            },
            "id": "1680244944600956929",
            "edit_history_tweet_ids": [
                "1680244944600956929"
            ],
            "text": "RT @HanumTaza: Drink milk! it will give you laser eyes power!\n#MW2 #CallofDuty #TheBoys #soapghost https://t.co/XM6LngBDMz"
        },
        {
            "author_id": "1384190346146422785",
            "public_metrics": {
                "retweet_count": 195,
                "reply_count": 0,
                "like_count": 0,
                "quote_count": 0,
                "bookmark_count": 0,
                "impression_count": 0
            },
            "entities": {
                "mentions": [
                    {
                        "start": 3,
                        "end": 19,
                        "username": "xbruised_peachx",
                        "id": "4720277247"
                    }
                ]
            },
            "id": "1680244592380084224",
            "edit_history_tweet_ids": [
                "1680244592380084224"
            ],
            "text": "RT @xbruised_peachx: you can't steal our souls\n#FarahKarim #CallofDuty #MWII https://t.co/2ZJkAT479R"
        },
        {
            "author_id": "1420365324692586501",
            "public_metrics": {
                "retweet_count": 101,
                "reply_count": 0,
                "like_count": 0,
                "quote_count": 0,
                "bookmark_count": 0,
                "impression_count": 0
            },
            "entities": {
                "mentions": [
                    {
                        "start": 3,
                        "end": 11,
                        "username": "hestax_",
                        "id": "1664294153314881538"
                    }
                ]
            },
            "id": "1680244589595365376",
            "edit_history_tweet_ids": [
                "1680244589595365376"
            ],
            "text": "RT @hestax_: he poses! \n\n#König #callofduty #MW2 https://t.co/1E5ZgIMztK"
        },
        {
            "author_id": "825436432797937664",
            "public_metrics": {
                "retweet_count": 311,
                "reply_count": 0,
                "like_count": 0,
                "quote_count": 0,
                "bookmark_count": 0,
                "impression_count": 0
            },
            "entities": {
                "mentions": [
                    {
                        "start": 3,
                        "end": 15,
                        "username": "artimaaaeus",
                        "id": "1021771255957995520"
                    }
                ]
            },
            "id": "1680244312351621122",
            "edit_history_tweet_ids": [
                "1680244312351621122"
            ],
            "text": "RT @artimaaaeus: just gaz, checking you out 👁️👁️\n---\n#CallofDuty #MWII #MW2 #KyleGarrick #Gaz https://t.co/eG0zSCT0kb"
        },
        {
            "author_id": "1045842324633374720",
            "public_metrics": {
                "retweet_count": 217,
                "reply_count": 0,
                "like_count": 0,
                "quote_count": 0,
                "bookmark_count": 0,
                "impression_count": 0
            },
            "entities": {
                "mentions": [
                    {
                        "start": 3,
                        "end": 13,
                        "username": "HanumTaza",
                        "id": "4324216279"
                    }
                ]
            },
            "id": "1680244267392876545",
            "edit_history_tweet_ids": [
                "1680244267392876545"
            ],
            "text": "RT @HanumTaza: Drink milk! it will give you laser eyes power!\n#MW2 #CallofDuty #TheBoys #soapghost https://t.co/XM6LngBDMz"
        },
        {
            "author_id": "1672622358115524608",
            "public_metrics": {
                "retweet_count": 737,
                "reply_count": 0,
                "like_count": 0,
                "quote_count": 0,
                "bookmark_count": 0,
                "impression_count": 0
            },
            "entities": {
                "mentions": [
                    {
                        "start": 3,
                        "end": 14,
                        "username": "AmikoRoyAi",
                        "id": "4883418989"
                    }
                ]
            },
            "id": "1680244261890187264",
            "edit_history_tweet_ids": [
                "1680244261890187264"
            ],
            "text": "RT @AmikoRoyAi: We must stay focused brothers.\n\n09 #ghostsoap #soapghost #MWII #callofduty https://t.co/vF6g9RvpyY"
        },
        {
            "author_id": "1080292729521885184",
            "public_metrics": {
                "retweet_count": 506,
                "reply_count": 0,
                "like_count": 0,
                "quote_count": 0,
                "bookmark_count": 0,
                "impression_count": 0
            },
            "entities": {
                "mentions": [
                    {
                        "start": 3,
                        "end": 17,
                        "username": "azucarera_art",
                        "id": "1338411979027795970"
                    }
                ]
            },
            "id": "1680244097288663042",
            "edit_history_tweet_ids": [
                "1680244097288663042"
            ],
            "text": "RT @azucarera_art: of all the people to fall for... smh 😔\n\n#CallofDuty #MW2 #ModernWarfare2 #FarahKarim #AlexKeller #faralex https://t.co/j…"
        },
        {
            "author_id": "1651984700645203973",
            "public_metrics": {
                "retweet_count": 3,
                "reply_count": 0,
                "like_count": 0,
                "quote_count": 0,
                "bookmark_count": 0,
                "impression_count": 0
            },
            "entities": {
                "mentions": [
                    {
                        "start": 3,
                        "end": 13,
                        "username": "Lictor_GD",
                        "id": "1456682221239218181"
                    }
                ]
            },
            "id": "1680244042540490753",
            "edit_history_tweet_ids": [
                "1680244042540490753"
            ],
            "text": "RT @Lictor_GD: #укррайт #укрфанфікшн #укрслеш #SoapGhost #GhostSoap #AleRudy #korangi #soapmactavish #SimonGhostRiley #ghostmw2 #soapmw2 #C…"
        },
        {
            "author_id": "1452980782528700419",
            "public_metrics": {
                "retweet_count": 737,
                "reply_count": 0,
                "like_count": 0,
                "quote_count": 0,
                "bookmark_count": 0,
                "impression_count": 0
            },
            "entities": {
                "mentions": [
                    {
                        "start": 3,
                        "end": 14,
                        "username": "AmikoRoyAi",
                        "id": "4883418989"
                    }
                ]
            },
            "id": "1680243841406840833",
            "edit_history_tweet_ids": [
                "1680243841406840833"
            ],
            "text": "RT @AmikoRoyAi: We must stay focused brothers.\n\n09 #ghostsoap #soapghost #MWII #callofduty https://t.co/vF6g9RvpyY"
        },
        {
            "author_id": "900391016968187904",
            "public_metrics": {
                "retweet_count": 0,
                "reply_count": 0,
                "like_count": 0,
                "quote_count": 0,
                "bookmark_count": 0,
                "impression_count": 15
            },
            "entities": {
                "mentions": [
                    {
                        "start": 0,
                        "end": 11,
                        "username": "CallofDuty",
                        "id": "290097288"
                    }
                ]
            },
            "id": "1680243806682112002",
            "edit_history_tweet_ids": [
                "1680243806682112002"
            ],
            "text": "@CallofDuty  MW2 Is becoming a complete trash, i mostly play 6v6 (from time to time Invasion) out of the 6 in the other team at least 4 have hacks in almost every match, some times even the whole 6, i pass more time denouncing Fckrs than playing the game, what a bad experienceTBH"
        },
        {
            "author_id": "1391071083311386631",
            "public_metrics": {
                "retweet_count": 0,
                "reply_count": 0,
                "like_count": 0,
                "quote_count": 0,
                "bookmark_count": 0,
                "impression_count": 2
            },
            "entities": {
                "mentions": [
                    {
                        "start": 0,
                        "end": 13,
                        "username": "jangjang1106",
                        "id": "3034629072"
                    },
                    {
                        "start": 14,
                        "end": 28,
                        "username": "PlayCODMobile",
                        "id": "1166443278834659328"
                    }
                ]
            },
            "id": "1680243750994341896",
            "edit_history_tweet_ids": [
                "1680243750994341896"
            ],
            "text": "@jangjang1106 @PlayCODMobile Im pretty sure it means the ranked s6 and not the battlepass season6. So you'll need to wait until the end of the year."
        },
        {
            "author_id": "1010171600",
            "public_metrics": {
                "retweet_count": 226,
                "reply_count": 0,
                "like_count": 0,
                "quote_count": 0,
                "bookmark_count": 0,
                "impression_count": 0
            },
            "entities": {
                "mentions": [
                    {
                        "start": 3,
                        "end": 17,
                        "username": "BettyBRenders",
                        "id": "57432440"
                    }
                ]
            },
            "id": "1680243720812367873",
            "edit_history_tweet_ids": [
                "1680243720812367873"
            ],
            "text": "RT @BettyBRenders: 💀\n\n#Ghost #SimonGhostRiley #ghostmw2 #MW2 #MWII #CallofDutyModernWarfare2 #CallofDuty https://t.co/JHeXg7TLwt"
        },
        {
            "author_id": "1421250797015285762",
            "public_metrics": {
                "retweet_count": 0,
                "reply_count": 0,
                "like_count": 0,
                "quote_count": 0,
                "bookmark_count": 0,
                "impression_count": 7
            },
            "id": "1680243671143260162",
            "edit_history_tweet_ids": [
                "1680243671143260162"
            ],
            "text": "the whole LAT squad has been wiped this going to be the first season without them being together :( \n#LAThieves #cdl2023"
        },
        {
            "author_id": "814541326167474176",
            "public_metrics": {
                "retweet_count": 217,
                "reply_count": 0,
                "like_count": 0,
                "quote_count": 0,
                "bookmark_count": 0,
                "impression_count": 0
            },
            "entities": {
                "mentions": [
                    {
                        "start": 3,
                        "end": 13,
                        "username": "HanumTaza",
                        "id": "4324216279"
                    }
                ]
            },
            "id": "1680243524850122753",
            "edit_history_tweet_ids": [
                "1680243524850122753"
            ],
            "text": "RT @HanumTaza: Drink milk! it will give you laser eyes power!\n#MW2 #CallofDuty #TheBoys #soapghost https://t.co/XM6LngBDMz"
        },
        {
            "author_id": "1629255968105046020",
            "public_metrics": {
                "retweet_count": 195,
                "reply_count": 0,
                "like_count": 0,
                "quote_count": 0,
                "bookmark_count": 0,
                "impression_count": 0
            },
            "entities": {
                "mentions": [
                    {
                        "start": 3,
                        "end": 19,
                        "username": "xbruised_peachx",
                        "id": "4720277247"
                    }
                ]
            },
            "id": "1680243423964454913",
            "edit_history_tweet_ids": [
                "1680243423964454913"
            ],
            "text": "RT @xbruised_peachx: you can't steal our souls\n#FarahKarim #CallofDuty #MWII https://t.co/2ZJkAT479R"
        },
        {
            "author_id": "1562731763319046146",
            "public_metrics": {
                "retweet_count": 0,
                "reply_count": 0,
                "like_count": 0,
                "quote_count": 0,
                "bookmark_count": 0,
                "impression_count": 49
            },
            "id": "1680243418058858498",
            "edit_history_tweet_ids": [
                "1680243418058858498"
            ],
            "text": "Don't shoot at someone who's leaving you alone... #DMZ #Warzone #CallOfDuty #MW2 https://t.co/07Txhgcsq7"
        },
        {
            "author_id": "1667524025378119681",
            "public_metrics": {
                "retweet_count": 489,
                "reply_count": 0,
                "like_count": 0,
                "quote_count": 0,
                "bookmark_count": 0,
                "impression_count": 0
            },
            "entities": {
                "mentions": [
                    {
                        "start": 3,
                        "end": 10,
                        "username": "661ave",
                        "id": "1054927382"
                    }
                ]
            },
            "id": "1680243329546563586",
            "edit_history_tweet_ids": [
                "1680243329546563586"
            ],
            "text": "RT @661ave: #CallofDuty #MWII #König #Konig https://t.co/0rV56R9kKj"
        },
        {
            "author_id": "941494058249216000",
            "public_metrics": {
                "retweet_count": 0,
                "reply_count": 0,
                "like_count": 0,
                "quote_count": 0,
                "bookmark_count": 0,
                "impression_count": 2
            },
            "id": "1680243274693636096",
            "edit_history_tweet_ids": [
                "1680243274693636096"
            ],
            "text": "I am online and live on:-\n\nYoutube:https://t.co/ykWXctPw2I\n\nTwitch: https://t.co/Q5Z4hyDG90\n\nKick: https://t.co/GM9cJagqFG\n\nPlease view, like, share and support my live stream and channel.\n\n#ActivisionBlizzard #Activision #CallOfDuty #Warzone2"
        },
        {
            "author_id": "1554116405133381633",
            "public_metrics": {
                "retweet_count": 226,
                "reply_count": 0,
                "like_count": 0,
                "quote_count": 0,
                "bookmark_count": 0,
                "impression_count": 0
            },
            "entities": {
                "mentions": [
                    {
                        "start": 3,
                        "end": 17,
                        "username": "BettyBRenders",
                        "id": "57432440"
                    }
                ]
            },
            "id": "1680243178006511616",
            "edit_history_tweet_ids": [
                "1680243178006511616"
            ],
            "text": "RT @BettyBRenders: 💀\n\n#Ghost #SimonGhostRiley #ghostmw2 #MW2 #MWII #CallofDutyModernWarfare2 #CallofDuty https://t.co/JHeXg7TLwt"
        },
        {
            "author_id": "1351908230121754630",
            "public_metrics": {
                "retweet_count": 737,
                "reply_count": 0,
                "like_count": 0,
                "quote_count": 0,
                "bookmark_count": 0,
                "impression_count": 0
            },
            "entities": {
                "mentions": [
                    {
                        "start": 3,
                        "end": 14,
                        "username": "AmikoRoyAi",
                        "id": "4883418989"
                    }
                ]
            },
            "id": "1680243160608301062",
            "edit_history_tweet_ids": [
                "1680243160608301062"
            ],
            "text": "RT @AmikoRoyAi: We must stay focused brothers.\n\n09 #ghostsoap #soapghost #MWII #callofduty https://t.co/vF6g9RvpyY"
        },
        {
            "author_id": "925426627265298433",
            "public_metrics": {
                "retweet_count": 206,
                "reply_count": 0,
                "like_count": 0,
                "quote_count": 0,
                "bookmark_count": 0,
                "impression_count": 0
            },
            "entities": {
                "mentions": [
                    {
                        "start": 3,
                        "end": 15,
                        "username": "lexiissgone",
                        "id": "1642097723481440256"
                    }
                ]
            },
            "id": "1680243009567203330",
            "edit_history_tweet_ids": [
                "1680243009567203330"
            ],
            "text": "RT @lexiissgone: leave me alone im always late for tiktok trends ugh\n\n[ #soapghost #callofduty #MWII #ghost #soapmactavish #GhostSoap #ghos…"
        },
        {
            "author_id": "313445990",
            "public_metrics": {
                "retweet_count": 489,
                "reply_count": 0,
                "like_count": 0,
                "quote_count": 0,
                "bookmark_count": 0,
                "impression_count": 0
            },
            "entities": {
                "mentions": [
                    {
                        "start": 3,
                        "end": 10,
                        "username": "661ave",
                        "id": "1054927382"
                    }
                ]
            },
            "id": "1680242667349843968",
            "edit_history_tweet_ids": [
                "1680242667349843968"
            ],
            "text": "RT @661ave: #CallofDuty #MWII #König #Konig https://t.co/0rV56R9kKj"
        },
        {
            "author_id": "1564789324562006016",
            "public_metrics": {
                "retweet_count": 226,
                "reply_count": 0,
                "like_count": 0,
                "quote_count": 0,
                "bookmark_count": 0,
                "impression_count": 0
            },
            "entities": {
                "mentions": [
                    {
                        "start": 3,
                        "end": 17,
                        "username": "BettyBRenders",
                        "id": "57432440"
                    }
                ]
            },
            "id": "1680242617466994689",
            "edit_history_tweet_ids": [
                "1680242617466994689"
            ],
            "text": "RT @BettyBRenders: 💀\n\n#Ghost #SimonGhostRiley #ghostmw2 #MW2 #MWII #CallofDutyModernWarfare2 #CallofDuty https://t.co/JHeXg7TLwt"
        },
        {
            "author_id": "1605724704626581504",
            "public_metrics": {
                "retweet_count": 1248,
                "reply_count": 0,
                "like_count": 0,
                "quote_count": 0,
                "bookmark_count": 0,
                "impression_count": 0
            },
            "entities": {
                "mentions": [
                    {
                        "start": 3,
                        "end": 13,
                        "username": "HotSatans",
                        "id": "1071508661275688960"
                    }
                ]
            },
            "id": "1680242600417132546",
            "edit_history_tweet_ids": [
                "1680242600417132546"
            ],
            "text": "RT @HotSatans: bro we need to get to the safe zone bro the gas is closing in brO-\nKönig doodle to get back on the horse🤠 #nsfw #König #Call…"
        },
        {
            "author_id": "1351908230121754630",
            "public_metrics": {
                "retweet_count": 58,
                "reply_count": 0,
                "like_count": 0,
                "quote_count": 0,
                "bookmark_count": 0,
                "impression_count": 0
            },
            "entities": {
                "mentions": [
                    {
                        "start": 3,
                        "end": 10,
                        "username": "Kqreal",
                        "id": "1623452532713324544"
                    },
                    {
                        "start": 78,
                        "end": 86,
                        "username": "DerNoun",
                        "id": "707067866"
                    }
                ]
            },
            "id": "1680242483278794757",
            "edit_history_tweet_ids": [
                "1680242483278794757"
            ],
            "text": "RT @Kqreal: Do you want to take it off?\nTry to take a chance.\n\nPhoto editor - @DerNoun \n#CallofDuty #MW2  #König #Konig https://t.co/6XGYfd…"
        },
        {
            "author_id": "1603591209968177153",
            "public_metrics": {
                "retweet_count": 195,
                "reply_count": 0,
                "like_count": 0,
                "quote_count": 0,
                "bookmark_count": 0,
                "impression_count": 0
            },
            "entities": {
                "mentions": [
                    {
                        "start": 3,
                        "end": 19,
                        "username": "xbruised_peachx",
                        "id": "4720277247"
                    }
                ]
            },
            "id": "1680242404887068675",
            "edit_history_tweet_ids": [
                "1680242404887068675"
            ],
            "text": "RT @xbruised_peachx: you can't steal our souls\n#FarahKarim #CallofDuty #MWII https://t.co/2ZJkAT479R"
        },
        {
            "author_id": "1638264467988402177",
            "public_metrics": {
                "retweet_count": 226,
                "reply_count": 0,
                "like_count": 0,
                "quote_count": 0,
                "bookmark_count": 0,
                "impression_count": 0
            },
            "entities": {
                "mentions": [
                    {
                        "start": 3,
                        "end": 17,
                        "username": "BettyBRenders",
                        "id": "57432440"
                    }
                ]
            },
            "id": "1680242274884546560",
            "edit_history_tweet_ids": [
                "1680242274884546560"
            ],
            "text": "RT @BettyBRenders: 💀\n\n#Ghost #SimonGhostRiley #ghostmw2 #MW2 #MWII #CallofDutyModernWarfare2 #CallofDuty https://t.co/JHeXg7TLwt"
        },
        {
            "author_id": "68636777",
            "public_metrics": {
                "retweet_count": 0,
                "reply_count": 0,
                "like_count": 0,
                "quote_count": 0,
                "bookmark_count": 0,
                "impression_count": 65
            },
            "entities": {
                "mentions": [
                    {
                        "start": 38,
                        "end": 49,
                        "username": "CallofDuty",
                        "id": "290097288"
                    },
                    {
                        "start": 50,
                        "end": 61,
                        "username": "CODUpdates",
                        "id": "1662154128267542533"
                    }
                ]
            },
            "id": "1680242094319849473",
            "edit_history_tweet_ids": [
                "1680242094319849473"
            ],
            "text": "Floating door, or Monster Inc. DLC? 😂\n@CallofDuty @CODUpdates #Warzone2 #Warzone https://t.co/4v9OgzFqSd"
        },
        {
            "author_id": "1662019227639857152",
            "public_metrics": {
                "retweet_count": 489,
                "reply_count": 0,
                "like_count": 0,
                "quote_count": 0,
                "bookmark_count": 0,
                "impression_count": 0
            },
            "entities": {
                "mentions": [
                    {
                        "start": 3,
                        "end": 10,
                        "username": "661ave",
                        "id": "1054927382"
                    }
                ]
            },
            "id": "1680241822860292096",
            "edit_history_tweet_ids": [
                "1680241822860292096"
            ],
            "text": "RT @661ave: #CallofDuty #MWII #König #Konig https://t.co/0rV56R9kKj"
        },
        {
            "author_id": "1392533755554840578",
            "public_metrics": {
                "retweet_count": 206,
                "reply_count": 0,
                "like_count": 0,
                "quote_count": 0,
                "bookmark_count": 0,
                "impression_count": 0
            },
            "entities": {
                "mentions": [
                    {
                        "start": 3,
                        "end": 15,
                        "username": "lexiissgone",
                        "id": "1642097723481440256"
                    }
                ]
            },
            "id": "1680241799942529025",
            "edit_history_tweet_ids": [
                "1680241799942529025"
            ],
            "text": "RT @lexiissgone: leave me alone im always late for tiktok trends ugh\n\n[ #soapghost #callofduty #MWII #ghost #soapmactavish #GhostSoap #ghos…"
        },
        {
            "author_id": "2700378498",
            "public_metrics": {
                "retweet_count": 1219,
                "reply_count": 0,
                "like_count": 0,
                "quote_count": 0,
                "bookmark_count": 0,
                "impression_count": 0
            },
            "entities": {
                "mentions": [
                    {
                        "start": 3,
                        "end": 14,
                        "username": "CallofDuty",
                        "id": "290097288"
                    }
                ]
            },
            "id": "1680241790438240256",
            "edit_history_tweet_ids": [
                "1680241790438240256"
            ],
            "text": "RT @CallofDuty: It's time to fight like a hero. Season 04 Reloaded drops July 12 in Call of Duty #Warzone and #MWII 👉 https://t.co/CMgkvPpR…"
        },
        {
            "author_id": "4064174596",
            "public_metrics": {
                "retweet_count": 0,
                "reply_count": 0,
                "like_count": 2,
                "quote_count": 0,
                "bookmark_count": 0,
                "impression_count": 201
            },
            "entities": {
                "mentions": [
                    {
                        "start": 0,
                        "end": 11,
                        "username": "RebelCODM_",
                        "id": "1392155571600646149"
                    },
                    {
                        "start": 40,
                        "end": 54,
                        "username": "PlayCODMobile",
                        "id": "1166443278834659328"
                    }
                ]
            },
            "id": "1680241663720181760",
            "edit_history_tweet_ids": [
                "1680241663720181760"
            ],
            "text": "@RebelCODM_ OMG! I thought this was for @PlayCODMobile Global! I know I only said Mythics from here on out BUT this would of been an insta-purchase!"
        },
        {
            "author_id": "1371129062811332609",
            "public_metrics": {
                "retweet_count": 489,
                "reply_count": 0,
                "like_count": 0,
                "quote_count": 0,
                "bookmark_count": 0,
                "impression_count": 0
            },
            "entities": {
                "mentions": [
                    {
                        "start": 3,
                        "end": 10,
                        "username": "661ave",
                        "id": "1054927382"
                    }
                ]
            },
            "id": "1680241222185783297",
            "edit_history_tweet_ids": [
                "1680241222185783297"
            ],
            "text": "RT @661ave: #CallofDuty #MWII #König #Konig https://t.co/0rV56R9kKj"
        },
        {
            "author_id": "1310765827503747072",
            "public_metrics": {
                "retweet_count": 195,
                "reply_count": 0,
                "like_count": 0,
                "quote_count": 0,
                "bookmark_count": 0,
                "impression_count": 0
            },
            "entities": {
                "mentions": [
                    {
                        "start": 3,
                        "end": 19,
                        "username": "xbruised_peachx",
                        "id": "4720277247"
                    }
                ]
            },
            "id": "1680241220776513536",
            "edit_history_tweet_ids": [
                "1680241220776513536"
            ],
            "text": "RT @xbruised_peachx: you can't steal our souls\n#FarahKarim #CallofDuty #MWII https://t.co/2ZJkAT479R"
        },
        {
            "author_id": "1288377279693783040",
            "public_metrics": {
                "retweet_count": 58,
                "reply_count": 0,
                "like_count": 0,
                "quote_count": 0,
                "bookmark_count": 0,
                "impression_count": 0
            },
            "entities": {
                "mentions": [
                    {
                        "start": 3,
                        "end": 10,
                        "username": "Kqreal",
                        "id": "1623452532713324544"
                    },
                    {
                        "start": 78,
                        "end": 86,
                        "username": "DerNoun",
                        "id": "707067866"
                    }
                ]
            },
            "id": "1680241172093239296",
            "edit_history_tweet_ids": [
                "1680241172093239296"
            ],
            "text": "RT @Kqreal: Do you want to take it off?\nTry to take a chance.\n\nPhoto editor - @DerNoun \n#CallofDuty #MW2  #König #Konig https://t.co/6XGYfd…"
        },
        {
            "author_id": "1583326174180102145",
            "public_metrics": {
                "retweet_count": 58,
                "reply_count": 0,
                "like_count": 0,
                "quote_count": 0,
                "bookmark_count": 0,
                "impression_count": 0
            },
            "entities": {
                "mentions": [
                    {
                        "start": 3,
                        "end": 10,
                        "username": "Kqreal",
                        "id": "1623452532713324544"
                    },
                    {
                        "start": 78,
                        "end": 86,
                        "username": "DerNoun",
                        "id": "707067866"
                    }
                ]
            },
            "id": "1680241084818141190",
            "edit_history_tweet_ids": [
                "1680241084818141190"
            ],
            "text": "RT @Kqreal: Do you want to take it off?\nTry to take a chance.\n\nPhoto editor - @DerNoun \n#CallofDuty #MW2  #König #Konig https://t.co/6XGYfd…"
        },
        {
            "author_id": "2958395925",
            "public_metrics": {
                "retweet_count": 1219,
                "reply_count": 0,
                "like_count": 0,
                "quote_count": 0,
                "bookmark_count": 0,
                "impression_count": 0
            },
            "entities": {
                "mentions": [
                    {
                        "start": 3,
                        "end": 14,
                        "username": "CallofDuty",
                        "id": "290097288"
                    }
                ]
            },
            "id": "1680240961148919814",
            "edit_history_tweet_ids": [
                "1680240961148919814"
            ],
            "text": "RT @CallofDuty: It's time to fight like a hero. Season 04 Reloaded drops July 12 in Call of Duty #Warzone and #MWII 👉 https://t.co/CMgkvPpR…"
        },
        {
            "author_id": "1372472135885725698",
            "public_metrics": {
                "retweet_count": 58,
                "reply_count": 0,
                "like_count": 0,
                "quote_count": 0,
                "bookmark_count": 0,
                "impression_count": 0
            },
            "entities": {
                "mentions": [
                    {
                        "start": 3,
                        "end": 10,
                        "username": "Kqreal",
                        "id": "1623452532713324544"
                    },
                    {
                        "start": 78,
                        "end": 86,
                        "username": "DerNoun",
                        "id": "707067866"
                    }
                ]
            },
            "id": "1680240787022331904",
            "edit_history_tweet_ids": [
                "1680240787022331904"
            ],
            "text": "RT @Kqreal: Do you want to take it off?\nTry to take a chance.\n\nPhoto editor - @DerNoun \n#CallofDuty #MW2  #König #Konig https://t.co/6XGYfd…"
        },
        {
            "author_id": "994070053896192001",
            "public_metrics": {
                "retweet_count": 226,
                "reply_count": 0,
                "like_count": 0,
                "quote_count": 0,
                "bookmark_count": 0,
                "impression_count": 0
            },
            "entities": {
                "mentions": [
                    {
                        "start": 3,
                        "end": 17,
                        "username": "BettyBRenders",
                        "id": "57432440"
                    }
                ]
            },
            "id": "1680240776926691329",
            "edit_history_tweet_ids": [
                "1680240776926691329"
            ],
            "text": "RT @BettyBRenders: 💀\n\n#Ghost #SimonGhostRiley #ghostmw2 #MW2 #MWII #CallofDutyModernWarfare2 #CallofDuty https://t.co/JHeXg7TLwt"
        },
        {
            "author_id": "1275396865236668423",
            "public_metrics": {
                "retweet_count": 0,
                "reply_count": 0,
                "like_count": 0,
                "quote_count": 0,
                "bookmark_count": 0,
                "impression_count": 53
            },
            "entities": {
                "mentions": [
                    {
                        "start": 106,
                        "end": 114,
                        "username": "YouTube",
                        "id": "10228272"
                    }
                ]
            },
            "id": "1680240751622623232",
            "edit_history_tweet_ids": [
                "1680240751622623232"
            ],
            "text": "ウィールソンしか勝たんꉂ🤭\n【CoD：MW2】コールオブデューティDMZアシカ島ツキキャッスル🐰戦車攻略まだしてる？ #shorts #cod #dmz #mw2 https://t.co/7AdAvDDMMU @YouTubeより"
        },
        {
            "author_id": "1331886471150759938",
            "public_metrics": {
                "retweet_count": 0,
                "reply_count": 0,
                "like_count": 0,
                "quote_count": 0,
                "bookmark_count": 0,
                "impression_count": 73
            },
            "id": "1680240384989954054",
            "edit_history_tweet_ids": [
                "1680240384989954054"
            ],
            "text": "TOUJOURS EN LIVE ON GO SUR WARZONE \n\n#CallofDuty #MWII #Warzone2\n#ModernwarfareII\n\n #CristoEnLive #VtuberFr #streaming  #vtuber #TwitchStreamers \n\nhttps://t.co/TBxXTWSlo7 👀 https://t.co/MzOsEJUHco"
        },
        {
            "author_id": "270888133",
            "public_metrics": {
                "retweet_count": 1219,
                "reply_count": 0,
                "like_count": 0,
                "quote_count": 0,
                "bookmark_count": 0,
                "impression_count": 0
            },
            "entities": {
                "mentions": [
                    {
                        "start": 3,
                        "end": 14,
                        "username": "CallofDuty",
                        "id": "290097288"
                    }
                ]
            },
            "id": "1680240112226156544",
            "edit_history_tweet_ids": [
                "1680240112226156544"
            ],
            "text": "RT @CallofDuty: It's time to fight like a hero. Season 04 Reloaded drops July 12 in Call of Duty #Warzone and #MWII 👉 https://t.co/CMgkvPpR…"
        },
        {
            "author_id": "1041105715840995328",
            "public_metrics": {
                "retweet_count": 0,
                "reply_count": 0,
                "like_count": 0,
                "quote_count": 0,
                "bookmark_count": 0,
                "impression_count": 1
            },
            "entities": {
                "mentions": [
                    {
                        "start": 77,
                        "end": 85,
                        "username": "YouTube",
                        "id": "10228272"
                    }
                ]
            },
            "id": "1680240054747250689",
            "edit_history_tweet_ids": [
                "1680240054747250689"
            ],
            "text": "The Most FRUSTRATING Game Mechanic! | MWII DMZ 4 https://t.co/32ihxyH0L5 via @YouTube \n\n#mwii #dmz #streamer #livestream #twitch #quest #gameplay #funny #smallstreamer #gaming #gamingvideos #mwiiclips #pvp"
        },
        {
            "author_id": "923613792394792960",
            "public_metrics": {
                "retweet_count": 427,
                "reply_count": 0,
                "like_count": 0,
                "quote_count": 0,
                "bookmark_count": 0,
                "impression_count": 0
            },
            "entities": {
                "mentions": [
                    {
                        "start": 3,
                        "end": 10,
                        "username": "661ave",
                        "id": "1054927382"
                    }
                ]
            },
            "id": "1680239853349289987",
            "edit_history_tweet_ids": [
                "1680239853349289987"
            ],
            "text": "RT @661ave: #Ghost #SimonGhostRiley #CallOfDuty #MWII #MW2 https://t.co/9FXEq9ZwyS"
        },
        {
            "author_id": "943769579280617472",
            "public_metrics": {
                "retweet_count": 325,
                "reply_count": 0,
                "like_count": 0,
                "quote_count": 0,
                "bookmark_count": 0,
                "impression_count": 0
            },
            "entities": {
                "mentions": [
                    {
                        "start": 3,
                        "end": 19,
                        "username": "loneghostwolf88",
                        "id": "1112278494682271747"
                    }
                ]
            },
            "id": "1680239586239291392",
            "edit_history_tweet_ids": [
                "1680239586239291392"
            ],
            "text": "RT @loneghostwolf88: \"Back off!\" \n#GhostSoap   #CallofDuty #3DRender  #MWII https://t.co/o6DEF9i0me"
        },
        {
            "author_id": "943769579280617472",
            "public_metrics": {
                "retweet_count": 489,
                "reply_count": 0,
                "like_count": 0,
                "quote_count": 0,
                "bookmark_count": 0,
                "impression_count": 0
            },
            "entities": {
                "mentions": [
                    {
                        "start": 3,
                        "end": 10,
                        "username": "661ave",
                        "id": "1054927382"
                    }
                ]
            },
            "id": "1680239571580211201",
            "edit_history_tweet_ids": [
                "1680239571580211201"
            ],
            "text": "RT @661ave: #CallofDuty #MWII #König #Konig https://t.co/0rV56R9kKj"
        },
        {
            "author_id": "1435723931843977219",
            "public_metrics": {
                "retweet_count": 737,
                "reply_count": 0,
                "like_count": 0,
                "quote_count": 0,
                "bookmark_count": 0,
                "impression_count": 0
            },
            "entities": {
                "mentions": [
                    {
                        "start": 3,
                        "end": 14,
                        "username": "AmikoRoyAi",
                        "id": "4883418989"
                    }
                ]
            },
            "id": "1680239567125852161",
            "edit_history_tweet_ids": [
                "1680239567125852161"
            ],
            "text": "RT @AmikoRoyAi: We must stay focused brothers.\n\n09 #ghostsoap #soapghost #MWII #callofduty https://t.co/vF6g9RvpyY"
        },
        {
            "author_id": "1475319803225198599",
            "public_metrics": {
                "retweet_count": 296,
                "reply_count": 0,
                "like_count": 0,
                "quote_count": 0,
                "bookmark_count": 0,
                "impression_count": 0
            },
            "entities": {
                "mentions": [
                    {
                        "start": 3,
                        "end": 13,
                        "username": "CODmwfeed",
                        "id": "1570202220288671747"
                    }
                ]
            },
            "id": "1680239546028421120",
            "edit_history_tweet_ids": [
                "1680239546028421120"
            ],
            "text": "RT @CODmwfeed: One #ModernWarfare2                #PS5 bundle to give away. To enter follow the steps below.💜\n\nFollow+❤+♻️+Comment\n#CallofD…"
        },
        {
            "author_id": "732129930415357952",
            "public_metrics": {
                "retweet_count": 1,
                "reply_count": 2,
                "like_count": 2,
                "quote_count": 0,
                "bookmark_count": 0,
                "impression_count": 77
            },
            "entities": {
                "mentions": [
                    {
                        "start": 179,
                        "end": 187,
                        "username": "YouTube",
                        "id": "10228272"
                    }
                ]
            },
            "id": "1680239449773309954",
            "edit_history_tweet_ids": [
                "1680239449773309954"
            ],
            "text": "What could be better then a nice win on #ModernWarfare2 #Ranked ? \n\nA very nice KD of 2.77 😉 that’s what! \n\nMW2 Ranked gameplay 🔥2.77KD on Hardpoint 🔥 https://t.co/Jokx8W3gTo via @YouTube"
        },
        {
            "author_id": "3020613797",
            "public_metrics": {
                "retweet_count": 1219,
                "reply_count": 0,
                "like_count": 0,
                "quote_count": 0,
                "bookmark_count": 0,
                "impression_count": 0
            },
            "entities": {
                "mentions": [
                    {
                        "start": 3,
                        "end": 14,
                        "username": "CallofDuty",
                        "id": "290097288"
                    }
                ]
            },
            "id": "1680239266922635265",
            "edit_history_tweet_ids": [
                "1680239266922635265"
            ],
            "text": "RT @CallofDuty: It's time to fight like a hero. Season 04 Reloaded drops July 12 in Call of Duty #Warzone and #MWII 👉 https://t.co/CMgkvPpR…"
        },
        {
            "author_id": "1316433049098350593",
            "public_metrics": {
                "retweet_count": 206,
                "reply_count": 0,
                "like_count": 0,
                "quote_count": 0,
                "bookmark_count": 0,
                "impression_count": 0
            },
            "entities": {
                "mentions": [
                    {
                        "start": 3,
                        "end": 15,
                        "username": "lexiissgone",
                        "id": "1642097723481440256"
                    }
                ]
            },
            "id": "1680238951951396865",
            "edit_history_tweet_ids": [
                "1680238951951396865"
            ],
            "text": "RT @lexiissgone: leave me alone im always late for tiktok trends ugh\n\n[ #soapghost #callofduty #MWII #ghost #soapmactavish #GhostSoap #ghos…"
        },
        {
            "author_id": "1426675442464010243",
            "public_metrics": {
                "retweet_count": 737,
                "reply_count": 0,
                "like_count": 0,
                "quote_count": 0,
                "bookmark_count": 0,
                "impression_count": 0
            },
            "entities": {
                "mentions": [
                    {
                        "start": 3,
                        "end": 14,
                        "username": "AmikoRoyAi",
                        "id": "4883418989"
                    }
                ]
            },
            "id": "1680238950537986048",
            "edit_history_tweet_ids": [
                "1680238950537986048"
            ],
            "text": "RT @AmikoRoyAi: We must stay focused brothers.\n\n09 #ghostsoap #soapghost #MWII #callofduty https://t.co/vF6g9RvpyY"
        },
        {
            "author_id": "1117377951333535744",
            "public_metrics": {
                "retweet_count": 60,
                "reply_count": 0,
                "like_count": 0,
                "quote_count": 0,
                "bookmark_count": 0,
                "impression_count": 0
            },
            "entities": {
                "mentions": [
                    {
                        "start": 3,
                        "end": 11,
                        "username": "Kchs_05",
                        "id": "1632383029544112128"
                    }
                ]
            },
            "id": "1680238862537306112",
            "edit_history_tweet_ids": [
                "1680238862537306112"
            ],
            "text": "RT @Kchs_05: Drew the lil guy\n#König #ModernWarfare2 #MW2 #CallofDuty https://t.co/UcVCyX9Mvu"
        },
        {
            "author_id": "904444236468248580",
            "public_metrics": {
                "retweet_count": 737,
                "reply_count": 0,
                "like_count": 0,
                "quote_count": 0,
                "bookmark_count": 0,
                "impression_count": 0
            },
            "entities": {
                "mentions": [
                    {
                        "start": 3,
                        "end": 14,
                        "username": "AmikoRoyAi",
                        "id": "4883418989"
                    }
                ]
            },
            "id": "1680238838440947712",
            "edit_history_tweet_ids": [
                "1680238838440947712"
            ],
            "text": "RT @AmikoRoyAi: We must stay focused brothers.\n\n09 #ghostsoap #soapghost #MWII #callofduty https://t.co/vF6g9RvpyY"
        },
        {
            "author_id": "1481664871062196231",
            "public_metrics": {
                "retweet_count": 529,
                "reply_count": 0,
                "like_count": 0,
                "quote_count": 0,
                "bookmark_count": 0,
                "impression_count": 0
            },
            "entities": {
                "mentions": [
                    {
                        "start": 3,
                        "end": 10,
                        "username": "tb_png",
                        "id": "1437229509363871761"
                    }
                ]
            },
            "id": "1680238643691094016",
            "edit_history_tweet_ids": [
                "1680238643691094016"
            ],
            "text": "RT @tb_png: catching up on sleep 😴 #MWII #CallofDuty https://t.co/SLi2voBU8t"
        },
        {
            "author_id": "1424847000395296768",
            "public_metrics": {
                "retweet_count": 0,
                "reply_count": 0,
                "like_count": 2,
                "quote_count": 0,
                "bookmark_count": 0,
                "impression_count": 89
            },
            "id": "1680238585801236481",
            "edit_history_tweet_ids": [
                "1680238585801236481"
            ],
            "text": "CHEATING? ☠️🤖 #CallofDuty #MW2 #ModernWarfare2 #youtubegaming #YouTuber #gaming #gamingcommunity https://t.co/ECJGcRt57F"
        },
        {
            "author_id": "1042388458772283392",
            "public_metrics": {
                "retweet_count": 206,
                "reply_count": 0,
                "like_count": 0,
                "quote_count": 0,
                "bookmark_count": 0,
                "impression_count": 0
            },
            "entities": {
                "mentions": [
                    {
                        "start": 3,
                        "end": 15,
                        "username": "lexiissgone",
                        "id": "1642097723481440256"
                    }
                ]
            },
            "id": "1680238529958354944",
            "edit_history_tweet_ids": [
                "1680238529958354944"
            ],
            "text": "RT @lexiissgone: leave me alone im always late for tiktok trends ugh\n\n[ #soapghost #callofduty #MWII #ghost #soapmactavish #GhostSoap #ghos…"
        },
        {
            "author_id": "1639076184679133184",
            "public_metrics": {
                "retweet_count": 60,
                "reply_count": 0,
                "like_count": 0,
                "quote_count": 0,
                "bookmark_count": 0,
                "impression_count": 0
            },
            "entities": {
                "mentions": [
                    {
                        "start": 3,
                        "end": 11,
                        "username": "Kchs_05",
                        "id": "1632383029544112128"
                    }
                ]
            },
            "id": "1680238492545331200",
            "edit_history_tweet_ids": [
                "1680238492545331200"
            ],
            "text": "RT @Kchs_05: Drew the lil guy\n#König #ModernWarfare2 #MW2 #CallofDuty https://t.co/UcVCyX9Mvu"
        },
        {
            "author_id": "3020638243",
            "public_metrics": {
                "retweet_count": 1219,
                "reply_count": 0,
                "like_count": 0,
                "quote_count": 0,
                "bookmark_count": 0,
                "impression_count": 0
            },
            "entities": {
                "mentions": [
                    {
                        "start": 3,
                        "end": 14,
                        "username": "CallofDuty",
                        "id": "290097288"
                    }
                ]
            },
            "id": "1680238415948726273",
            "edit_history_tweet_ids": [
                "1680238415948726273"
            ],
            "text": "RT @CallofDuty: It's time to fight like a hero. Season 04 Reloaded drops July 12 in Call of Duty #Warzone and #MWII 👉 https://t.co/CMgkvPpR…"
        },
        {
            "author_id": "1639076184679133184",
            "public_metrics": {
                "retweet_count": 529,
                "reply_count": 0,
                "like_count": 0,
                "quote_count": 0,
                "bookmark_count": 0,
                "impression_count": 0
            },
            "entities": {
                "mentions": [
                    {
                        "start": 3,
                        "end": 10,
                        "username": "tb_png",
                        "id": "1437229509363871761"
                    }
                ]
            },
            "id": "1680238372764422146",
            "edit_history_tweet_ids": [
                "1680238372764422146"
            ],
            "text": "RT @tb_png: catching up on sleep 😴 #MWII #CallofDuty https://t.co/SLi2voBU8t"
        },
        {
            "author_id": "1657958318998970368",
            "public_metrics": {
                "retweet_count": 58,
                "reply_count": 0,
                "like_count": 0,
                "quote_count": 0,
                "bookmark_count": 0,
                "impression_count": 0
            },
            "entities": {
                "mentions": [
                    {
                        "start": 3,
                        "end": 10,
                        "username": "Kqreal",
                        "id": "1623452532713324544"
                    },
                    {
                        "start": 78,
                        "end": 86,
                        "username": "DerNoun",
                        "id": "707067866"
                    }
                ]
            },
            "id": "1680238127074426880",
            "edit_history_tweet_ids": [
                "1680238127074426880"
            ],
            "text": "RT @Kqreal: Do you want to take it off?\nTry to take a chance.\n\nPhoto editor - @DerNoun \n#CallofDuty #MW2  #König #Konig https://t.co/6XGYfd…"
        },
        {
            "author_id": "1494969874929487872",
            "public_metrics": {
                "retweet_count": 5,
                "reply_count": 0,
                "like_count": 0,
                "quote_count": 0,
                "bookmark_count": 0,
                "impression_count": 0
            },
            "entities": {
                "mentions": [
                    {
                        "start": 3,
                        "end": 13,
                        "username": "SebArts24",
                        "id": "1245187363837489152"
                    }
                ]
            },
            "id": "1680237986733260802",
            "edit_history_tweet_ids": [
                "1680237986733260802"
            ],
            "text": "RT @SebArts24: Gaz - Ghillie Sniper\n\n#Callofduty #MW2 #3DRender #blender3d https://t.co/YfmKcnCdMj"
        },
        {
            "author_id": "1655929805781516289",
            "public_metrics": {
                "retweet_count": 0,
                "reply_count": 0,
                "like_count": 1,
                "quote_count": 0,
                "bookmark_count": 0,
                "impression_count": 65
            },
            "id": "1680237886136889346",
            "edit_history_tweet_ids": [
                "1680237886136889346"
            ],
            "text": "VONDEL RESURGENCE ! https://t.co/0tSKabubCI #CallofDuty #ModernWarfare2 #Warzone2 #Twitch #RoadToAffiliate"
        },
        {
            "author_id": "361054883",
            "public_metrics": {
                "retweet_count": 1219,
                "reply_count": 0,
                "like_count": 0,
                "quote_count": 0,
                "bookmark_count": 0,
                "impression_count": 0
            },
            "entities": {
                "mentions": [
                    {
                        "start": 3,
                        "end": 14,
                        "username": "CallofDuty",
                        "id": "290097288"
                    }
                ]
            },
            "id": "1680237534012481536",
            "edit_history_tweet_ids": [
                "1680237534012481536"
            ],
            "text": "RT @CallofDuty: It's time to fight like a hero. Season 04 Reloaded drops July 12 in Call of Duty #Warzone and #MWII 👉 https://t.co/CMgkvPpR…"
        },
        {
            "author_id": "931530792433467392",
            "public_metrics": {
                "retweet_count": 206,
                "reply_count": 0,
                "like_count": 0,
                "quote_count": 0,
                "bookmark_count": 0,
                "impression_count": 0
            },
            "entities": {
                "mentions": [
                    {
                        "start": 3,
                        "end": 15,
                        "username": "lexiissgone",
                        "id": "1642097723481440256"
                    }
                ]
            },
            "id": "1680236998035148800",
            "edit_history_tweet_ids": [
                "1680236998035148800"
            ],
            "text": "RT @lexiissgone: leave me alone im always late for tiktok trends ugh\n\n[ #soapghost #callofduty #MWII #ghost #soapmactavish #GhostSoap #ghos…"
        },
        {
            "author_id": "1298882284922298368",
            "public_metrics": {
                "retweet_count": 58,
                "reply_count": 0,
                "like_count": 0,
                "quote_count": 0,
                "bookmark_count": 0,
                "impression_count": 0
            },
            "entities": {
                "mentions": [
                    {
                        "start": 3,
                        "end": 10,
                        "username": "Kqreal",
                        "id": "1623452532713324544"
                    },
                    {
                        "start": 78,
                        "end": 86,
                        "username": "DerNoun",
                        "id": "707067866"
                    }
                ]
            },
            "id": "1680236727250591744",
            "edit_history_tweet_ids": [
                "1680236727250591744"
            ],
            "text": "RT @Kqreal: Do you want to take it off?\nTry to take a chance.\n\nPhoto editor - @DerNoun \n#CallofDuty #MW2  #König #Konig https://t.co/6XGYfd…"
        },
        {
            "author_id": "337660527",
            "public_metrics": {
                "retweet_count": 1219,
                "reply_count": 0,
                "like_count": 0,
                "quote_count": 0,
                "bookmark_count": 0,
                "impression_count": 0
            },
            "entities": {
                "mentions": [
                    {
                        "start": 3,
                        "end": 14,
                        "username": "CallofDuty",
                        "id": "290097288"
                    }
                ]
            },
            "id": "1680236628273672192",
            "edit_history_tweet_ids": [
                "1680236628273672192"
            ],
            "text": "RT @CallofDuty: It's time to fight like a hero. Season 04 Reloaded drops July 12 in Call of Duty #Warzone and #MWII 👉 https://t.co/CMgkvPpR…"
        },
        {
            "author_id": "1054259483407536128",
            "public_metrics": {
                "retweet_count": 58,
                "reply_count": 0,
                "like_count": 0,
                "quote_count": 0,
                "bookmark_count": 0,
                "impression_count": 0
            },
            "entities": {
                "mentions": [
                    {
                        "start": 3,
                        "end": 10,
                        "username": "Kqreal",
                        "id": "1623452532713324544"
                    },
                    {
                        "start": 78,
                        "end": 86,
                        "username": "DerNoun",
                        "id": "707067866"
                    }
                ]
            },
            "id": "1680236556152438786",
            "edit_history_tweet_ids": [
                "1680236556152438786"
            ],
            "text": "RT @Kqreal: Do you want to take it off?\nTry to take a chance.\n\nPhoto editor - @DerNoun \n#CallofDuty #MW2  #König #Konig https://t.co/6XGYfd…"
        },
        {
            "author_id": "1098230075743457281",
            "public_metrics": {
                "retweet_count": 217,
                "reply_count": 0,
                "like_count": 0,
                "quote_count": 0,
                "bookmark_count": 0,
                "impression_count": 0
            },
            "entities": {
                "mentions": [
                    {
                        "start": 3,
                        "end": 13,
                        "username": "HanumTaza",
                        "id": "4324216279"
                    }
                ]
            },
            "id": "1680236441127776258",
            "edit_history_tweet_ids": [
                "1680236441127776258"
            ],
            "text": "RT @HanumTaza: Drink milk! it will give you laser eyes power!\n#MW2 #CallofDuty #TheBoys #soapghost https://t.co/XM6LngBDMz"
        },
        {
            "author_id": "3376223997",
            "public_metrics": {
                "retweet_count": 737,
                "reply_count": 0,
                "like_count": 0,
                "quote_count": 0,
                "bookmark_count": 0,
                "impression_count": 0
            },
            "entities": {
                "mentions": [
                    {
                        "start": 3,
                        "end": 14,
                        "username": "AmikoRoyAi",
                        "id": "4883418989"
                    }
                ]
            },
            "id": "1680236388518617089",
            "edit_history_tweet_ids": [
                "1680236388518617089"
            ],
            "text": "RT @AmikoRoyAi: We must stay focused brothers.\n\n09 #ghostsoap #soapghost #MWII #callofduty https://t.co/vF6g9RvpyY"
        },
        {
            "author_id": "875407499951828993",
            "public_metrics": {
                "retweet_count": 195,
                "reply_count": 0,
                "like_count": 0,
                "quote_count": 0,
                "bookmark_count": 0,
                "impression_count": 0
            },
            "entities": {
                "mentions": [
                    {
                        "start": 3,
                        "end": 19,
                        "username": "xbruised_peachx",
                        "id": "4720277247"
                    }
                ]
            },
            "id": "1680236382780891137",
            "edit_history_tweet_ids": [
                "1680236382780891137"
            ],
            "text": "RT @xbruised_peachx: you can't steal our souls\n#FarahKarim #CallofDuty #MWII https://t.co/2ZJkAT479R"
        },
        {
            "author_id": "817466889509208065",
            "public_metrics": {
                "retweet_count": 58,
                "reply_count": 0,
                "like_count": 0,
                "quote_count": 0,
                "bookmark_count": 0,
                "impression_count": 0
            },
            "entities": {
                "mentions": [
                    {
                        "start": 3,
                        "end": 10,
                        "username": "Kqreal",
                        "id": "1623452532713324544"
                    },
                    {
                        "start": 78,
                        "end": 86,
                        "username": "DerNoun",
                        "id": "707067866"
                    }
                ]
            },
            "id": "1680236244431785984",
            "edit_history_tweet_ids": [
                "1680236244431785984"
            ],
            "text": "RT @Kqreal: Do you want to take it off?\nTry to take a chance.\n\nPhoto editor - @DerNoun \n#CallofDuty #MW2  #König #Konig https://t.co/6XGYfd…"
        },
        {
            "author_id": "1300149555862806528",
            "public_metrics": {
                "retweet_count": 58,
                "reply_count": 0,
                "like_count": 0,
                "quote_count": 0,
                "bookmark_count": 0,
                "impression_count": 0
            },
            "entities": {
                "mentions": [
                    {
                        "start": 3,
                        "end": 10,
                        "username": "Kqreal",
                        "id": "1623452532713324544"
                    },
                    {
                        "start": 78,
                        "end": 86,
                        "username": "DerNoun",
                        "id": "707067866"
                    }
                ]
            },
            "id": "1680236233652576256",
            "edit_history_tweet_ids": [
                "1680236233652576256"
            ],
            "text": "RT @Kqreal: Do you want to take it off?\nTry to take a chance.\n\nPhoto editor - @DerNoun \n#CallofDuty #MW2  #König #Konig https://t.co/6XGYfd…"
        },
        {
            "author_id": "182633497",
            "public_metrics": {
                "retweet_count": 217,
                "reply_count": 0,
                "like_count": 0,
                "quote_count": 0,
                "bookmark_count": 0,
                "impression_count": 0
            },
            "entities": {
                "mentions": [
                    {
                        "start": 3,
                        "end": 13,
                        "username": "HanumTaza",
                        "id": "4324216279"
                    }
                ]
            },
            "id": "1680236156183535616",
            "edit_history_tweet_ids": [
                "1680236156183535616"
            ],
            "text": "RT @HanumTaza: Drink milk! it will give you laser eyes power!\n#MW2 #CallofDuty #TheBoys #soapghost https://t.co/XM6LngBDMz"
        },
        {
            "author_id": "1555540924218109952",
            "public_metrics": {
                "retweet_count": 737,
                "reply_count": 0,
                "like_count": 0,
                "quote_count": 0,
                "bookmark_count": 0,
                "impression_count": 0
            },
            "entities": {
                "mentions": [
                    {
                        "start": 3,
                        "end": 14,
                        "username": "AmikoRoyAi",
                        "id": "4883418989"
                    }
                ]
            },
            "id": "1680236138378981378",
            "edit_history_tweet_ids": [
                "1680236138378981378"
            ],
            "text": "RT @AmikoRoyAi: We must stay focused brothers.\n\n09 #ghostsoap #soapghost #MWII #callofduty https://t.co/vF6g9RvpyY"
        },
        {
            "author_id": "4307888189",
            "public_metrics": {
                "retweet_count": 217,
                "reply_count": 0,
                "like_count": 0,
                "quote_count": 0,
                "bookmark_count": 0,
                "impression_count": 0
            },
            "entities": {
                "mentions": [
                    {
                        "start": 3,
                        "end": 13,
                        "username": "HanumTaza",
                        "id": "4324216279"
                    }
                ]
            },
            "id": "1680236067046457344",
            "edit_history_tweet_ids": [
                "1680236067046457344"
            ],
            "text": "RT @HanumTaza: Drink milk! it will give you laser eyes power!\n#MW2 #CallofDuty #TheBoys #soapghost https://t.co/XM6LngBDMz"
        },
        {
            "author_id": "828839721472315392",
            "public_metrics": {
                "retweet_count": 58,
                "reply_count": 0,
                "like_count": 0,
                "quote_count": 0,
                "bookmark_count": 0,
                "impression_count": 0
            },
            "entities": {
                "mentions": [
                    {
                        "start": 3,
                        "end": 10,
                        "username": "Kqreal",
                        "id": "1623452532713324544"
                    },
                    {
                        "start": 78,
                        "end": 86,
                        "username": "DerNoun",
                        "id": "707067866"
                    }
                ]
            },
            "id": "1680235950818099200",
            "edit_history_tweet_ids": [
                "1680235950818099200"
            ],
            "text": "RT @Kqreal: Do you want to take it off?\nTry to take a chance.\n\nPhoto editor - @DerNoun \n#CallofDuty #MW2  #König #Konig https://t.co/6XGYfd…"
        },
        {
            "author_id": "908493789718810624",
            "public_metrics": {
                "retweet_count": 217,
                "reply_count": 0,
                "like_count": 0,
                "quote_count": 0,
                "bookmark_count": 0,
                "impression_count": 0
            },
            "entities": {
                "mentions": [
                    {
                        "start": 3,
                        "end": 13,
                        "username": "HanumTaza",
                        "id": "4324216279"
                    }
                ]
            },
            "id": "1680235894601646082",
            "edit_history_tweet_ids": [
                "1680235894601646082"
            ],
            "text": "RT @HanumTaza: Drink milk! it will give you laser eyes power!\n#MW2 #CallofDuty #TheBoys #soapghost https://t.co/XM6LngBDMz"
        },
        {
            "author_id": "1433419392490950656",
            "public_metrics": {
                "retweet_count": 226,
                "reply_count": 0,
                "like_count": 0,
                "quote_count": 0,
                "bookmark_count": 0,
                "impression_count": 0
            },
            "entities": {
                "mentions": [
                    {
                        "start": 3,
                        "end": 17,
                        "username": "BettyBRenders",
                        "id": "57432440"
                    }
                ]
            },
            "id": "1680235885558927360",
            "edit_history_tweet_ids": [
                "1680235885558927360"
            ],
            "text": "RT @BettyBRenders: 💀\n\n#Ghost #SimonGhostRiley #ghostmw2 #MW2 #MWII #CallofDutyModernWarfare2 #CallofDuty https://t.co/JHeXg7TLwt"
        },
        {
            "author_id": "153336572",
            "public_metrics": {
                "retweet_count": 1219,
                "reply_count": 0,
                "like_count": 0,
                "quote_count": 0,
                "bookmark_count": 0,
                "impression_count": 0
            },
            "entities": {
                "mentions": [
                    {
                        "start": 3,
                        "end": 14,
                        "username": "CallofDuty",
                        "id": "290097288"
                    }
                ]
            },
            "id": "1680235765861605376",
            "edit_history_tweet_ids": [
                "1680235765861605376"
            ],
            "text": "RT @CallofDuty: It's time to fight like a hero. Season 04 Reloaded drops July 12 in Call of Duty #Warzone and #MWII 👉 https://t.co/CMgkvPpR…"
        },
        {
            "author_id": "1250099821752565760",
            "public_metrics": {
                "retweet_count": 0,
                "reply_count": 1,
                "like_count": 0,
                "quote_count": 0,
                "bookmark_count": 0,
                "impression_count": 55
            },
            "entities": {
                "mentions": [
                    {
                        "start": 0,
                        "end": 11,
                        "username": "TiagoDnery",
                        "id": "1131179087823867906"
                    }
                ]
            },
            "id": "1680235736707092481",
            "edit_history_tweet_ids": [
                "1680235736707092481"
            ],
            "text": "@TiagoDnery MW2 é completamente odiado pela playerbase de multiplayer mas é aclamado pela crítica e pela massa casual.\n\nRendeu milhões para Activision e provavelmente, renderá milhões para os cofres da Microsoft por compras ingame (já que a barreira de acesso será menor com o gamepass)"
        },
        {
            "author_id": "1646407288930926592",
            "public_metrics": {
                "retweet_count": 217,
                "reply_count": 0,
                "like_count": 0,
                "quote_count": 0,
                "bookmark_count": 0,
                "impression_count": 0
            },
            "entities": {
                "mentions": [
                    {
                        "start": 3,
                        "end": 13,
                        "username": "HanumTaza",
                        "id": "4324216279"
                    }
                ]
            },
            "id": "1680235629798457348",
            "edit_history_tweet_ids": [
                "1680235629798457348"
            ],
            "text": "RT @HanumTaza: Drink milk! it will give you laser eyes power!\n#MW2 #CallofDuty #TheBoys #soapghost https://t.co/XM6LngBDMz"
        },
        {
            "author_id": "1350858328797278211",
            "public_metrics": {
                "retweet_count": 1,
                "reply_count": 1,
                "like_count": 2,
                "quote_count": 0,
                "bookmark_count": 0,
                "impression_count": 40
            },
            "entities": {
                "mentions": [
                    {
                        "start": 64,
                        "end": 75,
                        "username": "TheCatemis",
                        "id": "2536178185"
                    }
                ]
            },
            "id": "1680235581597425664",
            "edit_history_tweet_ids": [
                "1680235581597425664"
            ],
            "text": "Got surprised by a player while looting? No problem!\n\nThank you @TheCatemis for the clip!\n\nhttps://t.co/VdOnf4tpX6\n\n#callofduty #warzone #warzoneclips #warzone2 #tiktok #battleroyale #viral https://t.co/uwbzZoH00w"
        },
        {
            "author_id": "1217452216178528257",
            "public_metrics": {
                "retweet_count": 0,
                "reply_count": 1,
                "like_count": 14,
                "quote_count": 1,
                "bookmark_count": 0,
                "impression_count": 2307
            },
            "id": "1680235561968345089",
            "edit_history_tweet_ids": [
                "1680235561968345089"
            ],
            "text": "【GenE-】わきおさん＆【warak】じゅんさんとMWII初レイド！ありがとうございました💜\nめっちゃ楽しかったぁぁぁ⋆͛🎮⋆͛\nIGLしてくれたり画面共有でみにきてくれた方々も優しい人ばっかりで頑張れました😘\nトロフィーの名前「まだ序の口👑 ̖́-」ワロタww   #MWII  #CallofDuty https://t.co/cO6TciBI8Y"
        },
        {
            "author_id": "1518346822191886338",
            "public_metrics": {
                "retweet_count": 0,
                "reply_count": 0,
                "like_count": 1,
                "quote_count": 0,
                "bookmark_count": 0,
                "impression_count": 129
            },
            "id": "1680235542791815172",
            "edit_history_tweet_ids": [
                "1680235542791815172"
            ],
            "text": "Mata em equipe #25 🤘🏽🤘🏽🤘🏽 #CallofDuty #MW2 #multiplayer #FPS #ps4fat https://t.co/uX0rDYEx2O"
        },
        {
            "author_id": "707067866",
            "public_metrics": {
                "retweet_count": 58,
                "reply_count": 0,
                "like_count": 0,
                "quote_count": 0,
                "bookmark_count": 0,
                "impression_count": 0
            },
            "entities": {
                "mentions": [
                    {
                        "start": 3,
                        "end": 10,
                        "username": "Kqreal",
                        "id": "1623452532713324544"
                    },
                    {
                        "start": 78,
                        "end": 86,
                        "username": "DerNoun",
                        "id": "707067866"
                    }
                ]
            },
            "id": "1680235320518889473",
            "edit_history_tweet_ids": [
                "1680235320518889473"
            ],
            "text": "RT @Kqreal: Do you want to take it off?\nTry to take a chance.\n\nPhoto editor - @DerNoun \n#CallofDuty #MW2  #König #Konig https://t.co/6XGYfd…"
        },
        {
            "author_id": "935793498372038657",
            "public_metrics": {
                "retweet_count": 226,
                "reply_count": 0,
                "like_count": 0,
                "quote_count": 0,
                "bookmark_count": 0,
                "impression_count": 0
            },
            "entities": {
                "mentions": [
                    {
                        "start": 3,
                        "end": 17,
                        "username": "BettyBRenders",
                        "id": "57432440"
                    }
                ]
            },
            "id": "1680235269381844999",
            "edit_history_tweet_ids": [
                "1680235269381844999"
            ],
            "text": "RT @BettyBRenders: 💀\n\n#Ghost #SimonGhostRiley #ghostmw2 #MW2 #MWII #CallofDutyModernWarfare2 #CallofDuty https://t.co/JHeXg7TLwt"
        },
        {
            "author_id": "1329097526469824516",
            "public_metrics": {
                "retweet_count": 226,
                "reply_count": 0,
                "like_count": 0,
                "quote_count": 0,
                "bookmark_count": 0,
                "impression_count": 0
            },
            "entities": {
                "mentions": [
                    {
                        "start": 3,
                        "end": 17,
                        "username": "BettyBRenders",
                        "id": "57432440"
                    }
                ]
            },
            "id": "1680235045464973313",
            "edit_history_tweet_ids": [
                "1680235045464973313"
            ],
            "text": "RT @BettyBRenders: 💀\n\n#Ghost #SimonGhostRiley #ghostmw2 #MW2 #MWII #CallofDutyModernWarfare2 #CallofDuty https://t.co/JHeXg7TLwt"
        },
        {
            "author_id": "1589824459535433728",
            "public_metrics": {
                "retweet_count": 217,
                "reply_count": 0,
                "like_count": 0,
                "quote_count": 0,
                "bookmark_count": 0,
                "impression_count": 0
            },
            "entities": {
                "mentions": [
                    {
                        "start": 3,
                        "end": 13,
                        "username": "HanumTaza",
                        "id": "4324216279"
                    }
                ]
            },
            "id": "1680235038028226560",
            "edit_history_tweet_ids": [
                "1680235038028226560"
            ],
            "text": "RT @HanumTaza: Drink milk! it will give you laser eyes power!\n#MW2 #CallofDuty #TheBoys #soapghost https://t.co/XM6LngBDMz"
        },
        {
            "author_id": "1615841958299111424",
            "public_metrics": {
                "retweet_count": 0,
                "reply_count": 0,
                "like_count": 0,
                "quote_count": 0,
                "bookmark_count": 0,
                "impression_count": 68
            },
            "entities": {
                "mentions": [
                    {
                        "start": 0,
                        "end": 11,
                        "username": "Activision",
                        "id": "612782611"
                    }
                ]
            },
            "id": "1680234954989395969",
            "edit_history_tweet_ids": [
                "1680234954989395969"
            ],
            "text": "@Activision you really need to put on a shield on cod that you can’t shoot\nOr can’t be killed if you just landed because this sucks ass ngl #codmw2 #Warzone2 #vondel"
        },
        {
            "author_id": "248410299",
            "public_metrics": {
                "retweet_count": 1219,
                "reply_count": 0,
                "like_count": 0,
                "quote_count": 0,
                "bookmark_count": 0,
                "impression_count": 0
            },
            "entities": {
                "mentions": [
                    {
                        "start": 3,
                        "end": 14,
                        "username": "CallofDuty",
                        "id": "290097288"
                    }
                ]
            },
            "id": "1680234889558343683",
            "edit_history_tweet_ids": [
                "1680234889558343683"
            ],
            "text": "RT @CallofDuty: It's time to fight like a hero. Season 04 Reloaded drops July 12 in Call of Duty #Warzone and #MWII 👉 https://t.co/CMgkvPpR…"
        },
        {
            "author_id": "901914514920095744",
            "public_metrics": {
                "retweet_count": 217,
                "reply_count": 0,
                "like_count": 0,
                "quote_count": 0,
                "bookmark_count": 0,
                "impression_count": 0
            },
            "entities": {
                "mentions": [
                    {
                        "start": 3,
                        "end": 13,
                        "username": "HanumTaza",
                        "id": "4324216279"
                    }
                ]
            },
            "id": "1680234880519532544",
            "edit_history_tweet_ids": [
                "1680234880519532544"
            ],
            "text": "RT @HanumTaza: Drink milk! it will give you laser eyes power!\n#MW2 #CallofDuty #TheBoys #soapghost https://t.co/XM6LngBDMz"
        },
        {
            "author_id": "1669422412168073218",
            "public_metrics": {
                "retweet_count": 195,
                "reply_count": 0,
                "like_count": 0,
                "quote_count": 0,
                "bookmark_count": 0,
                "impression_count": 0
            },
            "entities": {
                "mentions": [
                    {
                        "start": 3,
                        "end": 19,
                        "username": "xbruised_peachx",
                        "id": "4720277247"
                    }
                ]
            },
            "id": "1680234652865531905",
            "edit_history_tweet_ids": [
                "1680234652865531905"
            ],
            "text": "RT @xbruised_peachx: you can't steal our souls\n#FarahKarim #CallofDuty #MWII https://t.co/2ZJkAT479R"
        },
        {
            "author_id": "842726235478212608",
            "public_metrics": {
                "retweet_count": 737,
                "reply_count": 0,
                "like_count": 0,
                "quote_count": 0,
                "bookmark_count": 0,
                "impression_count": 0
            },
            "entities": {
                "mentions": [
                    {
                        "start": 3,
                        "end": 14,
                        "username": "AmikoRoyAi",
                        "id": "4883418989"
                    }
                ]
            },
            "id": "1680234643835215872",
            "edit_history_tweet_ids": [
                "1680234643835215872"
            ],
            "text": "RT @AmikoRoyAi: We must stay focused brothers.\n\n09 #ghostsoap #soapghost #MWII #callofduty https://t.co/vF6g9RvpyY"
        }
    ],
    "includes": {
        "users": [
            {
                "id": "4720277247",
                "name": "peach",
                "username": "xbruised_peachx"
            },
            {
                "id": "1054927382",
                "name": "661ave",
                "username": "661ave"
            },
            {
                "id": "1642097723481440256",
                "name": "LEX",
                "username": "lexiissgone"
            },
            {
                "id": "4324216279",
                "name": "Pliket-Pliket (Commissions FULL 7/8)",
                "username": "HanumTaza"
            },
            {
                "id": "1664294153314881538",
                "name": "just a nerd.",
                "username": "hestax_"
            },
            {
                "id": "1021771255957995520",
                "name": "tim 🧢",
                "username": "artimaaaeus"
            },
            {
                "id": "4883418989",
                "name": "🦊Amiko💀🧼brainrot",
                "username": "AmikoRoyAi"
            },
            {
                "id": "1338411979027795970",
                "name": "azu 🍯",
                "username": "azucarera_art"
            },
            {
                "id": "1456682221239218181",
                "name": "🇺🇦бог кукурудзи Ах-Мун🇺🇦",
                "username": "Lictor_GD"
            },
            {
                "id": "290097288",
                "name": "Call of Duty",
                "username": "CallofDuty"
            },
            {
                "id": "3034629072",
                "name": "JAAAAAANG",
                "username": "jangjang1106"
            },
            {
                "id": "1166443278834659328",
                "name": "Call of Duty: Mobile",
                "username": "PlayCODMobile"
            },
            {
                "id": "57432440",
                "name": "BettyBattaglia ✯ comms closed ✯",
                "username": "BettyBRenders"
            },
            {
                "id": "1071508661275688960",
                "name": "satans fresh hot tiddy milk",
                "username": "HotSatans"
            },
            {
                "id": "1623452532713324544",
                "name": "Qreal",
                "username": "Kqreal"
            },
            {
                "id": "707067866",
                "name": "Der Noun",
                "username": "DerNoun"
            },
            {
                "id": "1662154128267542533",
                "name": "Call of Duty Updates",
                "username": "CODUpdates"
            },
            {
                "id": "1392155571600646149",
                "name": "COD Mobile",
                "username": "RebelCODM_"
            },
            {
                "id": "10228272",
                "name": "YouTube",
                "username": "YouTube"
            },
            {
                "id": "1112278494682271747",
                "name": "GhostWolf",
                "username": "loneghostwolf88"
            },
            {
                "id": "1570202220288671747",
                "name": "COD MWII",
                "username": "CODmwfeed"
            },
            {
                "id": "1632383029544112128",
                "name": "Kee/Key ||",
                "username": "Kchs_05"
            },
            {
                "id": "1437229509363871761",
                "name": "🎗️˚✧₊ ⁎⁺˳*･",
                "username": "tb_png"
            },
            {
                "id": "1245187363837489152",
                "name": "SebArts24🇪🇨 (COMMISSIONS OPEN)",
                "username": "SebArts24"
            },
            {
                "id": "1131179087823867906",
                "name": "D'nery",
                "username": "TiagoDnery"
            },
            {
                "id": "2536178185",
                "name": "😺Catemis😺",
                "username": "TheCatemis"
            },
            {
                "id": "612782611",
                "name": "Activision",
                "username": "Activision"
            }
        ]
    },
    "meta": {
        "newest_id": "1680245619586211841",
        "oldest_id": "1680234643835215872",
        "result_count": 100,
        "next_token": "b26v89c19zqg8o3fqkoxrnaq6e6c5bb6hkmudzhplfofx"
    }
}