{
    "data": [
        {
            "entities": {
                "mentions": [
                    {
                        "start": 3,
                        "end": 15,
                        "username": "CallofVines",
                        "id": "1465387770545909764"
                    }
                ]
            },
            "id": "1678433688869285890",
            "public_metrics": {
                "retweet_count": 15,
                "reply_count": 0,
                "like_count": 0,
                "quote_count": 0,
                "bookmark_count": 0,
                "impression_count": 0
            },
            "text": "RT @CallofVines: Top ten anime betrayals \n\n#CoDMW2 #CallofDuty #MWII\n#GhostMW2 #SimonRiley #RoachCoD #GarySanderson #GeneralSheperd #Sheper…",
            "author_id": "1044458280708239361",
            "edit_history_tweet_ids": [
                "1678433688869285890"
            ]
        },
        {
            "entities": {
                "mentions": [
                    {
                        "start": 3,
                        "end": 16,
                        "username": "Hopefulonion",
                        "id": "1317834284"
                    }
                ]
            },
            "id": "1678433682439430144",
            "public_metrics": {
                "retweet_count": 539,
                "reply_count": 0,
                "like_count": 0,
                "quote_count": 0,
                "bookmark_count": 0,
                "impression_count": 0
            },
            "text": "RT @Hopefulonion: Very important tutorial ‼️\n#mw2 #callofduty #ghostsoap #soapghost https://t.co/F9bkWPB4sf",
            "author_id": "1069761984768303105",
            "edit_history_tweet_ids": [
                "1678433682439430144"
            ]
        },
        {
            "entities": {
                "mentions": [
                    {
                        "start": 3,
                        "end": 12,
                        "username": "yumecore",
                        "id": "1441174708930576386"
                    }
                ]
            },
            "id": "1678433640131223553",
            "public_metrics": {
                "retweet_count": 68,
                "reply_count": 0,
                "like_count": 0,
                "quote_count": 0,
                "bookmark_count": 0,
                "impression_count": 0
            },
            "text": "RT @yumecore: #CallofDuty #MWII #MW2 #SimonGhostRiley https://t.co/edOGtlmw5J",
            "author_id": "1562879200272338944",
            "edit_history_tweet_ids": [
                "1678433640131223553"
            ]
        },
        {
            "entities": {
                "mentions": [
                    {
                        "start": 3,
                        "end": 16,
                        "username": "Hopefulonion",
                        "id": "1317834284"
                    }
                ]
            },
            "id": "1678433636885078016",
            "public_metrics": {
                "retweet_count": 539,
                "reply_count": 0,
                "like_count": 0,
                "quote_count": 0,
                "bookmark_count": 0,
                "impression_count": 0
            },
            "text": "RT @Hopefulonion: Very important tutorial ‼️\n#mw2 #callofduty #ghostsoap #soapghost https://t.co/F9bkWPB4sf",
            "author_id": "1899218611",
            "edit_history_tweet_ids": [
                "1678433636885078016"
            ]
        },
        {
            "entities": {
                "mentions": [
                    {
                        "start": 3,
                        "end": 14,
                        "username": "AmikoRoyAi",
                        "id": "4883418989"
                    }
                ]
            },
            "id": "1678433611085672451",
            "public_metrics": {
                "retweet_count": 1259,
                "reply_count": 0,
                "like_count": 0,
                "quote_count": 0,
                "bookmark_count": 0,
                "impression_count": 0
            },
            "text": "RT @AmikoRoyAi: Safe with you\n\n09 #ghostsoap #soapghost #callofduty #MWII https://t.co/wkFuP44Iul",
            "author_id": "2548619526",
            "edit_history_tweet_ids": [
                "1678433611085672451"
            ]
        },
        {
            "entities": {
                "mentions": [
                    {
                        "start": 48,
                        "end": 59,
                        "username": "CallofDuty",
                        "id": "290097288"
                    }
                ]
            },
            "id": "1678433559978057729",
            "public_metrics": {
                "retweet_count": 0,
                "reply_count": 0,
                "like_count": 0,
                "quote_count": 0,
                "bookmark_count": 0,
                "impression_count": 61
            },
            "text": "Hell no. Take that shit to Fortnight. #Warzone2 @CallofDuty https://t.co/SL7sgoFgjq",
            "author_id": "420573238",
            "edit_history_tweet_ids": [
                "1678433559978057729"
            ]
        },
        {
            "entities": {
                "mentions": [
                    {
                        "start": 0,
                        "end": 9,
                        "username": "Dabsyboi",
                        "id": "1619793984972357633"
                    },
                    {
                        "start": 10,
                        "end": 25,
                        "username": "TheCringeMan69",
                        "id": "1643476089535119364"
                    },
                    {
                        "start": 26,
                        "end": 34,
                        "username": "ih4seeb",
                        "id": "1244194001739231232"
                    },
                    {
                        "start": 35,
                        "end": 45,
                        "username": "TheBoysTV",
                        "id": "928707978932482048"
                    },
                    {
                        "start": 46,
                        "end": 57,
                        "username": "CallofDuty",
                        "id": "290097288"
                    }
                ]
            },
            "id": "1678433538113249280",
            "public_metrics": {
                "retweet_count": 0,
                "reply_count": 1,
                "like_count": 1,
                "quote_count": 0,
                "bookmark_count": 0,
                "impression_count": 390
            },
            "text": "@Dabsyboi @TheCringeMan69 @ih4seeb @TheBoysTV @CallofDuty I just think BR is getting stale, mw2 game is good but the map rotation sucks, wish I could vote other maps. DMZ is my go to right now.",
            "author_id": "3913387876",
            "edit_history_tweet_ids": [
                "1678433538113249280"
            ]
        },
        {
            "entities": {
                "mentions": [
                    {
                        "start": 3,
                        "end": 15,
                        "username": "chainer2111",
                        "id": "542950447"
                    }
                ]
            },
            "id": "1678433428604157955",
            "public_metrics": {
                "retweet_count": 1,
                "reply_count": 0,
                "like_count": 0,
                "quote_count": 0,
                "bookmark_count": 0,
                "impression_count": 0
            },
            "text": "RT @chainer2111: Got Em #MW2 #CallofDuty #ModernWarfareII https://t.co/0OGyFi8QMR",
            "author_id": "542950447",
            "edit_history_tweet_ids": [
                "1678433428604157955"
            ]
        },
        {
            "entities": {
                "mentions": [
                    {
                        "start": 3,
                        "end": 16,
                        "username": "Hopefulonion",
                        "id": "1317834284"
                    }
                ]
            },
            "id": "1678433381162553344",
            "public_metrics": {
                "retweet_count": 539,
                "reply_count": 0,
                "like_count": 0,
                "quote_count": 0,
                "bookmark_count": 0,
                "impression_count": 0
            },
            "text": "RT @Hopefulonion: Very important tutorial ‼️\n#mw2 #callofduty #ghostsoap #soapghost https://t.co/F9bkWPB4sf",
            "author_id": "1505507312647106574",
            "edit_history_tweet_ids": [
                "1678433381162553344"
            ]
        },
        {
            "entities": {
                "mentions": [
                    {
                        "start": 3,
                        "end": 12,
                        "username": "yumecore",
                        "id": "1441174708930576386"
                    }
                ]
            },
            "id": "1678433268172230661",
            "public_metrics": {
                "retweet_count": 68,
                "reply_count": 0,
                "like_count": 0,
                "quote_count": 0,
                "bookmark_count": 0,
                "impression_count": 0
            },
            "text": "RT @yumecore: #CallofDuty #MWII #MW2 #SimonGhostRiley https://t.co/edOGtlmw5J",
            "author_id": "2733333242",
            "edit_history_tweet_ids": [
                "1678433268172230661"
            ]
        },
        {
            "entities": {
                "mentions": [
                    {
                        "start": 3,
                        "end": 16,
                        "username": "Hopefulonion",
                        "id": "1317834284"
                    }
                ]
            },
            "id": "1678433162672701441",
            "public_metrics": {
                "retweet_count": 539,
                "reply_count": 0,
                "like_count": 0,
                "quote_count": 0,
                "bookmark_count": 0,
                "impression_count": 0
            },
            "text": "RT @Hopefulonion: Very important tutorial ‼️\n#mw2 #callofduty #ghostsoap #soapghost https://t.co/F9bkWPB4sf",
            "author_id": "1477465388212445184",
            "edit_history_tweet_ids": [
                "1678433162672701441"
            ]
        },
        {
            "entities": {
                "mentions": [
                    {
                        "start": 0,
                        "end": 14,
                        "username": "PrestigeIsKey",
                        "id": "111210694"
                    }
                ]
            },
            "id": "1678432912717361152",
            "public_metrics": {
                "retweet_count": 0,
                "reply_count": 1,
                "like_count": 0,
                "quote_count": 0,
                "bookmark_count": 0,
                "impression_count": 182
            },
            "text": "@PrestigeIsKey Not me really idk I’m always just told to scan a QR code with the news and I just play I also follow the infinity mw2 issues account so I see all the new updates and bug fixes I think you only see bundles because that’s what you focus on",
            "author_id": "3301342864",
            "edit_history_tweet_ids": [
                "1678432912717361152"
            ]
        },
        {
            "entities": {
                "mentions": [
                    {
                        "start": 3,
                        "end": 12,
                        "username": "naruysae",
                        "id": "803553797981270016"
                    }
                ]
            },
            "id": "1678432748267003905",
            "public_metrics": {
                "retweet_count": 233,
                "reply_count": 0,
                "like_count": 0,
                "quote_count": 0,
                "bookmark_count": 0,
                "impression_count": 0
            },
            "text": "RT @naruysae: Ghost 💀🔪  — Commission for Lu\n#simonghostriley #mw2 #callofduty https://t.co/imdnST8tkA",
            "author_id": "1402688449346510850",
            "edit_history_tweet_ids": [
                "1678432748267003905"
            ]
        },
        {
            "entities": {
                "mentions": [
                    {
                        "start": 58,
                        "end": 74,
                        "username": "EnduranceTweets",
                        "id": "956377540687429632"
                    }
                ]
            },
            "id": "1678432609045454849",
            "public_metrics": {
                "retweet_count": 2,
                "reply_count": 0,
                "like_count": 4,
                "quote_count": 0,
                "bookmark_count": 0,
                "impression_count": 93
            },
            "text": "MOON MAN!  #CallofDuty #Warzone #Warzone2 #CallofDuty2023 @EnduranceTweets \n\nhttps://t.co/hpXvMYhGoz https://t.co/5tvSkb7VHS",
            "author_id": "1572952583509053442",
            "edit_history_tweet_ids": [
                "1678432609045454849"
            ]
        },
        {
            "entities": {
                "mentions": [
                    {
                        "start": 3,
                        "end": 18,
                        "username": "witchmeetsevil",
                        "id": "1116440865415802888"
                    }
                ]
            },
            "id": "1678432582151618562",
            "public_metrics": {
                "retweet_count": 1422,
                "reply_count": 0,
                "like_count": 0,
                "quote_count": 0,
                "bookmark_count": 0,
                "impression_count": 0
            },
            "text": "RT @witchmeetsevil: \"easy, easy,\npull out your heart to make the\nbeing alone\neasy\"\n\n#CoDMW2 #CallofDuty #soapghost #MWII #MW2 \nreinterpreta…",
            "author_id": "1510676831548194820",
            "edit_history_tweet_ids": [
                "1678432582151618562"
            ]
        },
        {
            "id": "1678432558952972290",
            "public_metrics": {
                "retweet_count": 0,
                "reply_count": 0,
                "like_count": 0,
                "quote_count": 0,
                "bookmark_count": 0,
                "impression_count": 19
            },
            "text": "Stay tuned \n\nhttps://t.co/qsDfQ0bgEt\n#CallofDuty  #YouTube #MW2 https://t.co/Kayo31myrC",
            "author_id": "1674425587002380291",
            "edit_history_tweet_ids": [
                "1678432558952972290"
            ]
        },
        {
            "entities": {
                "mentions": [
                    {
                        "start": 3,
                        "end": 16,
                        "username": "Hopefulonion",
                        "id": "1317834284"
                    }
                ]
            },
            "id": "1678432504578211841",
            "public_metrics": {
                "retweet_count": 539,
                "reply_count": 0,
                "like_count": 0,
                "quote_count": 0,
                "bookmark_count": 0,
                "impression_count": 0
            },
            "text": "RT @Hopefulonion: Very important tutorial ‼️\n#mw2 #callofduty #ghostsoap #soapghost https://t.co/F9bkWPB4sf",
            "author_id": "1211334425771819008",
            "edit_history_tweet_ids": [
                "1678432504578211841"
            ]
        },
        {
            "entities": {
                "mentions": [
                    {
                        "start": 3,
                        "end": 16,
                        "username": "Hopefulonion",
                        "id": "1317834284"
                    }
                ]
            },
            "id": "1678432455508803585",
            "public_metrics": {
                "retweet_count": 539,
                "reply_count": 0,
                "like_count": 0,
                "quote_count": 0,
                "bookmark_count": 0,
                "impression_count": 0
            },
            "text": "RT @Hopefulonion: Very important tutorial ‼️\n#mw2 #callofduty #ghostsoap #soapghost https://t.co/F9bkWPB4sf",
            "author_id": "104046980",
            "edit_history_tweet_ids": [
                "1678432455508803585"
            ]
        },
        {
            "entities": {
                "mentions": [
                    {
                        "start": 3,
                        "end": 16,
                        "username": "Hopefulonion",
                        "id": "1317834284"
                    }
                ]
            },
            "id": "1678432319936290818",
            "public_metrics": {
                "retweet_count": 539,
                "reply_count": 0,
                "like_count": 0,
                "quote_count": 0,
                "bookmark_count": 0,
                "impression_count": 0
            },
            "text": "RT @Hopefulonion: Very important tutorial ‼️\n#mw2 #callofduty #ghostsoap #soapghost https://t.co/F9bkWPB4sf",
            "author_id": "1665455923005988876",
            "edit_history_tweet_ids": [
                "1678432319936290818"
            ]
        },
        {
            "entities": {
                "mentions": [
                    {
                        "start": 3,
                        "end": 17,
                        "username": "BettyBRenders",
                        "id": "57432440"
                    }
                ]
            },
            "id": "1678432317243523072",
            "public_metrics": {
                "retweet_count": 426,
                "reply_count": 0,
                "like_count": 0,
                "quote_count": 0,
                "bookmark_count": 0,
                "impression_count": 0
            },
            "text": "RT @BettyBRenders: 👑 Such a mess, Babyboy. 😌\n\n#König #Koenig #KönigMW2 #MW2 #MWII #CallofDutyModernWarfare2 #CallofDuty https://t.co/aO4AhU…",
            "author_id": "1530939809790713857",
            "edit_history_tweet_ids": [
                "1678432317243523072"
            ]
        },
        {
            "entities": {
                "mentions": [
                    {
                        "start": 3,
                        "end": 16,
                        "username": "Hopefulonion",
                        "id": "1317834284"
                    }
                ]
            },
            "id": "1678432176424071169",
            "public_metrics": {
                "retweet_count": 539,
                "reply_count": 0,
                "like_count": 0,
                "quote_count": 0,
                "bookmark_count": 0,
                "impression_count": 0
            },
            "text": "RT @Hopefulonion: Very important tutorial ‼️\n#mw2 #callofduty #ghostsoap #soapghost https://t.co/F9bkWPB4sf",
            "author_id": "1402431212791250946",
            "edit_history_tweet_ids": [
                "1678432176424071169"
            ]
        },
        {
            "entities": {
                "mentions": [
                    {
                        "start": 3,
                        "end": 16,
                        "username": "Hopefulonion",
                        "id": "1317834284"
                    }
                ]
            },
            "id": "1678432150570532866",
            "public_metrics": {
                "retweet_count": 539,
                "reply_count": 0,
                "like_count": 0,
                "quote_count": 0,
                "bookmark_count": 0,
                "impression_count": 0
            },
            "text": "RT @Hopefulonion: Very important tutorial ‼️\n#mw2 #callofduty #ghostsoap #soapghost https://t.co/F9bkWPB4sf",
            "author_id": "1327934446855569409",
            "edit_history_tweet_ids": [
                "1678432150570532866"
            ]
        },
        {
            "id": "1678432088632991750",
            "public_metrics": {
                "retweet_count": 68,
                "reply_count": 1,
                "like_count": 1068,
                "quote_count": 5,
                "bookmark_count": 23,
                "impression_count": 9552
            },
            "text": "#CallofDuty #MWII #MW2 #SimonGhostRiley https://t.co/edOGtlmw5J",
            "author_id": "1441174708930576386",
            "edit_history_tweet_ids": [
                "1678432088632991750"
            ]
        },
        {
            "entities": {
                "mentions": [
                    {
                        "start": 3,
                        "end": 14,
                        "username": "CallofDuty",
                        "id": "290097288"
                    }
                ]
            },
            "id": "1678432035503833089",
            "public_metrics": {
                "retweet_count": 321,
                "reply_count": 0,
                "like_count": 0,
                "quote_count": 0,
                "bookmark_count": 0,
                "impression_count": 0
            },
            "text": "RT @CallofDuty: SEASON 04 IS HERE. Vondel, increased health in Warzone, new MP maps, Battle Pass and so much more 🔥 \n\nStand above the rest…",
            "author_id": "1660279605700198401",
            "edit_history_tweet_ids": [
                "1678432035503833089"
            ]
        },
        {
            "entities": {
                "mentions": [
                    {
                        "start": 3,
                        "end": 16,
                        "username": "Hopefulonion",
                        "id": "1317834284"
                    }
                ]
            },
            "id": "1678432025886195715",
            "public_metrics": {
                "retweet_count": 539,
                "reply_count": 0,
                "like_count": 0,
                "quote_count": 0,
                "bookmark_count": 0,
                "impression_count": 0
            },
            "text": "RT @Hopefulonion: Very important tutorial ‼️\n#mw2 #callofduty #ghostsoap #soapghost https://t.co/F9bkWPB4sf",
            "author_id": "1429984592015106051",
            "edit_history_tweet_ids": [
                "1678432025886195715"
            ]
        },
        {
            "entities": {
                "mentions": [
                    {
                        "start": 66,
                        "end": 74,
                        "username": "YouTube",
                        "id": "10228272"
                    }
                ]
            },
            "id": "1678431912950648832",
            "public_metrics": {
                "retweet_count": 0,
                "reply_count": 0,
                "like_count": 0,
                "quote_count": 0,
                "bookmark_count": 0,
                "impression_count": 84
            },
            "text": "【リスナー参加型】談合とかチーターが蔓延るゲームをします【COD MW2　DMZ】 https://t.co/Lwx4BpKRG1 @YouTubeより",
            "author_id": "777839598458118145",
            "edit_history_tweet_ids": [
                "1678431912950648832"
            ]
        },
        {
            "entities": {
                "mentions": [
                    {
                        "start": 66,
                        "end": 74,
                        "username": "YouTube",
                        "id": "10228272"
                    }
                ]
            },
            "id": "1678431872714706944",
            "public_metrics": {
                "retweet_count": 0,
                "reply_count": 0,
                "like_count": 0,
                "quote_count": 0,
                "bookmark_count": 0,
                "impression_count": 112
            },
            "text": "【リスナー参加型】談合とかチーターが蔓延るゲームをします【COD MW2　DMZ】 https://t.co/Z7d8jWM1pb @YouTubeより",
            "author_id": "1114930702368141312",
            "edit_history_tweet_ids": [
                "1678431872714706944"
            ]
        },
        {
            "entities": {
                "mentions": [
                    {
                        "start": 7,
                        "end": 18,
                        "username": "ATVIAssist",
                        "id": "85215038"
                    },
                    {
                        "start": 19,
                        "end": 30,
                        "username": "Activision",
                        "id": "612782611"
                    },
                    {
                        "start": 35,
                        "end": 48,
                        "username": "CallofDutyDE",
                        "id": "2153089694"
                    }
                ]
            },
            "id": "1678431758683914240",
            "public_metrics": {
                "retweet_count": 0,
                "reply_count": 7,
                "like_count": 2,
                "quote_count": 1,
                "bookmark_count": 0,
                "impression_count": 79
            },
            "text": "Liebes @ATVIAssist @Activision und @CallofDutyDE ich fühle mich gemobbt. Ich will eine Schweizerflagge bei Cod MW2!!!! Jedes kack Land gibts nur Schweiz nicht. Bitte. Danke",
            "author_id": "1218468948972331013",
            "edit_history_tweet_ids": [
                "1678431758683914240"
            ]
        },
        {
            "entities": {
                "mentions": [
                    {
                        "start": 3,
                        "end": 16,
                        "username": "Hopefulonion",
                        "id": "1317834284"
                    }
                ]
            },
            "id": "1678431688811069441",
            "public_metrics": {
                "retweet_count": 539,
                "reply_count": 0,
                "like_count": 0,
                "quote_count": 0,
                "bookmark_count": 0,
                "impression_count": 0
            },
            "text": "RT @Hopefulonion: Very important tutorial ‼️\n#mw2 #callofduty #ghostsoap #soapghost https://t.co/F9bkWPB4sf",
            "author_id": "1189031555265683456",
            "edit_history_tweet_ids": [
                "1678431688811069441"
            ]
        },
        {
            "entities": {
                "mentions": [
                    {
                        "start": 3,
                        "end": 16,
                        "username": "Hopefulonion",
                        "id": "1317834284"
                    }
                ]
            },
            "id": "1678431669697540096",
            "public_metrics": {
                "retweet_count": 539,
                "reply_count": 0,
                "like_count": 0,
                "quote_count": 0,
                "bookmark_count": 0,
                "impression_count": 0
            },
            "text": "RT @Hopefulonion: Very important tutorial ‼️\n#mw2 #callofduty #ghostsoap #soapghost https://t.co/F9bkWPB4sf",
            "author_id": "1409445166893600769",
            "edit_history_tweet_ids": [
                "1678431669697540096"
            ]
        },
        {
            "entities": {
                "mentions": [
                    {
                        "start": 3,
                        "end": 16,
                        "username": "Hopefulonion",
                        "id": "1317834284"
                    }
                ]
            },
            "id": "1678431629956591616",
            "public_metrics": {
                "retweet_count": 539,
                "reply_count": 0,
                "like_count": 0,
                "quote_count": 0,
                "bookmark_count": 0,
                "impression_count": 0
            },
            "text": "RT @Hopefulonion: Very important tutorial ‼️\n#mw2 #callofduty #ghostsoap #soapghost https://t.co/F9bkWPB4sf",
            "author_id": "1336072713262272518",
            "edit_history_tweet_ids": [
                "1678431629956591616"
            ]
        },
        {
            "entities": {
                "mentions": [
                    {
                        "start": 3,
                        "end": 12,
                        "username": "naruysae",
                        "id": "803553797981270016"
                    }
                ]
            },
            "id": "1678431378579357704",
            "public_metrics": {
                "retweet_count": 233,
                "reply_count": 0,
                "like_count": 0,
                "quote_count": 0,
                "bookmark_count": 0,
                "impression_count": 0
            },
            "text": "RT @naruysae: Ghost 💀🔪  — Commission for Lu\n#simonghostriley #mw2 #callofduty https://t.co/imdnST8tkA",
            "author_id": "2369825617",
            "edit_history_tweet_ids": [
                "1678431378579357704"
            ]
        },
        {
            "entities": {
                "mentions": [
                    {
                        "start": 3,
                        "end": 12,
                        "username": "Totsukiz",
                        "id": "1052904336773255169"
                    }
                ]
            },
            "id": "1678431087402295296",
            "public_metrics": {
                "retweet_count": 2,
                "reply_count": 0,
                "like_count": 0,
                "quote_count": 0,
                "bookmark_count": 0,
                "impression_count": 0
            },
            "text": "RT @Totsukiz: The 🌎 will know \n#mw2 #CallofDuty https://t.co/QCEBLRs54X",
            "author_id": "1617370586157666315",
            "edit_history_tweet_ids": [
                "1678431087402295296"
            ]
        },
        {
            "entities": {
                "mentions": [
                    {
                        "start": 3,
                        "end": 10,
                        "username": "661ave",
                        "id": "1054927382"
                    }
                ]
            },
            "id": "1678431054955200516",
            "public_metrics": {
                "retweet_count": 701,
                "reply_count": 0,
                "like_count": 0,
                "quote_count": 0,
                "bookmark_count": 0,
                "impression_count": 0
            },
            "text": "RT @661ave: 141! ♥  #MWII #MW2 #CallofDuty \n#CaptainPrice #SimonGhostRiley #JohnSoapMactavish #KyleGazGarrick https://t.co/BTni156iIX",
            "author_id": "1510199436420567042",
            "edit_history_tweet_ids": [
                "1678431054955200516"
            ]
        },
        {
            "entities": {
                "mentions": [
                    {
                        "start": 3,
                        "end": 16,
                        "username": "Hopefulonion",
                        "id": "1317834284"
                    }
                ]
            },
            "id": "1678431046809812992",
            "public_metrics": {
                "retweet_count": 539,
                "reply_count": 0,
                "like_count": 0,
                "quote_count": 0,
                "bookmark_count": 0,
                "impression_count": 0
            },
            "text": "RT @Hopefulonion: Very important tutorial ‼️\n#mw2 #callofduty #ghostsoap #soapghost https://t.co/F9bkWPB4sf",
            "author_id": "2570153485",
            "edit_history_tweet_ids": [
                "1678431046809812992"
            ]
        },
        {
            "id": "1678431015432273921",
            "public_metrics": {
                "retweet_count": 2,
                "reply_count": 0,
                "like_count": 3,
                "quote_count": 0,
                "bookmark_count": 0,
                "impression_count": 74
            },
            "text": "The 🌎 will know \n#mw2 #CallofDuty https://t.co/QCEBLRs54X",
            "author_id": "1052904336773255169",
            "edit_history_tweet_ids": [
                "1678431015432273921"
            ]
        },
        {
            "entities": {
                "mentions": [
                    {
                        "start": 3,
                        "end": 16,
                        "username": "Hopefulonion",
                        "id": "1317834284"
                    }
                ]
            },
            "id": "1678430903133929473",
            "public_metrics": {
                "retweet_count": 539,
                "reply_count": 0,
                "like_count": 0,
                "quote_count": 0,
                "bookmark_count": 0,
                "impression_count": 0
            },
            "text": "RT @Hopefulonion: Very important tutorial ‼️\n#mw2 #callofduty #ghostsoap #soapghost https://t.co/F9bkWPB4sf",
            "author_id": "432701027",
            "edit_history_tweet_ids": [
                "1678430903133929473"
            ]
        },
        {
            "entities": {
                "mentions": [
                    {
                        "start": 3,
                        "end": 12,
                        "username": "naruysae",
                        "id": "803553797981270016"
                    }
                ]
            },
            "id": "1678430777413976064",
            "public_metrics": {
                "retweet_count": 233,
                "reply_count": 0,
                "like_count": 0,
                "quote_count": 0,
                "bookmark_count": 0,
                "impression_count": 0
            },
            "text": "RT @naruysae: Ghost 💀🔪  — Commission for Lu\n#simonghostriley #mw2 #callofduty https://t.co/imdnST8tkA",
            "author_id": "1005115280576610304",
            "edit_history_tweet_ids": [
                "1678430777413976064"
            ]
        },
        {
            "entities": {
                "mentions": [
                    {
                        "start": 3,
                        "end": 16,
                        "username": "Hopefulonion",
                        "id": "1317834284"
                    }
                ]
            },
            "id": "1678430629493391360",
            "public_metrics": {
                "retweet_count": 539,
                "reply_count": 0,
                "like_count": 0,
                "quote_count": 0,
                "bookmark_count": 0,
                "impression_count": 0
            },
            "text": "RT @Hopefulonion: Very important tutorial ‼️\n#mw2 #callofduty #ghostsoap #soapghost https://t.co/F9bkWPB4sf",
            "author_id": "1092608543369371648",
            "edit_history_tweet_ids": [
                "1678430629493391360"
            ]
        },
        {
            "entities": {
                "mentions": [
                    {
                        "start": 3,
                        "end": 16,
                        "username": "Hopefulonion",
                        "id": "1317834284"
                    }
                ]
            },
            "id": "1678430613852897280",
            "public_metrics": {
                "retweet_count": 539,
                "reply_count": 0,
                "like_count": 0,
                "quote_count": 0,
                "bookmark_count": 0,
                "impression_count": 0
            },
            "text": "RT @Hopefulonion: Very important tutorial ‼️\n#mw2 #callofduty #ghostsoap #soapghost https://t.co/F9bkWPB4sf",
            "author_id": "745196836940582916",
            "edit_history_tweet_ids": [
                "1678430613852897280"
            ]
        },
        {
            "entities": {
                "mentions": [
                    {
                        "start": 61,
                        "end": 72,
                        "username": "CallofDuty",
                        "id": "290097288"
                    }
                ]
            },
            "id": "1678430553949732866",
            "public_metrics": {
                "retweet_count": 0,
                "reply_count": 0,
                "like_count": 0,
                "quote_count": 0,
                "bookmark_count": 0,
                "impression_count": 15
            },
            "text": "Seriously how does a Baton kill someone in 2 fucking hits in @CallofDuty MW2 when you can empty half a clip into someone and nothing. Some of these melee weapons are fucking dumb #CallofDuty",
            "author_id": "171697706",
            "edit_history_tweet_ids": [
                "1678430553949732866"
            ]
        },
        {
            "entities": {
                "mentions": [
                    {
                        "start": 3,
                        "end": 10,
                        "username": "661ave",
                        "id": "1054927382"
                    },
                    {
                        "start": 57,
                        "end": 70,
                        "username": "Tava_tavatic",
                        "id": "1008542800562946048"
                    }
                ]
            },
            "id": "1678430522694070272",
            "public_metrics": {
                "retweet_count": 211,
                "reply_count": 0,
                "like_count": 0,
                "quote_count": 0,
                "bookmark_count": 0,
                "impression_count": 0
            },
            "text": "RT @661ave: #CallofDuty #MWII #König #Konig \nInspired by @Tava_tavatic drawing!♥ https://t.co/IVL9kvL9rh",
            "author_id": "1375862293947375619",
            "edit_history_tweet_ids": [
                "1678430522694070272"
            ]
        },
        {
            "entities": {
                "mentions": [
                    {
                        "start": 3,
                        "end": 16,
                        "username": "Hopefulonion",
                        "id": "1317834284"
                    }
                ]
            },
            "id": "1678430465139838976",
            "public_metrics": {
                "retweet_count": 539,
                "reply_count": 0,
                "like_count": 0,
                "quote_count": 0,
                "bookmark_count": 0,
                "impression_count": 0
            },
            "text": "RT @Hopefulonion: Very important tutorial ‼️\n#mw2 #callofduty #ghostsoap #soapghost https://t.co/F9bkWPB4sf",
            "author_id": "1235828147800571906",
            "edit_history_tweet_ids": [
                "1678430465139838976"
            ]
        },
        {
            "entities": {
                "mentions": [
                    {
                        "start": 3,
                        "end": 12,
                        "username": "yumecore",
                        "id": "1441174708930576386"
                    }
                ]
            },
            "id": "1678430444927479808",
            "public_metrics": {
                "retweet_count": 49,
                "reply_count": 0,
                "like_count": 0,
                "quote_count": 0,
                "bookmark_count": 0,
                "impression_count": 0
            },
            "text": "RT @yumecore: Lt. Riley\n#CallofDuty #MWII #MW2 #SimonGhostRiley https://t.co/FzwHF7U9rt",
            "author_id": "1639076184679133184",
            "edit_history_tweet_ids": [
                "1678430444927479808"
            ]
        },
        {
            "entities": {
                "mentions": [
                    {
                        "start": 3,
                        "end": 16,
                        "username": "Hopefulonion",
                        "id": "1317834284"
                    }
                ]
            },
            "id": "1678430300718743553",
            "public_metrics": {
                "retweet_count": 539,
                "reply_count": 0,
                "like_count": 0,
                "quote_count": 0,
                "bookmark_count": 0,
                "impression_count": 0
            },
            "text": "RT @Hopefulonion: Very important tutorial ‼️\n#mw2 #callofduty #ghostsoap #soapghost https://t.co/F9bkWPB4sf",
            "author_id": "1461116373300568068",
            "edit_history_tweet_ids": [
                "1678430300718743553"
            ]
        },
        {
            "entities": {
                "mentions": [
                    {
                        "start": 3,
                        "end": 16,
                        "username": "Hopefulonion",
                        "id": "1317834284"
                    }
                ]
            },
            "id": "1678430191415164928",
            "public_metrics": {
                "retweet_count": 539,
                "reply_count": 0,
                "like_count": 0,
                "quote_count": 0,
                "bookmark_count": 0,
                "impression_count": 0
            },
            "text": "RT @Hopefulonion: Very important tutorial ‼️\n#mw2 #callofduty #ghostsoap #soapghost https://t.co/F9bkWPB4sf",
            "author_id": "1480928012866670599",
            "edit_history_tweet_ids": [
                "1678430191415164928"
            ]
        },
        {
            "entities": {
                "mentions": [
                    {
                        "start": 3,
                        "end": 16,
                        "username": "Hopefulonion",
                        "id": "1317834284"
                    }
                ]
            },
            "id": "1678430187879276546",
            "public_metrics": {
                "retweet_count": 539,
                "reply_count": 0,
                "like_count": 0,
                "quote_count": 0,
                "bookmark_count": 0,
                "impression_count": 0
            },
            "text": "RT @Hopefulonion: Very important tutorial ‼️\n#mw2 #callofduty #ghostsoap #soapghost https://t.co/F9bkWPB4sf",
            "author_id": "19997877",
            "edit_history_tweet_ids": [
                "1678430187879276546"
            ]
        },
        {
            "entities": {
                "mentions": [
                    {
                        "start": 3,
                        "end": 15,
                        "username": "aphasia4fog",
                        "id": "1358426500270157824"
                    }
                ]
            },
            "id": "1678430008040366082",
            "public_metrics": {
                "retweet_count": 108,
                "reply_count": 0,
                "like_count": 0,
                "quote_count": 0,
                "bookmark_count": 0,
                "impression_count": 0
            },
            "text": "RT @aphasia4fog: Idk, did he really use a T-shirt as a mask?\n#König\n#MWII \n#CallofDuty https://t.co/4Yv9JGtNal",
            "author_id": "1291764542284763136",
            "edit_history_tweet_ids": [
                "1678430008040366082"
            ]
        },
        {
            "entities": {
                "mentions": [
                    {
                        "start": 3,
                        "end": 16,
                        "username": "Hopefulonion",
                        "id": "1317834284"
                    }
                ]
            },
            "id": "1678429988536688640",
            "public_metrics": {
                "retweet_count": 539,
                "reply_count": 0,
                "like_count": 0,
                "quote_count": 0,
                "bookmark_count": 0,
                "impression_count": 0
            },
            "text": "RT @Hopefulonion: Very important tutorial ‼️\n#mw2 #callofduty #ghostsoap #soapghost https://t.co/F9bkWPB4sf",
            "author_id": "1347286009541750788",
            "edit_history_tweet_ids": [
                "1678429988536688640"
            ]
        },
        {
            "entities": {
                "mentions": [
                    {
                        "start": 3,
                        "end": 16,
                        "username": "Hopefulonion",
                        "id": "1317834284"
                    }
                ]
            },
            "id": "1678429984552112128",
            "public_metrics": {
                "retweet_count": 539,
                "reply_count": 0,
                "like_count": 0,
                "quote_count": 0,
                "bookmark_count": 0,
                "impression_count": 0
            },
            "text": "RT @Hopefulonion: Very important tutorial ‼️\n#mw2 #callofduty #ghostsoap #soapghost https://t.co/F9bkWPB4sf",
            "author_id": "1316433049098350593",
            "edit_history_tweet_ids": [
                "1678429984552112128"
            ]
        },
        {
            "id": "1678429930785329153",
            "public_metrics": {
                "retweet_count": 0,
                "reply_count": 0,
                "like_count": 0,
                "quote_count": 0,
                "bookmark_count": 0,
                "impression_count": 324
            },
            "text": "New video today on YouTube at 1pm EST/12pm CT/10am PT✅ Make sure you dont miss it! 🙌 \n#yt #video #gaming #mw2 #CallofDuty \n\n📺-  https://t.co/RTzAjbwKtS https://t.co/tjdilUP0bL",
            "author_id": "824594177161916418",
            "edit_history_tweet_ids": [
                "1678429930785329153"
            ]
        },
        {
            "entities": {
                "mentions": [
                    {
                        "start": 3,
                        "end": 16,
                        "username": "Hopefulonion",
                        "id": "1317834284"
                    }
                ]
            },
            "id": "1678429764913119232",
            "public_metrics": {
                "retweet_count": 539,
                "reply_count": 0,
                "like_count": 0,
                "quote_count": 0,
                "bookmark_count": 0,
                "impression_count": 0
            },
            "text": "RT @Hopefulonion: Very important tutorial ‼️\n#mw2 #callofduty #ghostsoap #soapghost https://t.co/F9bkWPB4sf",
            "author_id": "1042388458772283392",
            "edit_history_tweet_ids": [
                "1678429764913119232"
            ]
        },
        {
            "entities": {
                "mentions": [
                    {
                        "start": 3,
                        "end": 16,
                        "username": "Hopefulonion",
                        "id": "1317834284"
                    }
                ]
            },
            "id": "1678429561124687872",
            "public_metrics": {
                "retweet_count": 539,
                "reply_count": 0,
                "like_count": 0,
                "quote_count": 0,
                "bookmark_count": 0,
                "impression_count": 0
            },
            "text": "RT @Hopefulonion: Very important tutorial ‼️\n#mw2 #callofduty #ghostsoap #soapghost https://t.co/F9bkWPB4sf",
            "author_id": "1117327341305225217",
            "edit_history_tweet_ids": [
                "1678429561124687872"
            ]
        },
        {
            "entities": {
                "mentions": [
                    {
                        "start": 3,
                        "end": 16,
                        "username": "Hopefulonion",
                        "id": "1317834284"
                    }
                ]
            },
            "id": "1678429477561602051",
            "public_metrics": {
                "retweet_count": 539,
                "reply_count": 0,
                "like_count": 0,
                "quote_count": 0,
                "bookmark_count": 0,
                "impression_count": 0
            },
            "text": "RT @Hopefulonion: Very important tutorial ‼️\n#mw2 #callofduty #ghostsoap #soapghost https://t.co/F9bkWPB4sf",
            "author_id": "2733333242",
            "edit_history_tweet_ids": [
                "1678429477561602051"
            ]
        },
        {
            "entities": {
                "mentions": [
                    {
                        "start": 3,
                        "end": 14,
                        "username": "AmikoRoyAi",
                        "id": "4883418989"
                    }
                ]
            },
            "id": "1678429461966979072",
            "public_metrics": {
                "retweet_count": 1384,
                "reply_count": 0,
                "like_count": 0,
                "quote_count": 0,
                "bookmark_count": 0,
                "impression_count": 0
            },
            "text": "RT @AmikoRoyAi: I love the hc that Ghost is always cold and Soap is a living furnace 🥺\n\n#soapghost #ghostsoap #MWII #callofduty https://t.c…",
            "author_id": "933263122286051328",
            "edit_history_tweet_ids": [
                "1678429461966979072"
            ]
        },
        {
            "id": "1678429433152061440",
            "public_metrics": {
                "retweet_count": 1,
                "reply_count": 0,
                "like_count": 2,
                "quote_count": 0,
                "bookmark_count": 0,
                "impression_count": 76
            },
            "text": "We keep on Nuking in Season 4 of COD Warzone 2, that's the 4th NUKE challenge completed in S4! If you want to go for a 5-winstreak and need help or want to hit your nuke contract with solid players, hit us up! #nukechallenge #championsquest #warzone2 #callofduty #takamuratv https://t.co/4Cc7F7jVJC",
            "author_id": "1514268684105170951",
            "edit_history_tweet_ids": [
                "1678429433152061440"
            ]
        },
        {
            "entities": {
                "mentions": [
                    {
                        "start": 0,
                        "end": 16,
                        "username": "CoDMobileSports",
                        "id": "1279539375307620355"
                    },
                    {
                        "start": 17,
                        "end": 32,
                        "username": "RealBobbyPlays",
                        "id": "1658308753"
                    },
                    {
                        "start": 33,
                        "end": 44,
                        "username": "IHOLDSHIFT",
                        "id": "621556484"
                    },
                    {
                        "start": 45,
                        "end": 53,
                        "username": "beefmum",
                        "id": "4921564273"
                    },
                    {
                        "start": 54,
                        "end": 70,
                        "username": "GlitterXplosion",
                        "id": "3308965202"
                    },
                    {
                        "start": 247,
                        "end": 261,
                        "username": "PlayCODMobile",
                        "id": "1166443278834659328"
                    }
                ]
            },
            "id": "1678429380937228289",
            "public_metrics": {
                "retweet_count": 0,
                "reply_count": 0,
                "like_count": 1,
                "quote_count": 0,
                "bookmark_count": 0,
                "impression_count": 218
            },
            "text": "@CoDMobileSports @RealBobbyPlays @IHOLDSHIFT @beefmum @GlitterXplosion . Hey, tell the community something... do you shut down your production of home streaming to the viewership when it's raining on your house/apt? (Rhetorical, obvi). Smh. Big L @PlayCODMobile",
            "author_id": "1553876832205918208",
            "edit_history_tweet_ids": [
                "1678429380937228289"
            ]
        },
        {
            "entities": {
                "mentions": [
                    {
                        "start": 3,
                        "end": 14,
                        "username": "AmikoRoyAi",
                        "id": "4883418989"
                    }
                ]
            },
            "id": "1678429135385894912",
            "public_metrics": {
                "retweet_count": 1259,
                "reply_count": 0,
                "like_count": 0,
                "quote_count": 0,
                "bookmark_count": 0,
                "impression_count": 0
            },
            "text": "RT @AmikoRoyAi: Safe with you\n\n09 #ghostsoap #soapghost #callofduty #MWII https://t.co/wkFuP44Iul",
            "author_id": "19757511",
            "edit_history_tweet_ids": [
                "1678429135385894912"
            ]
        },
        {
            "entities": {
                "mentions": [
                    {
                        "start": 3,
                        "end": 16,
                        "username": "bigbubbajake",
                        "id": "1249400667430682625"
                    }
                ]
            },
            "id": "1678428907026907137",
            "public_metrics": {
                "retweet_count": 3,
                "reply_count": 0,
                "like_count": 0,
                "quote_count": 0,
                "bookmark_count": 0,
                "impression_count": 0
            },
            "text": "RT @bigbubbajake: I GOT REPORTED FOR THIS AIM IN RANKED 😂 #mwii #mw2 #modernwarfare2 #callofduty https://t.co/K3BPhlAMNh",
            "author_id": "1355731411",
            "edit_history_tweet_ids": [
                "1678428907026907137"
            ]
        },
        {
            "entities": {
                "mentions": [
                    {
                        "start": 3,
                        "end": 16,
                        "username": "Hopefulonion",
                        "id": "1317834284"
                    }
                ]
            },
            "id": "1678428902149193728",
            "public_metrics": {
                "retweet_count": 539,
                "reply_count": 0,
                "like_count": 0,
                "quote_count": 0,
                "bookmark_count": 0,
                "impression_count": 0
            },
            "text": "RT @Hopefulonion: Very important tutorial ‼️\n#mw2 #callofduty #ghostsoap #soapghost https://t.co/F9bkWPB4sf",
            "author_id": "1253160205279346688",
            "edit_history_tweet_ids": [
                "1678428902149193728"
            ]
        },
        {
            "entities": {
                "mentions": [
                    {
                        "start": 3,
                        "end": 16,
                        "username": "Hopefulonion",
                        "id": "1317834284"
                    }
                ]
            },
            "id": "1678428899863035904",
            "public_metrics": {
                "retweet_count": 539,
                "reply_count": 0,
                "like_count": 0,
                "quote_count": 0,
                "bookmark_count": 0,
                "impression_count": 0
            },
            "text": "RT @Hopefulonion: Very important tutorial ‼️\n#mw2 #callofduty #ghostsoap #soapghost https://t.co/F9bkWPB4sf",
            "author_id": "1413849020217372676",
            "edit_history_tweet_ids": [
                "1678428899863035904"
            ]
        },
        {
            "entities": {
                "mentions": [
                    {
                        "start": 3,
                        "end": 14,
                        "username": "TheLord_G3",
                        "id": "1488639840040198159"
                    }
                ]
            },
            "id": "1678428880938434562",
            "public_metrics": {
                "retweet_count": 1,
                "reply_count": 0,
                "like_count": 0,
                "quote_count": 0,
                "bookmark_count": 0,
                "impression_count": 0
            },
            "text": "RT @TheLord_G3: Somebody made plans for later....\n\nCheck me on https://t.co/ZUZjwlVn6K and https://t.co/OgP4arks2S\n\n#DMZ #gaming #warzone #…",
            "author_id": "1223683053396144129",
            "edit_history_tweet_ids": [
                "1678428880938434562"
            ]
        },
        {
            "entities": {
                "mentions": [
                    {
                        "start": 3,
                        "end": 16,
                        "username": "Hopefulonion",
                        "id": "1317834284"
                    }
                ]
            },
            "id": "1678428869546635265",
            "public_metrics": {
                "retweet_count": 539,
                "reply_count": 0,
                "like_count": 0,
                "quote_count": 0,
                "bookmark_count": 0,
                "impression_count": 0
            },
            "text": "RT @Hopefulonion: Very important tutorial ‼️\n#mw2 #callofduty #ghostsoap #soapghost https://t.co/F9bkWPB4sf",
            "author_id": "963555544819789826",
            "edit_history_tweet_ids": [
                "1678428869546635265"
            ]
        },
        {
            "entities": {
                "mentions": [
                    {
                        "start": 3,
                        "end": 12,
                        "username": "Veradia_",
                        "id": "4062382365"
                    }
                ]
            },
            "id": "1678428807315828737",
            "public_metrics": {
                "retweet_count": 307,
                "reply_count": 0,
                "like_count": 0,
                "quote_count": 0,
                "bookmark_count": 0,
                "impression_count": 0
            },
            "text": "RT @Veradia_: FINALLY DREW PRICEE 🧡 #CallofDuty #MW2 https://t.co/HnvinBn6Ot",
            "author_id": "1657603883806474240",
            "edit_history_tweet_ids": [
                "1678428807315828737"
            ]
        },
        {
            "entities": {
                "mentions": [
                    {
                        "start": 3,
                        "end": 16,
                        "username": "Hopefulonion",
                        "id": "1317834284"
                    }
                ]
            },
            "id": "1678428685580529665",
            "public_metrics": {
                "retweet_count": 539,
                "reply_count": 0,
                "like_count": 0,
                "quote_count": 0,
                "bookmark_count": 0,
                "impression_count": 0
            },
            "text": "RT @Hopefulonion: Very important tutorial ‼️\n#mw2 #callofduty #ghostsoap #soapghost https://t.co/F9bkWPB4sf",
            "author_id": "1531226814974423040",
            "edit_history_tweet_ids": [
                "1678428685580529665"
            ]
        },
        {
            "entities": {
                "mentions": [
                    {
                        "start": 3,
                        "end": 15,
                        "username": "artimaaaeus",
                        "id": "1021771255957995520"
                    }
                ]
            },
            "id": "1678428658418196480",
            "public_metrics": {
                "retweet_count": 71,
                "reply_count": 0,
                "like_count": 0,
                "quote_count": 0,
                "bookmark_count": 0,
                "impression_count": 0
            },
            "text": "RT @artimaaaeus: someone on tumblr sent me an ask and hc'ed that if non-traumatized ghost was maskless but fully-clothed, then masked ghost…",
            "author_id": "1044458280708239361",
            "edit_history_tweet_ids": [
                "1678428658418196480"
            ]
        },
        {
            "entities": {
                "mentions": [
                    {
                        "start": 3,
                        "end": 16,
                        "username": "Hopefulonion",
                        "id": "1317834284"
                    }
                ]
            },
            "id": "1678428547013124096",
            "public_metrics": {
                "retweet_count": 539,
                "reply_count": 0,
                "like_count": 0,
                "quote_count": 0,
                "bookmark_count": 0,
                "impression_count": 0
            },
            "text": "RT @Hopefulonion: Very important tutorial ‼️\n#mw2 #callofduty #ghostsoap #soapghost https://t.co/F9bkWPB4sf",
            "author_id": "4883418989",
            "edit_history_tweet_ids": [
                "1678428547013124096"
            ]
        },
        {
            "entities": {
                "mentions": [
                    {
                        "start": 104,
                        "end": 112,
                        "username": "YouTube",
                        "id": "10228272"
                    }
                ]
            },
            "id": "1678428506965917698",
            "public_metrics": {
                "retweet_count": 0,
                "reply_count": 0,
                "like_count": 0,
                "quote_count": 1,
                "bookmark_count": 0,
                "impression_count": 17
            },
            "text": "Warzone 2.0 Gameplay #growth #foryou #gaming #callofduty #warzone2 #fyp ... https://t.co/Ccja3kcKzx via @YouTube",
            "author_id": "855577569051201537",
            "edit_history_tweet_ids": [
                "1678428506965917698"
            ]
        },
        {
            "id": "1678428450430885889",
            "public_metrics": {
                "retweet_count": 1,
                "reply_count": 0,
                "like_count": 3,
                "quote_count": 0,
                "bookmark_count": 0,
                "impression_count": 215
            },
            "text": "#COD MW2\n\n気持はふうせんさんとまるなるさんで\nDMZ🐈‍⬛🐦🐗\nたくさん笑わせてもらいました♪\n明日も頑張ろー♪\nアシカのお酒おしまい♪ https://t.co/bFRBFar5wl",
            "author_id": "1651716355010478080",
            "edit_history_tweet_ids": [
                "1678428450430885889"
            ]
        },
        {
            "entities": {
                "mentions": [
                    {
                        "start": 3,
                        "end": 16,
                        "username": "Hopefulonion",
                        "id": "1317834284"
                    }
                ]
            },
            "id": "1678428181827665925",
            "public_metrics": {
                "retweet_count": 539,
                "reply_count": 0,
                "like_count": 0,
                "quote_count": 0,
                "bookmark_count": 0,
                "impression_count": 0
            },
            "text": "RT @Hopefulonion: Very important tutorial ‼️\n#mw2 #callofduty #ghostsoap #soapghost https://t.co/F9bkWPB4sf",
            "author_id": "877244463772512256",
            "edit_history_tweet_ids": [
                "1678428181827665925"
            ]
        },
        {
            "entities": {
                "mentions": [
                    {
                        "start": 3,
                        "end": 16,
                        "username": "Hopefulonion",
                        "id": "1317834284"
                    }
                ]
            },
            "id": "1678428077750202368",
            "public_metrics": {
                "retweet_count": 539,
                "reply_count": 0,
                "like_count": 0,
                "quote_count": 0,
                "bookmark_count": 0,
                "impression_count": 0
            },
            "text": "RT @Hopefulonion: Very important tutorial ‼️\n#mw2 #callofduty #ghostsoap #soapghost https://t.co/F9bkWPB4sf",
            "author_id": "1646191911244374016",
            "edit_history_tweet_ids": [
                "1678428077750202368"
            ]
        },
        {
            "entities": {
                "mentions": [
                    {
                        "start": 3,
                        "end": 14,
                        "username": "ToxicRoxic",
                        "id": "949791609587191813"
                    }
                ]
            },
            "id": "1678427944748994560",
            "public_metrics": {
                "retweet_count": 633,
                "reply_count": 0,
                "like_count": 0,
                "quote_count": 0,
                "bookmark_count": 0,
                "impression_count": 0
            },
            "text": "RT @ToxicRoxic: pov the thorn bush is a lot sharper than u thought #König #CallofDuty #MW2 https://t.co/HABaMe2CUx",
            "author_id": "1669188541702868992",
            "edit_history_tweet_ids": [
                "1678427944748994560"
            ]
        },
        {
            "entities": {
                "mentions": [
                    {
                        "start": 104,
                        "end": 112,
                        "username": "YouTube",
                        "id": "10228272"
                    }
                ]
            },
            "id": "1678427924670685184",
            "public_metrics": {
                "retweet_count": 0,
                "reply_count": 0,
                "like_count": 0,
                "quote_count": 0,
                "bookmark_count": 0,
                "impression_count": 9
            },
            "text": "Warzone what happen #growth #foryou #gaming #callofduty #fyp #warzone2 #... https://t.co/Pec5uH862J via @YouTube",
            "author_id": "855577569051201537",
            "edit_history_tweet_ids": [
                "1678427924670685184"
            ]
        },
        {
            "entities": {
                "mentions": [
                    {
                        "start": 3,
                        "end": 16,
                        "username": "Hopefulonion",
                        "id": "1317834284"
                    }
                ]
            },
            "id": "1678427924557443072",
            "public_metrics": {
                "retweet_count": 539,
                "reply_count": 0,
                "like_count": 0,
                "quote_count": 0,
                "bookmark_count": 0,
                "impression_count": 0
            },
            "text": "RT @Hopefulonion: Very important tutorial ‼️\n#mw2 #callofduty #ghostsoap #soapghost https://t.co/F9bkWPB4sf",
            "author_id": "1636931567942778884",
            "edit_history_tweet_ids": [
                "1678427924557443072"
            ]
        },
        {
            "entities": {
                "mentions": [
                    {
                        "start": 3,
                        "end": 16,
                        "username": "Hopefulonion",
                        "id": "1317834284"
                    }
                ]
            },
            "id": "1678427882715066368",
            "public_metrics": {
                "retweet_count": 539,
                "reply_count": 0,
                "like_count": 0,
                "quote_count": 0,
                "bookmark_count": 0,
                "impression_count": 0
            },
            "text": "RT @Hopefulonion: Very important tutorial ‼️\n#mw2 #callofduty #ghostsoap #soapghost https://t.co/F9bkWPB4sf",
            "author_id": "588474566",
            "edit_history_tweet_ids": [
                "1678427882715066368"
            ]
        },
        {
            "entities": {
                "mentions": [
                    {
                        "start": 3,
                        "end": 14,
                        "username": "AmikoRoyAi",
                        "id": "4883418989"
                    }
                ]
            },
            "id": "1678427839157403649",
            "public_metrics": {
                "retweet_count": 1259,
                "reply_count": 0,
                "like_count": 0,
                "quote_count": 0,
                "bookmark_count": 0,
                "impression_count": 0
            },
            "text": "RT @AmikoRoyAi: Safe with you\n\n09 #ghostsoap #soapghost #callofduty #MWII https://t.co/wkFuP44Iul",
            "author_id": "717103544",
            "edit_history_tweet_ids": [
                "1678427839157403649"
            ]
        },
        {
            "id": "1678427774103461892",
            "public_metrics": {
                "retweet_count": 0,
                "reply_count": 0,
                "like_count": 1,
                "quote_count": 0,
                "bookmark_count": 0,
                "impression_count": 102
            },
            "text": "🚨Breaking\n\nHomelander, starlight y Black Noir. Personajes de la aclamada serie #TheBoys han sido adicionados como skins a la tienda de #CallofDuty #MWII https://t.co/0KM35RXjTL",
            "author_id": "1639041902912602112",
            "edit_history_tweet_ids": [
                "1678427774103461892"
            ]
        },
        {
            "entities": {
                "mentions": [
                    {
                        "start": 3,
                        "end": 16,
                        "username": "Hopefulonion",
                        "id": "1317834284"
                    }
                ]
            },
            "id": "1678427525515554816",
            "public_metrics": {
                "retweet_count": 539,
                "reply_count": 0,
                "like_count": 0,
                "quote_count": 0,
                "bookmark_count": 0,
                "impression_count": 0
            },
            "text": "RT @Hopefulonion: Very important tutorial ‼️\n#mw2 #callofduty #ghostsoap #soapghost https://t.co/F9bkWPB4sf",
            "author_id": "750488210254561280",
            "edit_history_tweet_ids": [
                "1678427525515554816"
            ]
        },
        {
            "entities": {
                "mentions": [
                    {
                        "start": 3,
                        "end": 14,
                        "username": "AmikoRoyAi",
                        "id": "4883418989"
                    }
                ]
            },
            "id": "1678427422331478017",
            "public_metrics": {
                "retweet_count": 1259,
                "reply_count": 0,
                "like_count": 0,
                "quote_count": 0,
                "bookmark_count": 0,
                "impression_count": 0
            },
            "text": "RT @AmikoRoyAi: Safe with you\n\n09 #ghostsoap #soapghost #callofduty #MWII https://t.co/wkFuP44Iul",
            "author_id": "4324114937",
            "edit_history_tweet_ids": [
                "1678427422331478017"
            ]
        },
        {
            "entities": {
                "mentions": [
                    {
                        "start": 3,
                        "end": 16,
                        "username": "Hopefulonion",
                        "id": "1317834284"
                    }
                ]
            },
            "id": "1678427311471747072",
            "public_metrics": {
                "retweet_count": 539,
                "reply_count": 0,
                "like_count": 0,
                "quote_count": 0,
                "bookmark_count": 0,
                "impression_count": 0
            },
            "text": "RT @Hopefulonion: Very important tutorial ‼️\n#mw2 #callofduty #ghostsoap #soapghost https://t.co/F9bkWPB4sf",
            "author_id": "3425308787",
            "edit_history_tweet_ids": [
                "1678427311471747072"
            ]
        },
        {
            "entities": {
                "mentions": [
                    {
                        "start": 3,
                        "end": 16,
                        "username": "Hopefulonion",
                        "id": "1317834284"
                    }
                ]
            },
            "id": "1678427272976424963",
            "public_metrics": {
                "retweet_count": 539,
                "reply_count": 0,
                "like_count": 0,
                "quote_count": 0,
                "bookmark_count": 0,
                "impression_count": 0
            },
            "text": "RT @Hopefulonion: Very important tutorial ‼️\n#mw2 #callofduty #ghostsoap #soapghost https://t.co/F9bkWPB4sf",
            "author_id": "813811887544664066",
            "edit_history_tweet_ids": [
                "1678427272976424963"
            ]
        },
        {
            "id": "1678427269885227008",
            "public_metrics": {
                "retweet_count": 0,
                "reply_count": 0,
                "like_count": 0,
                "quote_count": 0,
                "bookmark_count": 0,
                "impression_count": 267
            },
            "text": "Here is A better In Game Look At The Boys X Call Of duty Collab Operator bundles Wich Will Be Added On July 12.🔥\n\n#TheBoys | #CallofDuty \n#ModernWarfare2 #ModernWarfareII \n#MWII #MW2 \n#CallofDutyModernWarfare2 \n#CallofDutyModernWarfareII \n#Warzone2 #Warzone https://t.co/bRZ5sfIm93",
            "author_id": "1455466910355705858",
            "edit_history_tweet_ids": [
                "1678427269885227008"
            ]
        },
        {
            "entities": {
                "mentions": [
                    {
                        "start": 3,
                        "end": 16,
                        "username": "Hopefulonion",
                        "id": "1317834284"
                    }
                ]
            },
            "id": "1678427252420386816",
            "public_metrics": {
                "retweet_count": 539,
                "reply_count": 0,
                "like_count": 0,
                "quote_count": 0,
                "bookmark_count": 0,
                "impression_count": 0
            },
            "text": "RT @Hopefulonion: Very important tutorial ‼️\n#mw2 #callofduty #ghostsoap #soapghost https://t.co/F9bkWPB4sf",
            "author_id": "3194686652",
            "edit_history_tweet_ids": [
                "1678427252420386816"
            ]
        },
        {
            "id": "1678427197982359552",
            "public_metrics": {
                "retweet_count": 0,
                "reply_count": 1,
                "like_count": 1,
                "quote_count": 0,
                "bookmark_count": 0,
                "impression_count": 58
            },
            "text": "WARZONE 2 VONDEL Solo #Gameplay - 14 Kills with META Guns (#NoCommentary)\n\nhttps://t.co/gWcuqt1LAm\n\n#cod #lordZidaner #pcgaming #gaming #gamers #gamer #MW2 #MWII #CODMWII #CallofDuty #Warzone2 #games #gameplays #BattleRoyale #VONDEL #warzone",
            "author_id": "57710849",
            "edit_history_tweet_ids": [
                "1678427197982359552"
            ]
        },
        {
            "entities": {
                "mentions": [
                    {
                        "start": 3,
                        "end": 16,
                        "username": "Hopefulonion",
                        "id": "1317834284"
                    }
                ]
            },
            "id": "1678427181574135809",
            "public_metrics": {
                "retweet_count": 539,
                "reply_count": 0,
                "like_count": 0,
                "quote_count": 0,
                "bookmark_count": 0,
                "impression_count": 0
            },
            "text": "RT @Hopefulonion: Very important tutorial ‼️\n#mw2 #callofduty #ghostsoap #soapghost https://t.co/F9bkWPB4sf",
            "author_id": "1231517589853134848",
            "edit_history_tweet_ids": [
                "1678427181574135809"
            ]
        },
        {
            "id": "1678426869052391426",
            "public_metrics": {
                "retweet_count": 0,
                "reply_count": 0,
                "like_count": 1,
                "quote_count": 0,
                "bookmark_count": 0,
                "impression_count": 29
            },
            "text": "Neues #CallofDuty #RankedPlay Video auf meinem Kanal:\n\nhttps://t.co/DySUI9u8LJ\n\n#MW2 #MWII #ModernWarfare2 #ModernWarfareII #Gameplay #PS5",
            "author_id": "1517265740826558466",
            "edit_history_tweet_ids": [
                "1678426869052391426"
            ]
        },
        {
            "entities": {
                "mentions": [
                    {
                        "start": 3,
                        "end": 15,
                        "username": "Min36690662",
                        "id": "1387849537688150023"
                    }
                ]
            },
            "id": "1678426653570265089",
            "public_metrics": {
                "retweet_count": 316,
                "reply_count": 0,
                "like_count": 0,
                "quote_count": 0,
                "bookmark_count": 0,
                "impression_count": 0
            },
            "text": "RT @Min36690662: Part 2\nKönig shows Horangi the cat he found.\n[I thought it would be cute]\n:)\n#horangi #könig #Konigmw2 #horangimw2 #MW2 #M…",
            "author_id": "1620759260941651970",
            "edit_history_tweet_ids": [
                "1678426653570265089"
            ]
        },
        {
            "entities": {
                "mentions": [
                    {
                        "start": 3,
                        "end": 16,
                        "username": "Hopefulonion",
                        "id": "1317834284"
                    }
                ]
            },
            "id": "1678426631931666434",
            "public_metrics": {
                "retweet_count": 539,
                "reply_count": 0,
                "like_count": 0,
                "quote_count": 0,
                "bookmark_count": 0,
                "impression_count": 0
            },
            "text": "RT @Hopefulonion: Very important tutorial ‼️\n#mw2 #callofduty #ghostsoap #soapghost https://t.co/F9bkWPB4sf",
            "author_id": "1562879200272338944",
            "edit_history_tweet_ids": [
                "1678426631931666434"
            ]
        },
        {
            "id": "1678426620971962369",
            "public_metrics": {
                "retweet_count": 0,
                "reply_count": 0,
                "like_count": 1,
                "quote_count": 0,
                "bookmark_count": 0,
                "impression_count": 36
            },
            "text": "#warzone2 #callofduty #modarnwarfare2 #cod #codclips #warzoneclips #mw2clips #foryoupage #foryou #fyp #pc #ps #xbox #twitch #viral #viralvideo #viraltiktok #instagram #love #CapCut https://t.co/JnFkediGVG",
            "author_id": "1356010660962955264",
            "edit_history_tweet_ids": [
                "1678426620971962369"
            ]
        },
        {
            "entities": {
                "mentions": [
                    {
                        "start": 3,
                        "end": 14,
                        "username": "AmikoRoyAi",
                        "id": "4883418989"
                    }
                ]
            },
            "id": "1678426595093094400",
            "public_metrics": {
                "retweet_count": 1259,
                "reply_count": 0,
                "like_count": 0,
                "quote_count": 0,
                "bookmark_count": 0,
                "impression_count": 0
            },
            "text": "RT @AmikoRoyAi: Safe with you\n\n09 #ghostsoap #soapghost #callofduty #MWII https://t.co/wkFuP44Iul",
            "author_id": "1620130220056403968",
            "edit_history_tweet_ids": [
                "1678426595093094400"
            ]
        },
        {
            "entities": {
                "mentions": [
                    {
                        "start": 3,
                        "end": 16,
                        "username": "Hopefulonion",
                        "id": "1317834284"
                    }
                ]
            },
            "id": "1678426553909141505",
            "public_metrics": {
                "retweet_count": 539,
                "reply_count": 0,
                "like_count": 0,
                "quote_count": 0,
                "bookmark_count": 0,
                "impression_count": 0
            },
            "text": "RT @Hopefulonion: Very important tutorial ‼️\n#mw2 #callofduty #ghostsoap #soapghost https://t.co/F9bkWPB4sf",
            "author_id": "284092127",
            "edit_history_tweet_ids": [
                "1678426553909141505"
            ]
        },
        {
            "entities": {
                "mentions": [
                    {
                        "start": 3,
                        "end": 16,
                        "username": "Hopefulonion",
                        "id": "1317834284"
                    }
                ]
            },
            "id": "1678426537366880262",
            "public_metrics": {
                "retweet_count": 539,
                "reply_count": 0,
                "like_count": 0,
                "quote_count": 0,
                "bookmark_count": 0,
                "impression_count": 0
            },
            "text": "RT @Hopefulonion: Very important tutorial ‼️\n#mw2 #callofduty #ghostsoap #soapghost https://t.co/F9bkWPB4sf",
            "author_id": "1636854622705926144",
            "edit_history_tweet_ids": [
                "1678426537366880262"
            ]
        },
        {
            "entities": {
                "mentions": [
                    {
                        "start": 3,
                        "end": 17,
                        "username": "PlayCODMobile",
                        "id": "1166443278834659328"
                    }
                ]
            },
            "id": "1678426446736539648",
            "public_metrics": {
                "retweet_count": 44,
                "reply_count": 0,
                "like_count": 0,
                "quote_count": 0,
                "bookmark_count": 0,
                "impression_count": 0
            },
            "text": "RT @PlayCODMobile: When one enemy team isn’t enough, add another ✚\n\n📲Hop into the new 4v4v4 Arena Mode tomorrow! https://t.co/EmwWXXqeFQ",
            "author_id": "984056647093022723",
            "edit_history_tweet_ids": [
                "1678426446736539648"
            ]
        },
        {
            "entities": {
                "mentions": [
                    {
                        "start": 3,
                        "end": 16,
                        "username": "Hopefulonion",
                        "id": "1317834284"
                    }
                ]
            },
            "id": "1678426256570712064",
            "public_metrics": {
                "retweet_count": 539,
                "reply_count": 0,
                "like_count": 0,
                "quote_count": 0,
                "bookmark_count": 0,
                "impression_count": 0
            },
            "text": "RT @Hopefulonion: Very important tutorial ‼️\n#mw2 #callofduty #ghostsoap #soapghost https://t.co/F9bkWPB4sf",
            "author_id": "1642595725178556418",
            "edit_history_tweet_ids": [
                "1678426256570712064"
            ]
        },
        {
            "entities": {
                "mentions": [
                    {
                        "start": 3,
                        "end": 16,
                        "username": "Hopefulonion",
                        "id": "1317834284"
                    }
                ]
            },
            "id": "1678426247284629504",
            "public_metrics": {
                "retweet_count": 539,
                "reply_count": 0,
                "like_count": 0,
                "quote_count": 0,
                "bookmark_count": 0,
                "impression_count": 0
            },
            "text": "RT @Hopefulonion: Very important tutorial ‼️\n#mw2 #callofduty #ghostsoap #soapghost https://t.co/F9bkWPB4sf",
            "author_id": "1331725097850318856",
            "edit_history_tweet_ids": [
                "1678426247284629504"
            ]
        },
        {
            "entities": {
                "mentions": [
                    {
                        "start": 3,
                        "end": 16,
                        "username": "Hopefulonion",
                        "id": "1317834284"
                    }
                ]
            },
            "id": "1678426235813220355",
            "public_metrics": {
                "retweet_count": 539,
                "reply_count": 0,
                "like_count": 0,
                "quote_count": 0,
                "bookmark_count": 0,
                "impression_count": 0
            },
            "text": "RT @Hopefulonion: Very important tutorial ‼️\n#mw2 #callofduty #ghostsoap #soapghost https://t.co/F9bkWPB4sf",
            "author_id": "942456804256174081",
            "edit_history_tweet_ids": [
                "1678426235813220355"
            ]
        },
        {
            "entities": {
                "mentions": [
                    {
                        "start": 3,
                        "end": 12,
                        "username": "naruysae",
                        "id": "803553797981270016"
                    }
                ]
            },
            "id": "1678426141193797634",
            "public_metrics": {
                "retweet_count": 233,
                "reply_count": 0,
                "like_count": 0,
                "quote_count": 0,
                "bookmark_count": 0,
                "impression_count": 0
            },
            "text": "RT @naruysae: Ghost 💀🔪  — Commission for Lu\n#simonghostriley #mw2 #callofduty https://t.co/imdnST8tkA",
            "author_id": "985046050946867200",
            "edit_history_tweet_ids": [
                "1678426141193797634"
            ]
        },
        {
            "entities": {
                "mentions": [
                    {
                        "start": 0,
                        "end": 15,
                        "username": "DiscussingFilm",
                        "id": "780460754910732288"
                    }
                ]
            },
            "id": "1678426061548208128",
            "public_metrics": {
                "retweet_count": 0,
                "reply_count": 0,
                "like_count": 0,
                "quote_count": 0,
                "bookmark_count": 0,
                "impression_count": 14
            },
            "text": "@DiscussingFilm I’d be excited of MW2 was better and Activision weren’t POS",
            "author_id": "1471768883308773376",
            "edit_history_tweet_ids": [
                "1678426061548208128"
            ]
        },
        {
            "entities": {
                "mentions": [
                    {
                        "start": 3,
                        "end": 16,
                        "username": "Hopefulonion",
                        "id": "1317834284"
                    }
                ]
            },
            "id": "1678425995794055175",
            "public_metrics": {
                "retweet_count": 539,
                "reply_count": 0,
                "like_count": 0,
                "quote_count": 0,
                "bookmark_count": 0,
                "impression_count": 0
            },
            "text": "RT @Hopefulonion: Very important tutorial ‼️\n#mw2 #callofduty #ghostsoap #soapghost https://t.co/F9bkWPB4sf",
            "author_id": "913771083651788800",
            "edit_history_tweet_ids": [
                "1678425995794055175"
            ]
        },
        {
            "entities": {
                "mentions": [
                    {
                        "start": 0,
                        "end": 8,
                        "username": "IPROZY1",
                        "id": "1346528116869459969"
                    },
                    {
                        "start": 9,
                        "end": 23,
                        "username": "PlayCODMobile",
                        "id": "1166443278834659328"
                    }
                ]
            },
            "id": "1678425903750103041",
            "public_metrics": {
                "retweet_count": 0,
                "reply_count": 0,
                "like_count": 1,
                "quote_count": 0,
                "bookmark_count": 0,
                "impression_count": 16
            },
            "text": "@IPROZY1 @PlayCODMobile tf is that sound bug 💀",
            "author_id": "1588961655366492160",
            "edit_history_tweet_ids": [
                "1678425903750103041"
            ]
        }
    ],
    "includes": {
        "users": [
            {
                "id": "1465387770545909764",
                "name": "CoD Characters as Vines",
                "username": "CallofVines"
            },
            {
                "id": "1317834284",
                "name": "🦇Vampy🍷🌟",
                "username": "Hopefulonion"
            },
            {
                "id": "1441174708930576386",
                "name": "༄Yume ❄🐼",
                "username": "yumecore"
            },
            {
                "id": "4883418989",
                "name": "🦊Amiko💀🧼brainrot",
                "username": "AmikoRoyAi"
            },
            {
                "id": "290097288",
                "name": "Call of Duty",
                "username": "CallofDuty"
            },
            {
                "id": "1619793984972357633",
                "name": "Dabsyboi",
                "username": "Dabsyboi"
            },
            {
                "id": "1643476089535119364",
                "name": "ℤ𝕖𝔽𝕣𝕠𝕞𝕒𝕘𝕖𝔻𝕖ℙ𝕚𝕖𝕕𝕤 🧀🦶",
                "username": "TheCringeMan69"
            },
            {
                "id": "1244194001739231232",
                "name": "h",
                "username": "ih4seeb"
            },
            {
                "id": "928707978932482048",
                "name": "THE BOYS",
                "username": "TheBoysTV"
            },
            {
                "id": "542950447",
                "name": "Fuck Cancel Culture",
                "username": "chainer2111"
            },
            {
                "id": "111210694",
                "name": "Ryan B.",
                "username": "PrestigeIsKey"
            },
            {
                "id": "803553797981270016",
                "name": "naruysae",
                "username": "naruysae"
            },
            {
                "id": "956377540687429632",
                "name": "𝘌𝘌 Support",
                "username": "EnduranceTweets"
            },
            {
                "id": "1116440865415802888",
                "name": "bruja has ghost brainrot",
                "username": "witchmeetsevil"
            },
            {
                "id": "57432440",
                "name": "BettyBattaglia ✯ comms closed ✯",
                "username": "BettyBRenders"
            },
            {
                "id": "10228272",
                "name": "YouTube",
                "username": "YouTube"
            },
            {
                "id": "85215038",
                "name": "Activision Support",
                "username": "ATVIAssist"
            },
            {
                "id": "612782611",
                "name": "Activision",
                "username": "Activision"
            },
            {
                "id": "2153089694",
                "name": "Call of Duty Germany",
                "username": "CallofDutyDE"
            },
            {
                "id": "1052904336773255169",
                "name": "旅",
                "username": "Totsukiz"
            },
            {
                "id": "1054927382",
                "name": "661ave",
                "username": "661ave"
            },
            {
                "id": "1008542800562946048",
                "name": "Халлот🚷COMMISSION (CLOSED)",
                "username": "Tava_tavatic"
            },
            {
                "id": "1358426500270157824",
                "name": "APH",
                "username": "aphasia4fog"
            },
            {
                "id": "1279539375307620355",
                "name": "CoD Mobile Esports",
                "username": "CoDMobileSports"
            },
            {
                "id": "1658308753",
                "name": "Bobby Plays",
                "username": "RealBobbyPlays"
            },
            {
                "id": "621556484",
                "name": "IHOLDSHIFT",
                "username": "IHOLDSHIFT"
            },
            {
                "id": "4921564273",
                "name": "BeefMami",
                "username": "beefmum"
            },
            {
                "id": "3308965202",
                "name": "GlitterXplosion",
                "username": "GlitterXplosion"
            },
            {
                "id": "1166443278834659328",
                "name": "Call of Duty: Mobile",
                "username": "PlayCODMobile"
            },
            {
                "id": "1249400667430682625",
                "name": "RG bigbubbajake",
                "username": "bigbubbajake"
            },
            {
                "id": "1488639840040198159",
                "name": "Lord_G3",
                "username": "TheLord_G3"
            },
            {
                "id": "4062382365",
                "name": "Sara 💜",
                "username": "Veradia_"
            },
            {
                "id": "1021771255957995520",
                "name": "tim 🧢",
                "username": "artimaaaeus"
            },
            {
                "id": "949791609587191813",
                "name": "Roxaroo",
                "username": "ToxicRoxic"
            },
            {
                "id": "1387849537688150023",
                "name": "시체𝖁𝖑𝖔𝖔𝖉♡",
                "username": "Min36690662"
            },
            {
                "id": "780460754910732288",
                "name": "DiscussingFilm",
                "username": "DiscussingFilm"
            },
            {
                "id": "1346528116869459969",
                "name": "Rho Prozy YT",
                "username": "IPROZY1"
            }
        ]
    },
    "meta": {
        "newest_id": "1678433688869285890",
        "oldest_id": "1678425903750103041",
        "result_count": 100,
        "next_token": "b26v89c19zqg8o3fqkm1d4e80e55tuep5j6zvv0xedcal"
    }
}