{
    "data": [
        {
            "id": "1680004170789552131",
            "edit_history_tweet_ids": [
                "1680004170789552131"
            ],
            "entities": {
                "mentions": [
                    {
                        "start": 3,
                        "end": 18,
                        "username": "BryceBallard97",
                        "id": "2331666201"
                    },
                    {
                        "start": 20,
                        "end": 31,
                        "username": "CallofDuty",
                        "id": "290097288"
                    }
                ]
            },
            "author_id": "67368122",
            "text": "RT @BryceBallard97: @CallofDuty  add gunfight back to mw2",
            "public_metrics": {
                "retweet_count": 1,
                "reply_count": 0,
                "like_count": 0,
                "quote_count": 0,
                "bookmark_count": 0,
                "impression_count": 0
            }
        },
        {
            "id": "1680004153479766016",
            "edit_history_tweet_ids": [
                "1680004153479766016"
            ],
            "entities": {
                "mentions": [
                    {
                        "start": 3,
                        "end": 19,
                        "username": "GavinTh90798476",
                        "id": "1577115890763665408"
                    },
                    {
                        "start": 49,
                        "end": 60,
                        "username": "Activision",
                        "id": "612782611"
                    },
                    {
                        "start": 61,
                        "end": 72,
                        "username": "CallofDuty",
                        "id": "290097288"
                    }
                ]
            },
            "author_id": "67368122",
            "text": "RT @GavinTh90798476: Put gunfight back on MW2 tf @Activision @CallofDuty",
            "public_metrics": {
                "retweet_count": 1,
                "reply_count": 0,
                "like_count": 0,
                "quote_count": 0,
                "bookmark_count": 0,
                "impression_count": 0
            }
        },
        {
            "id": "1680004065315508225",
            "edit_history_tweet_ids": [
                "1680004065315508225"
            ],
            "entities": {
                "mentions": [
                    {
                        "start": 3,
                        "end": 10,
                        "username": "tb_png",
                        "id": "1437229509363871761"
                    }
                ]
            },
            "author_id": "1630691112766562304",
            "text": "RT @tb_png: catching up on sleep 😴 #MWII #CallofDuty https://t.co/SLi2voBU8t",
            "public_metrics": {
                "retweet_count": 529,
                "reply_count": 0,
                "like_count": 0,
                "quote_count": 0,
                "bookmark_count": 0,
                "impression_count": 0
            }
        },
        {
            "id": "1680003787820265472",
            "edit_history_tweet_ids": [
                "1680003787820265472"
            ],
            "entities": {
                "mentions": [
                    {
                        "start": 3,
                        "end": 17,
                        "username": "BettyBRenders",
                        "id": "57432440"
                    }
                ]
            },
            "author_id": "1634670278490873857",
            "text": "RT @BettyBRenders: 💀\n\n#Ghost #SimonGhostRiley #ghostmw2 #MW2 #MWII #CallofDutyModernWarfare2 #CallofDuty https://t.co/JHeXg7TLwt",
            "public_metrics": {
                "retweet_count": 226,
                "reply_count": 0,
                "like_count": 0,
                "quote_count": 0,
                "bookmark_count": 0,
                "impression_count": 0
            }
        },
        {
            "id": "1680003691791671297",
            "edit_history_tweet_ids": [
                "1680003691791671297"
            ],
            "entities": {
                "mentions": [
                    {
                        "start": 3,
                        "end": 13,
                        "username": "CODmwfeed",
                        "id": "1570202220288671747"
                    }
                ]
            },
            "author_id": "1534946919574818818",
            "text": "RT @CODmwfeed: One #ModernWarfare2                #PS5 bundle to give away. To enter follow the steps below.💜\n\nFollow+❤+♻️+Comment\n#CallofD…",
            "public_metrics": {
                "retweet_count": 117,
                "reply_count": 0,
                "like_count": 0,
                "quote_count": 0,
                "bookmark_count": 0,
                "impression_count": 0
            }
        },
        {
            "id": "1680003663962726400",
            "edit_history_tweet_ids": [
                "1680003663962726400"
            ],
            "entities": {
                "mentions": [
                    {
                        "start": 3,
                        "end": 14,
                        "username": "AmikoRoyAi",
                        "id": "4883418989"
                    }
                ]
            },
            "author_id": "1658155386929655810",
            "text": "RT @AmikoRoyAi: We must stay focused brothers.\n\n09 #ghostsoap #soapghost #MWII #callofduty https://t.co/vF6g9RvpyY",
            "public_metrics": {
                "retweet_count": 737,
                "reply_count": 0,
                "like_count": 0,
                "quote_count": 0,
                "bookmark_count": 0,
                "impression_count": 0
            }
        },
        {
            "id": "1680003651924787202",
            "edit_history_tweet_ids": [
                "1680003651924787202"
            ],
            "entities": {
                "mentions": [
                    {
                        "start": 3,
                        "end": 11,
                        "username": "hestax_",
                        "id": "1664294153314881538"
                    }
                ]
            },
            "author_id": "1325624381251481600",
            "text": "RT @hestax_: he poses! \n\n#König #callofduty #MW2 https://t.co/1E5ZgIMztK",
            "public_metrics": {
                "retweet_count": 101,
                "reply_count": 0,
                "like_count": 0,
                "quote_count": 0,
                "bookmark_count": 0,
                "impression_count": 0
            }
        },
        {
            "id": "1680003646283567105",
            "edit_history_tweet_ids": [
                "1680003646283567105"
            ],
            "entities": {
                "mentions": [
                    {
                        "start": 3,
                        "end": 14,
                        "username": "AmikoRoyAi",
                        "id": "4883418989"
                    }
                ]
            },
            "author_id": "901575963787620352",
            "text": "RT @AmikoRoyAi: We must stay focused brothers.\n\n09 #ghostsoap #soapghost #MWII #callofduty https://t.co/vF6g9RvpyY",
            "public_metrics": {
                "retweet_count": 737,
                "reply_count": 0,
                "like_count": 0,
                "quote_count": 0,
                "bookmark_count": 0,
                "impression_count": 0
            }
        },
        {
            "id": "1680003636443729920",
            "edit_history_tweet_ids": [
                "1680003636443729920"
            ],
            "entities": {
                "mentions": [
                    {
                        "start": 3,
                        "end": 14,
                        "username": "AmikoRoyAi",
                        "id": "4883418989"
                    }
                ]
            },
            "author_id": "896563383851335680",
            "text": "RT @AmikoRoyAi: We must stay focused brothers.\n\n09 #ghostsoap #soapghost #MWII #callofduty https://t.co/vF6g9RvpyY",
            "public_metrics": {
                "retweet_count": 737,
                "reply_count": 0,
                "like_count": 0,
                "quote_count": 0,
                "bookmark_count": 0,
                "impression_count": 0
            }
        },
        {
            "id": "1680003576683466753",
            "edit_history_tweet_ids": [
                "1680003576683466753"
            ],
            "entities": {
                "mentions": [
                    {
                        "start": 3,
                        "end": 17,
                        "username": "PlayCODMobile",
                        "id": "1166443278834659328"
                    }
                ]
            },
            "author_id": "152172424",
            "text": "RT @PlayCODMobile: 👀 Find the old manuscript and discover the true meaning behind each S6 draw!\n\n🏹 Archer’s Fury Draw goes live 7/17 at 5PM…",
            "public_metrics": {
                "retweet_count": 29,
                "reply_count": 0,
                "like_count": 0,
                "quote_count": 0,
                "bookmark_count": 0,
                "impression_count": 0
            }
        },
        {
            "id": "1680003450031964163",
            "edit_history_tweet_ids": [
                "1680003450031964163"
            ],
            "entities": {
                "mentions": [
                    {
                        "start": 3,
                        "end": 10,
                        "username": "661ave",
                        "id": "1054927382"
                    }
                ]
            },
            "author_id": "1645912886085025792",
            "text": "RT @661ave: #CallofDuty #MWII #König #Konig https://t.co/0rV56R9kKj",
            "public_metrics": {
                "retweet_count": 489,
                "reply_count": 0,
                "like_count": 0,
                "quote_count": 0,
                "bookmark_count": 0,
                "impression_count": 0
            }
        },
        {
            "id": "1680003368142635009",
            "edit_history_tweet_ids": [
                "1680003368142635009"
            ],
            "entities": {
                "mentions": [
                    {
                        "start": 3,
                        "end": 14,
                        "username": "AmikoRoyAi",
                        "id": "4883418989"
                    }
                ]
            },
            "author_id": "1284022806691418114",
            "text": "RT @AmikoRoyAi: We must stay focused brothers.\n\n09 #ghostsoap #soapghost #MWII #callofduty https://t.co/vF6g9RvpyY",
            "public_metrics": {
                "retweet_count": 737,
                "reply_count": 0,
                "like_count": 0,
                "quote_count": 0,
                "bookmark_count": 0,
                "impression_count": 0
            }
        },
        {
            "id": "1680003135589306368",
            "edit_history_tweet_ids": [
                "1680003135589306368"
            ],
            "entities": {
                "mentions": [
                    {
                        "start": 3,
                        "end": 11,
                        "username": "Kchs_05",
                        "id": "1632383029544112128"
                    }
                ]
            },
            "author_id": "1479531028763103234",
            "text": "RT @Kchs_05: Drew the lil guy\n#König #ModernWarfare2 #MW2 #CallofDuty https://t.co/UcVCyX9Mvu",
            "public_metrics": {
                "retweet_count": 60,
                "reply_count": 0,
                "like_count": 0,
                "quote_count": 0,
                "bookmark_count": 0,
                "impression_count": 0
            }
        },
        {
            "id": "1680003055616679937",
            "edit_history_tweet_ids": [
                "1680003055616679937"
            ],
            "entities": {
                "mentions": [
                    {
                        "start": 3,
                        "end": 14,
                        "username": "AmikoRoyAi",
                        "id": "4883418989"
                    }
                ]
            },
            "author_id": "1348317195080671233",
            "text": "RT @AmikoRoyAi: We must stay focused brothers.\n\n09 #ghostsoap #soapghost #MWII #callofduty https://t.co/vF6g9RvpyY",
            "public_metrics": {
                "retweet_count": 737,
                "reply_count": 0,
                "like_count": 0,
                "quote_count": 0,
                "bookmark_count": 0,
                "impression_count": 0
            }
        },
        {
            "id": "1680002980198875137",
            "edit_history_tweet_ids": [
                "1680002980198875137"
            ],
            "entities": {
                "mentions": [
                    {
                        "start": 3,
                        "end": 14,
                        "username": "AmikoRoyAi",
                        "id": "4883418989"
                    }
                ]
            },
            "author_id": "941937364464578560",
            "text": "RT @AmikoRoyAi: We must stay focused brothers.\n\n09 #ghostsoap #soapghost #MWII #callofduty https://t.co/vF6g9RvpyY",
            "public_metrics": {
                "retweet_count": 737,
                "reply_count": 0,
                "like_count": 0,
                "quote_count": 0,
                "bookmark_count": 0,
                "impression_count": 0
            }
        },
        {
            "id": "1680002964419940352",
            "edit_history_tweet_ids": [
                "1680002964419940352"
            ],
            "entities": {
                "mentions": [
                    {
                        "start": 3,
                        "end": 18,
                        "username": "ZonedOutGaming",
                        "id": "838789244575432704"
                    },
                    {
                        "start": 41,
                        "end": 48,
                        "username": "TSSgg_",
                        "id": "1628883566154117126"
                    },
                    {
                        "start": 65,
                        "end": 78,
                        "username": "EsportsXiled",
                        "id": "1576464094777024513"
                    }
                ]
            },
            "author_id": "1653509392510365696",
            "text": "RT @ZonedOutGaming: Our defending champs @TSSgg_ open up against @EsportsXiled tonight @ 9:30pm EST!! 🔥🔥🔥\n\nWhat’s your prediction for the r…",
            "public_metrics": {
                "retweet_count": 2,
                "reply_count": 0,
                "like_count": 0,
                "quote_count": 0,
                "bookmark_count": 0,
                "impression_count": 0
            }
        },
        {
            "id": "1680002937022455808",
            "edit_history_tweet_ids": [
                "1680002937022455808"
            ],
            "entities": {
                "mentions": [
                    {
                        "start": 3,
                        "end": 12,
                        "username": "yumecore",
                        "id": "1441174708930576386"
                    }
                ]
            },
            "author_id": "1361396129850556416",
            "text": "RT @yumecore: When you caught him by surprise.. target spotted ♡\n#CallofDuty #MWII #SimonGhostRiley https://t.co/F7qDTSVGUM",
            "public_metrics": {
                "retweet_count": 349,
                "reply_count": 0,
                "like_count": 0,
                "quote_count": 0,
                "bookmark_count": 0,
                "impression_count": 0
            }
        },
        {
            "id": "1680002923504254982",
            "edit_history_tweet_ids": [
                "1680002923504254982"
            ],
            "entities": {
                "mentions": [
                    {
                        "start": 3,
                        "end": 14,
                        "username": "FlickiTuts",
                        "id": "1659547690202439683"
                    }
                ]
            },
            "author_id": "1069775612708048896",
            "text": "RT @FlickiTuts: Izanami's alt skin lookin hella 😳\n\n#izanami #MWII #ModernWarfare2 #Warzone2 #warzone #CallofDutyModernWarfare2 #CallofDuty…",
            "public_metrics": {
                "retweet_count": 29,
                "reply_count": 0,
                "like_count": 0,
                "quote_count": 0,
                "bookmark_count": 0,
                "impression_count": 0
            }
        },
        {
            "id": "1680002822731972608",
            "edit_history_tweet_ids": [
                "1680002822731972608"
            ],
            "entities": {
                "mentions": [
                    {
                        "start": 21,
                        "end": 28,
                        "username": "TSSgg_",
                        "id": "1628883566154117126"
                    },
                    {
                        "start": 45,
                        "end": 58,
                        "username": "EsportsXiled",
                        "id": "1576464094777024513"
                    },
                    {
                        "start": 140,
                        "end": 151,
                        "username": "Nlechoppa1",
                        "id": "1087568703049400320"
                    }
                ]
            },
            "author_id": "838789244575432704",
            "text": "Our defending champs @TSSgg_ open up against @EsportsXiled tonight @ 9:30pm EST!! 🔥🔥🔥\n\nWhat’s your prediction for the returning champs?\n\n🎵: @Nlechoppa1 - Champions\n.\n.\n.\n#ZonedOutGaming #ZGL #Gaming #Gamer #eSports #MW2 #CDL #CallofDuty #FPS #GamingCommunity #League https://t.co/LWElVNXFzd",
            "public_metrics": {
                "retweet_count": 2,
                "reply_count": 1,
                "like_count": 8,
                "quote_count": 1,
                "bookmark_count": 0,
                "impression_count": 736
            }
        },
        {
            "id": "1680002768176574464",
            "edit_history_tweet_ids": [
                "1680002768176574464"
            ],
            "entities": {
                "mentions": [
                    {
                        "start": 3,
                        "end": 14,
                        "username": "AmikoRoyAi",
                        "id": "4883418989"
                    }
                ]
            },
            "author_id": "1071978665020395520",
            "text": "RT @AmikoRoyAi: We must stay focused brothers.\n\n09 #ghostsoap #soapghost #MWII #callofduty https://t.co/vF6g9RvpyY",
            "public_metrics": {
                "retweet_count": 737,
                "reply_count": 0,
                "like_count": 0,
                "quote_count": 0,
                "bookmark_count": 0,
                "impression_count": 0
            }
        },
        {
            "id": "1680002661213503491",
            "edit_history_tweet_ids": [
                "1680002661213503491"
            ],
            "entities": {
                "mentions": [
                    {
                        "start": 3,
                        "end": 14,
                        "username": "AmikoRoyAi",
                        "id": "4883418989"
                    }
                ]
            },
            "author_id": "1590147893729665024",
            "text": "RT @AmikoRoyAi: We must stay focused brothers.\n\n09 #ghostsoap #soapghost #MWII #callofduty https://t.co/vF6g9RvpyY",
            "public_metrics": {
                "retweet_count": 737,
                "reply_count": 0,
                "like_count": 0,
                "quote_count": 0,
                "bookmark_count": 0,
                "impression_count": 0
            }
        },
        {
            "id": "1680002399967035392",
            "edit_history_tweet_ids": [
                "1680002399967035392"
            ],
            "entities": {
                "mentions": [
                    {
                        "start": 0,
                        "end": 15,
                        "username": "CODMW2Informer",
                        "id": "1336854152870236164"
                    }
                ]
            },
            "author_id": "1481617111051026435",
            "text": "@CODMW2Informer Myself and a buddy, on Series S and a launch XB1, have had no issues in about 5 hours  of gameplay on MW2, across TDM, DOM, DEMO. Also tested MW3, and BO2 both also working well. Its awesome, and the games are on sale rn.",
            "public_metrics": {
                "retweet_count": 0,
                "reply_count": 0,
                "like_count": 7,
                "quote_count": 0,
                "bookmark_count": 0,
                "impression_count": 377
            }
        },
        {
            "id": "1680002292857315328",
            "edit_history_tweet_ids": [
                "1680002292857315328"
            ],
            "entities": {
                "mentions": [
                    {
                        "start": 3,
                        "end": 14,
                        "username": "AmikoRoyAi",
                        "id": "4883418989"
                    }
                ]
            },
            "author_id": "880768956885225473",
            "text": "RT @AmikoRoyAi: We must stay focused brothers.\n\n09 #ghostsoap #soapghost #MWII #callofduty https://t.co/vF6g9RvpyY",
            "public_metrics": {
                "retweet_count": 737,
                "reply_count": 0,
                "like_count": 0,
                "quote_count": 0,
                "bookmark_count": 0,
                "impression_count": 0
            }
        },
        {
            "id": "1680002034760577024",
            "edit_history_tweet_ids": [
                "1680002034760577024"
            ],
            "entities": {
                "mentions": [
                    {
                        "start": 3,
                        "end": 12,
                        "username": "yumecore",
                        "id": "1441174708930576386"
                    }
                ]
            },
            "author_id": "1515404837994827783",
            "text": "RT @yumecore: When you caught him by surprise.. target spotted ♡\n#CallofDuty #MWII #SimonGhostRiley https://t.co/F7qDTSVGUM",
            "public_metrics": {
                "retweet_count": 349,
                "reply_count": 0,
                "like_count": 0,
                "quote_count": 0,
                "bookmark_count": 0,
                "impression_count": 0
            }
        },
        {
            "id": "1680002024731967490",
            "edit_history_tweet_ids": [
                "1680002024731967490"
            ],
            "entities": {
                "mentions": [
                    {
                        "start": 3,
                        "end": 11,
                        "username": "Kchs_05",
                        "id": "1632383029544112128"
                    }
                ]
            },
            "author_id": "1290852651555528705",
            "text": "RT @Kchs_05: Drew the lil guy\n#König #ModernWarfare2 #MW2 #CallofDuty https://t.co/UcVCyX9Mvu",
            "public_metrics": {
                "retweet_count": 60,
                "reply_count": 0,
                "like_count": 0,
                "quote_count": 0,
                "bookmark_count": 0,
                "impression_count": 0
            }
        },
        {
            "id": "1680001824034631687",
            "edit_history_tweet_ids": [
                "1680001824034631687"
            ],
            "entities": {
                "mentions": [
                    {
                        "start": 3,
                        "end": 10,
                        "username": "tb_png",
                        "id": "1437229509363871761"
                    }
                ]
            },
            "author_id": "1515404837994827783",
            "text": "RT @tb_png: catching up on sleep 😴 #MWII #CallofDuty https://t.co/SLi2voBU8t",
            "public_metrics": {
                "retweet_count": 529,
                "reply_count": 0,
                "like_count": 0,
                "quote_count": 0,
                "bookmark_count": 0,
                "impression_count": 0
            }
        },
        {
            "id": "1680001821983617025",
            "edit_history_tweet_ids": [
                "1680001821983617025"
            ],
            "entities": {
                "mentions": [
                    {
                        "start": 22,
                        "end": 33,
                        "username": "Activision",
                        "id": "612782611"
                    }
                ]
            },
            "author_id": "1216937110328041474",
            "text": "What's happening with @Activision ? PC players are struggling after this new Mid-Season update for MW2!!",
            "public_metrics": {
                "retweet_count": 0,
                "reply_count": 0,
                "like_count": 2,
                "quote_count": 0,
                "bookmark_count": 0,
                "impression_count": 97
            }
        },
        {
            "id": "1680001755453722624",
            "edit_history_tweet_ids": [
                "1680001755453722624"
            ],
            "entities": {
                "mentions": [
                    {
                        "start": 3,
                        "end": 10,
                        "username": "tb_png",
                        "id": "1437229509363871761"
                    }
                ]
            },
            "author_id": "1498142751392604165",
            "text": "RT @tb_png: catching up on sleep 😴 #MWII #CallofDuty https://t.co/SLi2voBU8t",
            "public_metrics": {
                "retweet_count": 529,
                "reply_count": 0,
                "like_count": 0,
                "quote_count": 0,
                "bookmark_count": 0,
                "impression_count": 0
            }
        },
        {
            "id": "1680001738642784257",
            "edit_history_tweet_ids": [
                "1680001738642784257"
            ],
            "entities": {
                "mentions": [
                    {
                        "start": 3,
                        "end": 14,
                        "username": "AmikoRoyAi",
                        "id": "4883418989"
                    }
                ]
            },
            "author_id": "1515404837994827783",
            "text": "RT @AmikoRoyAi: We must stay focused brothers.\n\n09 #ghostsoap #soapghost #MWII #callofduty https://t.co/vF6g9RvpyY",
            "public_metrics": {
                "retweet_count": 737,
                "reply_count": 0,
                "like_count": 0,
                "quote_count": 0,
                "bookmark_count": 0,
                "impression_count": 0
            }
        },
        {
            "id": "1680001694724247552",
            "edit_history_tweet_ids": [
                "1680001694724247552"
            ],
            "entities": {
                "mentions": [
                    {
                        "start": 3,
                        "end": 14,
                        "username": "AmikoRoyAi",
                        "id": "4883418989"
                    }
                ]
            },
            "author_id": "1322194901879185416",
            "text": "RT @AmikoRoyAi: We must stay focused brothers.\n\n09 #ghostsoap #soapghost #MWII #callofduty https://t.co/vF6g9RvpyY",
            "public_metrics": {
                "retweet_count": 737,
                "reply_count": 0,
                "like_count": 0,
                "quote_count": 0,
                "bookmark_count": 0,
                "impression_count": 0
            }
        },
        {
            "id": "1680001564185075712",
            "edit_history_tweet_ids": [
                "1680001564185075712"
            ],
            "entities": {
                "mentions": [
                    {
                        "start": 3,
                        "end": 17,
                        "username": "BettyBRenders",
                        "id": "57432440"
                    }
                ]
            },
            "author_id": "1498142751392604165",
            "text": "RT @BettyBRenders: 💀\n\n#Ghost #SimonGhostRiley #ghostmw2 #MW2 #MWII #CallofDutyModernWarfare2 #CallofDuty https://t.co/JHeXg7TLwt",
            "public_metrics": {
                "retweet_count": 226,
                "reply_count": 0,
                "like_count": 0,
                "quote_count": 0,
                "bookmark_count": 0,
                "impression_count": 0
            }
        },
        {
            "id": "1680001439958024199",
            "edit_history_tweet_ids": [
                "1680001439958024199"
            ],
            "author_id": "1225451911895298048",
            "text": "#Warzone2  gameplay ft my son koa  https://t.co/liSyGwQHgB",
            "public_metrics": {
                "retweet_count": 0,
                "reply_count": 0,
                "like_count": 1,
                "quote_count": 0,
                "bookmark_count": 0,
                "impression_count": 44
            }
        },
        {
            "id": "1680001390855221249",
            "edit_history_tweet_ids": [
                "1680001390855221249"
            ],
            "author_id": "935274855712292865",
            "text": "#CallofDuty Oc in the making!! I have almost a whole character sheet and backstory ready!! Can't wait to show you guys!\n#CallofDutyModernWarfareII #MW2 #illustration #codoc https://t.co/ebNzTPQctN",
            "public_metrics": {
                "retweet_count": 0,
                "reply_count": 0,
                "like_count": 1,
                "quote_count": 0,
                "bookmark_count": 0,
                "impression_count": 103
            }
        },
        {
            "id": "1680001217097859077",
            "edit_history_tweet_ids": [
                "1680001217097859077"
            ],
            "entities": {
                "mentions": [
                    {
                        "start": 3,
                        "end": 19,
                        "username": "loneghostwolf88",
                        "id": "1112278494682271747"
                    }
                ]
            },
            "author_id": "1279905572712824837",
            "text": "RT @loneghostwolf88: \"Back off!\" \n#GhostSoap   #CallofDuty #3DRender  #MWII https://t.co/o6DEF9i0me",
            "public_metrics": {
                "retweet_count": 325,
                "reply_count": 0,
                "like_count": 0,
                "quote_count": 0,
                "bookmark_count": 0,
                "impression_count": 0
            }
        },
        {
            "id": "1680001162336935941",
            "edit_history_tweet_ids": [
                "1680001162336935941"
            ],
            "entities": {
                "mentions": [
                    {
                        "start": 3,
                        "end": 19,
                        "username": "theeggrollslord",
                        "id": "4078899436"
                    }
                ]
            },
            "author_id": "1604228586919133185",
            "text": "RT @theeggrollslord: König sitting alone at lunch🥪\n\n#König #Konig #MW2 #CallofDuty https://t.co/AgRmq82n0c",
            "public_metrics": {
                "retweet_count": 575,
                "reply_count": 0,
                "like_count": 0,
                "quote_count": 0,
                "bookmark_count": 0,
                "impression_count": 0
            }
        },
        {
            "id": "1680001132876185600",
            "edit_history_tweet_ids": [
                "1680001132876185600"
            ],
            "entities": {
                "mentions": [
                    {
                        "start": 3,
                        "end": 19,
                        "username": "theeggrollslord",
                        "id": "4078899436"
                    }
                ]
            },
            "author_id": "1604228586919133185",
            "text": "RT @theeggrollslord: König presenting in front of fellow cadets 🥲\n\n#König #Konig #MW2 #CallofDuty https://t.co/efk8k3aLQh",
            "public_metrics": {
                "retweet_count": 287,
                "reply_count": 0,
                "like_count": 0,
                "quote_count": 0,
                "bookmark_count": 0,
                "impression_count": 0
            }
        },
        {
            "id": "1680001010155282432",
            "edit_history_tweet_ids": [
                "1680001010155282432"
            ],
            "entities": {
                "mentions": [
                    {
                        "start": 3,
                        "end": 14,
                        "username": "AmikoRoyAi",
                        "id": "4883418989"
                    }
                ]
            },
            "author_id": "1602377331930435584",
            "text": "RT @AmikoRoyAi: Portable heater\n\n#ghostsoap #soapghost #MWII #callofduty https://t.co/N5zMoHWTaF",
            "public_metrics": {
                "retweet_count": 942,
                "reply_count": 0,
                "like_count": 0,
                "quote_count": 0,
                "bookmark_count": 0,
                "impression_count": 0
            }
        },
        {
            "id": "1680000853657153538",
            "edit_history_tweet_ids": [
                "1680000853657153538"
            ],
            "entities": {
                "mentions": [
                    {
                        "start": 3,
                        "end": 11,
                        "username": "remix3s",
                        "id": "1266193455966859265"
                    }
                ]
            },
            "author_id": "904689820416561152",
            "text": "RT @remix3s: 👻👻👻\n\n#Ghost #SimonGhostRiley #mw2 #CallofDuty https://t.co/Dc81lhF0YX",
            "public_metrics": {
                "retweet_count": 356,
                "reply_count": 0,
                "like_count": 0,
                "quote_count": 0,
                "bookmark_count": 0,
                "impression_count": 0
            }
        },
        {
            "id": "1680000821834969089",
            "edit_history_tweet_ids": [
                "1680000821834969089"
            ],
            "entities": {
                "mentions": [
                    {
                        "start": 3,
                        "end": 14,
                        "username": "AmikoRoyAi",
                        "id": "4883418989"
                    }
                ]
            },
            "author_id": "1623751557463392256",
            "text": "RT @AmikoRoyAi: We must stay focused brothers.\n\n09 #ghostsoap #soapghost #MWII #callofduty https://t.co/vF6g9RvpyY",
            "public_metrics": {
                "retweet_count": 737,
                "reply_count": 0,
                "like_count": 0,
                "quote_count": 0,
                "bookmark_count": 0,
                "impression_count": 0
            }
        },
        {
            "id": "1680000786359779329",
            "edit_history_tweet_ids": [
                "1680000786359779329"
            ],
            "entities": {
                "mentions": [
                    {
                        "start": 3,
                        "end": 14,
                        "username": "AmikoRoyAi",
                        "id": "4883418989"
                    }
                ]
            },
            "author_id": "1114012225063153664",
            "text": "RT @AmikoRoyAi: We must stay focused brothers.\n\n09 #ghostsoap #soapghost #MWII #callofduty https://t.co/vF6g9RvpyY",
            "public_metrics": {
                "retweet_count": 737,
                "reply_count": 0,
                "like_count": 0,
                "quote_count": 0,
                "bookmark_count": 0,
                "impression_count": 0
            }
        },
        {
            "id": "1680000770714873857",
            "edit_history_tweet_ids": [
                "1680000770714873857"
            ],
            "entities": {
                "mentions": [
                    {
                        "start": 3,
                        "end": 13,
                        "username": "CODmwfeed",
                        "id": "1570202220288671747"
                    }
                ]
            },
            "author_id": "1163405732777250818",
            "text": "RT @CODmwfeed: One #ModernWarfare2                #PS5 bundle to give away. To enter follow the steps below.💜\n\nFollow+❤+♻️+Comment\n#CallofD…",
            "public_metrics": {
                "retweet_count": 117,
                "reply_count": 0,
                "like_count": 0,
                "quote_count": 0,
                "bookmark_count": 0,
                "impression_count": 0
            }
        },
        {
            "id": "1680000690666520577",
            "edit_history_tweet_ids": [
                "1680000690666520577"
            ],
            "entities": {
                "mentions": [
                    {
                        "start": 27,
                        "end": 36,
                        "username": "Symfuhny",
                        "id": "418147815"
                    }
                ]
            },
            "author_id": "1679997779140116480",
            "text": "More proof of the cheating @Symfuhny playing without his aimbot on \n\nabsolutely disgusting.\n#symfuhny #MW2 #Cheaters #CallofDuty #CallofDutyModernWarfare2 #CallofDutyWarzone https://t.co/25nDo7sk8j",
            "public_metrics": {
                "retweet_count": 0,
                "reply_count": 0,
                "like_count": 0,
                "quote_count": 0,
                "bookmark_count": 0,
                "impression_count": 167
            }
        },
        {
            "id": "1680000603462705152",
            "edit_history_tweet_ids": [
                "1680000603462705152"
            ],
            "entities": {
                "mentions": [
                    {
                        "start": 3,
                        "end": 11,
                        "username": "remix3s",
                        "id": "1266193455966859265"
                    }
                ]
            },
            "author_id": "904689820416561152",
            "text": "RT @remix3s: #konig #konigmw2 #mw2 #CallofDuty https://t.co/wS6GYD3VDl",
            "public_metrics": {
                "retweet_count": 403,
                "reply_count": 0,
                "like_count": 0,
                "quote_count": 0,
                "bookmark_count": 0,
                "impression_count": 0
            }
        },
        {
            "id": "1680000563365179393",
            "edit_history_tweet_ids": [
                "1680000563365179393"
            ],
            "entities": {
                "mentions": [
                    {
                        "start": 3,
                        "end": 13,
                        "username": "CODmwfeed",
                        "id": "1570202220288671747"
                    }
                ]
            },
            "author_id": "282762779",
            "text": "RT @CODmwfeed: One #ModernWarfare2                #PS5 bundle to give away. To enter follow the steps below.💜\n\nFollow+❤+♻️+Comment\n#CallofD…",
            "public_metrics": {
                "retweet_count": 296,
                "reply_count": 0,
                "like_count": 0,
                "quote_count": 0,
                "bookmark_count": 0,
                "impression_count": 0
            }
        },
        {
            "id": "1680000447048818694",
            "edit_history_tweet_ids": [
                "1680000447048818694"
            ],
            "entities": {
                "mentions": [
                    {
                        "start": 3,
                        "end": 12,
                        "username": "yumecore",
                        "id": "1441174708930576386"
                    }
                ]
            },
            "author_id": "1604228586919133185",
            "text": "RT @yumecore: When you caught him by surprise.. target spotted ♡\n#CallofDuty #MWII #SimonGhostRiley https://t.co/F7qDTSVGUM",
            "public_metrics": {
                "retweet_count": 349,
                "reply_count": 0,
                "like_count": 0,
                "quote_count": 0,
                "bookmark_count": 0,
                "impression_count": 0
            }
        },
        {
            "id": "1680000419433713666",
            "edit_history_tweet_ids": [
                "1680000419433713666"
            ],
            "author_id": "1242992482410881024",
            "text": "よっしゃー😭ランチャーマスチャレ完了👏\n追加を除いてもう少しで全武器終わりそう😉\n#CoD #MW2 #CallofDuty https://t.co/XLnVOaehiH",
            "public_metrics": {
                "retweet_count": 1,
                "reply_count": 3,
                "like_count": 60,
                "quote_count": 0,
                "bookmark_count": 0,
                "impression_count": 1293
            }
        },
        {
            "id": "1680000397216284672",
            "edit_history_tweet_ids": [
                "1680000397216284672"
            ],
            "entities": {
                "mentions": [
                    {
                        "start": 3,
                        "end": 17,
                        "username": "BettyBRenders",
                        "id": "57432440"
                    }
                ]
            },
            "author_id": "1455226530666360834",
            "text": "RT @BettyBRenders: 💀\n\n#Ghost #SimonGhostRiley #ghostmw2 #MW2 #MWII #CallofDutyModernWarfare2 #CallofDuty https://t.co/JHeXg7TLwt",
            "public_metrics": {
                "retweet_count": 226,
                "reply_count": 0,
                "like_count": 0,
                "quote_count": 0,
                "bookmark_count": 0,
                "impression_count": 0
            }
        },
        {
            "id": "1680000338215198721",
            "edit_history_tweet_ids": [
                "1680000338215198721"
            ],
            "entities": {
                "mentions": [
                    {
                        "start": 3,
                        "end": 10,
                        "username": "661ave",
                        "id": "1054927382"
                    }
                ]
            },
            "author_id": "1251820329745346560",
            "text": "RT @661ave: #CallofDuty #MWII #König #Konig https://t.co/0rV56R9kKj",
            "public_metrics": {
                "retweet_count": 489,
                "reply_count": 0,
                "like_count": 0,
                "quote_count": 0,
                "bookmark_count": 0,
                "impression_count": 0
            }
        },
        {
            "id": "1680000248435859456",
            "edit_history_tweet_ids": [
                "1680000248435859456"
            ],
            "entities": {
                "mentions": [
                    {
                        "start": 3,
                        "end": 14,
                        "username": "AmikoRoyAi",
                        "id": "4883418989"
                    }
                ]
            },
            "author_id": "1500469288184033283",
            "text": "RT @AmikoRoyAi: We must stay focused brothers.\n\n09 #ghostsoap #soapghost #MWII #callofduty https://t.co/vF6g9RvpyY",
            "public_metrics": {
                "retweet_count": 737,
                "reply_count": 0,
                "like_count": 0,
                "quote_count": 0,
                "bookmark_count": 0,
                "impression_count": 0
            }
        },
        {
            "id": "1680000098565079041",
            "edit_history_tweet_ids": [
                "1680000098565079041"
            ],
            "entities": {
                "mentions": [
                    {
                        "start": 3,
                        "end": 16,
                        "username": "AjaxTVGaming",
                        "id": "1250573387963011077"
                    }
                ]
            },
            "author_id": "969472231511175168",
            "text": "RT @AjaxTVGaming: LIVE RIGHT NOW ON #Kick \nPLAYING #Warzone2 W/THE BOYS!\nhttps://t.co/gPFMFE8Nd4\nSO CLOSE TO AFFILIATE(60/75)!!\n\n#KickStrea…",
            "public_metrics": {
                "retweet_count": 1,
                "reply_count": 0,
                "like_count": 0,
                "quote_count": 0,
                "bookmark_count": 0,
                "impression_count": 0
            }
        },
        {
            "id": "1680000031145840640",
            "edit_history_tweet_ids": [
                "1680000031145840640"
            ],
            "author_id": "6667522",
            "text": "#DMZ Hunted Become the Hunters Who Become the Marked Squad Bounty. #MWII #CoDMW2 #Warzone2 #PCGaming #Xbox #Playstation #XboxSeriesX #PS4 #PS5 #CodClips #DMZClips -- https://t.co/HvMTOVIyav",
            "public_metrics": {
                "retweet_count": 0,
                "reply_count": 1,
                "like_count": 3,
                "quote_count": 0,
                "bookmark_count": 0,
                "impression_count": 100
            }
        },
        {
            "id": "1680000013890465792",
            "edit_history_tweet_ids": [
                "1680000013890465792"
            ],
            "entities": {
                "mentions": [
                    {
                        "start": 10,
                        "end": 24,
                        "username": "KickStreaming",
                        "id": "1579314486137458695"
                    },
                    {
                        "start": 31,
                        "end": 38,
                        "username": "Twitch",
                        "id": "309366491"
                    }
                ]
            },
            "author_id": "236082758",
            "text": "i'm LIVE🔴 @kickstreaming &amp; @twitch\n\nPlaying Warzone, earn channel points by tuning in! 🎁, they can be spent on sounds and stickers etc in loyalty store :) \n\nCome join now! --&gt; \nhttps://t.co/IWUsTiJfgd\n\n#Noob #chatting #Warzone #Callofduty #Carefill #Warzone2 #Twitch #Gaming https://t.co/0DY2ehKc4b",
            "public_metrics": {
                "retweet_count": 0,
                "reply_count": 0,
                "like_count": 2,
                "quote_count": 0,
                "bookmark_count": 0,
                "impression_count": 71
            }
        },
        {
            "id": "1679999888300339203",
            "edit_history_tweet_ids": [
                "1679999888300339203"
            ],
            "entities": {
                "mentions": [
                    {
                        "start": 3,
                        "end": 15,
                        "username": "artimaaaeus",
                        "id": "1021771255957995520"
                    }
                ]
            },
            "author_id": "1189031555265683456",
            "text": "RT @artimaaaeus: just gaz, checking you out 👁️👁️\n---\n#CallofDuty #MWII #MW2 #KyleGarrick #Gaz https://t.co/eG0zSCT0kb",
            "public_metrics": {
                "retweet_count": 311,
                "reply_count": 0,
                "like_count": 0,
                "quote_count": 0,
                "bookmark_count": 0,
                "impression_count": 0
            }
        },
        {
            "id": "1679999840162283522",
            "edit_history_tweet_ids": [
                "1679999840162283522"
            ],
            "entities": {
                "mentions": [
                    {
                        "start": 3,
                        "end": 14,
                        "username": "AmikoRoyAi",
                        "id": "4883418989"
                    }
                ]
            },
            "author_id": "2328978614",
            "text": "RT @AmikoRoyAi: We must stay focused brothers.\n\n09 #ghostsoap #soapghost #MWII #callofduty https://t.co/vF6g9RvpyY",
            "public_metrics": {
                "retweet_count": 737,
                "reply_count": 0,
                "like_count": 0,
                "quote_count": 0,
                "bookmark_count": 0,
                "impression_count": 0
            }
        },
        {
            "id": "1679999772839510016",
            "edit_history_tweet_ids": [
                "1679999772839510016"
            ],
            "entities": {
                "mentions": [
                    {
                        "start": 3,
                        "end": 17,
                        "username": "2ToneSkeleton",
                        "id": "1213439281114402816"
                    }
                ]
            },
            "author_id": "1536103298415075328",
            "text": "RT @2ToneSkeleton: Ghost wanted ice cream too, but refuses to take his mask off and Soap keeps teasing him.\n\nSpicier variation available yo…",
            "public_metrics": {
                "retweet_count": 108,
                "reply_count": 0,
                "like_count": 0,
                "quote_count": 0,
                "bookmark_count": 0,
                "impression_count": 0
            }
        },
        {
            "id": "1679999768263643139",
            "edit_history_tweet_ids": [
                "1679999768263643139"
            ],
            "entities": {
                "mentions": [
                    {
                        "start": 3,
                        "end": 14,
                        "username": "AmikoRoyAi",
                        "id": "4883418989"
                    }
                ]
            },
            "author_id": "1330582575140712455",
            "text": "RT @AmikoRoyAi: We must stay focused brothers.\n\n09 #ghostsoap #soapghost #MWII #callofduty https://t.co/vF6g9RvpyY",
            "public_metrics": {
                "retweet_count": 737,
                "reply_count": 0,
                "like_count": 0,
                "quote_count": 0,
                "bookmark_count": 0,
                "impression_count": 0
            }
        },
        {
            "id": "1679999703071506433",
            "edit_history_tweet_ids": [
                "1679999703071506433"
            ],
            "entities": {
                "mentions": [
                    {
                        "start": 3,
                        "end": 14,
                        "username": "AmikoRoyAi",
                        "id": "4883418989"
                    }
                ]
            },
            "author_id": "80950380",
            "text": "RT @AmikoRoyAi: We must stay focused brothers.\n\n09 #ghostsoap #soapghost #MWII #callofduty https://t.co/vF6g9RvpyY",
            "public_metrics": {
                "retweet_count": 737,
                "reply_count": 0,
                "like_count": 0,
                "quote_count": 0,
                "bookmark_count": 0,
                "impression_count": 0
            }
        },
        {
            "id": "1679999601993195521",
            "edit_history_tweet_ids": [
                "1679999601993195521"
            ],
            "entities": {
                "mentions": [
                    {
                        "start": 3,
                        "end": 10,
                        "username": "661ave",
                        "id": "1054927382"
                    }
                ]
            },
            "author_id": "392688332",
            "text": "RT @661ave: #CallofDuty #MWII #König #Konig https://t.co/0rV56R9kKj",
            "public_metrics": {
                "retweet_count": 489,
                "reply_count": 0,
                "like_count": 0,
                "quote_count": 0,
                "bookmark_count": 0,
                "impression_count": 0
            }
        },
        {
            "id": "1679999519096807425",
            "edit_history_tweet_ids": [
                "1679999519096807425"
            ],
            "entities": {
                "mentions": [
                    {
                        "start": 0,
                        "end": 11,
                        "username": "ATVIAssist",
                        "id": "85215038"
                    }
                ]
            },
            "author_id": "1009942484225527808",
            "text": "@ATVIAssist MW2 keeps saying that connection has been interrupted by user. Unable to get onto the game. Behind this error message, I can see another error saying something about a ban but there's no reason for this? Xbox Gamertag JoshGowland https://t.co/QEhXiUX0oH https://t.co/jAcrYYlPlq",
            "public_metrics": {
                "retweet_count": 0,
                "reply_count": 8,
                "like_count": 2,
                "quote_count": 1,
                "bookmark_count": 0,
                "impression_count": 177
            }
        },
        {
            "id": "1679999418051829762",
            "edit_history_tweet_ids": [
                "1679999418051829762"
            ],
            "entities": {
                "mentions": [
                    {
                        "start": 3,
                        "end": 10,
                        "username": "tb_png",
                        "id": "1437229509363871761"
                    }
                ]
            },
            "author_id": "1291987398717390848",
            "text": "RT @tb_png: catching up on sleep 😴 #MWII #CallofDuty https://t.co/SLi2voBU8t",
            "public_metrics": {
                "retweet_count": 529,
                "reply_count": 0,
                "like_count": 0,
                "quote_count": 0,
                "bookmark_count": 0,
                "impression_count": 0
            }
        },
        {
            "id": "1679999350221545472",
            "edit_history_tweet_ids": [
                "1679999350221545472"
            ],
            "entities": {
                "mentions": [
                    {
                        "start": 3,
                        "end": 17,
                        "username": "BettyBRenders",
                        "id": "57432440"
                    }
                ]
            },
            "author_id": "2328978614",
            "text": "RT @BettyBRenders: 💀\n\n#Ghost #SimonGhostRiley #ghostmw2 #MW2 #MWII #CallofDutyModernWarfare2 #CallofDuty https://t.co/JHeXg7TLwt",
            "public_metrics": {
                "retweet_count": 226,
                "reply_count": 0,
                "like_count": 0,
                "quote_count": 0,
                "bookmark_count": 0,
                "impression_count": 0
            }
        },
        {
            "id": "1679999237449236480",
            "edit_history_tweet_ids": [
                "1679999237449236480"
            ],
            "entities": {
                "mentions": [
                    {
                        "start": 3,
                        "end": 10,
                        "username": "tb_png",
                        "id": "1437229509363871761"
                    }
                ]
            },
            "author_id": "1677378301881376773",
            "text": "RT @tb_png: catching up on sleep 😴 #MWII #CallofDuty https://t.co/SLi2voBU8t",
            "public_metrics": {
                "retweet_count": 529,
                "reply_count": 0,
                "like_count": 0,
                "quote_count": 0,
                "bookmark_count": 0,
                "impression_count": 0
            }
        },
        {
            "id": "1679999212602138625",
            "edit_history_tweet_ids": [
                "1679999212602138625"
            ],
            "entities": {
                "mentions": [
                    {
                        "start": 3,
                        "end": 14,
                        "username": "AmikoRoyAi",
                        "id": "4883418989"
                    }
                ]
            },
            "author_id": "1354257493879377923",
            "text": "RT @AmikoRoyAi: We must stay focused brothers.\n\n09 #ghostsoap #soapghost #MWII #callofduty https://t.co/vF6g9RvpyY",
            "public_metrics": {
                "retweet_count": 737,
                "reply_count": 0,
                "like_count": 0,
                "quote_count": 0,
                "bookmark_count": 0,
                "impression_count": 0
            }
        },
        {
            "id": "1679999184592687105",
            "edit_history_tweet_ids": [
                "1679999184592687105"
            ],
            "entities": {
                "mentions": [
                    {
                        "start": 3,
                        "end": 10,
                        "username": "661ave",
                        "id": "1054927382"
                    }
                ]
            },
            "author_id": "1464343895744327681",
            "text": "RT @661ave: #CallofDuty #MWII #König #Konig https://t.co/0rV56R9kKj",
            "public_metrics": {
                "retweet_count": 489,
                "reply_count": 0,
                "like_count": 0,
                "quote_count": 0,
                "bookmark_count": 0,
                "impression_count": 0
            }
        },
        {
            "id": "1679999184450076672",
            "edit_history_tweet_ids": [
                "1679999184450076672"
            ],
            "author_id": "1679996789254942722",
            "text": "Season 04 Reloaded is here, and it's time to fight like a hero!\n\nRead more on the COD Blog 👇 \nhttps://t.co/k0IW4KHd0A\n\n#MWII #Warzone #CallofDutyModernWarfare2",
            "public_metrics": {
                "retweet_count": 0,
                "reply_count": 0,
                "like_count": 0,
                "quote_count": 0,
                "bookmark_count": 0,
                "impression_count": 51
            }
        },
        {
            "id": "1679999175503626242",
            "edit_history_tweet_ids": [
                "1679999175503626242"
            ],
            "entities": {
                "mentions": [
                    {
                        "start": 3,
                        "end": 14,
                        "username": "AmikoRoyAi",
                        "id": "4883418989"
                    }
                ]
            },
            "author_id": "1620681261063852032",
            "text": "RT @AmikoRoyAi: We must stay focused brothers.\n\n09 #ghostsoap #soapghost #MWII #callofduty https://t.co/vF6g9RvpyY",
            "public_metrics": {
                "retweet_count": 737,
                "reply_count": 0,
                "like_count": 0,
                "quote_count": 0,
                "bookmark_count": 0,
                "impression_count": 0
            }
        },
        {
            "id": "1679998621922500608",
            "edit_history_tweet_ids": [
                "1679998621922500608"
            ],
            "entities": {
                "mentions": [
                    {
                        "start": 3,
                        "end": 14,
                        "username": "AmikoRoyAi",
                        "id": "4883418989"
                    }
                ]
            },
            "author_id": "1615196436861272064",
            "text": "RT @AmikoRoyAi: We must stay focused brothers.\n\n09 #ghostsoap #soapghost #MWII #callofduty https://t.co/vF6g9RvpyY",
            "public_metrics": {
                "retweet_count": 737,
                "reply_count": 0,
                "like_count": 0,
                "quote_count": 0,
                "bookmark_count": 0,
                "impression_count": 0
            }
        },
        {
            "id": "1679998597176360961",
            "edit_history_tweet_ids": [
                "1679998597176360961"
            ],
            "author_id": "559991845",
            "text": "I mean if they can market it then they can sell it …. pay to gain more frames anyone? #CallofDuty #MW2 https://t.co/5yczPHZRpB",
            "public_metrics": {
                "retweet_count": 0,
                "reply_count": 0,
                "like_count": 3,
                "quote_count": 0,
                "bookmark_count": 0,
                "impression_count": 191
            }
        },
        {
            "id": "1679998516595154944",
            "edit_history_tweet_ids": [
                "1679998516595154944"
            ],
            "entities": {
                "mentions": [
                    {
                        "start": 3,
                        "end": 13,
                        "username": "_Eidetic_",
                        "id": "3138155694"
                    }
                ]
            },
            "author_id": "1385990668191997955",
            "text": "RT @_Eidetic_: 💥👊💥💜💥👊💥\n\n#modernwarfare2 #codmw #soapghost #ghostsoap #johnmactavish #soapmactavish #johnsoapmactavish #johnnymactavish #cal…",
            "public_metrics": {
                "retweet_count": 6,
                "reply_count": 0,
                "like_count": 0,
                "quote_count": 0,
                "bookmark_count": 0,
                "impression_count": 0
            }
        },
        {
            "id": "1679998513738838017",
            "edit_history_tweet_ids": [
                "1679998513738838017"
            ],
            "author_id": "824074005040795648",
            "text": "What is the #meta in #CallofDuty #Warzone2 after the most recent update?",
            "public_metrics": {
                "retweet_count": 0,
                "reply_count": 0,
                "like_count": 3,
                "quote_count": 0,
                "bookmark_count": 0,
                "impression_count": 77
            }
        },
        {
            "id": "1679998491601383425",
            "edit_history_tweet_ids": [
                "1679998491601383425"
            ],
            "entities": {
                "mentions": [
                    {
                        "start": 3,
                        "end": 14,
                        "username": "AmikoRoyAi",
                        "id": "4883418989"
                    }
                ]
            },
            "author_id": "1550532599243743233",
            "text": "RT @AmikoRoyAi: We must stay focused brothers.\n\n09 #ghostsoap #soapghost #MWII #callofduty https://t.co/vF6g9RvpyY",
            "public_metrics": {
                "retweet_count": 737,
                "reply_count": 0,
                "like_count": 0,
                "quote_count": 0,
                "bookmark_count": 0,
                "impression_count": 0
            }
        },
        {
            "id": "1679998412941582337",
            "edit_history_tweet_ids": [
                "1679998412941582337"
            ],
            "entities": {
                "mentions": [
                    {
                        "start": 3,
                        "end": 15,
                        "username": "lexiissgone",
                        "id": "1642097723481440256"
                    }
                ]
            },
            "author_id": "1385990668191997955",
            "text": "RT @lexiissgone: leave me alone im always late for tiktok trends ugh\n\n[ #soapghost #callofduty #MWII #ghost #soapmactavish #GhostSoap #ghos…",
            "public_metrics": {
                "retweet_count": 206,
                "reply_count": 0,
                "like_count": 0,
                "quote_count": 0,
                "bookmark_count": 0,
                "impression_count": 0
            }
        },
        {
            "id": "1679998368532123649",
            "edit_history_tweet_ids": [
                "1679998368532123649"
            ],
            "entities": {
                "mentions": [
                    {
                        "start": 3,
                        "end": 14,
                        "username": "AmikoRoyAi",
                        "id": "4883418989"
                    }
                ]
            },
            "author_id": "882606218321199104",
            "text": "RT @AmikoRoyAi: We must stay focused brothers.\n\n09 #ghostsoap #soapghost #MWII #callofduty https://t.co/vF6g9RvpyY",
            "public_metrics": {
                "retweet_count": 737,
                "reply_count": 0,
                "like_count": 0,
                "quote_count": 0,
                "bookmark_count": 0,
                "impression_count": 0
            }
        },
        {
            "id": "1679998290417401856",
            "edit_history_tweet_ids": [
                "1679998290417401856"
            ],
            "entities": {
                "mentions": [
                    {
                        "start": 82,
                        "end": 90,
                        "username": "YouTube",
                        "id": "10228272"
                    }
                ]
            },
            "author_id": "703304398437490689",
            "text": "BEST MOMENTS AND PLAYS WARZONE 2 AND MODERN WARFARE 2 https://t.co/68Iot6r9x3 via @YouTube #gaming #callofduty #mw2 #warzone #warzone2 #youtube #cod #trending #like #fyp https://t.co/S0jqp7m8cj",
            "public_metrics": {
                "retweet_count": 0,
                "reply_count": 0,
                "like_count": 1,
                "quote_count": 0,
                "bookmark_count": 0,
                "impression_count": 81
            }
        },
        {
            "id": "1679998135613964288",
            "edit_history_tweet_ids": [
                "1679998135613964288"
            ],
            "entities": {
                "mentions": [
                    {
                        "start": 3,
                        "end": 14,
                        "username": "AmikoRoyAi",
                        "id": "4883418989"
                    }
                ]
            },
            "author_id": "890468455140524032",
            "text": "RT @AmikoRoyAi: We must stay focused brothers.\n\n09 #ghostsoap #soapghost #MWII #callofduty https://t.co/vF6g9RvpyY",
            "public_metrics": {
                "retweet_count": 737,
                "reply_count": 0,
                "like_count": 0,
                "quote_count": 0,
                "bookmark_count": 0,
                "impression_count": 0
            }
        },
        {
            "id": "1679997991103373312",
            "edit_history_tweet_ids": [
                "1679997991103373312"
            ],
            "entities": {
                "mentions": [
                    {
                        "start": 3,
                        "end": 14,
                        "username": "AmikoRoyAi",
                        "id": "4883418989"
                    }
                ]
            },
            "author_id": "1432831659699838978",
            "text": "RT @AmikoRoyAi: We must stay focused brothers.\n\n09 #ghostsoap #soapghost #MWII #callofduty https://t.co/vF6g9RvpyY",
            "public_metrics": {
                "retweet_count": 737,
                "reply_count": 0,
                "like_count": 0,
                "quote_count": 0,
                "bookmark_count": 0,
                "impression_count": 0
            }
        },
        {
            "id": "1679997923470213121",
            "edit_history_tweet_ids": [
                "1679997923470213121"
            ],
            "entities": {
                "mentions": [
                    {
                        "start": 3,
                        "end": 10,
                        "username": "661ave",
                        "id": "1054927382"
                    }
                ]
            },
            "author_id": "1162961225027915776",
            "text": "RT @661ave: #CallofDuty #MWII #König #Konig https://t.co/0rV56R9kKj",
            "public_metrics": {
                "retweet_count": 489,
                "reply_count": 0,
                "like_count": 0,
                "quote_count": 0,
                "bookmark_count": 0,
                "impression_count": 0
            }
        },
        {
            "id": "1679997837692616706",
            "edit_history_tweet_ids": [
                "1679997837692616706"
            ],
            "author_id": "166323904",
            "text": "mw2 e hogwarts legacy com uma promo razoavel na psn https://t.co/d2QaHS1PKy",
            "public_metrics": {
                "retweet_count": 0,
                "reply_count": 0,
                "like_count": 0,
                "quote_count": 0,
                "bookmark_count": 0,
                "impression_count": 67
            }
        },
        {
            "id": "1679997747150348288",
            "edit_history_tweet_ids": [
                "1679997747150348288"
            ],
            "author_id": "1328589866892980226",
            "text": "Go pop into the boys stream at 5:30pm (PST) most entertaining stream out there! I guarantee you will have a good time💯 \n\nClick the link⬇️\nhttps://t.co/s3CgDHGeKG \n\n#CallofDuty #CallofDutyWarzone #warzone #Warzone2 #ModernWarfare2 #kickstream #KickStreamer #KickStreaming… https://t.co/c8UUKSymfo https://t.co/OanIH0WpIq",
            "public_metrics": {
                "retweet_count": 0,
                "reply_count": 0,
                "like_count": 5,
                "quote_count": 0,
                "bookmark_count": 0,
                "impression_count": 189
            }
        },
        {
            "id": "1679997724467265545",
            "edit_history_tweet_ids": [
                "1679997724467265545"
            ],
            "entities": {
                "mentions": [
                    {
                        "start": 3,
                        "end": 17,
                        "username": "BettyBRenders",
                        "id": "57432440"
                    }
                ]
            },
            "author_id": "52319005",
            "text": "RT @BettyBRenders: 💀\n\n#Ghost #SimonGhostRiley #ghostmw2 #MW2 #MWII #CallofDutyModernWarfare2 #CallofDuty https://t.co/JHeXg7TLwt",
            "public_metrics": {
                "retweet_count": 226,
                "reply_count": 0,
                "like_count": 0,
                "quote_count": 0,
                "bookmark_count": 0,
                "impression_count": 0
            }
        },
        {
            "id": "1679997649662128128",
            "edit_history_tweet_ids": [
                "1679997649662128128"
            ],
            "entities": {
                "mentions": [
                    {
                        "start": 3,
                        "end": 17,
                        "username": "BettyBRenders",
                        "id": "57432440"
                    }
                ]
            },
            "author_id": "1493370268294680577",
            "text": "RT @BettyBRenders: 💀\n\n#Ghost #SimonGhostRiley #ghostmw2 #MW2 #MWII #CallofDutyModernWarfare2 #CallofDuty https://t.co/JHeXg7TLwt",
            "public_metrics": {
                "retweet_count": 226,
                "reply_count": 0,
                "like_count": 0,
                "quote_count": 0,
                "bookmark_count": 0,
                "impression_count": 0
            }
        },
        {
            "id": "1679997537581924358",
            "edit_history_tweet_ids": [
                "1679997537581924358"
            ],
            "entities": {
                "mentions": [
                    {
                        "start": 3,
                        "end": 17,
                        "username": "BettyBRenders",
                        "id": "57432440"
                    }
                ]
            },
            "author_id": "2530821750",
            "text": "RT @BettyBRenders: 💀\n\n#Ghost #SimonGhostRiley #ghostmw2 #MW2 #MWII #CallofDutyModernWarfare2 #CallofDuty https://t.co/JHeXg7TLwt",
            "public_metrics": {
                "retweet_count": 226,
                "reply_count": 0,
                "like_count": 0,
                "quote_count": 0,
                "bookmark_count": 0,
                "impression_count": 0
            }
        },
        {
            "id": "1679997527729242113",
            "edit_history_tweet_ids": [
                "1679997527729242113"
            ],
            "entities": {
                "mentions": [
                    {
                        "start": 3,
                        "end": 10,
                        "username": "661ave",
                        "id": "1054927382"
                    }
                ]
            },
            "author_id": "1365802599862124544",
            "text": "RT @661ave: #CallofDuty #MWII #König #Konig https://t.co/0rV56R9kKj",
            "public_metrics": {
                "retweet_count": 489,
                "reply_count": 0,
                "like_count": 0,
                "quote_count": 0,
                "bookmark_count": 0,
                "impression_count": 0
            }
        },
        {
            "id": "1679997500889919489",
            "edit_history_tweet_ids": [
                "1679997500889919489"
            ],
            "entities": {
                "mentions": [
                    {
                        "start": 3,
                        "end": 14,
                        "username": "AmikoRoyAi",
                        "id": "4883418989"
                    }
                ]
            },
            "author_id": "1429848889469935619",
            "text": "RT @AmikoRoyAi: We must stay focused brothers.\n\n09 #ghostsoap #soapghost #MWII #callofduty https://t.co/vF6g9RvpyY",
            "public_metrics": {
                "retweet_count": 737,
                "reply_count": 0,
                "like_count": 0,
                "quote_count": 0,
                "bookmark_count": 0,
                "impression_count": 0
            }
        },
        {
            "id": "1679997465246720000",
            "edit_history_tweet_ids": [
                "1679997465246720000"
            ],
            "entities": {
                "mentions": [
                    {
                        "start": 0,
                        "end": 8,
                        "username": "BlazeQF",
                        "id": "895038799033622528"
                    },
                    {
                        "start": 9,
                        "end": 25,
                        "username": "TheTrueMrENigma",
                        "id": "383724049"
                    },
                    {
                        "start": 26,
                        "end": 41,
                        "username": "CODMW2Informer",
                        "id": "1336854152870236164"
                    },
                    {
                        "start": 42,
                        "end": 53,
                        "username": "Activision",
                        "id": "612782611"
                    },
                    {
                        "start": 54,
                        "end": 65,
                        "username": "CallofDuty",
                        "id": "290097288"
                    },
                    {
                        "start": 66,
                        "end": 71,
                        "username": "Xbox",
                        "id": "24742040"
                    }
                ]
            },
            "author_id": "1069005867356442625",
            "text": "@BlazeQF @TheTrueMrENigma @CODMW2Informer @Activision @CallofDuty @Xbox thats good to know. i definitely plan on playin MWII soon, and probably a few others once they come to game pass",
            "public_metrics": {
                "retweet_count": 0,
                "reply_count": 0,
                "like_count": 2,
                "quote_count": 0,
                "bookmark_count": 0,
                "impression_count": 151
            }
        },
        {
            "id": "1679997453553242113",
            "edit_history_tweet_ids": [
                "1679997453553242113"
            ],
            "entities": {
                "mentions": [
                    {
                        "start": 3,
                        "end": 10,
                        "username": "661ave",
                        "id": "1054927382"
                    }
                ]
            },
            "author_id": "2910487406",
            "text": "RT @661ave: #CallofDuty #MWII #König #Konig https://t.co/0rV56R9kKj",
            "public_metrics": {
                "retweet_count": 489,
                "reply_count": 0,
                "like_count": 0,
                "quote_count": 0,
                "bookmark_count": 0,
                "impression_count": 0
            }
        },
        {
            "id": "1679997453196742656",
            "edit_history_tweet_ids": [
                "1679997453196742656"
            ],
            "entities": {
                "mentions": [
                    {
                        "start": 3,
                        "end": 17,
                        "username": "BettyBRenders",
                        "id": "57432440"
                    }
                ]
            },
            "author_id": "1160906293911142401",
            "text": "RT @BettyBRenders: 💀\n\n#Ghost #SimonGhostRiley #ghostmw2 #MW2 #MWII #CallofDutyModernWarfare2 #CallofDuty https://t.co/JHeXg7TLwt",
            "public_metrics": {
                "retweet_count": 226,
                "reply_count": 0,
                "like_count": 0,
                "quote_count": 0,
                "bookmark_count": 0,
                "impression_count": 0
            }
        },
        {
            "id": "1679997253560270852",
            "edit_history_tweet_ids": [
                "1679997253560270852"
            ],
            "entities": {
                "mentions": [
                    {
                        "start": 3,
                        "end": 10,
                        "username": "661ave",
                        "id": "1054927382"
                    }
                ]
            },
            "author_id": "2328978614",
            "text": "RT @661ave: #CallofDuty #MWII #König #Konig https://t.co/0rV56R9kKj",
            "public_metrics": {
                "retweet_count": 489,
                "reply_count": 0,
                "like_count": 0,
                "quote_count": 0,
                "bookmark_count": 0,
                "impression_count": 0
            }
        },
        {
            "id": "1679997208186458112",
            "edit_history_tweet_ids": [
                "1679997208186458112"
            ],
            "entities": {
                "mentions": [
                    {
                        "start": 3,
                        "end": 10,
                        "username": "tb_png",
                        "id": "1437229509363871761"
                    }
                ]
            },
            "author_id": "1551065172755693569",
            "text": "RT @tb_png: catching up on sleep 😴 #MWII #CallofDuty https://t.co/SLi2voBU8t",
            "public_metrics": {
                "retweet_count": 529,
                "reply_count": 0,
                "like_count": 0,
                "quote_count": 0,
                "bookmark_count": 0,
                "impression_count": 0
            }
        },
        {
            "id": "1679997060219633667",
            "edit_history_tweet_ids": [
                "1679997060219633667"
            ],
            "entities": {
                "mentions": [
                    {
                        "start": 3,
                        "end": 10,
                        "username": "661ave",
                        "id": "1054927382"
                    }
                ]
            },
            "author_id": "2590110334",
            "text": "RT @661ave: #CallofDuty #MWII #König #Konig https://t.co/0rV56R9kKj",
            "public_metrics": {
                "retweet_count": 489,
                "reply_count": 0,
                "like_count": 0,
                "quote_count": 0,
                "bookmark_count": 0,
                "impression_count": 0
            }
        },
        {
            "id": "1679996833567744003",
            "edit_history_tweet_ids": [
                "1679996833567744003"
            ],
            "entities": {
                "mentions": [
                    {
                        "start": 3,
                        "end": 14,
                        "username": "AmikoRoyAi",
                        "id": "4883418989"
                    }
                ]
            },
            "author_id": "1536103298415075328",
            "text": "RT @AmikoRoyAi: We must stay focused brothers.\n\n09 #ghostsoap #soapghost #MWII #callofduty https://t.co/vF6g9RvpyY",
            "public_metrics": {
                "retweet_count": 737,
                "reply_count": 0,
                "like_count": 0,
                "quote_count": 0,
                "bookmark_count": 0,
                "impression_count": 0
            }
        },
        {
            "id": "1679996812739121153",
            "edit_history_tweet_ids": [
                "1679996812739121153"
            ],
            "entities": {
                "mentions": [
                    {
                        "start": 3,
                        "end": 14,
                        "username": "AmikoRoyAi",
                        "id": "4883418989"
                    }
                ]
            },
            "author_id": "1198463549539942401",
            "text": "RT @AmikoRoyAi: We must stay focused brothers.\n\n09 #ghostsoap #soapghost #MWII #callofduty https://t.co/vF6g9RvpyY",
            "public_metrics": {
                "retweet_count": 737,
                "reply_count": 0,
                "like_count": 0,
                "quote_count": 0,
                "bookmark_count": 0,
                "impression_count": 0
            }
        },
        {
            "id": "1679996751426605057",
            "edit_history_tweet_ids": [
                "1679996751426605057"
            ],
            "entities": {
                "mentions": [
                    {
                        "start": 3,
                        "end": 17,
                        "username": "BettyBRenders",
                        "id": "57432440"
                    }
                ]
            },
            "author_id": "1438870945087823873",
            "text": "RT @BettyBRenders: 💀\n\n#Ghost #SimonGhostRiley #ghostmw2 #MW2 #MWII #CallofDutyModernWarfare2 #CallofDuty https://t.co/JHeXg7TLwt",
            "public_metrics": {
                "retweet_count": 226,
                "reply_count": 0,
                "like_count": 0,
                "quote_count": 0,
                "bookmark_count": 0,
                "impression_count": 0
            }
        },
        {
            "id": "1679996724763295744",
            "edit_history_tweet_ids": [
                "1679996724763295744"
            ],
            "author_id": "1263506617955504128",
            "text": "Yeet 😂 #codclipsdaily #warzoneclips #modernwarfareii #modernwarfare2 #mwii #mw2 #Warzone2 #WarzoneII #cod #callofduty #proximitychat #gaming  #akalytesgaming https://t.co/2inczkXfyp",
            "public_metrics": {
                "retweet_count": 0,
                "reply_count": 0,
                "like_count": 3,
                "quote_count": 0,
                "bookmark_count": 0,
                "impression_count": 110
            }
        },
        {
            "id": "1679996697974300672",
            "edit_history_tweet_ids": [
                "1679996697974300672"
            ],
            "author_id": "63270042",
            "text": "LIVE (SOLO DMZ) #KickStreamer #KickStreaming #DMZ  #CallofDutyModernWarfareII #MW2\n🟢Kick: https://t.co/mxpVPHcJ6f \n🔴 YT: https://t.co/fJV13VpDzb https://t.co/bMCJzZgfwp",
            "public_metrics": {
                "retweet_count": 0,
                "reply_count": 0,
                "like_count": 2,
                "quote_count": 0,
                "bookmark_count": 0,
                "impression_count": 59
            }
        },
        {
            "id": "1679996677439070213",
            "edit_history_tweet_ids": [
                "1679996677439070213"
            ],
            "entities": {
                "mentions": [
                    {
                        "start": 3,
                        "end": 13,
                        "username": "CODmwfeed",
                        "id": "1570202220288671747"
                    }
                ]
            },
            "author_id": "1618729326966444032",
            "text": "RT @CODmwfeed: One #ModernWarfare2                #PS5 bundle to give away. To enter follow the steps below.💜\n\nFollow+❤+♻️+Comment\n#CallofD…",
            "public_metrics": {
                "retweet_count": 117,
                "reply_count": 0,
                "like_count": 0,
                "quote_count": 0,
                "bookmark_count": 0,
                "impression_count": 0
            }
        },
        {
            "id": "1679996393232924673",
            "edit_history_tweet_ids": [
                "1679996393232924673"
            ],
            "entities": {
                "mentions": [
                    {
                        "start": 3,
                        "end": 10,
                        "username": "661ave",
                        "id": "1054927382"
                    }
                ]
            },
            "author_id": "1561050716550172672",
            "text": "RT @661ave: #CallofDuty #MWII #König #Konig https://t.co/0rV56R9kKj",
            "public_metrics": {
                "retweet_count": 489,
                "reply_count": 0,
                "like_count": 0,
                "quote_count": 0,
                "bookmark_count": 0,
                "impression_count": 0
            }
        },
        {
            "id": "1679996361398185985",
            "edit_history_tweet_ids": [
                "1679996361398185985"
            ],
            "entities": {
                "mentions": [
                    {
                        "start": 3,
                        "end": 14,
                        "username": "AmikoRoyAi",
                        "id": "4883418989"
                    }
                ]
            },
            "author_id": "1276997562864721921",
            "text": "RT @AmikoRoyAi: We must stay focused brothers.\n\n09 #ghostsoap #soapghost #MWII #callofduty https://t.co/vF6g9RvpyY",
            "public_metrics": {
                "retweet_count": 737,
                "reply_count": 0,
                "like_count": 0,
                "quote_count": 0,
                "bookmark_count": 0,
                "impression_count": 0
            }
        },
        {
            "id": "1679996339919237120",
            "edit_history_tweet_ids": [
                "1679996339919237120"
            ],
            "entities": {
                "mentions": [
                    {
                        "start": 3,
                        "end": 11,
                        "username": "Kchs_05",
                        "id": "1632383029544112128"
                    }
                ]
            },
            "author_id": "1628047161727279108",
            "text": "RT @Kchs_05: Drew the lil guy\n#König #ModernWarfare2 #MW2 #CallofDuty https://t.co/UcVCyX9Mvu",
            "public_metrics": {
                "retweet_count": 60,
                "reply_count": 0,
                "like_count": 0,
                "quote_count": 0,
                "bookmark_count": 0,
                "impression_count": 0
            }
        },
        {
            "id": "1679996139355996165",
            "edit_history_tweet_ids": [
                "1679996139355996165"
            ],
            "entities": {
                "mentions": [
                    {
                        "start": 3,
                        "end": 10,
                        "username": "661ave",
                        "id": "1054927382"
                    }
                ]
            },
            "author_id": "1670939654965665794",
            "text": "RT @661ave: #CallofDuty #MWII #König #Konig https://t.co/0rV56R9kKj",
            "public_metrics": {
                "retweet_count": 489,
                "reply_count": 0,
                "like_count": 0,
                "quote_count": 0,
                "bookmark_count": 0,
                "impression_count": 0
            }
        }
    ],
    "includes": {
        "users": [
            {
                "id": "2331666201",
                "name": "Bryce",
                "username": "BryceBallard97"
            },
            {
                "id": "290097288",
                "name": "Call of Duty",
                "username": "CallofDuty"
            },
            {
                "id": "1577115890763665408",
                "name": "Gavin Thompson",
                "username": "GavinTh90798476"
            },
            {
                "id": "612782611",
                "name": "Activision",
                "username": "Activision"
            },
            {
                "id": "1437229509363871761",
                "name": "🎗️˚✧₊ ⁎⁺˳*･",
                "username": "tb_png"
            },
            {
                "id": "57432440",
                "name": "BettyBattaglia ✯ comms closed ✯",
                "username": "BettyBRenders"
            },
            {
                "id": "1570202220288671747",
                "name": "COD MWII",
                "username": "CODmwfeed"
            },
            {
                "id": "4883418989",
                "name": "🦊Amiko💀🧼brainrot",
                "username": "AmikoRoyAi"
            },
            {
                "id": "1664294153314881538",
                "name": "just a nerd.",
                "username": "hestax_"
            },
            {
                "id": "1166443278834659328",
                "name": "Call of Duty: Mobile",
                "username": "PlayCODMobile"
            },
            {
                "id": "1054927382",
                "name": "661ave",
                "username": "661ave"
            },
            {
                "id": "1632383029544112128",
                "name": "Kee/Key ||",
                "username": "Kchs_05"
            },
            {
                "id": "838789244575432704",
                "name": "Zoned Out Gaming",
                "username": "ZonedOutGaming"
            },
            {
                "id": "1628883566154117126",
                "name": "The Sons of Shaddai",
                "username": "TSSgg_"
            },
            {
                "id": "1576464094777024513",
                "name": "Xiled Esports",
                "username": "EsportsXiled"
            },
            {
                "id": "1441174708930576386",
                "name": "༄Yume ❄🐼",
                "username": "yumecore"
            },
            {
                "id": "1659547690202439683",
                "name": "Colin",
                "username": "FlickiTuts"
            },
            {
                "id": "1087568703049400320",
                "name": "NLE Choppa",
                "username": "Nlechoppa1"
            },
            {
                "id": "1336854152870236164",
                "name": "Modern Warfare II Informer",
                "username": "CODMW2Informer"
            },
            {
                "id": "1112278494682271747",
                "name": "GhostWolf",
                "username": "loneghostwolf88"
            },
            {
                "id": "4078899436",
                "name": "Dootz",
                "username": "theeggrollslord"
            },
            {
                "id": "1266193455966859265",
                "name": "CELL",
                "username": "remix3s"
            },
            {
                "id": "418147815",
                "name": "Symfuhny",
                "username": "Symfuhny"
            },
            {
                "id": "1250573387963011077",
                "name": "Ajax",
                "username": "AjaxTVGaming"
            },
            {
                "id": "1579314486137458695",
                "name": "Kick.com",
                "username": "KickStreaming"
            },
            {
                "id": "309366491",
                "name": "Twitch",
                "username": "Twitch"
            },
            {
                "id": "1021771255957995520",
                "name": "tim 🧢",
                "username": "artimaaaeus"
            },
            {
                "id": "1213439281114402816",
                "name": "2ToneSkeleton🔞",
                "username": "2ToneSkeleton"
            },
            {
                "id": "85215038",
                "name": "Activision Support",
                "username": "ATVIAssist"
            },
            {
                "id": "3138155694",
                "name": "Eidetic Cosplay & Photography",
                "username": "_Eidetic_"
            },
            {
                "id": "1642097723481440256",
                "name": "LEX",
                "username": "lexiissgone"
            },
            {
                "id": "10228272",
                "name": "YouTube",
                "username": "YouTube"
            },
            {
                "id": "895038799033622528",
                "name": "Blaze",
                "username": "BlazeQF"
            },
            {
                "id": "383724049",
                "name": "Wile E. Nigma™",
                "username": "TheTrueMrENigma"
            },
            {
                "id": "24742040",
                "name": "Xbox",
                "username": "Xbox"
            }
        ]
    },
    "meta": {
        "newest_id": "1680004170789552131",
        "oldest_id": "1679996139355996165",
        "result_count": 100,
        "next_token": "b26v89c19zqg8o3fqkm1skpw8khmcknkexal5wz97qhdp"
    }
}