,text,author_id,username,retweet,reply,like,quote,bookmark,lower,sentiment
0,"RT @CLIPSC0: Imagine being up 19 lives and folding like this 😵‍💫 …. 

#MW2 | #CDL2023 https://t.co/RDChPSkWmq",1885308679,CLIPSC0,6,0,0,0,0,   clipsc0  imagine being up 19 lives and folding like this      mw2    cdl2023  s t co rdchpskwmq,Irrelevant
1,"RT @alexgscod: Tired Soap 🧼❤️💀

#GhostSoap #SoapGhost #CallOfDuty #MW2 #MWII #SoapMacTavish #SimonGhostRiley #JohnSoapMacTavish #SoapMW2 #G…",1429231230738862080,alexgscod,81,0,0,0,0,   alexgscod  tired soap  ghostsoap  soapghost  callofduty  mw2  mwii  soapmactavish  simonghostriley  johnsoapmactavish  soapmw2  g ,Negative
2,"Holding it Down… 🫳 #clutch ⚙️🤏
      (All the ⏳) 

🧬 @EliteWGaming 👍🎮👍 #Work📊

#CallofDuty #MW2 #CDL2023 https://t.co/t0qnOAENTr",1440699372929372169,EliteWGaming,1,2,2,1,0,holding it down     clutch         all the      elitewgaming    work callofduty  mw2  cdl2023  s t co t0qnoaentr,Neutral
3,"Even though the gameplay remains incredibly fun, #CallOfDuty #COD is not in a good place for a lot of reasons. #VideoGames #CODMW2 #Warzone2

 https://t.co/uS8hn02zWo",723532208179404800,**this tweet had been deleted or hidden**,0,0,1,0,0,even though the gameplay remains incredibly fun   callofduty  cod is not in a good place for a lot of reasons   videogames  codmw2  warzone2   s t co us8hn02zwo,Positive
4,"RT @xbruised_peachx: shh, he's trying to explain why he sings a church hymn at 21:37 CET, no matter what timezone he's deployed to
#Gromsko…",1285568479274209291,xbruised_peachx,52,0,0,0,0,   xbruised peachx  shh  he s trying to explain why he sings a church hymn at 21 37 cet  no matter what timezone he s deployed to gromsko ,Irrelevant
5,"RT @artimaaaeus: rudy dood? rudy dood 💙
---
#CallofDuty #MWII #MW2 #RodolfoParra https://t.co/M5d7KcWHQM",1022141717787504640,artimaaaeus,96,0,0,0,0,   a imaaaeus  rudy dood  rudy dood  callofduty  mwii  mw2  rodolfoparra  s t co m5d7kcwhqm,Neutral
6,"@PlayCODMobile Can you please bring back the kilo mythic draw? Some of us couldn't cop it. Even if it's for just a week, I'll appreciate it 🙏",1369855378733862912,PlayCODMobile,0,0,0,0,0, playcodmobile can you please bring back the kilo mythic draw  some of us couldn t cop it  even if it s for just a week  i ll appreciate it  ,Neutral
7,"RT @CODLeague: ""When you tell me, it makes me forget"" 🤨

See what the pros were saying in our #CDL2023 Major V Comms Check. https://t.co/eX…",1586132691279351810,CODLeague,21,0,0,0,0,   codleague   when you tell me  it makes me forget   see what the pros were saying in our  cdl2023 major v comms check   s t co ex ,Irrelevant
8,"RT @Marndraws: Pride 😊

#mw2 #codmw2 #callofduty https://t.co/XHfuXBolMh",1430549523819028483,Marndraws,167,0,0,0,0,   marndraws  pride  mw2  codmw2  callofduty  s t co xhfuxbolmh,Neutral
9,"RT @Marndraws: Pride 😊

#mw2 #codmw2 #callofduty https://t.co/XHfuXBolMh",1405063685064859650,Marndraws,167,0,0,0,0,   marndraws  pride  mw2  codmw2  callofduty  s t co xhfuxbolmh,Neutral
10,"RT @yumecore: NIGHTWAR GHOST
#CallofDuty #MWII #SimonGhostRiley
He's done with my shenanigans 🙃  1/2 https://t.co/UTIoNPWM6k",1071154407822245890,yumecore,65,0,0,0,0,   yumecore  nightwar ghost callofduty  mwii  simonghostriley he s done with my shenanigans    1 2  s t co utionpwm6k,Neutral
11,"SIGO VIVO C4BR0N3S Y YA POR FIN VACACIONES 🤠
#Twitch #CallofDuty #ModernWarfare2 #Warzone2
https://t.co/EnJBvioJXu",1437532506987794435,**this tweet had been deleted or hidden**,0,0,2,0,0,sigo vivo c4br0n3s y ya por fin vacaciones  twitch  callofduty  modernwarfare2  warzone2  s t co enjbviojxu,Neutral
12,"RT @sonsomething: U shouldn’t be focusing too much on lucky draw, your game is falling apart with so many bugs and cheaters.",1550815460081676288,sonsomething,1,0,0,0,0,   sonsomething  u shouldn t be focusing too much on lucky draw  your game is falling apa  with so many bugs and cheaters ,Negative
13,"Happy to announce today was my first day as a Level Designer at @RavenSoftware I've grinded every CoD since MW2, hit masters in AW, played gbs till the sun came up, and now I get a chance to turn my life long passion into my job?!?! Im truly living my dream🤯 #Warzone #CallofDuty https://t.co/w1HKhYsjGp",157211316,RavenSoftware,0,1,6,0,0,happy to announce today was my first day as a level designer at  ravensoftware i ve grinded every cod since mw2  hit masters in aw  played gbs till the sun came up  and now i get a chance to turn my life long passion into my job  im truly living my dream   warzone  callofduty  s t co w1hkhysjgp,Positive
14,RT @Josh_Hodlin: So anyone that plays @CallofDuty.  In DMZ right before the game starts you'll see this in the top right corner briefly.. @…,21011137,Josh_Hodlin,2,0,0,0,0,   josh hodlin  so anyone that plays  callofduty   in dmz right before the game sta s you ll see this in the top right corner briefly   ,Positive
15,"RT @SRuki_: ここつよよ。こうれいのヘリガンナーシュートハウスのみきてるよお🤞🏻
#mw2 #ModernWarfare2 #mw2023 #CallofDuty #CoD #ShareFactoryStudio #PS5Share https://t.co/ClKY…",1011569847761686528,SRuki_,2,0,0,0,0,   sruki   mw2  modernwarfare2  mw2023  callofduty  cod  sharefactorystudio  ps5share  s t co clky ,Neutral
16,"RT @yumecore: NIGHTWAR GHOST
#CallofDuty #MWII #SimonGhostRiley
He's done with my shenanigans 🙃  1/2 https://t.co/UTIoNPWM6k",1638264467988402177,yumecore,65,0,0,0,0,   yumecore  nightwar ghost callofduty  mwii  simonghostriley he s done with my shenanigans    1 2  s t co utionpwm6k,Neutral
17,"RT @loneghostwolf88: Thank you so much for 10K followers. I still can't believe it 🥺🎊🎉🥳❤️

Please have a Ghost to protect you 💀💞

#CallofDu…",1470790439590633474,loneghostwolf88,135,0,0,0,0,   loneghostwolf88  thank you so much for 10k followers  i still can t believe it  please have a ghost to protect you  callofdu ,Irrelevant
18,"RT @alexgscod: Tired Soap 🧼❤️💀

#GhostSoap #SoapGhost #CallOfDuty #MW2 #MWII #SoapMacTavish #SimonGhostRiley #JohnSoapMacTavish #SoapMW2 #G…",1470790439590633474,alexgscod,81,0,0,0,0,   alexgscod  tired soap  ghostsoap  soapghost  callofduty  mw2  mwii  soapmactavish  simonghostriley  johnsoapmactavish  soapmw2  g ,Negative
19,"RT @achemeanspain: There should be some more arts but my ipad died 🫡 anyways have this lovely boy

#CallofDuty #MW2 #MWII #SoapMacTavish @n…",2489368154,achemeanspain,22,0,0,0,0,   achemeanspain  there should be some more a s but my ipad died   anyways have this lovely boy callofduty  mw2  mwii  soapmactavish  n ,Positive
20,"RT @witchmeetsevil: cw/ mild torture , blood , cuts

sergeant's bitch ❤️
#CallofDuty #soapghost #MW2 https://t.co/H7whCgDU08",1579376926287958017,witchmeetsevil,404,0,0,0,0,   witchmeetsevil  cw  mild to ure   blood   cuts sergeant s bitch  callofduty  soapghost  mw2  s t co h7whcgdu08,Negative
21,"RT @yumecore: NIGHTWAR GHOST
#CallofDuty #MWII #SimonGhostRiley
He's done with my shenanigans 🙃  1/2 https://t.co/UTIoNPWM6k",1470790439590633474,yumecore,65,0,0,0,0,   yumecore  nightwar ghost callofduty  mwii  simonghostriley he s done with my shenanigans    1 2  s t co utionpwm6k,Neutral
22,"RT @HellishDraws: In honour of pride month and brainrot… Here is some Trans Soap 🧼🏳️‍⚧️ sending some.. photos to a certain someone 🫦
#Ghost…",1329679299083866114,HellishDraws,527,0,0,0,0,   hellishdraws  in honour of pride month and brainrot  here is some trans soap   sending some  photos to a ce ain someone  ghost ,Neutral
23,"@tlaskaldalhlyl @Activision @CallofDuty The best man in recovering accounts is @Kevincybertool on twitter he helped me recovered my lost pictures, documents, and hacking related problems,inbox him now on twitter for help…he will help you out.",2354375497,tlaskaldalhlyl,0,0,1,0,0, tlaskaldalhlyl  activision  callofduty the best man in recovering accounts is  kevincybe ool on twitter he helped me recovered my lost pictures  documents  and hacking related problems inbox him now on twitter for help he will help you out ,Irrelevant
24,"@Activision @CallofDuty Dear members of the Cod game, my Google account has been hacked, and I cannot log into the game. Please help. My name is in the game Atlas 🙏🙏",1665048397504565251,Activision,0,16,7,14,0, activision  callofduty dear members of the cod game  my google account has been hacked  and i cannot log into the game  please help  my name is in the game atlas  ,Negative
25,"RT @loneghostwolf88: Thank you so much for 10K followers. I still can't believe it 🥺🎊🎉🥳❤️

Please have a Ghost to protect you 💀💞

#CallofDu…",1095983118622715905,loneghostwolf88,135,0,0,0,0,   loneghostwolf88  thank you so much for 10k followers  i still can t believe it  please have a ghost to protect you  callofdu ,Irrelevant
26,"RT @loneghostwolf88: Beach boys 🧼💀☀️🌊⛱️

(thanks for all the birthday wishes ❤️ - there were way too many to answer all of them🥺 )
#CallofD…",961958869147664384,loneghostwolf88,142,0,0,0,0,   loneghostwolf88  beach boys  thanks for all the bi hday wishes     there were way too many to answer all of them   callofd ,Positive
27,@CallofDuty Count YOUR FUCKING DAYS 🤬 #Callofduty #MW2 🚮🗑️ #JustThrowTheWholeGameAway https://t.co/sSwuK9RwEc,119628370,CallofDuty,0,0,0,0,0, callofduty count your fucking days    callofduty  mw2    justthrowthewholegameaway  s t co sswuk9rwec,Negative
28,Back at it again. Grinding Gold on CDL #MWII #CallofDuty  https://t.co/r2HC2wMdxA,1522747623580524551,**this tweet had been deleted or hidden**,0,1,1,0,0,back at it again  grinding gold on cdl  mwii  callofduty   s t co r2hc2wmdxa,Neutral
29,"RT @AmikoRoyAi: Ghost, Farah and Gaz 🥰

#callofduty #MWII https://t.co/R7t0FOFSMc",2795111700,AmikoRoyAi,763,0,0,0,0,   amikoroyai  ghost  farah and gaz  callofduty  mwii  s t co r7t0fofsmc,Neutral
30,"RT @electrotom_: #warzone2 with the squad? Get in!!! …live on https://t.co/2gt1l50F3z  #cod #callofduty  #codwarzone #callofdutywarzone 
#S…",1486780680033951746,electrotom_,6,0,0,0,0,   electrotom   warzone2 with the squad  get in   live on  s t co 2gt1l50f3z   cod  callofduty   codwarzone  callofdutywarzone  s ,Neutral
31,make sure to sign up a team !! hurry hurry !! #Callofduty @CallofDuty #Warzone2 https://t.co/fdFNtZIMDh,1204477010770374660,CallofDuty,0,0,0,0,0,make sure to sign up a team   hurry hurry    callofduty  callofduty  warzone2  s t co fdfntzimdh,Neutral
32,"RT @mace_senpai: Drills To Pay The Bills 
#HundroClan #TheClansFamily #Twitch #AshikaIsland #ContentSurge #Resurgance #clutch #Gamedev #Cal…",1486202402659344388,mace_senpai,4,0,0,0,0,   mace senpai  drills to pay the bills  hundroclan  theclansfamily  twitch  ashikaisland  contentsurge  resurgance  clutch  gamedev  cal ,Neutral
33,"『COD:DMZ』DMZシーズン4のアップデートに合わせてワイプが実施される模様。今回は保証武器スロットもリセットされる可能性も？
https://t.co/oJxmBPPHib

#COD #コールオブデューティ #callofduty #CODMW2 #MW2 #CoDMWII #DMZ #warzone2 #ランクプレイ #コシチェイ #保証武器 https://t.co/fWoeyeSodG",956402256613552128,**this tweet had been deleted or hidden**,1,0,1,0,0, cod dmz dmz 4  s t co ojxmbpphib cod    callofduty  codmw2  mw2  codmwii  dmz  warzone2        s t co fwoeyesodg,Neutral
34,"RT @mace_senpai: Drills To Pay The Bills 
#HundroClan #TheClansFamily #Twitch #AshikaIsland #ContentSurge #Resurgance #clutch #Gamedev #Cal…",360621656,mace_senpai,4,0,0,0,0,   mace senpai  drills to pay the bills  hundroclan  theclansfamily  twitch  ashikaisland  contentsurge  resurgance  clutch  gamedev  cal ,Neutral
35,"RT @alexgscod: Tired Soap 🧼❤️💀

#GhostSoap #SoapGhost #CallOfDuty #MW2 #MWII #SoapMacTavish #SimonGhostRiley #JohnSoapMacTavish #SoapMW2 #G…",1398150593332535298,alexgscod,81,0,0,0,0,   alexgscod  tired soap  ghostsoap  soapghost  callofduty  mw2  mwii  soapmactavish  simonghostriley  johnsoapmactavish  soapmw2  g ,Negative
36,"RT @Marndraws: Pride 😊

#mw2 #codmw2 #callofduty https://t.co/XHfuXBolMh",1238629224778543104,Marndraws,167,0,0,0,0,   marndraws  pride  mw2  codmw2  callofduty  s t co xhfuxbolmh,Neutral
37,"RT @artimaaaeus: rudy dood? rudy dood 💙
---
#CallofDuty #MWII #MW2 #RodolfoParra https://t.co/M5d7KcWHQM",1276997562864721921,artimaaaeus,96,0,0,0,0,   a imaaaeus  rudy dood  rudy dood  callofduty  mwii  mw2  rodolfoparra  s t co m5d7kcwhqm,Neutral
38,"RT @loneghostwolf88: Thank you so much for 10K followers. I still can't believe it 🥺🎊🎉🥳❤️

Please have a Ghost to protect you 💀💞

#CallofDu…",1276997562864721921,loneghostwolf88,135,0,0,0,0,   loneghostwolf88  thank you so much for 10k followers  i still can t believe it  please have a ghost to protect you  callofdu ,Irrelevant
39,#callofduty #mw2 #shorts #cod #ranked #snd #savagedadgaming https://t.co/jHCPcOKK4q,1382489173144264711,**this tweet had been deleted or hidden**,0,0,0,0,0, callofduty  mw2  sho s  cod  ranked  snd  savagedadgaming  s t co jhcpcokk4q,Neutral
40,"RT @loneghostwolf88: Beach boys 🧼💀☀️🌊⛱️

(thanks for all the birthday wishes ❤️ - there were way too many to answer all of them🥺 )
#CallofD…",1224326734184615936,loneghostwolf88,142,0,0,0,0,   loneghostwolf88  beach boys  thanks for all the bi hday wishes     there were way too many to answer all of them   callofd ,Positive
41,"RT @remix3s: 👻👻👻

#Ghost #SimonGhostRiley #mw2 #CallofDuty https://t.co/Dc81lhF0YX",1661504663412252672,remix3s,350,0,0,0,0,   remix3s   ghost  simonghostriley  mw2  callofduty  s t co dc81lhf0yx,Neutral
42,"RT @yumecore: NIGHTWAR GHOST
#CallofDuty #MWII #SimonGhostRiley
He's done with my shenanigans 🙃  1/2 https://t.co/UTIoNPWM6k",2733333242,yumecore,65,0,0,0,0,   yumecore  nightwar ghost callofduty  mwii  simonghostriley he s done with my shenanigans    1 2  s t co utionpwm6k,Neutral
43,"@EliasGiles18 @Activision @CallofDuty T
Message eazy_techs on Instagram,he recover hacked/banned/locked/disabled and suspended account.
He's good,tested and trusted he has helped many people",1654245818478493698,EliasGiles18,0,0,0,0,0, eliasgiles18  activision  callofduty t message eazy techs on instagram he recover hacked banned locked disabled and suspended account he s good tested and trusted he has helped many people,Irrelevant
44,@PlayCODMobile COD Mobile...your games in Ranked are No Longer Any Fun. You keep adding Meta Guns every season and Players just Abuse Them to the Point of Frustration where your game is No Longer Fun to Play. PLEASE Do Not Add Any More Meta Guns Next Season. LISTEN to your Playerbase Please,1577505401347936256,PlayCODMobile,0,0,0,0,0, playcodmobile cod mobile your games in ranked are no longer any fun  you keep adding meta guns every season and players just abuse them to the point of frustration where your game is no longer fun to play  please do not add any more meta guns next season  listen to your playerbase please,Negative
45,"RT @Marndraws: Pride 😊

#mw2 #codmw2 #callofduty https://t.co/XHfuXBolMh",1539773618254643200,Marndraws,167,0,0,0,0,   marndraws  pride  mw2  codmw2  callofduty  s t co xhfuxbolmh,Neutral
46,RT @artimaaaeus: got 2k+ on Tumblr the other day!! here's the price dood i made just for the occasion (+ something mildly spicy in the repl…,961958869147664384,artimaaaeus,185,0,0,0,0,   a imaaaeus  got 2k  on tumblr the other day  here s the price dood i made just for the occasion   something mildly spicy in the repl ,Neutral
47,"RT @xbruised_peachx: shh, he's trying to explain why he sings a church hymn at 21:37 CET, no matter what timezone he's deployed to
#Gromsko…",1577977097183670272,xbruised_peachx,52,0,0,0,0,   xbruised peachx  shh  he s trying to explain why he sings a church hymn at 21 37 cet  no matter what timezone he s deployed to gromsko ,Irrelevant
48,"RT @HellishDraws: In honour of pride month and brainrot… Here is some Trans Soap 🧼🏳️‍⚧️ sending some.. photos to a certain someone 🫦
#Ghost…",1605437530920337410,HellishDraws,527,0,0,0,0,   hellishdraws  in honour of pride month and brainrot  here is some trans soap   sending some  photos to a ce ain someone  ghost ,Neutral
49,"RT @CollinsChadM: Live tonight at 5pm PT! 😈🦿🪂

Dropping into the #CallofDuty #Warzone with @ted_lethal Rob &amp; Kasee!

Join us at https://t.c…",1584104182755344386,CollinsChadM,11,0,0,0,0,   collinschadm  live tonight at 5pm pt   dropping into the  callofduty  warzone with  ted lethal rob  amp  kasee join us at  s t c ,Neutral
50,"RT @artimaaaeus: rudy dood? rudy dood 💙
---
#CallofDuty #MWII #MW2 #RodolfoParra https://t.co/M5d7KcWHQM",2489368154,artimaaaeus,96,0,0,0,0,   a imaaaeus  rudy dood  rudy dood  callofduty  mwii  mw2  rodolfoparra  s t co m5d7kcwhqm,Neutral
51,Really just had my game crashed on #MW2 while recording a video...  @CallofDuty PLEASE do something about this!!!,979505716024299520,CallofDuty,0,0,0,0,0,really just had my game crashed on  mw2 while recording a video    callofduty please do something about this ,Negative
52,"https://t.co/ULQo7KM4OY 
Streaming COD MW2 LIVE #twitch #twitchstreamer #gamer #gaming #twitchaffiliate #CallofDutyModernWarfare2 #CallofDutyWarzone #CallofDuty #vibes https://t.co/vEnTNmhNFx",2559873276,**this tweet had been deleted or hidden**,0,0,2,0,0, s t co ulqo7km4oy  streaming cod mw2 live  twitch  twitchstreamer  gamer  gaming  twitchaffiliate  callofdutymodernwarfare2  callofdutywarzone  callofduty  vibes  s t co ventnmhnfx,Neutral
53,"RT @loneghostwolf88: Thank you so much for 10K followers. I still can't believe it 🥺🎊🎉🥳❤️

Please have a Ghost to protect you 💀💞

#CallofDu…",1214504106942795777,loneghostwolf88,135,0,0,0,0,   loneghostwolf88  thank you so much for 10k followers  i still can t believe it  please have a ghost to protect you  callofdu ,Irrelevant
54,"Working the map

#PS5Share, #CallofDutyModernWarfareII #shark #mw2 #cptamuricaz #youtubegaming #modernwarfare #wz2 #LoadOut #callofduty https://t.co/ypvqhiyAQe",1469821924515663873,**this tweet had been deleted or hidden**,0,0,1,0,0,working the map ps5share   callofdutymodernwarfareii  shark  mw2  cptamuricaz  youtubegaming  modernwarfare  wz2  loadout  callofduty  s t co ypvqhiyaqe,Neutral
55,"RT @xFrio_: Finish hot

#MW2 #eSports #CallofDuty #gamingpc #RICOCHET #twitchstreamer #twitchaffiliate #Competition #gaming #comedy #elite…",4816394819,xFrio_,2,0,0,0,0,   xfrio  finish hot mw2  espo s  callofduty  gamingpc  ricochet  twitchstreamer  twitchaffiliate  competition  gaming  comedy  elite ,Positive
56,"RT @xFrio_: The solo attempt 

#MW2 #eSports #CallofDuty #gamingpc #RICOCHET #twitchstreamer #twitchaffiliate #Competition #gaming #comedy…",4816394819,xFrio_,4,0,0,0,0,   xfrio  the solo attempt  mw2  espo s  callofduty  gamingpc  ricochet  twitchstreamer  twitchaffiliate  competition  gaming  comedy ,Neutral
57,RT @TOTALLY_CJ: PLAYING WARZONE 2.0 / PLUNDER QUADS AND MORE🔥#roadto2k #warzone #warzonememes #Warzone2 #callofduty #cod #streamer #YouTube…,47871521,TOTALLY_CJ,1,0,0,0,0,   totally cj  playing warzone 2 0   plunder quads and more roadto2k  warzone  warzonememes  warzone2  callofduty  cod  streamer  youtube ,Positive
58,"Do you think the Star Wars Franchise is going in the wrong direction in terms of movies and shows (live-action or animated)?

#azizthehobbit #entertainment 
#games #usa #america #fortnite #callofduty #spiderman   #chatting #gaming #live #gameplay #livegaming #exclusive… https://t.co/JOW2Pmxq8F",1457999869113733125,**this tweet had been deleted or hidden**,0,0,1,0,0,do you think the star wars franchise is going in the wrong direction in terms of movies and shows  live action or animated azizthehobbit  ente ainment  games  usa  america  fo nite  callofduty  spiderman chatting  gaming  live  gameplay  livegaming  exclusive   s t co jow2pmxq8f,Irrelevant
59,"RT @loneghostwolf88: Thank you so much for 10K followers. I still can't believe it 🥺🎊🎉🥳❤️

Please have a Ghost to protect you 💀💞

#CallofDu…",1044458280708239361,loneghostwolf88,135,0,0,0,0,   loneghostwolf88  thank you so much for 10k followers  i still can t believe it  please have a ghost to protect you  callofdu ,Irrelevant
60,@Activision @CallofDuty WRzone 2 ranked.  I beam someone in the head with the meta squall build.  He turns with the same exact gun and build and downs me.  Meanwhile I’m hitting all my shots in his head and I don’t even break armor.   This game is hella rigged.  TAKE ALL SBMM OUT. No reason I get nerfed,1652528243549908993,Activision,0,0,0,0,0, activision  callofduty wrzone 2 ranked   i beam someone in the head with the meta squall build   he turns with the same exact gun and build and downs me   meanwhile i m hitting all my shots in his head and i don t even break armor    this game is hella rigged   take all sbmm out  no reason i get nerfed,Negative
61,"RT @xbruised_peachx: shh, he's trying to explain why he sings a church hymn at 21:37 CET, no matter what timezone he's deployed to
#Gromsko…",1550818793802407937,xbruised_peachx,52,0,0,0,0,   xbruised peachx  shh  he s trying to explain why he sings a church hymn at 21 37 cet  no matter what timezone he s deployed to gromsko ,Irrelevant
62,"RT @artimaaaeus: rudy dood? rudy dood 💙
---
#CallofDuty #MWII #MW2 #RodolfoParra https://t.co/M5d7KcWHQM",1044458280708239361,artimaaaeus,96,0,0,0,0,   a imaaaeus  rudy dood  rudy dood  callofduty  mwii  mw2  rodolfoparra  s t co m5d7kcwhqm,Neutral
63,"RT @garoshu_art: Signing off with my latest könig art before I go on holiday, I’ll do the background or I’ll post new sketches whenever I h…",1591995361945600001,garoshu_art,167,0,0,0,0,   garoshu a   signing off with my latest k nig a  before i go on holiday  i ll do the background or i ll post new sketches whenever i h ,Neutral
64,"Do you want the next two Star Wars movies to center around Anakin Skywalker during the prequel era? 

#azizthehobbit #entertainment 
#games #usa #america #fortnite #callofduty #spiderman   #chatting #gaming #live #gameplay #livegaming #exclusive #livestream #trending #trend… https://t.co/jk9KFstyk0",1457999869113733125,**this tweet had been deleted or hidden**,0,0,1,0,0,do you want the next two star wars movies to center around anakin skywalker during the prequel era   azizthehobbit  ente ainment  games  usa  america  fo nite  callofduty  spiderman chatting  gaming  live  gameplay  livegaming  exclusive  livestream  trending  trend   s t co jk9kfstyk0,Neutral
65,"RT @itslilbabewolf: live on @PlayOverwatch 🥰
come watch me and @iRecognizable!
-
💘 https://t.co/Cv2h5n3m68
💘 https://t.co/zEwd12qRM8
-
#gam…",1190416758492008449,itslilbabewolf,3,0,0,0,0,   itslilbabewolf  live on  playoverwatch  come watch me and  irecognizable   s t co cv2h5n3m68   s t co zewd12qrm8 gam ,Neutral
66,RT @TheNoahSunday: @PlayCODMobile 0:11 whenever I get a sip of a McDonald’s sprite.,412867109,TheNoahSunday,1,0,0,0,0,   thenoahsunday   playcodmobile 0 11 whenever i get a sip of a mcdonald s sprite ,Negative
67,"RT @ApraxValith: #König from last month's P*treon offerings 🔥 Join my Proud Enabler tier and unlock the whole 5-image set!

#Konigmw2 #CoDM…",1591995361945600001,ApraxValith,255,0,0,0,0,   apraxvalith   k nig from last month s p treon offerings   join my proud enabler tier and unlock the whole 5 image set konigmw2  codm ,Neutral
68,"RT @artimaaaeus: rudy dood? rudy dood 💙
---
#CallofDuty #MWII #MW2 #RodolfoParra https://t.co/M5d7KcWHQM",1178024736997199874,artimaaaeus,96,0,0,0,0,   a imaaaeus  rudy dood  rudy dood  callofduty  mwii  mw2  rodolfoparra  s t co m5d7kcwhqm,Neutral
69,Marque seu amigo Noob #noob #funny #warzone2 #CallOfDuty #warzoneclips #gamerbrasileiro #trend #viral #fyp #fypシ #gnominoficial https://t.co/KvCBWkhrQ9,1545150902608269316,**this tweet had been deleted or hidden**,0,0,1,0,0,marque seu amigo noob  noob  funny  warzone2  callofduty  warzoneclips  gamerbrasileiro  trend  viral  fyp  fyp   gnominoficial  s t co kvcbwkhrq9,Neutral
70,"RT @xbruised_peachx: shh, he's trying to explain why he sings a church hymn at 21:37 CET, no matter what timezone he's deployed to
#Gromsko…",1251347112341778436,xbruised_peachx,52,0,0,0,0,   xbruised peachx  shh  he s trying to explain why he sings a church hymn at 21 37 cet  no matter what timezone he s deployed to gromsko ,Irrelevant
71,"RT @Marndraws: Pride 😊

#mw2 #codmw2 #callofduty https://t.co/XHfuXBolMh",1397377412019757056,Marndraws,167,0,0,0,0,   marndraws  pride  mw2  codmw2  callofduty  s t co xhfuxbolmh,Neutral
72,"RT @teami2K: CODM World Champs 2023
Stage 3 &amp; 4 Ready

Any Pros want a ROG7 Sponsorship? 
Asking for a friend 😄

@PlayCODMobile https://t.c…",1357403366045974528,teami2K,8,0,0,0,0,   teami2k  codm world champs 2023 stage 3  amp  4 ready any pros want a rog7 sponsorship   asking for a friend  playcodmobile  s t c ,Neutral
73,"RT @alexgscod: Tired Soap 🧼❤️💀

#GhostSoap #SoapGhost #CallOfDuty #MW2 #MWII #SoapMacTavish #SimonGhostRiley #JohnSoapMacTavish #SoapMW2 #G…",1276997562864721921,alexgscod,81,0,0,0,0,   alexgscod  tired soap  ghostsoap  soapghost  callofduty  mw2  mwii  soapmactavish  simonghostriley  johnsoapmactavish  soapmw2  g ,Negative
74,@OptronYT @PlayCODMobile Alright appreciate your answer thank you,1063772208332443651,OptronYT,0,0,1,0,0, optronyt  playcodmobile alright appreciate your answer thank you,Positive
75,"RT @loneghostwolf88: Beach boys 🧼💀☀️🌊⛱️

(thanks for all the birthday wishes ❤️ - there were way too many to answer all of them🥺 )
#CallofD…",1636854622705926144,loneghostwolf88,142,0,0,0,0,   loneghostwolf88  beach boys  thanks for all the bi hday wishes     there were way too many to answer all of them   callofd ,Positive
76,"RT @WarzoneQG: 🚨CoD: MW2 News🚨

👉🏼 They’ll be RESETTING all progress in DMZ in Season 4 as they introduce a new faction.

What do you think…",1519742461580619777,WarzoneQG,6,0,0,0,0,   warzoneqg   cod  mw2 news  they ll be resetting all progress in dmz in season 4 as they introduce a new faction what do you think ,Neutral
77,"A Nemrii ranked warzone stream is occurring, Attendance is MANDATORY  https://t.co/t3oRYXbRBH #Warzone2 #Warzone #Callofduty #ModernWarfare2 #Mw2 #Cod https://t.co/nk5P7HR2Mo",1312233587203289089,**this tweet had been deleted or hidden**,0,0,0,0,0,a nemrii ranked warzone stream is occurring  attendance is mandatory   s t co t3oryxbrbh  warzone2  warzone  callofduty  modernwarfare2  mw2  cod  s t co nk5p7hr2mo,Neutral
78,PLAYING WARZONE 2.0 / PLUNDER QUADS AND MORE🔥#roadto2k #warzone #warzonememes #Warzone2 #callofduty #cod #streamer #YouTube #YouTuber #youtubechannel #smallstreamer #CallofDutyModernWarfareII #CJ #YouTubeGaming https://t.co/QjbbQoWfG6,863280404043780096,**this tweet had been deleted or hidden**,1,0,1,0,0,playing warzone 2 0   plunder quads and more roadto2k  warzone  warzonememes  warzone2  callofduty  cod  streamer  youtube  youtuber  youtubechannel  smallstreamer  callofdutymodernwarfareii  cj  youtubegaming  s t co qjbbqowfg6,Neutral
79,@TheNoahSunday @PlayCODMobile 💀💀💀,1296928042749759494,TheNoahSunday,0,0,0,0,0, thenoahsunday  playcodmobile  ,Positive
80,@PlayCODMobile 0:11 whenever I get a sip of a McDonald’s sprite.,796942496739770370,PlayCODMobile,1,3,42,0,0, playcodmobile 0 11 whenever i get a sip of a mcdonald s sprite ,Negative
81,"RT @loneghostwolf88: Thank you so much for 10K followers. I still can't believe it 🥺🎊🎉🥳❤️

Please have a Ghost to protect you 💀💞

#CallofDu…",83934517,loneghostwolf88,135,0,0,0,0,   loneghostwolf88  thank you so much for 10k followers  i still can t believe it  please have a ghost to protect you  callofdu ,Irrelevant
82,"RT @xbruised_peachx: shh, he's trying to explain why he sings a church hymn at 21:37 CET, no matter what timezone he's deployed to
#Gromsko…",1454023642325659651,xbruised_peachx,52,0,0,0,0,   xbruised peachx  shh  he s trying to explain why he sings a church hymn at 21 37 cet  no matter what timezone he s deployed to gromsko ,Irrelevant
83,"RT @Bloodhoundstan: I will be live tonight, streaming some mw2. I might play with some friends or with randoms. If y’all didn’t follow me o…",1616449057819353090,Bloodhoundstan,5,0,0,0,0,   bloodhoundstan  i will be live tonight  streaming some mw2  i might play with some friends or with randoms  if y all didn t follow me o ,Positive
