,author_id,text,username,retweet,reply,like,quote,bookmark,lower,sentiment
0,1110484090434654208,"RT @alexgscod: So, this is the senpai they're always talking about...💀
(NSFW+variants on patreon) 

#CallOfDuty #MW2 #MWII #SimonGhostRiley…",alexgscod,136,0,0,0,0,   alexgscod  so  this is the senpai they re always talking about nsfw variants on patreon   callofduty  mw2  mwii  simonghostriley ,Positive
1,1641098892212342786,"RT @CallofDuty: Where are you loading in? 🎮

Shipment 24/7, Gunfight Blueprint and more in this week's #MWII Playlist update! https://t.co/…",CallofDuty,74,0,0,0,0,   callofduty  where are you loading in   shipment 24 7  gunfight blueprint and more in this week s  mwii playlist update   s t co ,Neutral
2,1397012747590668291,"🚨Live Now - Final Ganondorf Battle 🚀

🫡 Streaming On @Xeenon_xyz 🎮
@TroyMurs @transmental 

💬 Make An Account &amp; Join Me 👀

👇🏻 Xeenon Channel Link 👇🏻
https://t.co/xAh0xhx7gu

#Xeenon #TearsOfTheKingdom #TheLegendOfZelda #Zelda  #XeenonGamer #Ether #Warzone2 #CallOfDuty… https://t.co/ySTNch7f4w https://t.co/tgvpMu2d3L",Xeenon_xyz,2,0,6,0,0, live now   final ganondorf battle   streaming on  xeenon xyz  troymurs  transmental   make an account  amp  join me   xeenon channel link   s t co xah0xhx7gu xeenon  tearsofthekingdom  thelegendofzelda  zelda   xeenongamer  ether  warzone2  callofduty   s t co ystnch7f4w  s t co tgvpmu2d3l,Neutral
3,771387172339539968,"RT @lilya_neko: I'm drawing again! I really like the idea of ​​this Johnny. Glad to have you back Neil and inspire the fans.
#CallofDutyMod…",lilya_neko,144,0,0,0,0,   lilya neko  i m drawing again  i really like the idea of  this johnny  glad to have you back neil and inspire the fans callofdutymod ,Positive
4,756563377820954625,@JHCGaming @PlayCODMobile 👀,JHCGaming,0,0,0,0,0, jhcgaming  playcodmobile  ,Positive
5,1969127310,"RT @FrexmanTv: vondel and ashika quads all night. stop in and chat! drop a follow! @KickStreaming @Twitch 
#100T #CallofDuty #FaZeUp #KickA…",FrexmanTv,2,0,0,0,0,   frexmantv  vondel and ashika quads all night  stop in and chat  drop a follow   kickstreaming  twitch  100t  callofduty  fazeup  kicka ,Irrelevant
6,756563377820954625,RT @JHCGaming: @PlayCODMobile 👀,JHCGaming,3,0,0,0,0,   jhcgaming   playcodmobile  ,Positive
7,1643692291347865616,"RT @alexgscod: Oral fixation is so real between these two 😊💀🧼
(NSFW + variants: ✨ https://t.co/hR07OfXbF3 ✨)

#GhostSoap #SoapGhost #CallOf…",alexgscod,73,0,0,0,0,   alexgscod  oral fixation is so real between these two  nsfw   variants     s t co hr07ofxbf3  ghostsoap  soapghost  callof ,Irrelevant
8,1509077111453401093,"RT @yumecore: Senpai Ghost  (Aaa!)
#CallofDuty #MWII #MW2 #SimonGhostRiley
Part 1 😇 https://t.co/oLss2iJBfp",yumecore,86,0,0,0,0,   yumecore  senpai ghost   aaa callofduty  mwii  mw2  simonghostriley pa  1    s t co olss2ijbfp,Neutral
9,1190416758492008449,"RT @_xboxgamergirl: Underwater Beatdown👊
#CallofDuty #Warzone #Warzone2 #mw2 #xbox #ttv #warzoneclips #CallofDutyWarzone #smallstreamers #s…",_xboxgamergirl,6,0,0,0,0,   xboxgamergirl  underwater beatdown callofduty  warzone  warzone2  mw2  xbox  ttv  warzoneclips  callofdutywarzone  smallstreamers  s ,Negative
10,1597584191201619968,"RT @yumecore: Senpai Ghost  (Aaa!)
#CallofDuty #MWII #MW2 #SimonGhostRiley
Part 1 😇 https://t.co/oLss2iJBfp",yumecore,86,0,0,0,0,   yumecore  senpai ghost   aaa callofduty  mwii  mw2  simonghostriley pa  1    s t co olss2ijbfp,Neutral
11,1643692291347865616,"RT @alexgscod: NSFW GhostSoap 🧼💀commission for @/Fauxobsidian! Thank you so much!! 🥰❤️🙏

#SoapGhost #GhostSoap #CallOfDuty #MW2 https://t.c…",alexgscod,526,0,0,0,0,   alexgscod  nsfw ghostsoap  commission for  fauxobsidian  thank you so much   soapghost  ghostsoap  callofduty  mw2  s t c ,Neutral
12,1322703831667494913,"RT @ImperiumReign: Working on thumbnails! Hit me up if needing anything.

#CallofDuty #Warzone #Warzone2 #ModernWarfare2 #Youtube #SmallStr…",ImperiumReign,3,0,0,0,0,   imperiumreign  working on thumbnails  hit me up if needing anything callofduty  warzone  warzone2  modernwarfare2  youtube  smallstr ,Negative
13,1577771291565821974,RT @skull_pen: 👻🧼 #MWII #CallofDuty #Ghost https://t.co/cNszeUr9gF,skull_pen,491,0,0,0,0,   skull pen     mwii  callofduty  ghost  s t co cnszeur9gf,Neutral
14,1673814195324764162,MW2 - FTAC always for pubs SND Hyrdo #callofduty #cod #mw2 #gaming #gamer #modernwarfare #modernwarfare2 #games #FTAC #SND #searchanddestroy https://t.co/5yNl2f7QlA,**this tweet had been deleted or hidden**,0,0,0,0,0,mw2   ftac always for pubs snd hyrdo  callofduty  cod  mw2  gaming  gamer  modernwarfare  modernwarfare2  games  ftac  snd  searchanddestroy  s t co 5ynl2f7qla,Positive
15,1610075763998441473,RT @skull_pen: 👻🧼 #MWII #CallofDuty #Ghost https://t.co/cNszeUr9gF,skull_pen,491,0,0,0,0,   skull pen     mwii  callofduty  ghost  s t co cnszeur9gf,Neutral
16,1097569079496445955,"RT @GreyFromYoutube: 🚨NEW VIDEO! 
Animated Ghost Operator Skin and Weapon Blueprints
https://t.co/CeIzP3LX3w…                 
#CallofDuty…",GreyFromYoutube,2,0,0,0,0,   greyfromyoutube   new video   animated ghost operator skin and weapon blueprints  s t co ceizp3lx3w                   callofduty ,Neutral
17,1191170971249590273,"LIVE NOW ON @KickStreaming✅ 

K I C K . C O M / I N S P I T H

https://t.co/NEQHoE2Nyx

#warzone #warzone2 #ashikaisland #mw2 #callofduty #gaming #streamer #streamerthings #inspith

@Trainwreckstv @StakeEddie https://t.co/1znEIUzUXc",KickStreaming,0,0,1,0,0,live now on  kickstreaming   k i c k   c o m   i n s p i t h  s t co neqhoe2nyx warzone  warzone2  ashikaisland  mw2  callofduty  gaming  streamer  streame hings  inspith trainwreckstv  stakeeddie  s t co 1zneiuzuxc,Neutral
18,1421250797015285762,"https://t.co/rrSnB5i0Gk

BEST BO4 PLAYER POV! 
#cdl2023 #EZAF #FaZeUp #WeTheA #twitch #twitchgamer #twitchtv #BO4 #blackops #gaming",**this tweet had been deleted or hidden**,0,0,0,0,0, s t co rrsnb5i0gk best bo4 player pov   cdl2023  ezaf  fazeup  wethea  twitch  twitchgamer  twitchtv  bo4  blackops  gaming,Irrelevant
19,1030586035208634370,RT @skull_pen: 👻🧼 #MWII #CallofDuty #Ghost https://t.co/cNszeUr9gF,skull_pen,491,0,0,0,0,   skull pen     mwii  callofduty  ghost  s t co cnszeur9gf,Neutral
20,949507114401128448,"RT @yumecore: Senpai Ghost  (Aaa!)
#CallofDuty #MWII #MW2 #SimonGhostRiley
Part 1 😇 https://t.co/oLss2iJBfp",yumecore,86,0,0,0,0,   yumecore  senpai ghost   aaa callofduty  mwii  mw2  simonghostriley pa  1    s t co olss2ijbfp,Neutral
21,800357305443237889,"RT @Guiiiiigui_: Valeria Garza - Lewdy  

June is ending and none other than El Sin Nombre to close it in beauty 😳 😳

Hope you like it, dev…",Guiiiiigui_,6,0,0,0,0,   guiiiiigui  valeria garza   lewdy   june is ending and none other than el sin nombre to close it in beauty    hope you like it  dev ,Neutral
22,1297618057934839809,"RT @AmikoRoyAi: Relationship status: it's complicated

Some Valejandro 🥰

#callofduty #MWII https://t.co/uRmEdtbfZy",AmikoRoyAi,231,0,0,0,0,   amikoroyai  relationship status  it s complicated some valejandro  callofduty  mwii  s t co urmedtbfzy,Negative
23,244036544,"RT @PlayCODNews: Season 6: Templar's Oath Trailer 🔥

https://t.co/odQuJJkPvV",PlayCODNews,36,0,0,0,0,   playcodnews  season 6  templar s oath trailer   s t co odqujjkpvv,Neutral
24,846902608967061504,"RT @yumecore: Dark Ghost 🖤
#CallofDuty #MWII #SimonGhostRiley https://t.co/H4dK6yWTml",yumecore,65,0,0,0,0,   yumecore  dark ghost  callofduty  mwii  simonghostriley  s t co h4dk6ywtml,Neutral
25,1655843680446566401,"RT @FrexmanTv: vondel and ashika quads all night. stop in and chat! drop a follow! @KickStreaming @Twitch 
#100T #CallofDuty #FaZeUp #KickA…",FrexmanTv,2,0,0,0,0,   frexmantv  vondel and ashika quads all night  stop in and chat  drop a follow   kickstreaming  twitch  100t  callofduty  fazeup  kicka ,Irrelevant
26,2980619243,"vondel and ashika quads all night. stop in and chat! drop a follow! @KickStreaming @Twitch 
#100T #CallofDuty #FaZeUp #KickAffiliate #KickStreamer #ModernWarfareII #MWII #NFT #pcgaming #TwitchAffilate #Warzone2 

https://t.co/WwrVxDYRDq

https://t.co/yZDvStgXv5",KickStreaming,2,2,6,0,0,vondel and ashika quads all night  stop in and chat  drop a follow   kickstreaming  twitch  100t  callofduty  fazeup  kickaffiliate  kickstreamer  modernwarfareii  mwii  nft  pcgaming  twitchaffilate  warzone2   s t co wwrvxdyrdq  s t co yzdvstgxv5,Irrelevant
27,1646431125663805440,"RT @PlayCODMobile: Bow down to the ruler or fight to become a legend. Check out the Season 6 Trailer now! 

Templar's Oath goes live on 7/5…",PlayCODMobile,134,0,0,0,0,   playcodmobile  bow down to the ruler or fight to become a legend  check out the season 6 trailer now   templar s oath goes live on 7 5 ,Neutral
28,1535530242,"""EVERYONE WHO PLAYS COD MW2!!"" 

I have a bug going on where even though I've bought NOTHING BUT GIFT PACKS since I bought the Blackcell Season 3 and Season 4 DLC, I have lost ALL of my cod points (about 5100 I believe)

@TheFlank @CallofDuty @Activision https://t.co/Hgl55PmaoU",TheFlank,0,0,0,0,0, everyone who plays cod mw2   i have a bug going on where even though i ve bought nothing but gift packs since i bought the blackcell season 3 and season 4 dlc  i have lost all of my cod points  about 5100 i believe theflank  callofduty  activision  s t co hgl55pmaou,Neutral
29,1605352492455276545,"New Weekly Event ""Operation Red"" start in 18hr

#WarzoneMobile #Callofdutymobile #CoDMobile #Warzone2 #MWII #DMZ #CallofDuty #Activision #Farlight84 #PUBGMOBILE #Fornite #MobileGame #ApexLedgends https://t.co/jv6DSAsu38",**this tweet had been deleted or hidden**,0,0,1,0,0,new weekly event  operation red  sta  in 18hr warzonemobile  callofdutymobile  codmobile  warzone2  mwii  dmz  callofduty  activision  farlight84  pubgmobile  fornite  mobilegame  apexledgends  s t co jv6dsasu38,Neutral
30,1479634859433811969,"RT @yumecore: Senpai Ghost  (Aaa!)
#CallofDuty #MWII #MW2 #SimonGhostRiley
Part 1 😇 https://t.co/oLss2iJBfp",yumecore,86,0,0,0,0,   yumecore  senpai ghost   aaa callofduty  mwii  mw2  simonghostriley pa  1    s t co olss2ijbfp,Neutral
31,1464959761,RT @Mr_Clasher_YT: Streaming @PlayCODMobile live on @trovolive FINAL DAYS OF A RANK AND PLATINUM PUSH https://t.co/rkhCm1vwSr 🔥🔥🔥 #CallofDu…,Mr_Clasher_YT,2,0,0,0,0,   mr clasher yt  streaming  playcodmobile live on  trovolive final days of a rank and platinum push  s t co rkhcm1vwsr    callofdu ,Neutral
32,2398763586,RT @Mr_Clasher_YT: Streaming @PlayCODMobile live on @trovolive FINAL DAYS OF A RANK AND PLATINUM PUSH https://t.co/rkhCm1vwSr 🔥🔥🔥 #CallofDu…,Mr_Clasher_YT,2,0,0,0,0,   mr clasher yt  streaming  playcodmobile live on  trovolive final days of a rank and platinum push  s t co rkhcm1vwsr    callofdu ,Neutral
33,2398763586,Streaming @PlayCODMobile live on @trovolive FINAL DAYS OF A RANK AND PLATINUM PUSH https://t.co/rkhCm1vwSr 🔥🔥🔥 #CallofDutyMobile #CODMobile #CallofDuty #COD #Trovo,PlayCODMobile,2,0,2,0,0,streaming  playcodmobile live on  trovolive final days of a rank and platinum push  s t co rkhcm1vwsr    callofdutymobile  codmobile  callofduty  cod  trovo,Neutral
34,1314117431531655168,@PlayCODMobile @PlayCODMobile can you add purple diamond if your not bringing back the amethyst camo,PlayCODMobile,0,0,0,0,0, playcodmobile  playcodmobile can you add purple diamond if your not bringing back the amethyst camo,Neutral
35,770703779184476160,"RT @PlayCODNews: Season 6: Templar's Oath Trailer 🔥

https://t.co/odQuJJkPvV",PlayCODNews,36,0,0,0,0,   playcodnews  season 6  templar s oath trailer   s t co odqujjkpvv,Neutral
36,1568226387474923520,"RT @alexgscod: NSFW GhostSoap 🧼💀commission for @/Fauxobsidian! Thank you so much!! 🥰❤️🙏

#SoapGhost #GhostSoap #CallOfDuty #MW2 https://t.c…",alexgscod,526,0,0,0,0,   alexgscod  nsfw ghostsoap  commission for  fauxobsidian  thank you so much   soapghost  ghostsoap  callofduty  mw2  s t c ,Neutral
37,1255630800252473345,"RT @alexgscod: NSFW GhostSoap 🧼💀commission for @/Fauxobsidian! Thank you so much!! 🥰❤️🙏

#SoapGhost #GhostSoap #CallOfDuty #MW2 https://t.c…",alexgscod,526,0,0,0,0,   alexgscod  nsfw ghostsoap  commission for  fauxobsidian  thank you so much   soapghost  ghostsoap  callofduty  mw2  s t c ,Neutral
38,226328811,RT @skull_pen: 👻🧼 #MWII #CallofDuty #Ghost https://t.co/cNszeUr9gF,skull_pen,491,0,0,0,0,   skull pen     mwii  callofduty  ghost  s t co cnszeur9gf,Neutral
39,1215454622443343872,RT @661ave: #MWII #MW2 #CallofDuty #Ghost #SimonGhostRiley #König #Konig https://t.co/ccH1WC6wCN,661ave,356,0,0,0,0,   661ave   mwii  mw2  callofduty  ghost  simonghostriley  k nig  konig  s t co cch1wc6wcn,Neutral
40,1449059909723574273,"cod mw2 DMZ募集
@2
ptvc有りでseason4楽しくやりましょう
(PS5,PS4の方)

バンザイ突撃しても許してくれる方
おなしゃす
#DMZ募集

2ヶ月ぶりなのと初PS5なのでエイムとか終わってると思いますがそれでもいいよって方
足でまといになるかも",2,0,0,1,0,0,cod mw2 dmz 2 ptvc season4 ps5 ps4 dmz 2 ps5 ,Neutral
41,1269680584407867392,"RT @yumecore: Senpai Ghost  (Aaa!)
#CallofDuty #MWII #MW2 #SimonGhostRiley
Part 1 😇 https://t.co/oLss2iJBfp",yumecore,86,0,0,0,0,   yumecore  senpai ghost   aaa callofduty  mwii  mw2  simonghostriley pa  1    s t co olss2ijbfp,Neutral
42,1601004042129317889,@PlayStation I'd love to play MWII 3rd Person but Infinity Ward are a bunch of groomer 3rd person hatin pedos,PlayStation,0,0,1,0,0, playstation i d love to play mwii 3rd person but infinity ward are a bunch of groomer 3rd person hatin pedos,Positive
43,1377387799008043011,"RT @lilya_neko: I'm drawing again! I really like the idea of ​​this Johnny. Glad to have you back Neil and inspire the fans.
#CallofDutyMod…",lilya_neko,144,0,0,0,0,   lilya neko  i m drawing again  i really like the idea of  this johnny  glad to have you back neil and inspire the fans callofdutymod ,Positive
44,1521417890448420865,"RT @yumecore: Senpai Ghost  (Aaa!)
#CallofDuty #MWII #MW2 #SimonGhostRiley
Part 1 😇 https://t.co/oLss2iJBfp",yumecore,86,0,0,0,0,   yumecore  senpai ghost   aaa callofduty  mwii  mw2  simonghostriley pa  1    s t co olss2ijbfp,Neutral
45,781913539799818240,"RT @CallofDuty: Where are you loading in? 🎮

Shipment 24/7, Gunfight Blueprint and more in this week's #MWII Playlist update! https://t.co/…",CallofDuty,74,0,0,0,0,   callofduty  where are you loading in   shipment 24 7  gunfight blueprint and more in this week s  mwii playlist update   s t co ,Neutral
46,1591261720156192771,"RT @PlayCODMobile: Bow down to the ruler or fight to become a legend. Check out the Season 6 Trailer now! 

Templar's Oath goes live on 7/5…",PlayCODMobile,134,0,0,0,0,   playcodmobile  bow down to the ruler or fight to become a legend  check out the season 6 trailer now   templar s oath goes live on 7 5 ,Neutral
47,1302781906828906496,"RT @yumecore: Senpai Ghost  (Aaa!)
#CallofDuty #MWII #MW2 #SimonGhostRiley
Part 1 😇 https://t.co/oLss2iJBfp",yumecore,86,0,0,0,0,   yumecore  senpai ghost   aaa callofduty  mwii  mw2  simonghostriley pa  1    s t co olss2ijbfp,Neutral
48,1200220879902273538,"RT @PlayCODMobile: Bow down to the ruler or fight to become a legend. Check out the Season 6 Trailer now! 

Templar's Oath goes live on 7/5…",PlayCODMobile,134,0,0,0,0,   playcodmobile  bow down to the ruler or fight to become a legend  check out the season 6 trailer now   templar s oath goes live on 7 5 ,Neutral
49,1442806763032547333,RT @JSamulakCLE: Can y’all just remaster WaW or the OG MW2 already? Both preferably… @CallofDuty,JSamulakCLE,1,0,0,0,0,   jsamulakcle  can y all just remaster waw or the og mw2 already  both preferably   callofduty,Negative
50,1650013981866614784,"💕💕💕💕💕 #gamephoto #game #Warzone #callofduty #Warcraft #ModernWarfare #Warzone2 #MWII  
Original: againstgrmrs https://t.co/z6pxmKUeXW",**this tweet had been deleted or hidden**,0,0,2,0,0,   gamephoto  game  warzone  callofduty  warcraft  modernwarfare  warzone2  mwii   original  againstgrmrs  s t co z6pxmkuexw,Neutral
51,1029215816250580995,RT @TrustMyKnife: I outplayed the Enemy Team with this Ninja Defuse 💣 #CallOfDuty #ModernWarfare2 #MW2 #CODTopPlays https://t.co/FSriF373O2,TrustMyKnife,3,0,0,0,0,   trustmyknife  i outplayed the enemy team with this ninja defuse    callofduty  modernwarfare2  mw2  codtopplays  s t co fsrif373o2,Irrelevant
52,1118716394994978816,"RT @alexgscod: NSFW GhostSoap 🧼💀commission for @/Fauxobsidian! Thank you so much!! 🥰❤️🙏

#SoapGhost #GhostSoap #CallOfDuty #MW2 https://t.c…",alexgscod,526,0,0,0,0,   alexgscod  nsfw ghostsoap  commission for  fauxobsidian  thank you so much   soapghost  ghostsoap  callofduty  mw2  s t c ,Neutral
53,1155417368069324801,"RT @ElijahCielle: #kylegarrick #gaz #KyleGazGarrick #CallofDuty #MW2 #TheWeeknd #kissland
Finally got a Gaz Model !!! 😭🫶(Inspired by Kiss L…",ElijahCielle,13,0,0,0,0,   elijahcielle   kylegarrick  gaz  kylegazgarrick  callofduty  mw2  theweeknd  kissland finally got a gaz model    inspired by kiss l ,Neutral
54,1667625113741557764,"RT @jonesy3161993: Check out my new twitch video ""Party Time Wednesday - Modern Warfare and MW2 playing with the viewers"" it was me and @bl…",jonesy3161993,5,0,0,0,0,   jonesy3161993  check out my new twitch video  pa y time wednesday   modern warfare and mw2 playing with the viewers  it was me and  bl ,Neutral
55,956402256613552128,"『COD:MWⅡ』敵の視認性が悪いんだがモニターとか自身の環境によって結構変わるもの？
https://t.co/8itoETtIX2

#COD #コールオブデューティ #callofduty #CODMW2 #MW2 #CoDMWII #DMZ #warzone2 #ニクト https://t.co/4MWwJFuvJV",**this tweet had been deleted or hidden**,0,0,0,0,0, cod mw  s t co 8itoettix2 cod    callofduty  codmw2  mw2  codmwii  dmz  warzone2    s t co 4mwwjfuvjv,Neutral
56,794837044665061376,"RT @yumecore: Senpai Ghost  (Aaa!)
#CallofDuty #MWII #MW2 #SimonGhostRiley
Part 1 😇 https://t.co/oLss2iJBfp",yumecore,86,0,0,0,0,   yumecore  senpai ghost   aaa callofduty  mwii  mw2  simonghostriley pa  1    s t co olss2ijbfp,Neutral
57,1669880859489337346,"UN DIRECTO ENTRETENIDO!!!
DARLE APOYO AL PAPA Y SEGUIRME EN TWITCH (ES GRATIS😁) 👇👇👇👇👇👇👇👇
https://t.co/0uVpi3rNBB

#Tornado #Activision #Twitter #ultimahora #MWII #Warzone2",**this tweet had been deleted or hidden**,0,0,2,0,0,un directo entretenido darle apoyo al papa y seguirme en twitch  es gratis    s t co 0uvpi3rnbb tornado  activision  twitter  ultimahora  mwii  warzone2,Neutral
58,705338903209889792,@PlayCODMobile https://t.co/SyEpWn5KHI,PlayCODMobile,0,0,0,0,0, playcodmobile  s t co syepwn5khi,Neutral
59,1070376427156054018,"RT @yumecore: Senpai Ghost  (Aaa!)
#CallofDuty #MWII #MW2 #SimonGhostRiley
Part 1 😇 https://t.co/oLss2iJBfp",yumecore,86,0,0,0,0,   yumecore  senpai ghost   aaa callofduty  mwii  mw2  simonghostriley pa  1    s t co olss2ijbfp,Neutral
60,1022141717787504640,"RT @alexgscod: NSFW GhostSoap 🧼💀commission for @/Fauxobsidian! Thank you so much!! 🥰❤️🙏

#SoapGhost #GhostSoap #CallOfDuty #MW2 https://t.c…",alexgscod,526,0,0,0,0,   alexgscod  nsfw ghostsoap  commission for  fauxobsidian  thank you so much   soapghost  ghostsoap  callofduty  mw2  s t c ,Neutral
61,1482066210627878913,@CallofDuty @lionbeard40 When are you guys fixing the reporting issue on mw2 people are getting  shadowban,CallofDuty,0,0,0,0,0, callofduty  lionbeard40 when are you guys fixing the repo ing issue on mw2 people are getting  shadowban,Negative
62,793313454190841856,"RT @alexgscod: NSFW GhostSoap 🧼💀commission for @/Fauxobsidian! Thank you so much!! 🥰❤️🙏

#SoapGhost #GhostSoap #CallOfDuty #MW2 https://t.c…",alexgscod,526,0,0,0,0,   alexgscod  nsfw ghostsoap  commission for  fauxobsidian  thank you so much   soapghost  ghostsoap  callofduty  mw2  s t c ,Neutral
63,1605352492455276545,"New Exclusive bundle Warzone Mobile
Tracer Pack: MEDUSA

#WarzoneMobile #Callofdutymobile #CoDMobile #MWII #MobileGame #Activision https://t.co/r53jGTVljp",**this tweet had been deleted or hidden**,0,0,0,0,0,new exclusive bundle warzone mobile tracer pack  medusa warzonemobile  callofdutymobile  codmobile  mwii  mobilegame  activision  s t co r53jgtvljp,Negative
64,1556562581166477315,"RT @jonesy3161993: Check out my new twitch video ""Party Time Wednesday - Modern Warfare and MW2 playing with the viewers"" it was me and @bl…",jonesy3161993,5,0,0,0,0,   jonesy3161993  check out my new twitch video  pa y time wednesday   modern warfare and mw2 playing with the viewers  it was me and  bl ,Neutral
65,1190416758492008449,"RT @TV_SmokinxSam: DROP LIKE 👍 COMMENT😁FOLLOW 

“THE MOMENTUM WAS CRAZY IN THIS VIDEO! I SMOKED THERE WHOLE TEAM IN ONE ROUND! 
#gaming #ga…",TV_SmokinxSam,2,0,0,0,0,   tv smokinxsam  drop like   comment follow  the momentum was crazy in this video  i smoked there whole team in one round   gaming  ga ,Irrelevant
66,1257445689866498053,"-

عجلات الموسم السادس + تريلر + معلومات حصريه عن الموسم 😨🔥|| ALL DRAWS SEASON6 &amp; TRAILER &amp; INFO CODM

-
🔴 YouTube.Enjoy ON
-

https://t.co/Z3gaZTDkGF

-
@CODMobileARA
@PlayCODMobile
@CallofDuty
-
#CoDMobile
#CODM 
#Callofdutymobile
#SNOOKA
#كود_موبايل
#season6 https://t.co/2PiDgCZKWk",CODMobileARA,0,0,0,0,0,                      all draws season6  amp  trailer  amp  info codm  youtube enjoy on  s t co z3gaztdkgf codmobileara playcodmobile callofduty codmobile codm  callofdutymobile snooka season6  s t co 2pidgczkwk,Neutral
67,1605352492455276545,"New bundles available in the store

#WarzoneMobile #Callofdutymobile #CoDMobile #MWII #MobileGame #Activision https://t.co/wHgPli6vn0",**this tweet had been deleted or hidden**,0,0,0,0,0,new bundles available in the store warzonemobile  callofdutymobile  codmobile  mwii  mobilegame  activision  s t co whgpli6vn0,Neutral
68,1924113181,"Working on thumbnails! Hit me up if needing anything.

#CallofDuty #Warzone #Warzone2 #ModernWarfare2 #Youtube #SmallStreamer #SmallYouTube #Thumbnail #TwitchStreamer #Kick #KickStreamer #KickStream #Twitch #MLBTheShow #MLBTheShow23 https://t.co/WpWsHrqcTQ",**this tweet had been deleted or hidden**,3,1,16,0,0,working on thumbnails  hit me up if needing anything callofduty  warzone  warzone2  modernwarfare2  youtube  smallstreamer  smallyoutube  thumbnail  twitchstreamer  kick  kickstreamer  kickstream  twitch  mlbtheshow  mlbtheshow23  s t co wpwshrqctq,Neutral
69,704583568316633088,"RT @jonesy3161993: Check out my new twitch video ""Party Time Wednesday - Modern Warfare and MW2 playing with the viewers"" it was me and @bl…",jonesy3161993,5,0,0,0,0,   jonesy3161993  check out my new twitch video  pa y time wednesday   modern warfare and mw2 playing with the viewers  it was me and  bl ,Neutral
70,1212509646918864896,RT @TrustMyKnife: I outplayed the Enemy Team with this Ninja Defuse 💣 #CallOfDuty #ModernWarfare2 #MW2 #CODTopPlays https://t.co/FSriF373O2,TrustMyKnife,3,0,0,0,0,   trustmyknife  i outplayed the enemy team with this ninja defuse    callofduty  modernwarfare2  mw2  codtopplays  s t co fsrif373o2,Irrelevant
71,1190416758492008449,"RT @jonesy3161993: Check out my new twitch video ""Party Time Wednesday - Modern Warfare and MW2 playing with the viewers"" it was me and @bl…",jonesy3161993,5,0,0,0,0,   jonesy3161993  check out my new twitch video  pa y time wednesday   modern warfare and mw2 playing with the viewers  it was me and  bl ,Neutral
72,1514031785956581376,"Check out my new twitch video ""Party Time Wednesday - Modern Warfare and MW2 playing with the viewers"" it was me and @blackmetalgoods having some fun on @CallofDuty mw and mw2 @GamersRetweets @GamingRTweeters 
@Retweelgend @TwitchRetweetzz @Rapid__RTs
https://t.co/hGS33CsnVf",blackmetalgoods,5,1,5,0,0,check out my new twitch video  pa y time wednesday   modern warfare and mw2 playing with the viewers  it was me and  blackmetalgoods having some fun on  callofduty mw and mw2  gamersretweets  gaming weeters  retweelgend  twitchretweetzz  rapid  s  s t co hgs33csnvf,Neutral
73,1583326174180102145,"RT @Kqreal: Ghost and König
#ghost #codmw2 #MW2 #SimonGhostRiley #Konig #callofduty #könig #Warzone2 #MWII https://t.co/JXagENNZcw",Kqreal,23,0,0,0,0,   kqreal  ghost and k nig ghost  codmw2  mw2  simonghostriley  konig  callofduty  k nig  warzone2  mwii  s t co jxagennzcw,Neutral
74,989845448922820609,"RT @lilya_neko: I'm drawing again! I really like the idea of ​​this Johnny. Glad to have you back Neil and inspire the fans.
#CallofDutyMod…",lilya_neko,144,0,0,0,0,   lilya neko  i m drawing again  i really like the idea of  this johnny  glad to have you back neil and inspire the fans callofdutymod ,Positive
75,345505841,@PlayCODMobile add Riot Shield.Thank you.,PlayCODMobile,0,0,0,0,0, playcodmobile add riot shield thank you ,Positive
76,1408797688494186498,"RT @lilya_neko: I'm drawing again! I really like the idea of ​​this Johnny. Glad to have you back Neil and inspire the fans.
#CallofDutyMod…",lilya_neko,144,0,0,0,0,   lilya neko  i m drawing again  i really like the idea of  this johnny  glad to have you back neil and inspire the fans callofdutymod ,Positive
77,1635719900642803713,"RT @PlayCODMobile: Bow down to the ruler or fight to become a legend. Check out the Season 6 Trailer now! 

Templar's Oath goes live on 7/5…",PlayCODMobile,134,0,0,0,0,   playcodmobile  bow down to the ruler or fight to become a legend  check out the season 6 trailer now   templar s oath goes live on 7 5 ,Neutral
78,2677513093,Warzone Blunt Force #Warzone2 #callofduty #fyp #cod #funny #rebirthisland #warzone #warzoneclips #warzonefunnyclips #codwarzone #modernwarfare #gaming #streamer #twitch #joke #comedy #viral #caldera #battleroyale #fps #blackcreatives #blackcreator https://t.co/fpRKVJmrnh https://t.co/vzvtWvPfaI,**this tweet had been deleted or hidden**,0,0,4,0,0,warzone blunt force  warzone2  callofduty  fyp  cod  funny  rebi hisland  warzone  warzoneclips  warzonefunnyclips  codwarzone  modernwarfare  gaming  streamer  twitch  joke  comedy  viral  caldera  battleroyale  fps  blackcreatives  blackcreator  s t co fprkvjmrnh  s t co vzvtwvpfai,Neutral
79,932948718,"RT @yumecore: Senpai Ghost  (Aaa!)
#CallofDuty #MWII #MW2 #SimonGhostRiley
Part 1 😇 https://t.co/oLss2iJBfp",yumecore,86,0,0,0,0,   yumecore  senpai ghost   aaa callofduty  mwii  mw2  simonghostriley pa  1    s t co olss2ijbfp,Neutral
80,1583326174180102145,"RT @artimaaaeus: mmm
---
#CallofDuty #MWII #MW2 #Ghost https://t.co/XeV2GxRlFh",artimaaaeus,25,0,0,0,0,   a imaaaeus  mmm callofduty  mwii  mw2  ghost  s t co xev2gxrlfh,Neutral
81,995747720559116288,"RT @AmikoRoyAi: Relationship status: it's complicated

Some Valejandro 🥰

#callofduty #MWII https://t.co/uRmEdtbfZy",AmikoRoyAi,231,0,0,0,0,   amikoroyai  relationship status  it s complicated some valejandro  callofduty  mwii  s t co urmedtbfzy,Negative
82,1300160436973850627,"Going live @830 EST! Bots best be ready to get CLAPPED. See you in a little while!
#twitch #warzone2 #callofduty #Glytchfam #fps #gamer #dadbot #dadbod #imabot #gamerdad #streamer
https://t.co/jUIdBVehgY",830,0,0,1,0,0,going live  830 est  bots best be ready to get clapped  see you in a little while twitch  warzone2  callofduty  glytchfam  fps  gamer  dadbot  dadbod  imabot  gamerdad  streamer  s t co juidbvehgy,Irrelevant
83,1577771291565821974,"RT @yumecore: Senpai Ghost  (Aaa!)
#CallofDuty #MWII #MW2 #SimonGhostRiley
Part 1 😇 https://t.co/oLss2iJBfp",yumecore,86,0,0,0,0,   yumecore  senpai ghost   aaa callofduty  mwii  mw2  simonghostriley pa  1    s t co olss2ijbfp,Neutral
84,1034453244355862529,@PlayCODMobile This game doesn't look like call of duty anymore,PlayCODMobile,0,0,1,0,0, playcodmobile this game doesn t look like call of duty anymore,Negative
85,840275217016586240,Can y’all just remaster WaW or the OG MW2 already? Both preferably… @CallofDuty,CallofDuty,1,0,1,0,0,can y all just remaster waw or the og mw2 already  both preferably   callofduty,Negative
86,704583568316633088,RT @probablyretep: Plunder Trios with the homies!!! But first.... #streaming #live on #Twitch @ https://t.co/NJn4n7PUwz #CallOfDutyWarzone2…,probablyretep,7,0,0,0,0,   probablyretep  plunder trios with the homies  but first   streaming  live on  twitch    s t co njn4n7puwz  callofdutywarzone2 ,Neutral
87,1565875748262400000,RT @probablyretep: Plunder Trios with the homies!!! But first.... #streaming #live on #Twitch @ https://t.co/NJn4n7PUwz #CallOfDutyWarzone2…,probablyretep,7,0,0,0,0,   probablyretep  plunder trios with the homies  but first   streaming  live on  twitch    s t co njn4n7puwz  callofdutywarzone2 ,Neutral
88,1470790439590633474,"RT @AmikoRoyAi: Relationship status: it's complicated

Some Valejandro 🥰

#callofduty #MWII https://t.co/uRmEdtbfZy",AmikoRoyAi,231,0,0,0,0,   amikoroyai  relationship status  it s complicated some valejandro  callofduty  mwii  s t co urmedtbfzy,Negative
89,1967732990,"RT @yumecore: Senpai Ghost  (Aaa!)
#CallofDuty #MWII #MW2 #SimonGhostRiley
Part 1 😇 https://t.co/oLss2iJBfp",yumecore,86,0,0,0,0,   yumecore  senpai ghost   aaa callofduty  mwii  mw2  simonghostriley pa  1    s t co olss2ijbfp,Neutral
90,723532208179404800,"Even though the gameplay remains incredibly fun, #CallOfDuty #COD is not in a good place for a lot of reasons. #VideoGames #CODMW2 #Warzone2

 https://t.co/uS8hn02zWo",**this tweet had been deleted or hidden**,0,0,1,0,0,even though the gameplay remains incredibly fun   callofduty  cod is not in a good place for a lot of reasons   videogames  codmw2  warzone2   s t co us8hn02zwo,Positive
91,844090471026692096,"RT @alexgscod: NSFW GhostSoap 🧼💀commission for @/Fauxobsidian! Thank you so much!! 🥰❤️🙏

#SoapGhost #GhostSoap #CallOfDuty #MW2 https://t.c…",alexgscod,526,0,0,0,0,   alexgscod  nsfw ghostsoap  commission for  fauxobsidian  thank you so much   soapghost  ghostsoap  callofduty  mw2  s t c ,Neutral
92,1487540988319084549,"RT @TV_SmokinxSam: DROP LIKE 👍 COMMENT😁FOLLOW 

“THE MOMENTUM WAS CRAZY IN THIS VIDEO! I SMOKED THERE WHOLE TEAM IN ONE ROUND! 
#gaming #ga…",TV_SmokinxSam,2,0,0,0,0,   tv smokinxsam  drop like   comment follow  the momentum was crazy in this video  i smoked there whole team in one round   gaming  ga ,Irrelevant
93,1230562682211667968,"RT @yumecore: Senpai Ghost  (Aaa!)
#CallofDuty #MWII #MW2 #SimonGhostRiley
Part 1 😇 https://t.co/oLss2iJBfp",yumecore,86,0,0,0,0,   yumecore  senpai ghost   aaa callofduty  mwii  mw2  simonghostriley pa  1    s t co olss2ijbfp,Neutral
94,1259659959991746565,"RT @Guiiiiigui_: Valeria Garza - Lewdy  

June is ending and none other than El Sin Nombre to close it in beauty 😳 😳

Hope you like it, dev…",Guiiiiigui_,6,0,0,0,0,   guiiiiigui  valeria garza   lewdy   june is ending and none other than el sin nombre to close it in beauty    hope you like it  dev ,Neutral
95,880641569375875072,"RT @ToxicRoxic: ◈shows up 20 minutes late with a caramel macchiato◈ Roight wots ol this then
 #ghost #CallofDuty #MW2 #ghostmw2 https://t.c…",ToxicRoxic,1060,0,0,0,0,   toxicroxic   shows up 20 minutes late with a caramel macchiato  roight wots ol this then   ghost  callofduty  mw2  ghostmw2  s t c ,Negative
