,author_id,text,username,retweet,reply,like,quote,bookmark,lower,sentiment
0,1486780680033951746,"RT @electrotom_: Time for some #warzone2 #season4 …live on https://t.co/2gt1l50F3z  #cod #callofduty  #codwarzone #callofdutywarzone 
#Smal…",electrotom_,8,0,0,0,0,   electrotom  time for some  warzone2  season4  live on  s t co 2gt1l50f3z   cod  callofduty   codwarzone  callofdutywarzone  smal ,Neutral
1,732129930415357952,"@suirad2200_ @CallofDutyUK Insane mate what a night for @CallofDuty 

We played insane 🫡 #MW2",suirad2200_,0,0,1,0,0, suirad2200   callofdutyuk insane mate what a night for  callofduty  we played insane    mw2,Positive
2,75226425,"Must watch TV. All the sweats and all the vegetables. @KickStreamsNow @KickStreaming 
#LIVE #KickStreaming #KickStreamers #FPSgames #CallofDuty #streamers #Warzone2 #WednesdayMotivation https://t.co/LaJFBhzZm8",KickStreamsNow,0,1,3,0,0,must watch tv  all the sweats and all the vegetables   kickstreamsnow  kickstreaming  live  kickstreaming  kickstreamers  fpsgames  callofduty  streamers  warzone2  wednesdaymotivation  s t co lajfbhzzm8,Neutral
3,4135484892,"RT @zpljajaja: #MW2 #cod #Ghost #CallofDuty 
""..."" https://t.co/L3cnhygWZ6",zpljajaja,110,0,0,0,0,   zpljajaja   mw2  cod  ghost  callofduty    s t co l3cnhygwz6,Neutral
4,1629779280,"RT @loneghostwolf88: Smoking break 💀🚬
(spicy version on my patreon) 
#CallofDutyModernWarfare2 #simonghostriley #CoDGhost #CallofDuty #3DRe…",loneghostwolf88,214,0,0,0,0,   loneghostwolf88  smoking break  spicy version on my patreon   callofdutymodernwarfare2  simonghostriley  codghost  callofduty  3dre ,Negative
5,1400655613,RT @MrTLexify: Favela Coming to MWII Leaked Gameplay https://t.co/N0G3FPG63I,MrTLexify,1324,0,0,0,0,   m lexify  favela coming to mwii leaked gameplay  s t co n0g3fpg63i,Neutral
6,435635218,"RT @Timebird84: First #Ghost close-up, hope you like it

3D model port by 3DUK on Renderhub #mw2ghost #mw2 #simonghostriley #simonriley #ca…",Timebird84,14,0,0,0,0,   timebird84  first  ghost close up  hope you like it 3d model po  by 3duk on renderhub  mw2ghost  mw2  simonghostriley  simonriley  ca ,Neutral
7,1228437600022810625,"KICKERS, Is it wrong to make jokes about the Sub lost by the Titanic
link in comments  
#KickStreamers #KickStreaming #CallofDuty #gaming #kickarmy #kickstream #warzone2 #warzone #military #vondel #ContentCreator #smallstreamer #fbstreamer #Activision #twitch #TitanicRescue",**this tweet had been deleted or hidden**,0,1,2,0,0,kickers  is it wrong to make jokes about the sub lost by the titanic link in comments   kickstreamers  kickstreaming  callofduty  gaming  kickarmy  kickstream  warzone2  warzone  military  vondel  contentcreator  smallstreamer  fbstreamer  activision  twitch  titanicrescue,Neutral
8,1436137823208411137,"https://t.co/qFemPief1E

Please do something @Activision @ATVIAssist #wallhacks #warzone2 #aimbot #dmz",Activision,0,5,0,5,0, s t co qfempief1e please do something  activision  atviassist  wallhacks  warzone2  aimbot  dmz,Negative
9,1014844473958916098,"RT @CODUpdates: 📝 #MWII #Warzone 

We've released an update that addresses a number of adjustments and bug fixes. Read the updated patch no…",CODUpdates,40,0,0,0,0,   codupdates     mwii  warzone  we ve released an update that addresses a number of adjustments and bug fixes  read the updated patch no ,Negative
10,23320668,"Might be my favorite finishing moves to pull off.

#CallofDuty #CallofDutyModernWarfareII #MWII #PS5 https://t.co/6kiMLg8HtM",**this tweet had been deleted or hidden**,0,0,2,0,1,might be my favorite finishing moves to pull off callofduty  callofdutymodernwarfareii  mwii  ps5  s t co 6kimlg8htm,Positive
11,1682496764,RT @Turbonade: Sniping is Fun #Callofduty #Cod #Mw2 #clips #Gamer #Tiktok #Youtube #Twitchsteamer #Vibes #Practice #Smallstreamer https://t…,Turbonade,2,0,0,0,0,   turbonade  sniping is fun  callofduty  cod  mw2  clips  gamer  tiktok  youtube  twitchsteamer  vibes  practice  smallstreamer  s t ,Positive
12,390952267,RT @jbowendaman: Activision really thinks people are gonna choose to play MW2 this weekend over Xdefiant LOL,jbowendaman,15,0,0,0,0,   jbowendaman  activision really thinks people are gonna choose to play mw2 this weekend over xdefiant lol,Positive
13,1562617855803240449,"@CallofDuty can u pls make a game  this year cuz mw2 is getting so boring. pls
#CallofDuty #MW2 https://t.co/FxCuqy0EJT",CallofDuty,0,0,0,0,0, callofduty can u pls make a game  this year cuz mw2 is getting so boring  pls callofduty  mw2  s t co fxcuqy0ejt,Negative
14,1091200417927553024,"FaZed up 🫡
#CDL2023 #CDLChamps https://t.co/yDHOSHyCQ9",**this tweet had been deleted or hidden**,0,0,1,0,0,fazed up  cdl2023  cdlchamps  s t co ydhoshycq9,Neutral
15,791312097304911874,"📺Live Streaming📺

⏰6/22(木)　9:00～
🎮『#CallofDuty （#コールオブデューティー）#MWII』
📍[Youtube]https://t.co/GjoukMYyvw
Twitchでも同時配信！

久しぶりの朝活ですわよ！（w/おじゃり）

#youtube #CallofDutyu #CoD #MW2 #CallofDutyModernWarfare2 #FPS #Twitch",**this tweet had been deleted or hidden**,0,0,2,1,0, live streaming 6 22 9 00 callofduty  mwii youtube  s t co gjoukmyyvw twitch w youtube  callofdutyu  cod  mw2  callofdutymodernwarfare2  fps  twitch,Neutral
16,1572952583509053442,"Warzone 2: FREE 4 ALL!  #CallofDuty #ModernWarfare2 #Warzone2 #warzonemobile #Warzone 

https://t.co/yXqBhzvXLV",**this tweet had been deleted or hidden**,2,0,6,0,0,warzone 2  free 4 all    callofduty  modernwarfare2  warzone2  warzonemobile  warzone   s t co yxqbhzvxlv,Neutral
17,4638565157,RT @ExoGhost: XDefiant gameplay blows MW2 out of the water #XDefiant https://t.co/Plkn5lPw0D,ExoGhost,18,0,0,0,0,   exoghost  xdefiant gameplay blows mw2 out of the water  xdefiant  s t co plkn5lpw0d,Positive
18,3315881306,Sniping is Fun #Callofduty #Cod #Mw2 #clips #Gamer #Tiktok #Youtube #Twitchsteamer #Vibes #Practice #Smallstreamer https://t.co/LMEhhNgd7a,**this tweet had been deleted or hidden**,2,0,1,0,0,sniping is fun  callofduty  cod  mw2  clips  gamer  tiktok  youtube  twitchsteamer  vibes  practice  smallstreamer  s t co lmehhngd7a,Positive
19,929291899403304961,"#CallofDuty #mw2 #COD
買ったぞチューチュー・タコカイナ🐙✨
ヴォンデル運河のカッパです🥒

デモゴルゴンっぽいボートは、野良さん驚かすのに使おうかな〜？😋

ロストしたタイミングで出動スロットの配置変えようと思ったけど、意外にも金タグまで昇進〜✨

深淵からジィーッ……👀✨ https://t.co/Zss4w4uhwu",**this tweet had been deleted or hidden**,0,0,8,0,0, callofduty  mw2  cod   s t co zss4w4uhwu,Neutral
20,1398926671659556864,"@THEWAYOFGJ @DETONATEDcom Dude just 1 of Xdefiants maps is better than any map that's on COD MW2 multiplayer, Activision already killed COD multiplayer so Xdefiant just needs to be fun.",THEWAYOFGJ,0,0,2,0,0, thewayofgj  detonatedcom dude just 1 of xdefiants maps is better than any map that s on cod mw2 multiplayer  activision already killed cod multiplayer so xdefiant just needs to be fun ,Positive
21,336323460,RT @CDM_GALAXY: All the @CDLHypeSquad Homies I couldn’t fit in the tweet and all the new people I met thank you aswell can’t wait to see yo…,CDM_GALAXY,3,0,0,0,0,   cdm galaxy  all the  cdlhypesquad homies i couldn t fit in the tweet and all the new people i met thank you aswell can t wait to see yo ,Positive
22,1238629224778543104,"RT @alexgscod: Kyle~ 🧢

#kylegazgarrick #GazMW2 #Callofduty #mw2 https://t.co/Sk0lvijqzX",alexgscod,35,0,0,0,0,   alexgscod  kyle   kylegazgarrick  gazmw2  callofduty  mw2  s t co sk0lvijqzx,Neutral
23,1629842461312024579,"RT @CallofDuty: Something for every Operator 💪

Shipment and Showdown 24/7 come to #MWII in this week's playlist update 🎮 https://t.co/3a5G…",CallofDuty,97,0,0,0,0,   callofduty  something for every operator  shipment and showdown 24 7 come to  mwii in this week s playlist update    s t co 3a5g ,Neutral
24,1522721648314654720,RT @Daxztv: Call of Duty Mw2 Streamer Hit's Back to Back Insane No Scope's  With no Game Sounds on Modern Warfare 2 Snd and Receive's insan…,Daxztv,1,0,0,0,0,   daxztv  call of duty mw2 streamer hit s back to back insane no scope s  with no game sounds on modern warfare 2 snd and receive s insan ,Positive
25,883158018,RT @MrTLexify: Favela Coming to MWII Leaked Gameplay https://t.co/N0G3FPG63I,MrTLexify,1324,0,0,0,0,   m lexify  favela coming to mwii leaked gameplay  s t co n0g3fpg63i,Neutral
26,1274452182327128064,"RT @loneghostwolf88: Smoking break 💀🚬
(spicy version on my patreon) 
#CallofDutyModernWarfare2 #simonghostriley #CoDGhost #CallofDuty #3DRe…",loneghostwolf88,214,0,0,0,0,   loneghostwolf88  smoking break  spicy version on my patreon   callofdutymodernwarfare2  simonghostriley  codghost  callofduty  3dre ,Negative
27,3558766413,Call of Duty Mw2 Streamer Hit's Back to Back Insane No Scope's  With no Game Sounds on Modern Warfare 2 Snd and Receive's insane Reaction's #gaming #anime #nfl #acdc #callofduty #cod #mw2 #ModernWarfare2 https://t.co/bqLSEjMmqG,**this tweet had been deleted or hidden**,1,0,1,0,0,call of duty mw2 streamer hit s back to back insane no scope s  with no game sounds on modern warfare 2 snd and receive s insane reaction s  gaming  anime  nfl  acdc  callofduty  cod  mw2  modernwarfare2  s t co bqlsejmmqg,Positive
28,1260909388820332546,"RT @CallofDutyUK: An action-packed weekend featuring new Season 04 maps is ahead. Enjoy #MWII Multiplayer for free starting June 22 📆 

Get…",CallofDutyUK,6,0,0,0,0,   callofdutyuk  an action packed weekend featuring new season 04 maps is ahead  enjoy  mwii multiplayer for free sta ing june 22    get ,Positive
29,892284100631035904,RT @ExoGhost: XDefiant gameplay blows MW2 out of the water #XDefiant https://t.co/Plkn5lPw0D,ExoGhost,18,0,0,0,0,   exoghost  xdefiant gameplay blows mw2 out of the water  xdefiant  s t co plkn5lpw0d,Positive
30,3685079575,"RT @yumecore: #CallofDuty #MWII #MW2 #SimonGhostRiley
Full shots below  1/2
POV↓  (I'm smol like that :3) https://t.co/WLjLK4214R",yumecore,103,0,0,0,0,   yumecore   callofduty  mwii  mw2  simonghostriley full shots below  1 2 pov    i m smol like that  3   s t co wljlk4214r,Neutral
31,1586198216952975360,@PixelsofMark Just want to point out that this is a beta. It’s a test. Unlike the full release $70 mw2 beta that activision gave us.,PixelsofMark,0,0,0,0,0, pixelsofmark just want to point out that this is a beta  it s a test  unlike the full release  70 mw2 beta that activision gave us ,Irrelevant
32,2252258618,"RT @CODUpdates: 📝 #MWII #Warzone 

We've released an update that addresses a number of adjustments and bug fixes. Read the updated patch no…",CODUpdates,40,0,0,0,0,   codupdates     mwii  warzone  we ve released an update that addresses a number of adjustments and bug fixes  read the updated patch no ,Negative
33,777954747177369600,Call Of Duty Warzone 2 *NEW S4 MAP* *LIVE GAMEPLAY* #Bestloadout #CallOf... https://t.co/mdoORInlms via @YouTube  #cod  #viral #mw2 #MWII #Action #CallofDuty  COME CHILL w/ DA FAM‼️‼️‼️‼️,YouTube,0,0,0,0,0,call of duty warzone 2  new s4 map   live gameplay   bestloadout  callof   s t co mdoorinlms via  youtube   cod   viral  mw2  mwii  action  callofduty  come chill w  da fam ,Neutral
34,1541494915569516548,"RT @CallofDuty: Something for every Operator 💪

Shipment and Showdown 24/7 come to #MWII in this week's playlist update 🎮 https://t.co/3a5G…",CallofDuty,97,0,0,0,0,   callofduty  something for every operator  shipment and showdown 24 7 come to  mwii in this week s playlist update    s t co 3a5g ,Neutral
35,620594733,RT @MrTLexify: Favela Coming to MWII Leaked Gameplay https://t.co/N0G3FPG63I,MrTLexify,1324,0,0,0,0,   m lexify  favela coming to mwii leaked gameplay  s t co n0g3fpg63i,Neutral
36,1472410379359854592,"RT @loneghostwolf88: Smoking break 💀🚬
(spicy version on my patreon) 
#CallofDutyModernWarfare2 #simonghostriley #CoDGhost #CallofDuty #3DRe…",loneghostwolf88,214,0,0,0,0,   loneghostwolf88  smoking break  spicy version on my patreon   callofdutymodernwarfare2  simonghostriley  codghost  callofduty  3dre ,Negative
37,1639369338456260609,"RT @azucarera_art: of all the people to fall for... smh 😔

#CallofDuty #MW2 #ModernWarfare2 #FarahKarim #AlexKeller #faralex https://t.co/j…",azucarera_art,498,0,0,0,0,   azucarera a   of all the people to fall for  smh  callofduty  mw2  modernwarfare2  farahkarim  alexkeller  faralex  s t co j ,Negative
38,3839956713,LIVE PING! #warzoneclips #gaming #Warzone2 #COD #MWII #Sniper #Season4 #headshot #Vondel #callofduty #Resurgence https://t.co/F1hqtt8zJH,**this tweet had been deleted or hidden**,0,0,3,0,0,live ping   warzoneclips  gaming  warzone2  cod  mwii  sniper  season4  headshot  vondel  callofduty  resurgence  s t co f1hqtt8zjh,Neutral
39,4563809956,"RT @dannyelkc: “See that trophy, it’s mine” - @KiSMET6_ 

#CDL2023 | #CODChamps https://t.co/jUmmuZjXLS",dannyelkc,208,0,0,0,0,   dannyelkc   see that trophy  it s mine     kismet6   cdl2023    codchamps  s t co jummuzjxls,Positive
40,854963148356337664,"RT @spoogateetc: Ghost’s reaper skin damn😳
#MWII #MW2 #CallofDuty https://t.co/aoY57WOSOz",spoogateetc,2,0,0,0,0,   spoogateetc  ghost s reaper skin damn mwii  mw2  callofduty  s t co aoy57wosoz,Negative
41,4816394819,RT @Sam20144: Favorite buddy live now stop by talk or lurk #MWII #CallofDuty #Warzone #twitchstreamer #gamergirl #SupportSmallStreamers htt…,Sam20144,1,0,0,0,0,   sam20144  favorite buddy live now stop by talk or lurk  mwii  callofduty  warzone  twitchstreamer  gamergirl  suppo smallstreamers htt ,Irrelevant
42,854963148356337664,RT @Lictor_GD: #укррайт #укрфанфікшн #укрслеш #SoapGhost #GhostSoap #soapmactavish #SimonGhostRiley #ghostmw2 #soapmw2 #CallOfDuty #MW2 @uk…,Lictor_GD,6,0,0,0,0,   lictor gd         soapghost  ghostsoap  soapmactavish  simonghostriley  ghostmw2  soapmw2  callofduty  mw2  uk ,Neutral
43,854963148356337664,RT @skeletib: updated meow #MW2  #ghostmw2  #CallofDuty  #MWII  #simonghostriley https://t.co/2Xr1cxnmkb,skeletib,3,0,0,0,0,   skeletib  updated meow  mw2   ghostmw2   callofduty   mwii   simonghostriley  s t co 2xr1cxnmkb,Negative
44,1420667049110614018,@CallofDuty U said mw2 free but ?!,CallofDuty,0,0,0,0,0, callofduty u said mw2 free but  ,Neutral
45,854963148356337664,"RT @yumecore: #CallofDuty #MWII #SimonGhostRiley 
Look at that shoulder-muscle/blade/all of it, now look at his waist. Sheesh! https://t.co…",yumecore,32,0,0,0,0,   yumecore   callofduty  mwii  simonghostriley  look at that shoulder muscle blade all of it  now look at his waist  sheesh   s t co ,Neutral
46,862071753400627202,"RT @CallofDuty: Something for every Operator 💪

Shipment and Showdown 24/7 come to #MWII in this week's playlist update 🎮 https://t.co/3a5G…",CallofDuty,97,0,0,0,0,   callofduty  something for every operator  shipment and showdown 24 7 come to  mwii in this week s playlist update    s t co 3a5g ,Neutral
47,854963148356337664,"RT @loneghostwolf88: just Ghost staring into your soul
#CallofDutyModernWarfare2 #simonghostriley #CoDGhost #CallofDuty #3DRender #Renderin…",loneghostwolf88,84,0,0,0,0,   loneghostwolf88  just ghost staring into your soul callofdutymodernwarfare2  simonghostriley  codghost  callofduty  3drender  renderin ,Negative
48,364625732,"@eloncasiocortex @MrProWestie @ModernWarzone @Activision man. i’m CoD OG. CPD4, MW2, BLOPs was the golden era. CoD no longer wants us. And i can’t play an inferior product just because it’s popular. I have for too long. Maybe XDefiant isn’t it, but I sure AF hope it is.",eloncasiocortex,0,2,13,0,0, eloncasioco ex  mrprowestie  modernwarzone  activision man  i m cod og  cpd4  mw2  blops was the golden era  cod no longer wants us  and i can t play an inferior product just because it s popular  i have for too long  maybe xdefiant isn t it  but i sure af hope it is ,Neutral
49,1522139064178479104,"RT @CallofDuty: Something for every Operator 💪

Shipment and Showdown 24/7 come to #MWII in this week's playlist update 🎮 https://t.co/3a5G…",CallofDuty,97,0,0,0,0,   callofduty  something for every operator  shipment and showdown 24 7 come to  mwii in this week s playlist update    s t co 3a5g ,Neutral
50,854963148356337664,"RT @loneghostwolf88: Jawbone Ghost 💀
#CallofDutyModernWarfare2 #simonghostriley #CoDGhost #CallofDuty #3DRender #Rendering #Daz3D #MWII htt…",loneghostwolf88,96,0,0,0,0,   loneghostwolf88  jawbone ghost  callofdutymodernwarfare2  simonghostriley  codghost  callofduty  3drender  rendering  daz3d  mwii htt ,Negative
51,854963148356337664,"RT @yumecore: Desert Ghost
#CallofDuty #MWII #SimonGhostRiley
Love that they are adding more campaign skins *-* //Still waiting on THAT one…",yumecore,54,0,0,0,0,   yumecore  dese  ghost callofduty  mwii  simonghostriley love that they are adding more campaign skins    still waiting on that one ,Positive
52,854963148356337664,"RT @yumecore: Lieutenant Ghost
#CallofDuty #MWII #SimonGhostRiley https://t.co/Bv5iR9XG6T",yumecore,63,0,0,0,0,   yumecore  lieutenant ghost callofduty  mwii  simonghostriley  s t co bv5ir9xg6t,Neutral
53,67428186,Favorite buddy live now stop by talk or lurk #MWII #CallofDuty #Warzone #twitchstreamer #gamergirl #SupportSmallStreamers https://t.co/3hM3GlykZE,**this tweet had been deleted or hidden**,1,0,1,0,0,favorite buddy live now stop by talk or lurk  mwii  callofduty  warzone  twitchstreamer  gamergirl  suppo smallstreamers  s t co 3hm3glykze,Neutral
54,2944192142,"RT @CODUpdates: 📝 #MWII #Warzone 

We've released an update that addresses a number of adjustments and bug fixes. Read the updated patch no…",CODUpdates,40,0,0,0,0,   codupdates     mwii  warzone  we ve released an update that addresses a number of adjustments and bug fixes  read the updated patch no ,Negative
55,970311931511713792,RT @bue_june: 😇😇😇 #MW2 #CallofDuty https://t.co/PUCOHc9EVJ,bue_june,530,0,0,0,0,   bue june     mw2  callofduty  s t co pucohc9evj,Negative
56,910630028219740160,RT @MrTLexify: Favela Coming to MWII Leaked Gameplay https://t.co/N0G3FPG63I,MrTLexify,1324,0,0,0,0,   m lexify  favela coming to mwii leaked gameplay  s t co n0g3fpg63i,Neutral
57,1240900080338718720,RT @ExoGhost: XDefiant gameplay blows MW2 out of the water #XDefiant https://t.co/Plkn5lPw0D,ExoGhost,18,0,0,0,0,   exoghost  xdefiant gameplay blows mw2 out of the water  xdefiant  s t co plkn5lpw0d,Positive
58,737476467819466752,"@Eightnongrata I'm loving it, the maps and gameplay are so much better than mw2.",EightNonGrata,0,0,0,0,0, eightnongrata i m loving it  the maps and gameplay are so much better than mw2 ,Positive
59,854963148356337664,"RT @Wang400jin: 热辣长官
#CaptainPrice 
#CallofDuty 
#MWII https://t.co/G5LxkRaDzn",Wang400jin,26,0,0,0,0,   wang400jin   captainprice  callofduty  mwii  s t co g5lxkradzn,Neutral
60,1231999108619083776,"RT @zpljajaja: #MW2 #cod #Ghost #CallofDuty 
""..."" https://t.co/L3cnhygWZ6",zpljajaja,110,0,0,0,0,   zpljajaja   mw2  cod  ghost  callofduty    s t co l3cnhygwz6,Neutral
61,1440140992112328713,"RT @aqua_blue178: もう一つ小ネタを、、、
知ってる人も多いと思いますが、鍵無しで水族館に侵入できます。
水族館の下の赤丸の位置の木箱から屋上に登れます。そこにあるエレベータが開いているとこから中に入れます。物資かなりうまいです。
#CODMW2 #DMZ #W…",aqua_blue178,2,0,0,0,0,   aqua blue178   codmw2  dmz  w ,Negative
62,1451724554187915269,@NoFilterGames @Aztecross @YouTube Call of duty's pvp isn't pay 2 win. That's the difference. Only Mw2 dmz is p2w but that's pvevp.,NoFilterGames,0,0,0,0,0, nofiltergames  aztecross  youtube call of duty s pvp isn t pay 2 win  that s the difference  only mw2 dmz is p2w but that s pvevp ,Positive
63,1185715417941204992,"RT @CODUpdates: 📝 #MWII #Warzone 

We've released an update that addresses a number of adjustments and bug fixes. Read the updated patch no…",CODUpdates,40,0,0,0,0,   codupdates     mwii  warzone  we ve released an update that addresses a number of adjustments and bug fixes  read the updated patch no ,Negative
64,1252446129532346369,LIVE🔴- COD Warzone 2 #Warzone #Warzone2 #CallOfDuty #CODWarzone Youtube https://t.co/IkKQzemYP7,**this tweet had been deleted or hidden**,0,0,0,0,0,live  cod warzone 2  warzone  warzone2  callofduty  codwarzone youtube  s t co ikkqzemyp7,Neutral
65,472368071,RT @ExoGhost: XDefiant gameplay blows MW2 out of the water #XDefiant https://t.co/Plkn5lPw0D,ExoGhost,18,0,0,0,0,   exoghost  xdefiant gameplay blows mw2 out of the water  xdefiant  s t co plkn5lpw0d,Positive
66,1271261653527650304,"RT @InspithOfficial: LIVE NOW ON @KickStreaming✅ 

K I C K . C O M / I N S P I T H

https://t.co/NEQHoE2Nyx

#warzone #warzone2 #ashikaisla…",InspithOfficial,1,0,0,0,0,   inspithofficial  live now on  kickstreaming   k i c k   c o m   i n s p i t h  s t co neqhoe2nyx warzone  warzone2  ashikaisla ,Neutral
67,1452074603266953221,"RT @Ekota__: https://t.co/ray2fs74iw🚨

 NEW MOVEMENT VIDEO😍😍 RUN THIS UP

#Warzone2 #MW2 #ModernWarfare2 #CallofDutyModernWarfare2 #CallofD…",Ekota__,5,0,0,0,0,   ekota   s t co ray2fs74iw  new movement video  run this up warzone2  mw2  modernwarfare2  callofdutymodernwarfare2  callofd ,Neutral
68,1271648871631007745,"RT @aloossin: Early morning ☀️
#MWII #callofduty #soapghost #GhostSoap #simonriley #johnmactavish https://t.co/FsAZf3ccuy",aloossin,267,0,0,0,0,   aloossin  early morning  mwii  callofduty  soapghost  ghostsoap  simonriley  johnmactavish  s t co fsazf3ccuy,Negative
69,1271648871631007745,"RT @itsamustikas: He drinks Bourbon.. 
(you know how this goes)
#MW2 #MWII #CallofDuty #Ghost #SimonRiley #Kentucky https://t.co/QdHdYdoA6Q",itsamustikas,559,0,0,0,0,   itsamustikas  he drinks bourbon   you know how this goes mw2  mwii  callofduty  ghost  simonriley  kentucky  s t co qdhdydoa6q,Negative
70,1610454883114815488,RT @MrTLexify: Favela Coming to MWII Leaked Gameplay https://t.co/N0G3FPG63I,MrTLexify,1324,0,0,0,0,   m lexify  favela coming to mwii leaked gameplay  s t co n0g3fpg63i,Neutral
71,2328978614,"RT @alexgscod: Kyle~ 🧢

#kylegazgarrick #GazMW2 #Callofduty #mw2 https://t.co/Sk0lvijqzX",alexgscod,35,0,0,0,0,   alexgscod  kyle   kylegazgarrick  gazmw2  callofduty  mw2  s t co sk0lvijqzx,Neutral
72,2861085923,"RT @CODUpdates: 📝 #MWII #Warzone 

We've released an update that addresses a number of adjustments and bug fixes. Read the updated patch no…",CODUpdates,40,0,0,0,0,   codupdates     mwii  warzone  we ve released an update that addresses a number of adjustments and bug fixes  read the updated patch no ,Negative
73,1352285157064060929,"RT @CallofDuty: Something for every Operator 💪

Shipment and Showdown 24/7 come to #MWII in this week's playlist update 🎮 https://t.co/3a5G…",CallofDuty,97,0,0,0,0,   callofduty  something for every operator  shipment and showdown 24 7 come to  mwii in this week s playlist update    s t co 3a5g ,Neutral
74,1191170971249590273,"LIVE NOW ON @KickStreaming✅ 

K I C K . C O M / I N S P I T H

https://t.co/NEQHoE2Nyx

#warzone #warzone2 #ashikaisland #mw2 #callofduty #gaming #streamer #streamerthings #inspith

@Trainwreckstv @StakeEddie https://t.co/CbphUUhmVG",KickStreaming,1,0,1,0,0,live now on  kickstreaming   k i c k   c o m   i n s p i t h  s t co neqhoe2nyx warzone  warzone2  ashikaisland  mw2  callofduty  gaming  streamer  streame hings  inspith trainwreckstv  stakeeddie  s t co cbphuuhmvg,Neutral
75,1568773115936739328,"RT @BettyBRenders: 💀 I like him like that 👉🏻👈🏻

…and I might do a few other boys with their pants so looooow

#Ghost #SimonGhostRiley #ghos…",BettyBRenders,917,0,0,0,0,   bettybrenders    i like him like that  and i might do a few other boys with their pants so looooow ghost  simonghostriley  ghos ,Neutral
76,1568773115936739328,"RT @BettyBRenders: 👑 Today König…

…tomorrow 🤷🏼‍♀️

#König #Koenig #KönigMW2 #MW2 #MWII #CallofDutyModernWarfare2 #CallofDuty https://t.co/…",BettyBRenders,890,0,0,0,0,   bettybrenders    today k nig tomorrow  k nig  koenig  k nigmw2  mw2  mwii  callofdutymodernwarfare2  callofduty  s t co ,Positive
77,1070158694837600256,"RT @loneghostwolf88: Smoking break 💀🚬
(spicy version on my patreon) 
#CallofDutyModernWarfare2 #simonghostriley #CoDGhost #CallofDuty #3DRe…",loneghostwolf88,214,0,0,0,0,   loneghostwolf88  smoking break  spicy version on my patreon   callofdutymodernwarfare2  simonghostriley  codghost  callofduty  3dre ,Negative
78,1517020915317493761,"RT @yumecore: #CallofDuty #MWII #MW2 #SimonGhostRiley
Full shots below  1/2
POV↓  (I'm smol like that :3) https://t.co/WLjLK4214R",yumecore,103,0,0,0,0,   yumecore   callofduty  mwii  mw2  simonghostriley full shots below  1 2 pov    i m smol like that  3   s t co wljlk4214r,Neutral
79,144343413,3 fo 3 combo they stacc up and killed me the first time after i dropped one lmao had to get get bacc #warzone2 #vondel #rebirthisland #ashikaisland #ps5share #callofduty #teamwipe #botalert #ttv     7_19illnever4get https://t.co/9sBwz9cYqh,**this tweet had been deleted or hidden**,0,0,0,0,0,3 fo 3 combo they stacc up and killed me the first time after i dropped one lmao had to get get bacc  warzone2  vondel  rebi hisland  ashikaisland  ps5share  callofduty  teamwipe  botale   ttv     7 19illnever4get  s t co 9sbwz9cyqh,Neutral
80,1659654802148565004,"RT @CallofDuty: SEASON 04 IS HERE. Vondel, increased health in Warzone, new MP maps, Battle Pass and so much more 🔥 

Stand above the rest…",CallofDuty,312,0,0,0,0,   callofduty  season 04 is here  vondel  increased health in warzone  new mp maps  battle pass and so much more    stand above the rest ,Positive
81,1671481352196161541,"RT @loneghostwolf88: Smoking break 💀🚬
(spicy version on my patreon) 
#CallofDutyModernWarfare2 #simonghostriley #CoDGhost #CallofDuty #3DRe…",loneghostwolf88,214,0,0,0,0,   loneghostwolf88  smoking break  spicy version on my patreon   callofdutymodernwarfare2  simonghostriley  codghost  callofduty  3dre ,Negative
82,225717047,"MY FIRST CHOPPER GUNNER!! SEASON 4 19-2 https://t.co/PdcRZCEolj via @YouTube

#cod #mw2 #tdm #gameplay #gamers #console #ps5 #fun #2023",YouTube,0,0,0,0,0,my first chopper gunner  season 4 19 2  s t co pdcrzceolj via  youtube cod  mw2  tdm  gameplay  gamers  console  ps5  fun  2023,Neutral
83,1331055402906161153,"New video 👀
https://t.co/NefCF74wRP
Sniping In MODERN WARFARE 2 Was A MISTAKE 
#YouTube #gaming #CallofDuty #ModernWarfare2 #MWII #MW2 https://t.co/WEWMXJumwB",**this tweet had been deleted or hidden**,0,2,2,0,0,new video   s t co nefcf74wrp sniping in modern warfare 2 was a mistake  youtube  gaming  callofduty  modernwarfare2  mwii  mw2  s t co wewmxjumwb,Neutral
84,1127411908297076742,New video out https://t.co/t4OImviVUP #CoDMobile #CODm @PlayCODMobile @darklord_slays @LDibra113 @ImmortalLeeYT @K2_CoD @DragonisCODM https://t.co/k41zzTjeij,PlayCODMobile,0,0,0,0,0,new video out  s t co t4oimvivup  codmobile  codm  playcodmobile  darklord slays  ldibra113  immo alleeyt  k2 cod  dragoniscodm  s t co k41zztjeij,Neutral
85,704103356378132481,"RT @CODUpdates: 📝 #MWII #Warzone 

We've released an update that addresses a number of adjustments and bug fixes. Read the updated patch no…",CODUpdates,40,0,0,0,0,   codupdates     mwii  warzone  we ve released an update that addresses a number of adjustments and bug fixes  read the updated patch no ,Negative
86,1312750531673288704,"RT @FfffFlower12: #MWII 
#CallofDuty 
I think we can forgive konig https://t.co/c7EP49hCLb",FfffFlower12,333,0,0,0,0,   ffffflower12   mwii  callofduty  i think we can forgive konig  s t co c7ep49hclb,Negative
87,1463771420056383491,"“Dijo que soy su superhéroe”🦸‍♂️XD
#parati #warzone #warzoneclips #callofduty #callofdutywarzone #fypシ #gaming #twitch #warzone2 #callofdutyclips https://t.co/KbMVtziaFg",**this tweet had been deleted or hidden**,0,0,3,0,0, dijo que soy su superh roe xd parati  warzone  warzoneclips  callofduty  callofdutywarzone  fyp   gaming  twitch  warzone2  callofdutyclips  s t co kbmvtziafg,Neutral
88,2582828525,RT @MrTLexify: Favela Coming to MWII Leaked Gameplay https://t.co/N0G3FPG63I,MrTLexify,1324,0,0,0,0,   m lexify  favela coming to mwii leaked gameplay  s t co n0g3fpg63i,Neutral
89,723532208179404800,"Even though the gameplay remains incredibly fun, #CallOfDuty #COD is not in a good place for a lot of reasons. #VideoGames #CODMW2 #Warzone2

 https://t.co/uS8hn02zWo",**this tweet had been deleted or hidden**,0,0,0,0,0,even though the gameplay remains incredibly fun   callofduty  cod is not in a good place for a lot of reasons   videogames  codmw2  warzone2   s t co us8hn02zwo,Positive
