,author_id,text,username,retweet,reply,like,quote,bookmark,lower,sentiment
0,1405063685064859650,RT @TheWeddeess: #Ghost #mw2 #CallofDuty https://t.co/XmRwan0G18,TheWeddeess,497,0,0,0,0,   theweddeess   ghost  mw2  callofduty  s t co xmrwan0g18,Neutral
1,1481148343397101571,"RT @michelekoi: Kitty Ghost: ah mimir

#ghost #SimonGhostRiley #SimonRiley #cat #kitty #cod #codfanart #mw2 #mwii #callofduty #ModernWarfar…",michelekoi,43,0,0,0,0,   michelekoi  kitty ghost  ah mimir ghost  simonghostriley  simonriley  cat  kitty  cod  codfana   mw2  mwii  callofduty  modernwarfar ,Neutral
2,1631170838350422016,"RT @AmikoRoyAi: I love the hc that Ghost is always cold and Soap is a living furnace 🥺

#soapghost #ghostsoap #MWII #callofduty https://t.c…",AmikoRoyAi,1313,0,0,0,0,   amikoroyai  i love the hc that ghost is always cold and soap is a living furnace  soapghost  ghostsoap  mwii  callofduty  s t c ,Positive
3,1033905905170046976,"RT @AmikoRoyAi: Caught flirting on a mission 😮

#ghostsoap #soapghost #callofduty #MWII https://t.co/GzGu0N9vQL",AmikoRoyAi,475,0,0,0,0,   amikoroyai  caught fli ing on a mission  ghostsoap  soapghost  callofduty  mwii  s t co gzgu0n9vql,Neutral
4,284092127,RT @Journnen: Ghost and Soap on their drive to Alejandro’s safe house after the Alone mission. These two probably hadn’t gotten much sleep…,Journnen,661,0,0,0,0,   journnen  ghost and soap on their drive to alejandro s safe house after the alone mission  these two probably hadn t gotten much sleep ,Neutral
5,1190416758492008449,"RT @WhosGat: NEW SHORT 😂

#CallofDuty
#Warzone2

https://t.co/Tc39VuJsyh",WhosGat,1,0,0,0,0,   whosgat  new sho   callofduty warzone2  s t co tc39vujsyh,Neutral
6,1633792798473220098,RT @TheWeddeess: #Ghost #mw2 #CallofDuty https://t.co/XmRwan0G18,TheWeddeess,497,0,0,0,0,   theweddeess   ghost  mw2  callofduty  s t co xmrwan0g18,Neutral
7,1605352492455276545,"All bundles that only available/exclusive for Warzone Mobile.

#CallofDuty #CoDMobile #CODm #MWII #Warzone2 #DMZ #Activision #WarzoneMobile #Farlight84 #XDefiant #MobileGame #PUBGMOBILE https://t.co/x5zTuuiUnG",**this tweet had been deleted or hidden**,0,0,2,1,0,all bundles that only available exclusive for warzone mobile callofduty  codmobile  codm  mwii  warzone2  dmz  activision  warzonemobile  farlight84  xdefiant  mobilegame  pubgmobile  s t co x5ztuuiung,Negative
8,1098546303703879680,RT @TheWeddeess: #Ghost #mw2 #CallofDuty https://t.co/XmRwan0G18,TheWeddeess,497,0,0,0,0,   theweddeess   ghost  mw2  callofduty  s t co xmrwan0g18,Neutral
9,896757855356932096,"RT @zpljajaja: #COD #MW2 #CallofDuty #Konig
🫰💕 https://t.co/gqCTBnpjCw",zpljajaja,230,0,0,0,0,   zpljajaja   cod  mw2  callofduty  konig   s t co gqctbnpjcw,Neutral
10,1221908199164588032,"RT @GreyFromYoutube: 🚨NEW VIDEO! 
This Tracer Pack has a cool Reactive Effect when the trigger is held down
https://t.co/CeIzP3LX3w……",GreyFromYoutube,2,0,0,0,0,   greyfromyoutube   new video   this tracer pack has a cool reactive effect when the trigger is held down  s t co ceizp3lx3w ,Neutral
11,3302774738,"RT @CODLeague: STAND CLEAR OF THE GREATEST COD PLAYERS IN THE WORLD 🏆

@Subliners ARE YOUR #CDL2023 CHAMPIONS!

@CesarSkyz | @HyDrAnml | @P…",CODLeague,1081,0,0,0,0,   codleague  stand clear of the greatest cod players in the world  subliners are your  cdl2023 champions cesarskyz    hydranml    p ,Irrelevant
12,1412316520802185217,"RT @KhaosCC: My preferred ROSTER for ATL FAZE

Celluim 
ABEZY
SIMP
gunless/DASHY(from OPTIC)/ Dan GHOSTY(from OPTIC)

#CDL2023",KhaosCC,1,0,0,0,0,   khaoscc  my preferred roster for atl faze celluim  abezy simp gunless dashy from optic  dan ghosty from optic cdl2023,Irrelevant
13,284092127,"RT @AmikoRoyAi: I love the hc that Ghost is always cold and Soap is a living furnace 🥺

#soapghost #ghostsoap #MWII #callofduty https://t.c…",AmikoRoyAi,1313,0,0,0,0,   amikoroyai  i love the hc that ghost is always cold and soap is a living furnace  soapghost  ghostsoap  mwii  callofduty  s t c ,Positive
14,1412591633032486921,"NEW SHORT 😂

#CallofDuty
#Warzone2

https://t.co/Tc39VuJsyh",**this tweet had been deleted or hidden**,1,0,4,0,0,new sho   callofduty warzone2  s t co tc39vujsyh,Neutral
15,1068525920,"RT @zpljajaja: #COD #MW2 #CallofDuty #Konig
🫰💕 https://t.co/gqCTBnpjCw",zpljajaja,230,0,0,0,0,   zpljajaja   cod  mw2  callofduty  konig   s t co gqctbnpjcw,Neutral
16,1641830802542706688,"RT @zpljajaja: #COD #MW2 #CallofDuty #Konig
🫰💕 https://t.co/gqCTBnpjCw",zpljajaja,230,0,0,0,0,   zpljajaja   cod  mw2  callofduty  konig   s t co gqctbnpjcw,Neutral
17,1604239631452700673,"RT @zpljajaja: #COD #MW2 #CallofDuty #Konig
🫰💕 https://t.co/gqCTBnpjCw",zpljajaja,230,0,0,0,0,   zpljajaja   cod  mw2  callofduty  konig   s t co gqctbnpjcw,Neutral
18,1673464812280455171,#Gameplay #Warzone2 https://t.co/nCPUI1SX6c,**this tweet had been deleted or hidden**,0,0,1,0,0, gameplay  warzone2  s t co ncpui1sx6c,Neutral
19,2468213958,"@tennek127 @CallofDuty @PlayCODMobile @XboxP3 @Activision Honestly dude…if Fortnite, APEX and DOOM and other top tier shooters can be on Switch there’s no reason to put a fully fledged CoD game on Switch. Not CoD mobile…just put CoD or WZ on it. It could run it.",tennek127,0,2,0,0,0, tennek127  callofduty  playcodmobile  xboxp3  activision honestly dude if fo nite  apex and doom and other top tier shooters can be on switch there s no reason to put a fully fledged cod game on switch  not cod mobile just put cod or wz on it  it could run it ,Negative
20,1368349485647151111,@BradCha50678537 Aye that’s what’s up bro I been grinding DMZ on mw2 lmfao,BradCha50678537,0,0,0,0,0, bradcha50678537 aye that s what s up bro i been grinding dmz on mw2 lmfao,Negative
21,1044880064490491905,"Come watch my stream if you enjoy watching call of duty ranked gameplay                                                  https://t.co/8sCSuNqNQY
#CallofDuty #smallstreamer #KickStreamer #FPS #Competitive #MWII
@CallofDuty
@CODUpdates
@Kick
@KickSdvertise
@TeamAdxptLLC",CallofDuty,0,0,0,0,0,come watch my stream if you enjoy watching call of duty ranked gameplay                                                   s t co 8scsunqnqy callofduty  smallstreamer  kickstreamer  fps  competitive  mwii callofduty codupdates kick kicksdve ise teamadxptllc,Neutral
22,1546356070557224962,@lojakk @PlayCODMobile @RealBobbyPlays @HawksNest @Ferg @TheNoahSunday I sent it Boss 👍,lojakk,0,0,2,0,0, lojakk  playcodmobile  realbobbyplays  hawksnest  ferg  thenoahsunday i sent it boss  ,Negative
23,1398898398200217600,"RT @loneghostwolf88: 4th entry of the beach boy series - König ☀️🏝️👑
#CallofDutyModernWarfare2 #CoDKönig #CallofDuty #3DRender #Rendering #…",loneghostwolf88,152,0,0,0,0,   loneghostwolf88  4th entry of the beach boy series   k nig  callofdutymodernwarfare2  codk nig  callofduty  3drender  rendering  ,Positive
24,863280404043780096,IM LIVE ON MW II AND WARZONE2 ALMOST AT 806 / 850 LETS GET IT #MWII #ModernWarfare2 #CallofDuty #CallofDutyModernWarfareII #streamer #YouTube #YouTuber #youtubechannel #smallstreamer #CallofDutyModernWarfareII #CJ #YouTubeGaming https://t.co/8wtcTQxD0u,**this tweet had been deleted or hidden**,0,0,2,0,0,im live on mw ii and warzone2 almost at 806   850 lets get it  mwii  modernwarfare2  callofduty  callofdutymodernwarfareii  streamer  youtube  youtuber  youtubechannel  smallstreamer  callofdutymodernwarfareii  cj  youtubegaming  s t co 8wtctqxd0u,Neutral
25,1479531028763103234,"RT @ToxicRoxic: Patiently* waiting for a blackcell König skin 🤔

*: frothing at mouth, chattering teeth, biting civilians
#CallofDuty #Köni…",ToxicRoxic,400,0,0,0,0,   toxicroxic  patiently  waiting for a blackcell k nig skin   frothing at mouth  chattering teeth  biting civilians callofduty  k ni ,Positive
26,1619127870290366464,RT @TheWeddeess: #Ghost #mw2 #CallofDuty https://t.co/XmRwan0G18,TheWeddeess,497,0,0,0,0,   theweddeess   ghost  mw2  callofduty  s t co xmrwan0g18,Neutral
27,1640114000728842240,"RT @Coruja3571: GHOST (Actual MW2 Outfit)

#garrysmod #gmod #digitalart #art #3drender #artwork #sourceart #military #tactical #CallofDuty…",Coruja3571,42,0,0,0,0,   coruja3571  ghost  actual mw2 outfit garrysmod  gmod  digitala   a   3drender  a work  sourcea   military  tactical  callofduty ,Neutral
28,1542939170452213760,RT @Dougfunnnys: Slow &amp; STEADY! #CallofDuty #warzonemobile #Warzone2 #warzoneclips https://t.co/dkryCqjpiE,Dougfunnnys,4,0,0,0,0,   dougfunnnys  slow  amp  steady   callofduty  warzonemobile  warzone2  warzoneclips  s t co dkrycqjpie,Negative
29,1345117106996707328,solo queue Warzone ranked :) https://t.co/Tai1Mhd5nj via @YouTube #YouTube #fyp #Trending #Warzone2 #WarzoneRanked #CallofDuty #PS5 #Twitch #TwitchStreamers #warzonesemipro #JesusSaves ❤️ #gaming #youtubechannel #MW2,YouTube,0,0,3,1,0,solo queue warzone ranked    s t co tai1mhd5nj via  youtube  youtube  fyp  trending  warzone2  warzoneranked  callofduty  ps5  twitch  twitchstreamers  warzonesemipro  jesussaves    gaming  youtubechannel  mw2,Neutral
30,1006679810221867008,RT @balisonqs: This dude is stealing people’s art. If you see your art on this profile feel free to DMCA it since they’re claiming they mad…,balisonqs,54,0,0,0,0,   balisonqs  this dude is stealing people s a   if you see your a  on this profile feel free to dmca it since they re claiming they mad ,Irrelevant
31,770262372,@PlayCODMobile y’all need to fix your game asap I’ve tried multiple guns &amp; none of my bullets are effective yet my opponent can kill me with 3 bullets,PlayCODMobile,0,0,0,0,0, playcodmobile y all need to fix your game asap i ve tried multiple guns  amp  none of my bullets are effective yet my opponent can kill me with 3 bullets,Negative
32,1427171542534819842,"RT @michelekoi: MORE TREATS - by Kitty!Ghost

#Kitty #cat #ghost #SimonGhostRiley #SimonRiley #cod #fanart #funny #catmeme #food #mw2 #mwii…",michelekoi,9,0,0,0,0,   michelekoi  more treats   by kitty ghost kitty  cat  ghost  simonghostriley  simonriley  cod  fana   funny  catmeme  food  mw2  mwii ,Neutral
33,1427697809327894535,"RT @zpljajaja: #COD #MW2 #CallofDuty #Konig
🫰💕 https://t.co/gqCTBnpjCw",zpljajaja,230,0,0,0,0,   zpljajaja   cod  mw2  callofduty  konig   s t co gqctbnpjcw,Neutral
34,1640114000728842240,"RT @michelekoi: Kitty Ghost: ah mimir

#ghost #SimonGhostRiley #SimonRiley #cat #kitty #cod #codfanart #mw2 #mwii #callofduty #ModernWarfar…",michelekoi,43,0,0,0,0,   michelekoi  kitty ghost  ah mimir ghost  simonghostriley  simonriley  cat  kitty  cod  codfana   mw2  mwii  callofduty  modernwarfar ,Neutral
35,2523688776,"RT @alexgscod: SoapGhost 🧼🖤💀 commission for @/s0aPING!
Thank you! ❤️

#SoapGhost #GhostSoap #CallOfDuty #MW2 https://t.co/4JxxtHXbeA",alexgscod,230,0,0,0,0,   alexgscod  soapghost   commission for  s0aping thank you   soapghost  ghostsoap  callofduty  mw2  s t co 4jxxthxbea,Neutral
36,1191170971249590273,"LIVE NOW ON @KickStreaming✅ 

K I C K . C O M / I N S P I T H

https://t.co/NEQHoE2Nyx

#warzone #warzone2 #ashikaisland #mw2 #callofduty #gaming #streamer #streamerthings #inspith

@Trainwreckstv @StakeEddie https://t.co/2qIkuoSD11",KickStreaming,0,0,2,0,0,live now on  kickstreaming   k i c k   c o m   i n s p i t h  s t co neqhoe2nyx warzone  warzone2  ashikaisland  mw2  callofduty  gaming  streamer  streame hings  inspith trainwreckstv  stakeeddie  s t co 2qikuosd11,Neutral
37,75226425,"If you want sweat city, crazy dance moves and all the vergas. Go watch this man's stream right here. Catch him on @KickStreaming tonight. #KickStreamers #KickStreaming #kick #live #MondayMotivation #CallofDuty #Warzone2 #StreamerCommunity #SubscribeNow https://t.co/iYw4Mqzv5p",KickStreaming,0,1,4,0,0,if you want sweat city  crazy dance moves and all the vergas  go watch this man s stream right here  catch him on  kickstreaming tonight   kickstreamers  kickstreaming  kick  live  mondaymotivation  callofduty  warzone2  streamercommunity  subscribenow  s t co iyw4mqzv5p,Irrelevant
38,1370928439113482240,RT @TheWeddeess: #Ghost #mw2 #CallofDuty https://t.co/XmRwan0G18,TheWeddeess,497,0,0,0,0,   theweddeess   ghost  mw2  callofduty  s t co xmrwan0g18,Neutral
39,1437560134151118848,"I have a mini obsession with them 

#soapghost #soapmw2 #mw2 #codmw2 #callofduty #modernwarfare2 #ghostsoap #simonriley #simonghostriley #fanart #sketch https://t.co/Smrx33wj7p",**this tweet had been deleted or hidden**,0,0,31,0,0,i have a mini obsession with them  soapghost  soapmw2  mw2  codmw2  callofduty  modernwarfare2  ghostsoap  simonriley  simonghostriley  fana   sketch  s t co smrx33wj7p,Neutral
40,1246455816552509445,"RT @loneghostwolf88: Render nr. 2 👀
#CallofDutyModernWarfare2 #CodGhost #CodSoap #CallofDuty #3DRender #Rendering #MWII https://t.co/ftI5IW…",loneghostwolf88,180,0,0,0,0,   loneghostwolf88  render nr  2  callofdutymodernwarfare2  codghost  codsoap  callofduty  3drender  rendering  mwii  s t co fti5iw ,Neutral
41,1479531028763103234,"RT @zpljajaja: #COD #MW2 #CallofDuty #Konig
🫰💕 https://t.co/gqCTBnpjCw",zpljajaja,230,0,0,0,0,   zpljajaja   cod  mw2  callofduty  konig   s t co gqctbnpjcw,Neutral
42,1536103298415075328,"RT @loneghostwolf88: Inspired by the movie Braveheart , I made this render of Soap 👀 
(render nr. 1) 
#CallofDutyModernWarfare2 #CodGhost #…",loneghostwolf88,178,0,0,0,0,   loneghostwolf88  inspired by the movie bravehea    i made this render of soap    render nr  1   callofdutymodernwarfare2  codghost  ,Neutral
43,1231158146330062848,RT @TheWeddeess: #Ghost #mw2 #CallofDuty https://t.co/XmRwan0G18,TheWeddeess,497,0,0,0,0,   theweddeess   ghost  mw2  callofduty  s t co xmrwan0g18,Neutral
44,1606453263028592640,"Money Nade 💰

NEW VIDEO OUT NOW LINK IN BIO‼
.
.
.
.
.
#explore #explorepage #cod #callofduty #modernwarfare #modernwarfare2 #warzone #warzone2 https://t.co/44212bk7uE",**this tweet had been deleted or hidden**,0,0,0,0,0,money nade  new video out now link in bio explore  explorepage  cod  callofduty  modernwarfare  modernwarfare2  warzone  warzone2  s t co 44212bk7ue,Neutral
45,866141814880956417,"RANKED CON USTEDES PAPITIN@S!!! 
.
.
.
#callofduty #callofdutymodernwarfare #warzone2 #bigpapaupa #nasstplays #nasstclips #twitch #twitchtv #twitchaffiliates #twitchstreamer #facebookgaming #kick #ticktok #ig #discord #chef #chefgamer 

https://t.co/tdpmVKZkHN",**this tweet had been deleted or hidden**,0,0,0,0,0,ranked con ustedes papitin s   callofduty  callofdutymodernwarfare  warzone2  bigpapaupa  nasstplays  nasstclips  twitch  twitchtv  twitchaffiliates  twitchstreamer  facebookgaming  kick  ticktok  ig  discord  chef  chefgamer   s t co tdpmvkzkhn,Neutral
46,1436147072001089540,"#live #Cod #warzone2 #mw2 #Resurgence #fps #squads or #solo #multiplayer #gameplay
#Show #support by #Follow #Subscribe to my #twitch #youtube
Much Appreciated!
https://t.co/pMD5D2n9rx

https://t.co/9ORFycJ0ID",**this tweet had been deleted or hidden**,0,0,0,0,0, live  cod  warzone2  mw2  resurgence  fps  squads or  solo  multiplayer  gameplay show  suppo  by  follow  subscribe to my  twitch  youtube much appreciated  s t co pmd5d2n9rx  s t co 9orfycj0id,Neutral
47,2581121114,"RT @UpperDeckEsprts: The #CDL2023 Major V Game Dated Moments will be available on Upper Deck e-Pack tomorrow, June 27th at 12:00pm PT! 8 ne…",UpperDeckEsprts,3,0,0,0,0,   upperdeckesp s  the  cdl2023 major v game dated moments will be available on upper deck e pack tomorrow  june 27th at 12 00pm pt  8 ne ,Neutral
48,1235271677593784320,"My preferred ROSTER for ATL FAZE

Celluim 
ABEZY
SIMP
gunless/DASHY(from OPTIC)/ Dan GHOSTY(from OPTIC)

#CDL2023",**this tweet had been deleted or hidden**,1,2,3,0,0,my preferred roster for atl faze celluim  abezy simp gunless dashy from optic  dan ghosty from optic cdl2023,Irrelevant
49,2331336396,"The perfect map for #zombies definitely would be #building21 in #warzone2 #DMZ. Imagine the map with rubble/debris/crates blocking pathways and doors. Flickering lights, with blood stained walls, pitch black areas you need NVG's for. Having to look for viral samples, the ""cure""-",**this tweet had been deleted or hidden**,0,1,0,0,0,the perfect map for  zombies definitely would be  building21 in  warzone2  dmz  imagine the map with rubble debris crates blocking pathways and doors  flickering lights  with blood stained walls  pitch black areas you need nvg s for  having to look for viral samples  the  cure ,Positive
50,788162726925185024,"RT @MrXylax: 💀🧼
#MW2 #MWII #ghost #soap #ghostsoap #callofduty https://t.co/4k5UeK0Tfx",MrXylax,844,0,0,0,0,   mrxylax   mw2  mwii  ghost  soap  ghostsoap  callofduty  s t co 4k5uek0tfx,Neutral
51,1615108067867361282,"RT @michelekoi: Kitty Ghost: ah mimir

#ghost #SimonGhostRiley #SimonRiley #cat #kitty #cod #codfanart #mw2 #mwii #callofduty #ModernWarfar…",michelekoi,43,0,0,0,0,   michelekoi  kitty ghost  ah mimir ghost  simonghostriley  simonriley  cat  kitty  cod  codfana   mw2  mwii  callofduty  modernwarfar ,Neutral
52,1586117373244882944,"RT @FlickiTuts: Izanami's alt skin lookin hella 😳

#izanami #MWII #ModernWarfare2 #Warzone2 #warzone #CallofDutyModernWarfare2 #CallofDuty…",FlickiTuts,24,0,0,0,0,   flickituts  izanami s alt skin lookin hella  izanami  mwii  modernwarfare2  warzone2  warzone  callofdutymodernwarfare2  callofduty ,Positive
53,2783287969,"RT @loneghostwolf88: Inspired by the movie Braveheart , I made this render of Soap 👀 
(render nr. 1) 
#CallofDutyModernWarfare2 #CodGhost #…",loneghostwolf88,178,0,0,0,0,   loneghostwolf88  inspired by the movie bravehea    i made this render of soap    render nr  1   callofdutymodernwarfare2  codghost  ,Neutral
54,1407861361607073793,"RT @MrXylax: 💀🧼
#MW2 #MWII #ghost #soap #ghostsoap #callofduty https://t.co/4k5UeK0Tfx",MrXylax,844,0,0,0,0,   mrxylax   mw2  mwii  ghost  soap  ghostsoap  callofduty  s t co 4k5uek0tfx,Neutral
55,1231999108619083776,"RT @zpljajaja: #COD #MW2 #CallofDuty #Konig
🫰💕 https://t.co/gqCTBnpjCw",zpljajaja,230,0,0,0,0,   zpljajaja   cod  mw2  callofduty  konig   s t co gqctbnpjcw,Neutral
56,956402256613552128,"『COD:MWⅡ』クンストナー・ディストリクトはシュートに並ぶ神マップ！ロックウッド300はちゃんと狙えば強いな。ハンドガンのロングショット。
https://t.co/akuZ99JF6i

#COD #コールオブデューティ #callofduty #CODMW2 #MW2 #CoDMWII #DMZ #warzone2 #ニクト #クンストナー https://t.co/suPdgQLa38",**this tweet had been deleted or hidden**,0,0,0,0,0, cod mw 300  s t co akuz99jf6i cod    callofduty  codmw2  mw2  codmwii  dmz  warzone2      s t co supdgqla38,Neutral
57,1239084959706439685,RT @balisonqs: This dude is stealing people’s art. If you see your art on this profile feel free to DMCA it since they’re claiming they mad…,balisonqs,54,0,0,0,0,   balisonqs  this dude is stealing people s a   if you see your a  on this profile feel free to dmca it since they re claiming they mad ,Irrelevant
58,2328978614,"RT @zpljajaja: #COD #MW2 #CallofDuty #Konig
🫰💕 https://t.co/gqCTBnpjCw",zpljajaja,230,0,0,0,0,   zpljajaja   cod  mw2  callofduty  konig   s t co gqctbnpjcw,Neutral
59,1254019203398602753,"RT @zpljajaja: #COD #MW2 #CallofDuty #Konig
🫰💕 https://t.co/gqCTBnpjCw",zpljajaja,230,0,0,0,0,   zpljajaja   cod  mw2  callofduty  konig   s t co gqctbnpjcw,Neutral
60,1546213014357016577,"RT @zpljajaja: #COD #MW2 #CallofDuty #Konig
🫰💕 https://t.co/gqCTBnpjCw",zpljajaja,230,0,0,0,0,   zpljajaja   cod  mw2  callofduty  konig   s t co gqctbnpjcw,Neutral
61,1284767465906548741,RT @CODE4Vets: Dropping into @CallofDuty #MW2 Season 4? Show your support for veterans by picking up the #CODEValkyriePack. Proceeds go dir…,CODE4Vets,9,0,0,0,0,   code4vets  dropping into  callofduty  mw2 season 4  show your suppo  for veterans by picking up the  codevalkyriepack  proceeds go dir ,Neutral
62,2783287969,"RT @loneghostwolf88: Render nr. 2 👀
#CallofDutyModernWarfare2 #CodGhost #CodSoap #CallofDuty #3DRender #Rendering #MWII https://t.co/ftI5IW…",loneghostwolf88,180,0,0,0,0,   loneghostwolf88  render nr  2  callofdutymodernwarfare2  codghost  codsoap  callofduty  3drender  rendering  mwii  s t co fti5iw ,Neutral
63,845230021241270273,"MW2はShipment とDMZくらいしか
まともにやって無いから
通常マップの立ち回り方忘れた。",**this tweet had been deleted or hidden**,0,1,1,0,0,mw2 shipment  dmz ,Positive
64,978753396743208960,Activision is trying literally every way to get people on MW2 https://t.co/FdcwGDHS4h,**this tweet had been deleted or hidden**,0,0,0,0,0,activision is trying literally every way to get people on mw2  s t co fdcwgdhs4h,Negative
65,1200676600808923136,RT @TheWeddeess: #Ghost #mw2 #CallofDuty https://t.co/XmRwan0G18,TheWeddeess,497,0,0,0,0,   theweddeess   ghost  mw2  callofduty  s t co xmrwan0g18,Neutral
66,1216916899851853826,Give me that ace!#mw2 #rankedplay #gaming #cdl #CallofDuty https://t.co/v8h3txfdwl,**this tweet had been deleted or hidden**,0,0,2,0,0,give me that ace mw2  rankedplay  gaming  cdl  callofduty  s t co v8h3txfdwl,Neutral
67,1010847187675295744,"RT @MrXylax: 💀🧼
#MW2 #MWII #ghost #soap #ghostsoap #callofduty https://t.co/4k5UeK0Tfx",MrXylax,844,0,0,0,0,   mrxylax   mw2  mwii  ghost  soap  ghostsoap  callofduty  s t co 4k5uek0tfx,Neutral
68,831525224839467008,"RT @zpljajaja: #COD #MW2 #CallofDuty #Konig
🫰💕 https://t.co/gqCTBnpjCw",zpljajaja,230,0,0,0,0,   zpljajaja   cod  mw2  callofduty  konig   s t co gqctbnpjcw,Neutral
69,1567299066350161921,"RT @michelekoi: Kitty Ghost: ah mimir

#ghost #SimonGhostRiley #SimonRiley #cat #kitty #cod #codfanart #mw2 #mwii #callofduty #ModernWarfar…",michelekoi,43,0,0,0,0,   michelekoi  kitty ghost  ah mimir ghost  simonghostriley  simonriley  cat  kitty  cod  codfana   mw2  mwii  callofduty  modernwarfar ,Neutral
70,755614008107859968,"RT @MrXylax: 💀🧼
#MW2 #MWII #ghost #soap #ghostsoap #callofduty https://t.co/4k5UeK0Tfx",MrXylax,844,0,0,0,0,   mrxylax   mw2  mwii  ghost  soap  ghostsoap  callofduty  s t co 4k5uek0tfx,Neutral
71,777568333537345537,"RT @UpperDeckEsprts: The #CDL2023 Major V Game Dated Moments will be available on Upper Deck e-Pack tomorrow, June 27th at 12:00pm PT! 8 ne…",UpperDeckEsprts,3,0,0,0,0,   upperdeckesp s  the  cdl2023 major v game dated moments will be available on upper deck e pack tomorrow  june 27th at 12 00pm pt  8 ne ,Neutral
72,1013415203374010368,"@vanessa_step @BlazedRTs @sme_rt @TTVPromo @KickStreamsLive @rtsmallstreams @SupStreamersRt @promo_streams @StreamersRT1 ☢️🎥🕹️My COD sniping montage Mikedasniper Ep.3 is out on @YouTube click this link ➡️ https://t.co/aUNmKv5ZnT
  ⬅️ check it out🔥#Subscribe  #Like #warzone2 #MWII #Gameplay #CallOfDutyWarzone2 #Resurgence   #Ashikalsland #LinkinBio 🔗",vanessa_step,0,0,0,0,0, vanessa step  blazed s  sme    ttvpromo  kickstreamslive   smallstreams  supstreamers   promo streams  streamers 1  my cod sniping montage mikedasniper ep 3 is out on  youtube click this link    s t co aunmkv5znt     check it out subscribe   like  warzone2  mwii  gameplay  callofdutywarzone2  resurgence    ashikalsland  linkinbio  ,Neutral
73,82881285,"THIS 1V1 IN RESURGENCE WAS FUNNY HE WAS TOO COCKY (Call Of Duty Warzone ... https://t.co/SugTJF0dGe via @YouTube #CallofDutyModernWarfare2 #CallofDuty #Warzone2 #MW2 #ContentCreator #YouTube
https://t.co/T3Ig0rPJ0a",YouTube,0,0,0,0,0,this 1v1 in resurgence was funny he was too cocky  call of duty warzone    s t co sugtjf0dge via  youtube  callofdutymodernwarfare2  callofduty  warzone2  mw2  contentcreator  youtube  s t co t3ig0rpj0a,Irrelevant
74,4101108675,RT @ZdawgYT: what time should i post on youtube? #mw2 #callofduty,ZdawgYT,3,0,0,0,0,   zdawgyt  what time should i post on youtube   mw2  callofduty,Negative
75,1500832762353311744,"🔴RANKED PLAY TIME!
https://t.co/RWdWdqN3Sp

@KickStreaming @KickStreamsLive

#KickAffiliate #kickstream #KickStreamers #KickStreaming
#STREAMER #LiveStreaming #callofduty #ModernWarfare2 #MW2",KickStreaming,0,0,2,0,0, ranked play time  s t co rwdwdqn3sp kickstreaming  kickstreamslive kickaffiliate  kickstream  kickstreamers  kickstreaming streamer  livestreaming  callofduty  modernwarfare2  mw2,Neutral
76,1186119574669942784,"RT @HellishDraws: In honour of pride month and brainrot… Here is some Trans Soap 🧼🏳️‍⚧️ sending some.. photos to a certain someone 🫦
#Ghost…",HellishDraws,527,0,0,0,0,   hellishdraws  in honour of pride month and brainrot  here is some trans soap   sending some  photos to a ce ain someone  ghost ,Neutral
77,1022141717787504640,"RT @loneghostwolf88: Render nr. 2 👀
#CallofDutyModernWarfare2 #CodGhost #CodSoap #CallofDuty #3DRender #Rendering #MWII https://t.co/ftI5IW…",loneghostwolf88,180,0,0,0,0,   loneghostwolf88  render nr  2  callofdutymodernwarfare2  codghost  codsoap  callofduty  3drender  rendering  mwii  s t co fti5iw ,Neutral
78,1614954079557386241,@AliasSoHotFr @PlayCODMobile Same LMAO 💀💀,AliasSoHotFr,0,0,0,0,0, aliassohotfr  playcodmobile same lmao  ,Negative
79,1091685721914564608,RT @GhostSimon2040: 💀🧼 #MW2 #MWII #ghost #soap #ghostsoap #callofduty https://t.co/KcRpE2qf9v,GhostSimon2040,149,0,0,0,0,   ghostsimon2040     mw2  mwii  ghost  soap  ghostsoap  callofduty  s t co kcrpe2qf9v,Neutral
80,2328978614,"RT @loneghostwolf88: Render nr. 2 👀
#CallofDutyModernWarfare2 #CodGhost #CodSoap #CallofDuty #3DRender #Rendering #MWII https://t.co/ftI5IW…",loneghostwolf88,180,0,0,0,0,   loneghostwolf88  render nr  2  callofdutymodernwarfare2  codghost  codsoap  callofduty  3drender  rendering  mwii  s t co fti5iw ,Neutral
81,947012264636309504,"RT @Roots_esports: 🏆ROOTS  SUMMER🏆

第２報チェックしてください🔥

📆スケジュール    7/21～23 

💡エントリー期間  7/14 23:59迄  

✍大会概要・規約・エントリー等https://t.co/AkI5inTWJZ…",Roots_esports,63,0,0,0,0,   roots espo s   roots  summer     7 21 23    7 14 23 59     s t co aki5intwjz ,Neutral
82,1553921054476832769,RT @GhostSimon2040: 💀🧼 #MW2 #MWII #ghost #soap #ghostsoap #callofduty https://t.co/KcRpE2qf9v,GhostSimon2040,149,0,0,0,0,   ghostsimon2040     mw2  mwii  ghost  soap  ghostsoap  callofduty  s t co kcrpe2qf9v,Neutral
83,1443767646655336449,RT @RealHamOnWry: When you spent way too much time looting and didn't pay attention to the storm. #CallofDuty #WarZone2 https://t.co/l7J6TN…,RealHamOnWry,5,0,0,0,0,   realhamonwry  when you spent way too much time looting and didn t pay attention to the storm   callofduty  warzone2  s t co l7j6tn ,Neutral
84,1493370268294680577,"RT @loneghostwolf88: Inspired by the movie Braveheart , I made this render of Soap 👀 
(render nr. 1) 
#CallofDutyModernWarfare2 #CodGhost #…",loneghostwolf88,178,0,0,0,0,   loneghostwolf88  inspired by the movie bravehea    i made this render of soap    render nr  1   callofdutymodernwarfare2  codghost  ,Neutral
85,1105571764665548800,"MWII 
Weapon Mastery Challenge 
66/67    
ISO-45 ✅ 
#MW2 #Callofduty #Ao1Squad #Ao1 #Orion #WeaponMastery #Grandmastery #callofdutyes #ISO45 https://t.co/p4USPOnFrm",**this tweet had been deleted or hidden**,0,0,0,0,0,mwii  weapon mastery challenge  66 67     iso 45    mw2  callofduty  ao1squad  ao1  orion  weaponmastery  grandmastery  callofdutyes  iso45  s t co p4usponfrm,Neutral
86,1509801200648359938,@LadyTataQueen @PlayCODMobile I really thought that it was Cipher at first place because its more suitable as him in that skin 💀,LadyTataQueen,0,1,1,0,0, ladytataqueen  playcodmobile i really thought that it was cipher at first place because its more suitable as him in that skin  ,Positive
87,1564553863335743490,"RT @FlickiTuts: Izanami's alt skin lookin hella 😳

#izanami #MWII #ModernWarfare2 #Warzone2 #warzone #CallofDutyModernWarfare2 #CallofDuty…",FlickiTuts,24,0,0,0,0,   flickituts  izanami s alt skin lookin hella  izanami  mwii  modernwarfare2  warzone2  warzone  callofdutymodernwarfare2  callofduty ,Positive
88,1260811586236633088,"RT @loneghostwolf88: Inspired by the movie Braveheart , I made this render of Soap 👀 
(render nr. 1) 
#CallofDutyModernWarfare2 #CodGhost #…",loneghostwolf88,178,0,0,0,0,   loneghostwolf88  inspired by the movie bravehea    i made this render of soap    render nr  1   callofdutymodernwarfare2  codghost  ,Neutral
89,1298846831183450112,"The #CDL2023 Major V Game Dated Moments will be available on Upper Deck e-Pack tomorrow, June 27th at 12:00pm PT! 8 new moments, plus a new Achievement Auto if you collect and redeem all 8 moments!
More information here: https://t.co/4ceAafVs0l https://t.co/BdC9LUXov1",**this tweet had been deleted or hidden**,3,1,12,1,1,the  cdl2023 major v game dated moments will be available on upper deck e pack tomorrow  june 27th at 12 00pm pt  8 new moments  plus a new achievement auto if you collect and redeem all 8 moments more information here   s t co 4ceaafvs0l  s t co bdc9luxov1,Neutral
90,1673453607553998848,"RT @aceCIT0: 12 piece win on #Vondel w/ randoms &amp; somebody else's guns. Time to play Diablo 4.

#COD #CODWZ #CODWZ2 #CallOfDuty #ModernWarf…",aceCIT0,2,0,0,0,0,   acecit0  12 piece win on  vondel w  randoms  amp  somebody else s guns  time to play diablo 4 cod  codwz  codwz2  callofduty  modernwarf ,Positive
91,1376964570569408519,RT @TheWeddeess: #Ghost #mw2 #CallofDuty https://t.co/XmRwan0G18,TheWeddeess,497,0,0,0,0,   theweddeess   ghost  mw2  callofduty  s t co xmrwan0g18,Neutral
92,2959045650,".@CrashBandicoot [ESRB: EVERYONE 10+] is back with #CrashTeamRumble, featuring all-new 4v4 online multiplayer rumble. See all the action to come in Season 1! Available now! @Activision 

Don’t forget to pick up the new Crash Team Rumble bundle in Call of Duty #MWII &amp; #Warzone. https://t.co/dEffDEFfBj",CrashBandicoot,0,0,0,0,0, crashbandicoot  esrb  everyone 10  is back with  crashteamrumble  featuring all new 4v4 online multiplayer rumble  see all the action to come in season 1  available now   activision  don t forget to pick up the new crash team rumble bundle in call of duty  mwii  amp   warzone   s t co deffdeffbj,Irrelevant
93,1111451705642647553,"RT @alexgscod: Oral fixation is so real between these two 😊💀🧼
(NSFW + variants: ✨ https://t.co/hR07OfXbF3 ✨)

#GhostSoap #SoapGhost #CallOf…",alexgscod,73,0,0,0,0,   alexgscod  oral fixation is so real between these two  nsfw   variants     s t co hr07ofxbf3  ghostsoap  soapghost  callof ,Irrelevant
94,1493370268294680577,"RT @loneghostwolf88: Render nr. 2 👀
#CallofDutyModernWarfare2 #CodGhost #CodSoap #CallofDuty #3DRender #Rendering #MWII https://t.co/ftI5IW…",loneghostwolf88,180,0,0,0,0,   loneghostwolf88  render nr  2  callofdutymodernwarfare2  codghost  codsoap  callofduty  3drender  rendering  mwii  s t co fti5iw ,Neutral
95,989845448922820609,"RT @loneghostwolf88: Render nr. 2 👀
#CallofDutyModernWarfare2 #CodGhost #CodSoap #CallofDuty #3DRender #Rendering #MWII https://t.co/ftI5IW…",loneghostwolf88,180,0,0,0,0,   loneghostwolf88  render nr  2  callofdutymodernwarfare2  codghost  codsoap  callofduty  3drender  rendering  mwii  s t co fti5iw ,Neutral
96,1282211960453398528,"RT @Roots_esports: 🏆ROOTS  SUMMER🏆

第２報チェックしてください🔥

📆スケジュール    7/21～23 

💡エントリー期間  7/14 23:59迄  

✍大会概要・規約・エントリー等https://t.co/AkI5inTWJZ…",Roots_esports,63,0,0,0,0,   roots espo s   roots  summer     7 21 23    7 14 23 59     s t co aki5intwjz ,Neutral
97,732749402419417088,"RT @alexgscod: Oral fixation is so real between these two 😊💀🧼
(NSFW + variants: ✨ https://t.co/hR07OfXbF3 ✨)

#GhostSoap #SoapGhost #CallOf…",alexgscod,73,0,0,0,0,   alexgscod  oral fixation is so real between these two  nsfw   variants     s t co hr07ofxbf3  ghostsoap  soapghost  callof ,Irrelevant
98,1629260531365466112,RT @TheWeddeess: #Ghost #mw2 #CallofDuty https://t.co/XmRwan0G18,TheWeddeess,497,0,0,0,0,   theweddeess   ghost  mw2  callofduty  s t co xmrwan0g18,Neutral
