,text,author_id,username,retweet,reply,like,quote,bookmark,lower,sentiment
0,"RT @lexiissgone: ""don't tell anyone, but Konig sleeps with a teddy bear and me.""
[ #horangi #Konig #CallofDuty #MWII #Korangi #art ] https:…",1409445166893600769,lexiissgone,57,0,0,0,0,   lexiissgone   don t tell anyone  but konig sleeps with a teddy bear and me   horangi  konig  callofduty  mwii  korangi  a     s ,Neutral
1,Kingsley in default uniform received! 🙂🙂🙂 Riley's Growth Diary done ✅ #CoDMobile #codm #Callofdutymobile #garenacodm #playcodmobile #playcodm #CoDMobile #codm #Callofdutymobile #playcodmobile #playcodm https://t.co/EsKmZGKG3o,1590394068257112064,**this tweet had been deleted or hidden**,0,0,1,0,1,kingsley in default uniform received    riley s growth diary done    codmobile  codm  callofdutymobile  garenacodm  playcodmobile  playcodm  codmobile  codm  callofdutymobile  playcodmobile  playcodm  s t co eskmzgkg3o,Neutral
2,MODERN GARBAGE 2 (mw2) https://t.co/dVPemAdd9V via @YouTube #cod #codclips #callofduty #mw2 #funny #lmao #thewoodenspoon #gaming #youtubegaming #gamer #explore #follow #linkinbio #share #comment #follow #ps5 #fps #shooting #shooter #shotguns #knife #throwningknife,1616667835543044096,YouTube,0,0,0,0,0,modern garbage 2  mw2   s t co dvpemadd9v via  youtube  cod  codclips  callofduty  mw2  funny  lmao  thewoodenspoon  gaming  youtubegaming  gamer  explore  follow  linkinbio  share  comment  follow  ps5  fps  shooting  shooter  shotguns  knife  throwningknife,Neutral
3,"Bot party meet me at the mall 😭😭😭 #Mw2  #rebirthisland  #ashikaisland  #NOVPN  #Warzone2  #warzoneclips  #warzoneclips  #callofduty  #botalert  #battleroyale  #ttv       7_19illnever4get      #PS5Share, #CallofDutyModernWarfareII https://t.co/HUfkAY6KMI",144343413,**this tweet had been deleted or hidden**,0,0,0,0,0,bot pa y meet me at the mall    mw2   rebi hisland   ashikaisland   novpn   warzone2   warzoneclips   warzoneclips   callofduty   botale    battleroyale   ttv       7 19illnever4get       ps5share   callofdutymodernwarfareii  s t co hufkay6kmi,Negative
4,@CODLeague Why didnt you guys have the big check &amp; the rings for #CDL2023 #CDLChamps. Last year Thieves didnt have the ring ceremony until the 1st event of the new COD.,636356447,CODLeague,0,0,1,0,0, codleague why didnt you guys have the big check  amp  the rings for  cdl2023  cdlchamps  last year thieves didnt have the ring ceremony until the 1st event of the new cod ,Neutral
5,"🩸🦄😈 Murder scene 

 #RetweeetPlease ❗️ 

⚠️ #TIKTOK #TREND #foryoupage #fyp #foryou #viral #love #influencer #tbt #love #gamer #gaming #callofduty #cod #GirlGamer #explore #worldwide #Modernwarfare2 #Mw2 #gamingonTikTok https://t.co/pVbtuOSD9q",1655197432932646913,**this tweet had been deleted or hidden**,6,7,61,2,9,  murder scene    retweeetplease      tiktok  trend  foryoupage  fyp  foryou  viral  love  influencer  tbt  love  gamer  gaming  callofduty  cod  girlgamer  explore  worldwide  modernwarfare2  mw2  gamingontiktok  s t co pvbtuosd9q,Positive
6,"RT @lexiissgone: bro woke up and realized his bf isnt with him  
 [ #horangi #Konig #CallofDuty #MWII #Korangi #art ] https://t.co/O858tL8B…",1581309391327723520,lexiissgone,173,0,0,0,0,   lexiissgone  bro woke up and realized his bf isnt with him       horangi  konig  callofduty  mwii  korangi  a     s t co o858tl8b ,Irrelevant
7,"20 Bomb Dub #NextUp #!!!! #NOVPN  #Warzone2  #warzoneclips  #rebirthisland  #ashikaisland  #callofduty  #botalert  #battleroyale  #vondel  #battleroyale  #Teamwipe  #Mw2  #ttv      7_19illnever4get      #PS5Share, #CallofDutyModernWarfareII https://t.co/2iprsY9uzS",144343413,**this tweet had been deleted or hidden**,0,1,0,0,0,20 bomb dub  nextup    novpn   warzone2   warzoneclips   rebi hisland   ashikaisland   callofduty   botale    battleroyale   vondel   battleroyale   teamwipe   mw2   ttv      7 19illnever4get       ps5share   callofdutymodernwarfareii  s t co 2iprsy9uzs,Neutral
8,"RT @Activision: No matter how you play, welcome to the new era of @CallofDuty with the launch of #ModernWarfareII 

https://t.co/z4lKVeUwlS…",1431470466821234688,Activision,307,0,0,0,0,   activision  no matter how you play  welcome to the new era of  callofduty with the launch of  modernwarfareii   s t co z4lkveuwls ,Positive
9,"🚨Live Now - Gold Grind W 🚀
@Xeenon_xyz  

🫡 Make An Account &amp; Join Me 🙌🏻

💬 Season 4 Battle Pass Warzone 👀

Xeenon Channel Link 👇🏻
https://t.co/xAh0xhx7gu

#Xeenon #XeenonGamer #callofduty #Warzone2 #XeenonStreamer #Web3Platform #Web3Community #XeenonFam #Web3 #Web3Games… https://t.co/mJYFOO3G9q https://t.co/L9re9Nu2ny",1397012747590668291,Xeenon_xyz,0,0,1,0,0, live now   gold grind w  xeenon xyz    make an account  amp  join me   season 4 battle pass warzone  xeenon channel link   s t co xah0xhx7gu xeenon  xeenongamer  callofduty  warzone2  xeenonstreamer  web3platform  web3community  xeenonfam  web3  web3games   s t co mjyfoo3g9q  s t co l9re9nu2ny,Neutral
10,RT @Jzambardino41: 🚨Im LIVE Right NOW!!!🚨| Come to the stream and vibe out with me on some warzone ranked! https://t.co/yrRnk2Jfx6 | #Warzo…,1569340143122644994,Jzambardino41,1,0,0,0,0,   jzambardino41   im live right now  come to the stream and vibe out with me on some warzone ranked   s t co yrrnk2jfx6    warzo ,Neutral
11,"@CallofDuty I hope for your sake MWIII is everything MWII is not, if not you're screwed!",1502844338295951368,CallofDuty,0,0,0,0,0, callofduty i hope for your sake mwiii is everything mwii is not  if not you re screwed ,Negative
12,"Lol lost n sauce 😭😭😭😭  #warzoneclips  #callofduty  #battleroyale  #vondel  #botalert #Warzone2 #Mw2 #rebirthisland  #ashikaisland  #NOVPN  #ttv       7_19illnever4get      #PS5Share, #CallofDutyModernWarfareII https://t.co/56pIuDfJgI",144343413,**this tweet had been deleted or hidden**,0,0,0,0,0,lol lost n sauce     warzoneclips   callofduty   battleroyale   vondel   botale   warzone2  mw2  rebi hisland   ashikaisland   novpn   ttv       7 19illnever4get       ps5share   callofdutymodernwarfareii  s t co 56piudfjgi,Negative
13,"RT @WipeTear: If you are a mw2 streamer drop your kick link in the chat I need to host a cod player!

#kick #kickstreaming #kickstream #kic…",1682496764,WipeTear,1,0,0,0,0,   wipetear  if you are a mw2 streamer drop your kick link in the chat i need to host a cod player kick  kickstreaming  kickstream  kic ,Irrelevant
14,"@PrestigeIsKey This is the reason why I dont buy the classic ghost skin…… I think @Activision @InfinityWard @RavenSoftware needs to change this…. Because people have giving €$£100+ out for these skins on MW19,Cold War &amp; MW2🤬🤬🤬",1303104706357723136,PrestigeIsKey,0,0,0,0,0, prestigeiskey this is the reason why i dont buy the classic ghost skin  i think  activision  infinityward  ravensoftware needs to change this  because people have giving  100  out for these skins on mw19 cold war  amp  mw2 ,Negative
15,"RT @lexiissgone: ""don't tell anyone, but Konig sleeps with a teddy bear and me.""
[ #horangi #Konig #CallofDuty #MWII #Korangi #art ] https:…",1532007810376286210,lexiissgone,57,0,0,0,0,   lexiissgone   don t tell anyone  but konig sleeps with a teddy bear and me   horangi  konig  callofduty  mwii  korangi  a     s ,Neutral
16,"RT @lexiissgone: bro woke up and realized his bf isnt with him  
 [ #horangi #Konig #CallofDuty #MWII #Korangi #art ] https://t.co/O858tL8B…",1532007810376286210,lexiissgone,173,0,0,0,0,   lexiissgone  bro woke up and realized his bf isnt with him       horangi  konig  callofduty  mwii  korangi  a     s t co o858tl8b ,Irrelevant
17,"If you are a mw2 streamer drop your kick link in the chat I need to host a cod player!

#kick #kickstreaming #kickstream #kickaffiliate #kickstreams #kicktakeover #follow #live #youtubegaming #youtube #gaming #youtuber #gamer #youtubers #snipe #sniping #mw2 #CallofDuty https://t.co/QI1gkVfeXZ",1480307763641257986,**this tweet had been deleted or hidden**,1,0,1,0,0,if you are a mw2 streamer drop your kick link in the chat i need to host a cod player kick  kickstreaming  kickstream  kickaffiliate  kickstreams  kicktakeover  follow  live  youtubegaming  youtube  gaming  youtuber  gamer  youtubers  snipe  sniping  mw2  callofduty  s t co qi1gkvfexz,Irrelevant
18,Ya andamos en live mi gente cachorra cáiganle ya!! https://t.co/P5GpCAPeJ2 #CallofDuty #LiveStream #ModernWarfareII #warzone2.0 #Ranked #Twich,1586139843008290817,**this tweet had been deleted or hidden**,0,0,1,0,0,ya andamos en live mi gente cachorra c iganle ya   s t co p5gpcapej2  callofduty  livestream  modernwarfareii  warzone2 0  ranked  twich,Neutral
19,"RT @Desneiges_O: I don’t remember If I already posted this one so LETSGO. 🏃💨💨💨
Baby sprout is good for the mood.🌱
#mw2fanart #MW2 #SimonRil…",949507114401128448,Desneiges_O,113,0,0,0,0,   desneiges o  i don t remember if i already posted this one so letsgo   baby sprout is good for the mood mw2fana   mw2  simonril ,Positive
20,"RT @CallofDuty: Time to settle this out on the track 🏎️

Prime Gaming members, your new free bundle for Call of Duty #Warzone and #MWII is…",16185547,CallofDuty,131,0,0,0,0,   callofduty  time to settle this out on the track  prime gaming members  your new free bundle for call of duty  warzone and  mwii is ,Positive
21,RT @661ave: 👑 #CallofDuty #MWII #König #Konig https://t.co/XUd07qUbHq,1597695244958679042,661ave,472,0,0,0,0,   661ave     callofduty  mwii  k nig  konig  s t co xud07qubhq,Negative
22,"RT @CallofDuty: Time to settle this out on the track 🏎️

Prime Gaming members, your new free bundle for Call of Duty #Warzone and #MWII is…",1103110273550888962,CallofDuty,131,0,0,0,0,   callofduty  time to settle this out on the track  prime gaming members  your new free bundle for call of duty  warzone and  mwii is ,Positive
23,"RT @CallofDuty: Time to lock in 🤝

#MWII Free Access is live now until the 26th 🆓 https://t.co/04qHWo8fup",1103110273550888962,CallofDuty,178,0,0,0,0,   callofduty  time to lock in  mwii free access is live now until the 26th    s t co 04qhwo8fup,Neutral
24,"RT @HellishDraws: After 22 hours.. My commission for @vedettare based off of their fic Exfil is DONE HEHEHEH *barking*
#GhostSoap #CallOfDu…",3487881620,HellishDraws,274,0,0,0,0,   hellishdraws  after 22 hours  my commission for  vedettare based off of their fic exfil is done heheheh  barking ghostsoap  callofdu ,Neutral
25,"RT @loneghostwolf88: Soap for the beach boy series 🧼☀️🏝️
#CallofDutyModernWarfare2 #CodGhost #CodSoap #CallofDuty #3DRender #Rendering #MWI…",1597695244958679042,loneghostwolf88,227,0,0,0,0,   loneghostwolf88  soap for the beach boy series  callofdutymodernwarfare2  codghost  codsoap  callofduty  3drender  rendering  mwi ,Negative
26,"RT @CallofDuty: Time to settle this out on the track 🏎️

Prime Gaming members, your new free bundle for Call of Duty #Warzone and #MWII is…",555762338,CallofDuty,131,0,0,0,0,   callofduty  time to settle this out on the track  prime gaming members  your new free bundle for call of duty  warzone and  mwii is ,Positive
27,"RT @PlayCODMobile: Our top 3 Battle Royale tips! 🏆

What other tips do you have for BR players? https://t.co/2Tf1AkFv7p",1424549168412983301,PlayCODMobile,31,0,0,0,0,   playcodmobile  our top 3 battle royale tips   what other tips do you have for br players   s t co 2tf1akfv7p,Neutral
28,#CallofDuty #Warzone2 anyone else got audio problems on the new map playing on Xbox series s can’t hear enemy players until there on top of me,2627253881,**this tweet had been deleted or hidden**,0,0,1,0,0, callofduty  warzone2 anyone else got audio problems on the new map playing on xbox series s can t hear enemy players until there on top of me,Negative
29,"RT @Desneiges_O: I don’t remember If I already posted this one so LETSGO. 🏃💨💨💨
Baby sprout is good for the mood.🌱
#mw2fanart #MW2 #SimonRil…",361679882,Desneiges_O,113,0,0,0,0,   desneiges o  i don t remember if i already posted this one so letsgo   baby sprout is good for the mood mw2fana   mw2  simonril ,Positive
30,"RT @a_secret_mf: Twitter Fics Pt. 8

Pretty perfect Simon Riley is a barracks bunny during his sergeant days

Part Two

⚠️NSFW⚠️

tags: #so…",1630691112766562304,a_secret_mf,15,0,0,0,0,   a secret mf  twitter fics pt  8 pretty perfect simon riley is a barracks bunny during his sergeant days pa  two nsfw tags   so ,Irrelevant
31,"RT @a_secret_mf: Twitter Fics Pt. 8

Pretty perfect Simon Riley is a barracks bunny during his sergeant days

Part One

⚠️NSFW⚠️

tags: #so…",1630691112766562304,a_secret_mf,48,0,0,0,0,   a secret mf  twitter fics pt  8 pretty perfect simon riley is a barracks bunny during his sergeant days pa  one nsfw tags   so ,Irrelevant
32,"『COD:DMZ』ファランクスのヘムロックでキルしてデッド・ドロップに預ける任務が巻き戻るんだが対処法ない？DMZはソロで潜るのが最高に面白いw
https://t.co/BSsCU0wrTL

#COD #コールオブデューティ #callofduty #CODMW2 #MW2 #CoDMWII #DMZ #warzone2 #ニクト #シーズン4
#ファランクス #ヘムロック https://t.co/efN8No40I7",956402256613552128,**this tweet had been deleted or hidden**,0,0,2,0,0, cod dmz dmz w  s t co bsscu0w l cod    callofduty  codmw2  mw2  codmwii  dmz  warzone2    4     s t co efn8no40i7,Neutral
33,"RT @loneghostwolf88: Graves as 3rd entry for the beach boy series 🏝️☀️
#CallofDutyModernWarfare2 #PhillipGraves #CallofDuty #3DRender #Rend…",1214504106942795777,loneghostwolf88,52,0,0,0,0,   loneghostwolf88  graves as 3rd entry for the beach boy series  callofdutymodernwarfare2  phillipgraves  callofduty  3drender  rend ,Positive
34,Call of Duty Mw2 Streamer Hit's Split Quad Feed With a Sniper on SND #cod #gaming #mw2 #snd #callofduty #ModernWarfare2 #anime https://t.co/p7voWZLqMa,3558766413,**this tweet had been deleted or hidden**,0,0,2,0,0,call of duty mw2 streamer hit s split quad feed with a sniper on snd  cod  gaming  mw2  snd  callofduty  modernwarfare2  anime  s t co p7vowzlqma,Neutral
35,"RT @lexiissgone: ""don't tell anyone, but Konig sleeps with a teddy bear and me.""
[ #horangi #Konig #CallofDuty #MWII #Korangi #art ] https:…",1660296242575065088,lexiissgone,57,0,0,0,0,   lexiissgone   don t tell anyone  but konig sleeps with a teddy bear and me   horangi  konig  callofduty  mwii  korangi  a     s ,Neutral
36,"Love playing 3rd person, that my specialty !!! #CallOfDuty #MW2#PS4share

https://t.co/YjgTd7HyzV https://t.co/cIzM8ghcfa",1546920381822427139,**this tweet had been deleted or hidden**,0,0,1,0,0,love playing 3rd person  that my specialty    callofduty  mw2 ps4share  s t co yjgtd7hyzv  s t co cizm8ghcfa,Positive
37,"Miso Ramen boi Puppy!Soap
That brown thing is his tail sticking out of the soup

#miso #ramen #lamen #Soap #SoapMacTavish #fanart #cod #callofduty #cute #chibi #soup #puppy #dog #mw2 #mwii #chilling https://t.co/qdIlwU7Pcm",70811687,**this tweet had been deleted or hidden**,2,0,25,0,1,miso ramen boi puppy soap that brown thing is his tail sticking out of the soup miso  ramen  lamen  soap  soapmactavish  fana   cod  callofduty  cute  chibi  soup  puppy  dog  mw2  mwii  chilling  s t co qdilwu7pcm,Neutral
38,"RT @Desneiges_O: I don’t remember If I already posted this one so LETSGO. 🏃💨💨💨
Baby sprout is good for the mood.🌱
#mw2fanart #MW2 #SimonRil…",732749402419417088,Desneiges_O,113,0,0,0,0,   desneiges o  i don t remember if i already posted this one so letsgo   baby sprout is good for the mood mw2fana   mw2  simonril ,Positive
39,🚨Im LIVE Right NOW!!!🚨| Come to the stream and vibe out with me on some warzone ranked! https://t.co/yrRnk2Jfx6 | #Warzone #CallofDuty #MW2 #FPSgames #gamingcommunity #twitchstreamer,1480284877673189379,**this tweet had been deleted or hidden**,1,0,4,0,0, im live right now  come to the stream and vibe out with me on some warzone ranked   s t co yrrnk2jfx6    warzone  callofduty  mw2  fpsgames  gamingcommunity  twitchstreamer,Neutral
40,"@CallofDuty MWII is the last game implaying until we actually get a good product half way through life cycle. ill stick to just mw19 and xdefiant when that comes out..
 Screw you guys, im going home. 🖕",1111944132665229312,CallofDuty,0,0,0,0,0, callofduty mwii is the last game implaying until we actually get a good product half way through life cycle  ill stick to just mw19 and xdefiant when that comes out  screw you guys  im going home   ,Negative
41,"WELCOME NEW KICKERS, ""Vondel King wannebe""
#KickStreamers #KickStreaming #CallofDuty #gaming #kickarmy #kickstream #warzone2 #warzone #military #vondel #ContentCreator #smallstreamer #fbstreamer #Activision #twitch #TitanicRescue #titanicsubmarine",1228437600022810625,**this tweet had been deleted or hidden**,0,1,4,0,0,welcome new kickers   vondel king wannebe kickstreamers  kickstreaming  callofduty  gaming  kickarmy  kickstream  warzone2  warzone  military  vondel  contentcreator  smallstreamer  fbstreamer  activision  twitch  titanicrescue  titanicsubmarine,Positive
42,"RT @CallofDuty: Time to settle this out on the track 🏎️

Prime Gaming members, your new free bundle for Call of Duty #Warzone and #MWII is…",231071903,CallofDuty,131,0,0,0,0,   callofduty  time to settle this out on the track  prime gaming members  your new free bundle for call of duty  warzone and  mwii is ,Positive
43,@ModernWarzone @Activision I know you make a living reporting and playing the game but your question is dumb. They are shutting it down to force people to MW2 cause they’re money hungry and a trash franchise. I spent over $500 on MW19 and they’re basically stealing it from me. Never will play a cod again,930604962,ModernWarzone,0,0,0,0,0, modernwarzone  activision i know you make a living repo ing and playing the game but your question is dumb  they are shutting it down to force people to mw2 cause they re money hungry and a trash franchise  i spent over  500 on mw19 and they re basically stealing it from me  never will play a cod again,Negative
44,"RT @loneghostwolf88: Graves as 3rd entry for the beach boy series 🏝️☀️
#CallofDutyModernWarfare2 #PhillipGraves #CallofDuty #3DRender #Rend…",2865956558,loneghostwolf88,52,0,0,0,0,   loneghostwolf88  graves as 3rd entry for the beach boy series  callofdutymodernwarfare2  phillipgraves  callofduty  3drender  rend ,Positive
45,"RT @lexiissgone: ""don't tell anyone, but Konig sleeps with a teddy bear and me.""
[ #horangi #Konig #CallofDuty #MWII #Korangi #art ] https:…",2547329126,lexiissgone,57,0,0,0,0,   lexiissgone   don t tell anyone  but konig sleeps with a teddy bear and me   horangi  konig  callofduty  mwii  korangi  a     s ,Neutral
46,@PlayCODMobile When is the krig 6 mythic back out please,1314117431531655168,PlayCODMobile,0,0,0,0,0, playcodmobile when is the krig 6 mythic back out please,Negative
47,"RT @lexiissgone: bro woke up and realized his bf isnt with him  
 [ #horangi #Konig #CallofDuty #MWII #Korangi #art ] https://t.co/O858tL8B…",2547329126,lexiissgone,173,0,0,0,0,   lexiissgone  bro woke up and realized his bf isnt with him       horangi  konig  callofduty  mwii  korangi  a     s t co o858tl8b ,Irrelevant
48,"Im glad this is acceptable in your game 👌 
@Activision @ATVIAssist @CallofDuty #CallofDuty #Activision #MW2 #MWII https://t.co/92RE3dJCYl",1269604175261794304,Activision,0,0,1,0,0,im glad this is acceptable in your game    activision  atviassist  callofduty  callofduty  activision  mw2  mwii  s t co 92re3djcyl,Negative
49,"Im glad this is acceptable in your game 👌 
@Activision @ATVIAssist @CallofDuty #CallofDuty #Activision #MW2 #MWII https://t.co/O5dpHbFWDp",1269604175261794304,Activision,0,0,1,0,0,im glad this is acceptable in your game    activision  atviassist  callofduty  callofduty  activision  mw2  mwii  s t co o5dphbfwdp,Negative
50,"RT @ColosseumCrew: ⚔️4v4 FREE HARDPOINT ONLY  
                     *Cold War*
 💰 PRIZE $100 | FREE ENTRY

📅Tomorrow @ 8pm EST 

All info…",1322039055786323968,ColosseumCrew,3,0,0,0,0,   colosseumcrew   4v4 free hardpoint only                         cold war    prize  100   free entry tomorrow   8pm est  all info ,Positive
51,@PlayCODMobile @MobileMayhemGG Well isn't this interesting 🤔,1249942522446647302,PlayCODMobile,0,0,0,0,0, playcodmobile  mobilemayhemgg well isn t this interesting  ,Positive
52,This won’t make the players go to MWII https://t.co/XaQapB2bIw,1454873996160290817,**this tweet had been deleted or hidden**,0,0,0,0,0,this won t make the players go to mwii  s t co xaqapb2biw,Negative
53,"RT @CallofDuty: Time to lock in 🤝

#MWII Free Access is live now until the 26th 🆓 https://t.co/04qHWo8fup",1669558044278292481,CallofDuty,178,0,0,0,0,   callofduty  time to lock in  mwii free access is live now until the 26th    s t co 04qhwo8fup,Neutral
54,"RT @CallofDuty: Time to lock in 🤝

#MWII Free Access is live now until the 26th 🆓 https://t.co/04qHWo8fup",1521103917077217281,CallofDuty,178,0,0,0,0,   callofduty  time to lock in  mwii free access is live now until the 26th    s t co 04qhwo8fup,Neutral
55,"RT @CallofDuty: Time to settle this out on the track 🏎️

Prime Gaming members, your new free bundle for Call of Duty #Warzone and #MWII is…",1669558044278292481,CallofDuty,131,0,0,0,0,   callofduty  time to settle this out on the track  prime gaming members  your new free bundle for call of duty  warzone and  mwii is ,Positive
56,"RT @AceOfDeath_: We live!!! Come drop a follow and hangout with me!!  
https://t.co/l2CJsPiYsV 

#kickstreamer #kickstreaming #kickaffiliat…",704583568316633088,AceOfDeath_,2,0,0,0,0,   aceofdeath  we live  come drop a follow and hangout with me     s t co l2cjspiysv  kickstreamer  kickstreaming  kickaffiliat ,Neutral
57,"We live!!! Come drop a follow and hangout with me!!  
https://t.co/l2CJsPiYsV 

#kickstreamer #kickstreaming #kickaffiliate #callofduty #cod #warzone #warzone2 #warzoneranked #streamer #KOOPATROOP #smallstreamer",868557020491915264,**this tweet had been deleted or hidden**,2,0,7,0,0,we live  come drop a follow and hangout with me     s t co l2cjspiysv  kickstreamer  kickstreaming  kickaffiliate  callofduty  cod  warzone  warzone2  warzoneranked  streamer  koopatroop  smallstreamer,Neutral
58,@CallofDuty XDefiant &gt; MW2,2209400545,CallofDuty,0,0,0,0,0, callofduty xdefiant  gt  mw2,Negative
59,"RT @CallofDuty: Time to lock in 🤝

#MWII Free Access is live now until the 26th 🆓 https://t.co/04qHWo8fup",1425433100994105352,CallofDuty,178,0,0,0,0,   callofduty  time to lock in  mwii free access is live now until the 26th    s t co 04qhwo8fup,Neutral
60,"RT @Desneiges_O: I don’t remember If I already posted this one so LETSGO. 🏃💨💨💨
Baby sprout is good for the mood.🌱
#mw2fanart #MW2 #SimonRil…",2328978614,Desneiges_O,113,0,0,0,0,   desneiges o  i don t remember if i already posted this one so letsgo   baby sprout is good for the mood mw2fana   mw2  simonril ,Positive
61,"RT @CallofDuty: Time to lock in 🤝

#MWII Free Access is live now until the 26th 🆓 https://t.co/04qHWo8fup",1411794756812914691,CallofDuty,178,0,0,0,0,   callofduty  time to lock in  mwii free access is live now until the 26th    s t co 04qhwo8fup,Neutral
62,"Lowkey 25 kills.. 24 kills ranked win!! 🏆🥇
#Warzone #Warzone2 #warzoneranked #MWII #CallofDuty #warzoneclips #CODTOPPLAYS #BattleRoyale #Gaming #kick #Twitch #KickStreaming https://t.co/iOEMHvTp3i",1892315796,**this tweet had been deleted or hidden**,0,0,4,0,0,lowkey 25 kills  24 kills ranked win   warzone  warzone2  warzoneranked  mwii  callofduty  warzoneclips  codtopplays  battleroyale  gaming  kick  twitch  kickstreaming  s t co ioemhvtp3i,Neutral
63,"Done with MW2 now, @InfinityWard @Activision must be nice to take a lot of our money and doing absolutely nothing to improve anything whatsoever. https://t.co/uSKMmJE7za",1047462487304626177,InfinityWard,0,0,2,2,0,done with mw2 now   infinityward  activision must be nice to take a lot of our money and doing absolutely nothing to improve anything whatsoever   s t co uskmmje7za,Positive
64,RT @_TeamNotorious: Want to hear more TN content behind the scenes? Want TN content on the go? Check out our new series over on Spotify and…,1586947744865943552,_TeamNotorious,3,0,0,0,0,   teamnotorious  want to hear more tn content behind the scenes  want tn content on the go  check out our new series over on spotify and ,Neutral
65,@Swagg Probably more people on WZ1 then the whole MW2 shits kinda sad I lost all hope in cod and Activision as a whole tbh all these multiplayer fps shooters are washed been enjoying single player games alot recently thats just my opinion,1131394809174925312,Swagg,0,0,2,0,0, swagg probably more people on wz1 then the whole mw2 shits kinda sad i lost all hope in cod and activision as a whole tbh all these multiplayer fps shooters are washed been enjoying single player games alot recently thats just my opinion,Negative
66,"@Dr_LAZARUS__YT @PlayCODMobile @ATVIAssist If you are still banned, I suggest you send a message to BEST_TECHHACK on Instagram. He literally got my permanently banned account recovered.",1670920967118356485,Dr_LAZARUS__YT,0,0,0,0,0, dr lazarus yt  playcodmobile  atviassist if you are still banned  i suggest you send a message to best techhack on instagram  he literally got my permanently banned account recovered ,Irrelevant
67,"RT @Desneiges_O: I don’t remember If I already posted this one so LETSGO. 🏃💨💨💨
Baby sprout is good for the mood.🌱
#mw2fanart #MW2 #SimonRil…",1022141717787504640,Desneiges_O,113,0,0,0,0,   desneiges o  i don t remember if i already posted this one so letsgo   baby sprout is good for the mood mw2fana   mw2  simonril ,Positive
68,"Wish I got the finishes 🙂

#cod #Warzone2 #DMZ #smallstreamer #KickStreamer #kick #twitch #gaming #Vondel #Season4 https://t.co/huMuC1hRzl",1450747303975866371,**this tweet had been deleted or hidden**,0,1,5,0,0,wish i got the finishes  cod  warzone2  dmz  smallstreamer  kickstreamer  kick  twitch  gaming  vondel  season4  s t co humuc1hrzl,Neutral
69,RT @Tonner__: Huge Shoutout to @BlazeAella for creating my socials banner! Send her a DM if you need any graphic design work done! #MW2 #MW…,1296127345577918464,Tonner__,2,0,0,0,0,   tonner  huge shoutout to  blazeaella for creating my socials banner  send her a dm if you need any graphic design work done   mw2  mw ,Irrelevant
70,RT @_TeamNotorious: Want to hear more TN content behind the scenes? Want TN content on the go? Check out our new series over on Spotify and…,1006344054970507264,_TeamNotorious,3,0,0,0,0,   teamnotorious  want to hear more tn content behind the scenes  want tn content on the go  check out our new series over on spotify and ,Neutral
71,"RT @Desneiges_O: I don’t remember If I already posted this one so LETSGO. 🏃💨💨💨
Baby sprout is good for the mood.🌱
#mw2fanart #MW2 #SimonRil…",1581309391327723520,Desneiges_O,113,0,0,0,0,   desneiges o  i don t remember if i already posted this one so letsgo   baby sprout is good for the mood mw2fana   mw2  simonril ,Positive
72,"RT @Desneiges_O: I don’t remember If I already posted this one so LETSGO. 🏃💨💨💨
Baby sprout is good for the mood.🌱
#mw2fanart #MW2 #SimonRil…",1095983118622715905,Desneiges_O,113,0,0,0,0,   desneiges o  i don t remember if i already posted this one so letsgo   baby sprout is good for the mood mw2fana   mw2  simonril ,Positive
73,25 kills fácil en consola 😈 #Warzone #CallofDuty #MW2 #Xbox https://t.co/g026SdypB7,1498400989413625860,**this tweet had been deleted or hidden**,0,0,2,1,0,25 kills f cil en consola    warzone  callofduty  mw2  xbox  s t co g026sdypb7,Neutral
74,"RT @Desneiges_O: I don’t remember If I already posted this one so LETSGO. 🏃💨💨💨
Baby sprout is good for the mood.🌱
#mw2fanart #MW2 #SimonRil…",1623088397198696450,Desneiges_O,113,0,0,0,0,   desneiges o  i don t remember if i already posted this one so letsgo   baby sprout is good for the mood mw2fana   mw2  simonril ,Positive
75,"RT @loneghostwolf88: Graves as 3rd entry for the beach boy series 🏝️☀️
#CallofDutyModernWarfare2 #PhillipGraves #CallofDuty #3DRender #Rend…",1095983118622715905,loneghostwolf88,52,0,0,0,0,   loneghostwolf88  graves as 3rd entry for the beach boy series  callofdutymodernwarfare2  phillipgraves  callofduty  3drender  rend ,Positive
76,RT @_TeamNotorious: Want to hear more TN content behind the scenes? Want TN content on the go? Check out our new series over on Spotify and…,2787536748,_TeamNotorious,3,0,0,0,0,   teamnotorious  want to hear more tn content behind the scenes  want tn content on the go  check out our new series over on spotify and ,Neutral
77,"RT @CallofDuty: Time to settle this out on the track 🏎️

Prime Gaming members, your new free bundle for Call of Duty #Warzone and #MWII is…",1401376874438303745,CallofDuty,131,0,0,0,0,   callofduty  time to settle this out on the track  prime gaming members  your new free bundle for call of duty  warzone and  mwii is ,Positive
78,Want to hear more TN content behind the scenes? Want TN content on the go? Check out our new series over on Spotify and soon to be on YouTube! Now you can watch and even just listen anytime and anywhere. https://t.co/VDurkHpHar  #BeNotorious #SpotifyTop5 #cdl2023,1067239493856563200,**this tweet had been deleted or hidden**,3,2,13,0,1,want to hear more tn content behind the scenes  want tn content on the go  check out our new series over on spotify and soon to be on youtube  now you can watch and even just listen anytime and anywhere   s t co vdurkhphar   benotorious  spotifytop5  cdl2023,Neutral
79,"@Dr_LAZARUS__YT @PlayCODMobile @ATVIAssist If you are still banned, I suggest you send a message to BEST_TECHHACK on Instagram. He literally got my permanently banned account recovered.",1670920967118356485,Dr_LAZARUS__YT,0,0,0,0,0, dr lazarus yt  playcodmobile  atviassist if you are still banned  i suggest you send a message to best techhack on instagram  he literally got my permanently banned account recovered ,Irrelevant
80,"RT @AmikoRoyAi: Modern Warfare II 09 in nutshell

#callofduty #MWII https://t.co/3MaOhB66Rh",1644205078696579073,AmikoRoyAi,1727,0,0,0,0,   amikoroyai  modern warfare ii 09 in nutshell callofduty  mwii  s t co 3maohb66rh,Neutral
81,"COMO DESBLOQUEAR a TONFA [ CASSETETE do LEÃO ] EVENTO ESPECIAL DESAFIO SECRETO | Call Of Duty MW2
https://t.co/sl6z7w0ggO
#callofduty #callofdutymw2 #callofdutydmz https://t.co/32UXNPht7k",204911469,**this tweet had been deleted or hidden**,0,0,1,0,0,como desbloquear a tonfa   cassetete do le o   evento especial desafio secreto   call of duty mw2  s t co sl6z7w0ggo callofduty  callofdutymw2  callofdutydmz  s t co 32uxnpht7k,Neutral
82,@DrWitnesser @ModernWarzone @CallofDuty not MW2,3036787963,DrWitnesser,0,0,1,0,0, drwitnesser  modernwarzone  callofduty not mw2,Negative
83,"RT @CallofDuty: Time to settle this out on the track 🏎️

Prime Gaming members, your new free bundle for Call of Duty #Warzone and #MWII is…",2327748979,CallofDuty,131,0,0,0,0,   callofduty  time to settle this out on the track  prime gaming members  your new free bundle for call of duty  warzone and  mwii is ,Positive
84,"COMO DERROTAR o BULLFROG e COLETAR a MALETA de VOLDEL FACILMENTE ROTA &amp; LOADOUT Call Of Duty MW2 DMZ
https://t.co/kgGbolGhvX
#callofduty #callofdutymw2 #callofdutydmz https://t.co/9Bv2Axcjm3",204911469,**this tweet had been deleted or hidden**,0,0,3,0,0,como derrotar o bullfrog e coletar a maleta de voldel facilmente rota  amp  loadout call of duty mw2 dmz  s t co kggbolghvx callofduty  callofdutymw2  callofdutydmz  s t co 9bv2axcjm3,Neutral
85,@PlayCODMobile This teaches you how to be a noob. Lol,1636348826645590017,PlayCODMobile,0,0,0,0,0, playcodmobile this teaches you how to be a noob  lol,Irrelevant
86,"Even though the gameplay remains incredibly fun, #CallOfDuty #COD is not in a good place for a lot of reasons. #VideoGames #CODMW2 #Warzone2

 https://t.co/uS8hn02zWo",723532208179404800,**this tweet had been deleted or hidden**,0,1,1,0,0,even though the gameplay remains incredibly fun   callofduty  cod is not in a good place for a lot of reasons   videogames  codmw2  warzone2   s t co us8hn02zwo,Positive
87,"COMO ACHAR a BROCA DIAMANTADA [ EASTER EGG ] | Call Of Duty MW2 DMZ
https://t.co/jt19YdxYot
#callofduty #callofdutymw2 #callofdutydmz https://t.co/y20oGgCUny",204911469,**this tweet had been deleted or hidden**,0,0,2,0,0,como achar a broca diamantada   easter egg     call of duty mw2 dmz  s t co jt19ydxyot callofduty  callofdutymw2  callofdutydmz  s t co y20oggcuny,Negative
88,"RT @Spinypine2: &gt;Looks at leaks for future MWII content
&gt;Sees that there’s gonna be another shadow company Milsim skin, probably a reward f…",1661675176868691968,Spinypine2,8,0,0,0,0,   spinypine2   gt looks at leaks for future mwii content gt sees that there s gonna be another shadow company milsim skin  probably a reward f ,Negative
89,"RT @CallofDuty: Time to lock in 🤝

#MWII Free Access is live now until the 26th 🆓 https://t.co/04qHWo8fup",1401376874438303745,CallofDuty,178,0,0,0,0,   callofduty  time to lock in  mwii free access is live now until the 26th    s t co 04qhwo8fup,Neutral
90,"RT @ragnamiss: I'm Live now! Warzone 2.0 On All major platforms, search Ragnamiss or go to Twitch. https://t.co/3yhOpVvb7i #live #livenow #…",1238959701045501964,ragnamiss,1,0,0,0,0,   ragnamiss  i m live now  warzone 2 0 on all major platforms  search ragnamiss or go to twitch   s t co 3yhopvvb7i  live  livenow  ,Neutral
91,"RT @yumecore: #CallofDuty #MWII #MW2 #SimonGhostRiley
Full shots below  1/2
POV↓  (I'm smol like that :3) https://t.co/WLjLK4214R",1055500450072576002,yumecore,103,0,0,0,0,   yumecore   callofduty  mwii  mw2  simonghostriley full shots below  1 2 pov    i m smol like that  3   s t co wljlk4214r,Neutral
92,"RT @CallofDuty: Time to settle this out on the track 🏎️

Prime Gaming members, your new free bundle for Call of Duty #Warzone and #MWII is…",1365071845762940928,CallofDuty,131,0,0,0,0,   callofduty  time to settle this out on the track  prime gaming members  your new free bundle for call of duty  warzone and  mwii is ,Positive
93,"📢 ℂ𝕠𝕞𝕞𝕚𝕤𝕤𝕚𝕠𝕟𝕤 𝕆𝕡𝕖𝕟 📢
Need a 🎨 #Thumbnail Designer with experience?

🔴Look no further🔴
💵 Budget Friendly Packages
✉ DM me, I am looking for more clients.

Portfolio 👉 https://t.co/6zLDGstB1P

#CallofDuty #Warzone #Kick #Youtube #SmallStreamer #Twitch #MW2 https://t.co/cidHu6F3hl",1924113181,**this tweet had been deleted or hidden**,0,0,5,0,0,       need a    thumbnail designer with experience look no fu her  budget friendly packages  dm me  i am looking for more clients po folio    s t co 6zldgstb1p callofduty  warzone  kick  youtube  smallstreamer  twitch  mw2  s t co cidhu6f3hl,Neutral
94,RT @Aysoulless: Snipers only / search and rescue clan wars https://t.co/cHp22EAG68 via @YouTube new video out now @PlayCODMobile still doin…,176158689,Aysoulless,1,0,0,0,0,   aysoulless  snipers only   search and rescue clan wars  s t co chp22eag68 via  youtube new video out now  playcodmobile still doin ,Neutral
95,"RT @CallofDuty: Time to lock in 🤝

#MWII Free Access is live now until the 26th 🆓 https://t.co/04qHWo8fup",1659460988201205760,CallofDuty,178,0,0,0,0,   callofduty  time to lock in  mwii free access is live now until the 26th    s t co 04qhwo8fup,Neutral
96,"RT @CallofDuty: Time to lock in 🤝

#MWII Free Access is live now until the 26th 🆓 https://t.co/04qHWo8fup",781913539799818240,CallofDuty,178,0,0,0,0,   callofduty  time to lock in  mwii free access is live now until the 26th    s t co 04qhwo8fup,Neutral
97,"RT @CallofDuty: Time to settle this out on the track 🏎️

Prime Gaming members, your new free bundle for Call of Duty #Warzone and #MWII is…",781913539799818240,CallofDuty,131,0,0,0,0,   callofduty  time to settle this out on the track  prime gaming members  your new free bundle for call of duty  warzone and  mwii is ,Positive
98,"RT @CallofDuty: Time to settle this out on the track 🏎️

Prime Gaming members, your new free bundle for Call of Duty #Warzone and #MWII is…",895860276876148736,CallofDuty,131,0,0,0,0,   callofduty  time to settle this out on the track  prime gaming members  your new free bundle for call of duty  warzone and  mwii is ,Positive
