,text,author_id,username,retweet,reply,like,quote,bookmark,lower,sentiment
0,"RT @BettyBRenders: 💀 You want it?

#Ghost #SimonGhostRiley #GhostMW2 #MW2 #MWII #CallofDutyModernWarfare2 #CallofDuty https://t.co/jTKVCs2P…",1302781906828906496,BettyBRenders,320,0,0,0,0,   bettybrenders    you want it ghost  simonghostriley  ghostmw2  mw2  mwii  callofdutymodernwarfare2  callofduty  s t co jtkvcs2p ,Neutral
1,"RT @BettyBRenders: 💀 You want it?

#Ghost #SimonGhostRiley #GhostMW2 #MW2 #MWII #CallofDutyModernWarfare2 #CallofDuty https://t.co/jTKVCs2P…",1408797688494186498,BettyBRenders,320,0,0,0,0,   bettybrenders    you want it ghost  simonghostriley  ghostmw2  mw2  mwii  callofdutymodernwarfare2  callofduty  s t co jtkvcs2p ,Neutral
2,"Went from being 🤬 to 😱 
MUST WATCH😂
#trending #warzone2 #callofduty #codclips #fyp #youtube https://t.co/0TZh52hg3T",1232168898130108416,**this tweet had been deleted or hidden**,0,0,5,0,0,went from being   to    must watch trending  warzone2  callofduty  codclips  fyp  youtube  s t co 0tzh52hg3t,Neutral
3,"RT @loneghostwolf88: Last week I had some #GhostSoap haters in my IG comments , so  I made this to piss them off even more 🤭😎
#CodGhost #Co…",1095983118622715905,loneghostwolf88,203,0,0,0,0,   loneghostwolf88  last week i had some  ghostsoap haters in my ig comments   so  i made this to piss them off even more  codghost  co ,Irrelevant
4,"RT @BettyBRenders: 💀 You want it?

#Ghost #SimonGhostRiley #GhostMW2 #MW2 #MWII #CallofDutyModernWarfare2 #CallofDuty https://t.co/jTKVCs2P…",1645457959562903552,BettyBRenders,320,0,0,0,0,   bettybrenders    you want it ghost  simonghostriley  ghostmw2  mw2  mwii  callofdutymodernwarfare2  callofduty  s t co jtkvcs2p ,Neutral
5,"🚨SIGN UPS Extended to 8:15!!!

⚔️4v4 FREE HARDPOINT ONLY  
                     *Cold War*
 💰 PRIZE $100 | FREE ENTRY

All info ⬇️

@CODReTweeters @ScrimFinder #CDL2023      #CallofDuty https://t.co/4HIhTYrYyy",1354855480498204672,CODReTweeters,0,0,1,0,0, sign ups extended to 8 15 4v4 free hardpoint only                         cold war    prize  100   free entry all info  codretweeters  scrimfinder  cdl2023 callofduty  s t co 4hihtyryyy,Neutral
6,"RT @Virgil_630: drawing him is my guilty pleasure 

#soapmactavish #soapmw2 #MWII #MW2 #codmw2 #CallofDuty #CallofDutyModernWarfare2 #cod h…",1624236141103796226,Virgil_630,356,0,0,0,0,   virgil 630  drawing him is my guilty pleasure  soapmactavish  soapmw2  mwii  mw2  codmw2  callofduty  callofdutymodernwarfare2  cod h ,Positive
7,RT @ModenasHD: If you missed any of the Twitch drops from CDL Champs 2023 (including the exclusive camo) you can use the code CDLCHAMP23 on…,1311436543,ModenasHD,231,0,0,0,0,   modenashd  if you missed any of the twitch drops from cdl champs 2023  including the exclusive camo  you can use the code cdlchamp23 on ,Irrelevant
8,"RT @cerosin_bis: To absolutely no one's surprise, I love König in particular 
#MWII #CallofDuty https://t.co/HVfIFn6RNZ",1651945023850651655,cerosin_bis,175,0,0,0,0,   cerosin bis  to absolutely no one s surprise  i love k nig in pa icular  mwii  callofduty  s t co hvfifn6rnz,Positive
9,RT @Jzambardino41: Who Else is SICK of These RoofTop Campers on Vondel???🤯| LIVE on Twitch RIGHT NOW! Come through and vibe with me! https:…,1437141206060912640,Jzambardino41,3,0,0,0,0,   jzambardino41  who else is sick of these rooftop campers on vondel  live on twitch right now  come through and vibe with me   s ,Irrelevant
10,"#LiveNow on #twitch 🟣
#CallofDuty #MWII #MW2 #grind #ranked #season4 #follow #like #retweet #support #FridayVibes 
JUST VIBIN &amp; GRINDIN! 💪🔫 FOLLOW &amp; VIBE 💪🙏 | FOLLOW THE CLAN 👉 @acemoo_dy @ace_ltw  👈| !LURK !SOCIALS !COMMANDS 

https://t.co/4JUosiXeXn 👈",1477601636184952832,**this tweet had been deleted or hidden**,1,0,2,0,0, livenow on  twitch  callofduty  mwii  mw2  grind  ranked  season4  follow  like  retweet  suppo   fridayvibes  just vibin  amp  grindin    follow  amp  vibe     follow the clan    acemoo dy  ace ltw     lurk  socials  commands   s t co 4juosixexn  ,Neutral
11,"RT @lexiissgone: my vid from tiktok, they so silly i cannot —
[ #horangi #Konig #CallofDuty #art #Korangi #MWII #konrangi ] https://t.co/7b…",1468731599323910148,lexiissgone,176,0,0,0,0,   lexiissgone  my vid from tiktok  they so silly i cannot    horangi  konig  callofduty  a   korangi  mwii  konrangi    s t co 7b ,Negative
12,"RT @BettyBRenders: 💀 You want it?

#Ghost #SimonGhostRiley #GhostMW2 #MW2 #MWII #CallofDutyModernWarfare2 #CallofDuty https://t.co/jTKVCs2P…",1610075763998441473,BettyBRenders,320,0,0,0,0,   bettybrenders    you want it ghost  simonghostriley  ghostmw2  mw2  mwii  callofdutymodernwarfare2  callofduty  s t co jtkvcs2p ,Neutral
13,RT @ModenasHD: If you missed any of the Twitch drops from CDL Champs 2023 (including the exclusive camo) you can use the code CDLCHAMP23 on…,1147211711763701760,ModenasHD,231,0,0,0,0,   modenashd  if you missed any of the twitch drops from cdl champs 2023  including the exclusive camo  you can use the code cdlchamp23 on ,Irrelevant
14,"Assista kiramanson12 comigo na Twitch! https://t.co/727Kp4ABN0
#xbox #codmw2 #callofduty #warzone #Warzone2 #twitch #twitch",1164035765644484608,**this tweet had been deleted or hidden**,0,0,4,0,0,assista kiramanson12 comigo na twitch   s t co 727kp4abn0 xbox  codmw2  callofduty  warzone  warzone2  twitch  twitch,Neutral
15,This is getting out of control and the Ricochet is nowhere to be seen in Warzone 2... We are 4 season in now and look at this f*cking joke: #anticheat #ricochet #callofduty #cheaters #nukeskin #nukechallenge #warzone2 #warzone https://t.co/xw4wsbm85U,1514268684105170951,**this tweet had been deleted or hidden**,1,0,9,0,0,this is getting out of control and the ricochet is nowhere to be seen in warzone 2  we are 4 season in now and look at this f cking joke   anticheat  ricochet  callofduty  cheaters  nukeskin  nukechallenge  warzone2  warzone  s t co xw4wsbm85u,Irrelevant
16,"RT @official_defy: 🚨New video w/ @CollinsChadM @VZCosplay &amp; @_Sub2_IceBurgz!

https://t.co/GZQlwkpQjw

https://t.co/GZQlwkpQjw

https://t.c…",1590304662036570117,official_defy,3,0,0,0,0,   official defy   new video w   collinschadm  vzcosplay  amp   sub2 iceburgz  s t co gzqlwkpqjw  s t co gzqlwkpqjw  s t c ,Neutral
17,"RT @official_defy: I can confirm using @CollinsChadM's Alex Keller skin gives you an upper peg on the competition 😈🦿🫡

#AlexKeller #CallofD…",1590304662036570117,official_defy,2,0,0,0,0,   official defy  i can confirm using  collinschadm s alex keller skin gives you an upper peg on the competition  alexkeller  callofd ,Neutral
18,"RT @BettyBRenders: 💀 You want it?

#Ghost #SimonGhostRiley #GhostMW2 #MW2 #MWII #CallofDutyModernWarfare2 #CallofDuty https://t.co/jTKVCs2P…",1081050217284128770,BettyBRenders,320,0,0,0,0,   bettybrenders    you want it ghost  simonghostriley  ghostmw2  mw2  mwii  callofdutymodernwarfare2  callofduty  s t co jtkvcs2p ,Neutral
19,"RT @loneghostwolf88: Last week I had some #GhostSoap haters in my IG comments , so  I made this to piss them off even more 🤭😎
#CodGhost #Co…",1484739357261148163,loneghostwolf88,203,0,0,0,0,   loneghostwolf88  last week i had some  ghostsoap haters in my ig comments   so  i made this to piss them off even more  codghost  co ,Irrelevant
20,"RT @BettyBRenders: 💀 You want it?

#Ghost #SimonGhostRiley #GhostMW2 #MW2 #MWII #CallofDutyModernWarfare2 #CallofDuty https://t.co/jTKVCs2P…",2834854785,BettyBRenders,320,0,0,0,0,   bettybrenders    you want it ghost  simonghostriley  ghostmw2  mw2  mwii  callofdutymodernwarfare2  callofduty  s t co jtkvcs2p ,Neutral
21,RT @661ave: 👑 #CallofDuty #MWII #König #Konig https://t.co/XUd07qUbHq,1345129996680114176,661ave,472,0,0,0,0,   661ave     callofduty  mwii  k nig  konig  s t co xud07qubhq,Negative
22,"Today we are covering the M4A1 SOPMOD Kit Block I, II, and III (URGI)!! #M4 #SOPMOD #ModernWarfare2 #ModernWarfareII #CallofDuty #MWII #Warzone @InfinityWard @CallofDuty @Activision 
https://t.co/mY0uaKkZMZ https://t.co/FSS752qyUc",1135717133697110016,InfinityWard,3,0,14,0,0,today we are covering the m4a1 sopmod kit block i  ii  and iii  urgi   m4  sopmod  modernwarfare2  modernwarfareii  callofduty  mwii  warzone  infinityward  callofduty  activision   s t co my0uakkzmz  s t co fss752qyuc,Neutral
23,"RT @BettyBRenders: 💀 You want it?

#Ghost #SimonGhostRiley #GhostMW2 #MW2 #MWII #CallofDutyModernWarfare2 #CallofDuty https://t.co/jTKVCs2P…",1358212988419772416,BettyBRenders,320,0,0,0,0,   bettybrenders    you want it ghost  simonghostriley  ghostmw2  mw2  mwii  callofdutymodernwarfare2  callofduty  s t co jtkvcs2p ,Neutral
24,"RT @HellishDraws: Good boy ❤️

#SoapGhost #CallofDuty #MW2 https://t.co/Gf30XDSH51",1332453066537394177,HellishDraws,138,0,0,0,0,   hellishdraws  good boy  soapghost  callofduty  mw2  s t co gf30xdsh51,Positive
25,"Enjoy!
MW2 Fails and Funny Moments

MW2 moments he just DIDNT know... https://t.co/B0OdMvkRRP via @YouTube

#CallofDuty #MW2",2489048262,YouTube,0,0,0,0,0,enjoy mw2 fails and funny moments mw2 moments he just didnt know   s t co b0odmvkrrp via  youtube callofduty  mw2,Irrelevant
26,"RT @lexiissgone: ""don't tell anyone, but Konig sleeps with a teddy bear and me.""
[ #horangi #Konig #CallofDuty #MWII #Korangi #art ] https:…",1626221330218758145,lexiissgone,57,0,0,0,0,   lexiissgone   don t tell anyone  but konig sleeps with a teddy bear and me   horangi  konig  callofduty  mwii  korangi  a     s ,Neutral
27,"RT @BettyBRenders: 💀 You want it?

#Ghost #SimonGhostRiley #GhostMW2 #MW2 #MWII #CallofDutyModernWarfare2 #CallofDuty https://t.co/jTKVCs2P…",1604333868915589120,BettyBRenders,320,0,0,0,0,   bettybrenders    you want it ghost  simonghostriley  ghostmw2  mw2  mwii  callofdutymodernwarfare2  callofduty  s t co jtkvcs2p ,Neutral
28,"RT @BettyBRenders: 💀 You want it?

#Ghost #SimonGhostRiley #GhostMW2 #MW2 #MWII #CallofDutyModernWarfare2 #CallofDuty https://t.co/jTKVCs2P…",1399619278563852289,BettyBRenders,320,0,0,0,0,   bettybrenders    you want it ghost  simonghostriley  ghostmw2  mw2  mwii  callofdutymodernwarfare2  callofduty  s t co jtkvcs2p ,Neutral
29,"Craazzy Game On Vondel😮‍💨
Link In Bio🎥 #warzone2 #callofduty #codclips #fyp #trending #youtube https://t.co/euV0Hzs9d6",1232168898130108416,**this tweet had been deleted or hidden**,0,0,3,0,0,craazzy game on vondel link in bio   warzone2  callofduty  codclips  fyp  trending  youtube  s t co euv0hzs9d6,Negative
30,"So I’m going to assume that the MW2 have gone to shit because all your manpower is focused on bringing back the THPS servers, right? @Activision",880093874739322881,Activision,0,0,4,0,0,so i m going to assume that the mw2 have gone to shit because all your manpower is focused on bringing back the thps servers  right   activision,Negative
31,"RT @BettyBRenders: 💀 You want it?

#Ghost #SimonGhostRiley #GhostMW2 #MW2 #MWII #CallofDutyModernWarfare2 #CallofDuty https://t.co/jTKVCs2P…",1651957778204991488,BettyBRenders,320,0,0,0,0,   bettybrenders    you want it ghost  simonghostriley  ghostmw2  mw2  mwii  callofdutymodernwarfare2  callofduty  s t co jtkvcs2p ,Neutral
32,"RT @loneghostwolf88: big boy got lost on the beach... 😎

#CallofDutyModernWarfare2 #CoDKönig   #CallofDuty  #3DRender #Rendering #Daz3D #MW…",1567934052828696576,loneghostwolf88,966,0,0,0,0,   loneghostwolf88  big boy got lost on the beach   callofdutymodernwarfare2  codk nig    callofduty   3drender  rendering  daz3d  mw ,Negative
33,"RT @loneghostwolf88: 💀🚬
#CallofDutyModernWarfare2 #simonghostriley #CoDGhost #CallofDuty #3DRender #Rendering #Daz3D #MWII https://t.co/0fi…",1567934052828696576,loneghostwolf88,165,0,0,0,0,   loneghostwolf88   callofdutymodernwarfare2  simonghostriley  codghost  callofduty  3drender  rendering  daz3d  mwii  s t co 0fi ,Neutral
34,"RT @BettyBRenders: 💀 You want it?

#Ghost #SimonGhostRiley #GhostMW2 #MW2 #MWII #CallofDutyModernWarfare2 #CallofDuty https://t.co/jTKVCs2P…",969550675448418304,BettyBRenders,320,0,0,0,0,   bettybrenders    you want it ghost  simonghostriley  ghostmw2  mw2  mwii  callofdutymodernwarfare2  callofduty  s t co jtkvcs2p ,Neutral
35,"RT @BettyBRenders: 💀 You want it?

#Ghost #SimonGhostRiley #GhostMW2 #MW2 #MWII #CallofDutyModernWarfare2 #CallofDuty https://t.co/jTKVCs2P…",1251274627130839042,BettyBRenders,320,0,0,0,0,   bettybrenders    you want it ghost  simonghostriley  ghostmw2  mw2  mwii  callofdutymodernwarfare2  callofduty  s t co jtkvcs2p ,Neutral
36,"RT @CallofDuty: Gear up with the squad ✊

Double Player, Weapon, and Battle XP is now live in Call of Duty #Warzone and #MWII ▶️ https://t.…",1203713021140324352,CallofDuty,147,0,0,0,0,   callofduty  gear up with the squad  double player  weapon  and battle xp is now live in call of duty  warzone and  mwii    s t ,Irrelevant
37,"RT @loneghostwolf88: Last week I had some #GhostSoap haters in my IG comments , so  I made this to piss them off even more 🤭😎
#CodGhost #Co…",916606831,loneghostwolf88,203,0,0,0,0,   loneghostwolf88  last week i had some  ghostsoap haters in my ig comments   so  i made this to piss them off even more  codghost  co ,Irrelevant
38,RT @661ave: 👑 #CallofDuty #MWII #König #Konig https://t.co/XUd07qUbHq,1567934052828696576,661ave,472,0,0,0,0,   661ave     callofduty  mwii  k nig  konig  s t co xud07qubhq,Negative
39,"RT @ColosseumCrew: 🚨TONIGHT @ 8pm EST 

⚔️4v4 FREE HARDPOINT ONLY  
                     *Cold War*
 💰 PRIZE $100 | FREE ENTRY

All info ⬇️…",918660388589359104,ColosseumCrew,3,0,0,0,0,   colosseumcrew   tonight   8pm est  4v4 free hardpoint only                         cold war    prize  100   free entry all info  ,Positive
40,"RT @BettyBRenders: 💀 You want it?

#Ghost #SimonGhostRiley #GhostMW2 #MW2 #MWII #CallofDutyModernWarfare2 #CallofDuty https://t.co/jTKVCs2P…",1640482548001153031,BettyBRenders,320,0,0,0,0,   bettybrenders    you want it ghost  simonghostriley  ghostmw2  mw2  mwii  callofdutymodernwarfare2  callofduty  s t co jtkvcs2p ,Neutral
41,Call of Duty Mw2 Streamer Hit's Insane Range No scope 😱🤯Gaming or Anime ? #cod #gaming #anime #CallofDuty #mw2 #ModernWarfare2 https://t.co/Z19BAZeTnL,3558766413,**this tweet had been deleted or hidden**,0,0,0,0,0,call of duty mw2 streamer hit s insane range no scope  gaming or anime    cod  gaming  anime  callofduty  mw2  modernwarfare2  s t co z19bazetnl,Neutral
42,"RT @charlieINTEL: Missed out on the CDL Champs 23 viewership rewards for MWII and Warzone? 

1. Go to https://t.co/9kgThv9CGW

2. Log in

3…",1480513478729220097,charlieINTEL,307,0,0,0,0,   charlieintel  missed out on the cdl champs 23 viewership rewards for mwii and warzone   1  go to  s t co 9kgthv9cgw 2  log in 3 ,Neutral
43,"RT @BettyBRenders: 💀 You want it?

#Ghost #SimonGhostRiley #GhostMW2 #MW2 #MWII #CallofDutyModernWarfare2 #CallofDuty https://t.co/jTKVCs2P…",1660299813072564226,BettyBRenders,320,0,0,0,0,   bettybrenders    you want it ghost  simonghostriley  ghostmw2  mw2  mwii  callofdutymodernwarfare2  callofduty  s t co jtkvcs2p ,Neutral
44,"RT @loneghostwolf88: Last week I had some #GhostSoap haters in my IG comments , so  I made this to piss them off even more 🤭😎
#CodGhost #Co…",1141903745107845124,loneghostwolf88,203,0,0,0,0,   loneghostwolf88  last week i had some  ghostsoap haters in my ig comments   so  i made this to piss them off even more  codghost  co ,Irrelevant
45,"RT @loneghostwolf88: Last week I had some #GhostSoap haters in my IG comments , so  I made this to piss them off even more 🤭😎
#CodGhost #Co…",1422430112369233938,loneghostwolf88,203,0,0,0,0,   loneghostwolf88  last week i had some  ghostsoap haters in my ig comments   so  i made this to piss them off even more  codghost  co ,Irrelevant
46,RT @ModenasHD: If you missed any of the Twitch drops from CDL Champs 2023 (including the exclusive camo) you can use the code CDLCHAMP23 on…,216070065,ModenasHD,231,0,0,0,0,   modenashd  if you missed any of the twitch drops from cdl champs 2023  including the exclusive camo  you can use the code cdlchamp23 on ,Irrelevant
47,Who Else is SICK of These RoofTop Campers on Vondel???🤯| LIVE on Twitch RIGHT NOW! Come through and vibe with me! https://t.co/yrRnk2Jfx6 | #Warzone2 #Warzone #CallofDuty #MW2 #FPSgames #gamingcommunity #twitchstreamer https://t.co/seKjfLe3Z4,1480284877673189379,**this tweet had been deleted or hidden**,3,0,8,0,0,who else is sick of these rooftop campers on vondel  live on twitch right now  come through and vibe with me   s t co yrrnk2jfx6    warzone2  warzone  callofduty  mw2  fpsgames  gamingcommunity  twitchstreamer  s t co sekjfle3z4,Irrelevant
48,"RT @BettyBRenders: 💀 You want it?

#Ghost #SimonGhostRiley #GhostMW2 #MW2 #MWII #CallofDutyModernWarfare2 #CallofDuty https://t.co/jTKVCs2P…",823892352158879744,BettyBRenders,320,0,0,0,0,   bettybrenders    you want it ghost  simonghostriley  ghostmw2  mw2  mwii  callofdutymodernwarfare2  callofduty  s t co jtkvcs2p ,Neutral
49,"RT @CallofDuty: Gear up with the squad ✊

Double Player, Weapon, and Battle XP is now live in Call of Duty #Warzone and #MWII ▶️ https://t.…",2324489850,CallofDuty,147,0,0,0,0,   callofduty  gear up with the squad  double player  weapon  and battle xp is now live in call of duty  warzone and  mwii    s t ,Irrelevant
50,"RT @loneghostwolf88: Last week I had some #GhostSoap haters in my IG comments , so  I made this to piss them off even more 🤭😎
#CodGhost #Co…",1246455816552509445,loneghostwolf88,203,0,0,0,0,   loneghostwolf88  last week i had some  ghostsoap haters in my ig comments   so  i made this to piss them off even more  codghost  co ,Irrelevant
51,"RT @BettyBRenders: 💀 You want it?

#Ghost #SimonGhostRiley #GhostMW2 #MW2 #MWII #CallofDutyModernWarfare2 #CallofDuty https://t.co/jTKVCs2P…",1067136470157312000,BettyBRenders,320,0,0,0,0,   bettybrenders    you want it ghost  simonghostriley  ghostmw2  mw2  mwii  callofdutymodernwarfare2  callofduty  s t co jtkvcs2p ,Neutral
52,"RT @BettyBRenders: 💀 You want it?

#Ghost #SimonGhostRiley #GhostMW2 #MW2 #MWII #CallofDutyModernWarfare2 #CallofDuty https://t.co/jTKVCs2P…",617771243,BettyBRenders,320,0,0,0,0,   bettybrenders    you want it ghost  simonghostriley  ghostmw2  mw2  mwii  callofdutymodernwarfare2  callofduty  s t co jtkvcs2p ,Neutral
53,"RT @BettyBRenders: 💀 You want it?

#Ghost #SimonGhostRiley #GhostMW2 #MW2 #MWII #CallofDutyModernWarfare2 #CallofDuty https://t.co/jTKVCs2P…",1512337235349102601,BettyBRenders,320,0,0,0,0,   bettybrenders    you want it ghost  simonghostriley  ghostmw2  mw2  mwii  callofdutymodernwarfare2  callofduty  s t co jtkvcs2p ,Neutral
54,"Tonkotsu ramen red fox!Price

#captainprice #cpt #john #price #fox #redfox #cod #modernwarfare #mw2 #mwii #ramen #lamen #sketch #fanart #CallofDuty #cute #chibi #FanArtFriday https://t.co/awP3IMSXrA",70811687,**this tweet had been deleted or hidden**,1,0,13,0,0,tonkotsu ramen red fox price captainprice  cpt  john  price  fox  redfox  cod  modernwarfare  mw2  mwii  ramen  lamen  sketch  fana   callofduty  cute  chibi  fana friday  s t co awp3imsxra,Neutral
55,"RT @BettyBRenders: 💀 You want it?

#Ghost #SimonGhostRiley #GhostMW2 #MW2 #MWII #CallofDutyModernWarfare2 #CallofDuty https://t.co/jTKVCs2P…",1610896979101421568,BettyBRenders,320,0,0,0,0,   bettybrenders    you want it ghost  simonghostriley  ghostmw2  mw2  mwii  callofdutymodernwarfare2  callofduty  s t co jtkvcs2p ,Neutral
56,"『COD:DMZ』①助けを求めてるプレイヤーの救出が出来ないんだが、。②デッドドロップだとお金は持ち帰れない？
https://t.co/ixGuBXqhRA

#COD #コールオブデューティ #callofduty #CODMW2 #MW2 #CoDMWII #DMZ #warzone2 #ニクト #シーズン4 #ファランクス #デッドドロップ https://t.co/XRIxad925g",956402256613552128,**this tweet had been deleted or hidden**,0,0,2,0,0, cod dmz  s t co ixgubxqhra cod    callofduty  codmw2  mw2  codmwii  dmz  warzone2    4      s t co xrixad925g,Neutral
57,"RT @BettyBRenders: 💀 You want it?

#Ghost #SimonGhostRiley #GhostMW2 #MW2 #MWII #CallofDutyModernWarfare2 #CallofDuty https://t.co/jTKVCs2P…",1435662327404240899,BettyBRenders,320,0,0,0,0,   bettybrenders    you want it ghost  simonghostriley  ghostmw2  mw2  mwii  callofdutymodernwarfare2  callofduty  s t co jtkvcs2p ,Neutral
58,"RT @boiherrrrb: #ModernWarfare2 #CDL2023
CDL competitor with unreal engine 5.2
model:@Ckang2021 https://t.co/snvDdXPmbL",1402845076863205376,boiherrrrb,86,0,0,0,0,   boiherrrrb   modernwarfare2  cdl2023 cdl competitor with unreal engine 5 2 model ckang2021  s t co snvddxpmbl,Neutral
59,"RT @witchmeetsevil: just soft quiet kisses ❤️

#ghostsoap #ghoap #callofduty #CoD #MWII https://t.co/TfOi2Wy4fj",617771243,witchmeetsevil,840,0,0,0,0,   witchmeetsevil  just soft quiet kisses  ghostsoap  ghoap  callofduty  cod  mwii  s t co tfoi2wy4fj,Neutral
60,"Even though the gameplay remains incredibly fun, #CallOfDuty #COD is not in a good place for a lot of reasons. #VideoGames #CODMW2 #Warzone2

 https://t.co/uS8hn02zWo",723532208179404800,**this tweet had been deleted or hidden**,0,0,1,0,0,even though the gameplay remains incredibly fun   callofduty  cod is not in a good place for a lot of reasons   videogames  codmw2  warzone2   s t co us8hn02zwo,Positive
61,"How to win in #Warzone? With Hollow Point Ammo? Nah, with TEMU app! Use code &lt;193656224&gt; for up to $20 rewards and gear up for the real battlefield - shopping!"" 😎🛍️💸 #CallofDuty #cod #gaming #mw2
https://t.co/xJ4ZDZLngl",1637581119682953217,**this tweet had been deleted or hidden**,0,0,0,0,0,how to win in  warzone  with hollow point ammo  nah  with temu app  use code  lt 193656224 gt  for up to  20 rewards and gear up for the real battlefield   shopping     callofduty  cod  gaming  mw2  s t co xj4zdzlngl,Neutral
62,"RT @charlieINTEL: Missed out on the CDL Champs 23 viewership rewards for MWII and Warzone? 

1. Go to https://t.co/9kgThv9CGW

2. Log in

3…",2502129336,charlieINTEL,307,0,0,0,0,   charlieintel  missed out on the cdl champs 23 viewership rewards for mwii and warzone   1  go to  s t co 9kgthv9cgw 2  log in 3 ,Neutral
63,"RT @BettyBRenders: 💀 You want it?

#Ghost #SimonGhostRiley #GhostMW2 #MW2 #MWII #CallofDutyModernWarfare2 #CallofDuty https://t.co/jTKVCs2P…",1607359832117346305,BettyBRenders,320,0,0,0,0,   bettybrenders    you want it ghost  simonghostriley  ghostmw2  mw2  mwii  callofdutymodernwarfare2  callofduty  s t co jtkvcs2p ,Neutral
64,"RT @BettyBRenders: 💀 You want it?

#Ghost #SimonGhostRiley #GhostMW2 #MW2 #MWII #CallofDutyModernWarfare2 #CallofDuty https://t.co/jTKVCs2P…",4590568533,BettyBRenders,320,0,0,0,0,   bettybrenders    you want it ghost  simonghostriley  ghostmw2  mw2  mwii  callofdutymodernwarfare2  callofduty  s t co jtkvcs2p ,Neutral
65,"@CallofDuty Hey Activision, I just wanted to let you know that I don't know who this Nick guy is, but I'm not longer buying any bundles in MW2 since you guys silenced this dude's free speech. He has a valid opinion on the Republican side of the aisle;  stop picking sides.",1500654980084252679,CallofDuty,0,1,0,0,0, callofduty hey activision  i just wanted to let you know that i don t know who this nick guy is  but i m not longer buying any bundles in mw2 since you guys silenced this dude s free speech  he has a valid opinion on the republican side of the aisle   stop picking sides ,Irrelevant
66,"RT @BettyBRenders: 💀 You want it?

#Ghost #SimonGhostRiley #GhostMW2 #MW2 #MWII #CallofDutyModernWarfare2 #CallofDuty https://t.co/jTKVCs2P…",1493370268294680577,BettyBRenders,320,0,0,0,0,   bettybrenders    you want it ghost  simonghostriley  ghostmw2  mw2  mwii  callofdutymodernwarfare2  callofduty  s t co jtkvcs2p ,Neutral
67,"RT @AmikoRoyAi: 😘🌧️

#ghostsoap #soapghost #callofduty #MWII https://t.co/pN0VlasTyg",1377834282836750336,AmikoRoyAi,1115,0,0,0,0,   amikoroyai   ghostsoap  soapghost  callofduty  mwii  s t co pn0vlastyg,Neutral
68,"New Video coming up soon.
A great win
#callofduty #modernwarfare2 #multiplayer #gaming #seniorgamer #youtubechannel #MW2 https://t.co/nMadVsGK6b",240658806,**this tweet had been deleted or hidden**,0,0,1,1,0,new video coming up soon a great win callofduty  modernwarfare2  multiplayer  gaming  seniorgamer  youtubechannel  mw2  s t co nmadvsgk6b,Neutral
69,"🚨TONIGHT @ 8pm EST 

⚔️4v4 FREE HARDPOINT ONLY  
                     *Cold War*
 💰 PRIZE $100 | FREE ENTRY

All info ⬇️

@CODReTweeters @ScrimFinder #CDL2023     #CallofDuty https://t.co/4HIhTYrYyy",1354855480498204672,CODReTweeters,0,0,0,1,0, tonight   8pm est  4v4 free hardpoint only                         cold war    prize  100   free entry all info  codretweeters  scrimfinder  cdl2023 callofduty  s t co 4hihtyryyy,Neutral
70,"RT @HellishDraws: After 22 hours.. My commission for @vedettare based off of their fic Exfil is DONE HEHEHEH *barking*
#GhostSoap #CallOfDu…",1629536841878601731,HellishDraws,274,0,0,0,0,   hellishdraws  after 22 hours  my commission for  vedettare based off of their fic exfil is done heheheh  barking ghostsoap  callofdu ,Neutral
71,"RT @charlieINTEL: Missed out on the CDL Champs 23 viewership rewards for MWII and Warzone? 

1. Go to https://t.co/9kgThv9CGW

2. Log in

3…",3332196166,charlieINTEL,307,0,0,0,0,   charlieintel  missed out on the cdl champs 23 viewership rewards for mwii and warzone   1  go to  s t co 9kgthv9cgw 2  log in 3 ,Neutral
72,+ 15 Recompensa Gratis Exclusiva https://t.co/P9iXotKizK #warzone #warzone2 #cdl #CallofDuty https://t.co/dZHudNwDMU,1588168930203504640,**this tweet had been deleted or hidden**,0,0,2,0,0,  15 recompensa gratis exclusiva  s t co p9ixotkizk  warzone  warzone2  cdl  callofduty  s t co dzhudnwdmu,Neutral
73,"RT @ballistictai: WZにてトンファー解除の旅

リサージェンスソロ × 盾投げナイフ
これこそがトンファー解除の最適解 Q.E.D.

ちなみに異論はいくらでも認めます。

#CoD #CallofDuty
#CallofDutyModernWarfareII…",1332848335011553280,ballistictai,2,0,0,0,0,   ballistictai  wz      q e d cod  callofduty callofdutymodernwarfareii ,Positive
74,"If you have an issue with the MW2 movement, go play Battlefield 1943 for 5 minutes and come back.  #CallofDuty #twitchstreamer",989651941423661058,**this tweet had been deleted or hidden**,0,0,0,0,0,if you have an issue with the mw2 movement  go play battlefield 1943 for 5 minutes and come back    callofduty  twitchstreamer,Negative
75,"RT @lexiissgone: yeah show it to us too horangi
[ #horangi #Konig #CallofDuty #art #Korangi #MWII #konrangi ] https://t.co/SObdXhCisO",1488017434284068867,lexiissgone,101,0,0,0,0,   lexiissgone  yeah show it to us too horangi   horangi  konig  callofduty  a   korangi  mwii  konrangi    s t co sobdxhciso,Neutral
76,RT @661ave: 👑 #CallofDuty #MWII #König #Konig https://t.co/XUd07qUbHq,1654718716473376769,661ave,472,0,0,0,0,   661ave     callofduty  mwii  k nig  konig  s t co xud07qubhq,Negative
77,@Activision  why is COD MW2 season 4 got all these playlist update and it still lag.,31060907,Activision,0,0,0,0,0, activision  why is cod mw2 season 4 got all these playlist update and it still lag ,Negative
78,"RT @charlieINTEL: Missed out on the CDL Champs 23 viewership rewards for MWII and Warzone? 

1. Go to https://t.co/9kgThv9CGW

2. Log in

3…",1355321347145158662,charlieINTEL,307,0,0,0,0,   charlieintel  missed out on the cdl champs 23 viewership rewards for mwii and warzone   1  go to  s t co 9kgthv9cgw 2  log in 3 ,Neutral
79,"RT @charlieINTEL: Missed out on the CDL Champs 23 viewership rewards for MWII and Warzone? 

1. Go to https://t.co/9kgThv9CGW

2. Log in

3…",1063220852433526784,charlieINTEL,307,0,0,0,0,   charlieintel  missed out on the cdl champs 23 viewership rewards for mwii and warzone   1  go to  s t co 9kgthv9cgw 2  log in 3 ,Neutral
80,"RT @lexiissgone: bro woke up and realized his bf isnt with him  
 [ #horangi #Konig #CallofDuty #MWII #Korangi #art ] https://t.co/O858tL8B…",1577235974626607106,lexiissgone,173,0,0,0,0,   lexiissgone  bro woke up and realized his bf isnt with him       horangi  konig  callofduty  mwii  korangi  a     s t co o858tl8b ,Irrelevant
81,"RT @BettyBRenders: 💀 You want it?

#Ghost #SimonGhostRiley #GhostMW2 #MW2 #MWII #CallofDutyModernWarfare2 #CallofDuty https://t.co/jTKVCs2P…",1058161426416701440,BettyBRenders,320,0,0,0,0,   bettybrenders    you want it ghost  simonghostriley  ghostmw2  mw2  mwii  callofdutymodernwarfare2  callofduty  s t co jtkvcs2p ,Neutral
82,"RT @chao_yi68132: 画了（背手离
#Konig #ghost #konighost
#König
#MW2 #CallofDuty https://t.co/5oX1VDncdZ",1671317506596937730,chao_yi68132,9,0,0,0,0,   chao yi68132   konig  ghost  konighost k nig mw2  callofduty  s t co 5ox1vdncdz,Neutral
83,"RT @BettyBRenders: 💀 You want it?

#Ghost #SimonGhostRiley #GhostMW2 #MW2 #MWII #CallofDutyModernWarfare2 #CallofDuty https://t.co/jTKVCs2P…",1658155386929655810,BettyBRenders,320,0,0,0,0,   bettybrenders    you want it ghost  simonghostriley  ghostmw2  mw2  mwii  callofdutymodernwarfare2  callofduty  s t co jtkvcs2p ,Neutral
84,"RT @BettyBRenders: 💀 You want it?

#Ghost #SimonGhostRiley #GhostMW2 #MW2 #MWII #CallofDutyModernWarfare2 #CallofDuty https://t.co/jTKVCs2P…",19997877,BettyBRenders,320,0,0,0,0,   bettybrenders    you want it ghost  simonghostriley  ghostmw2  mw2  mwii  callofdutymodernwarfare2  callofduty  s t co jtkvcs2p ,Neutral
85,"RT @BettyBRenders: 💀 You want it?

#Ghost #SimonGhostRiley #GhostMW2 #MW2 #MWII #CallofDutyModernWarfare2 #CallofDuty https://t.co/jTKVCs2P…",1655264942470361091,BettyBRenders,320,0,0,0,0,   bettybrenders    you want it ghost  simonghostriley  ghostmw2  mw2  mwii  callofdutymodernwarfare2  callofduty  s t co jtkvcs2p ,Neutral
86,"RT @BettyBRenders: 💀 You want it?

#Ghost #SimonGhostRiley #GhostMW2 #MW2 #MWII #CallofDutyModernWarfare2 #CallofDuty https://t.co/jTKVCs2P…",1616781620329205760,BettyBRenders,320,0,0,0,0,   bettybrenders    you want it ghost  simonghostriley  ghostmw2  mw2  mwii  callofdutymodernwarfare2  callofduty  s t co jtkvcs2p ,Neutral
87,"RT @BettyBRenders: 💀 You want it?

#Ghost #SimonGhostRiley #GhostMW2 #MW2 #MWII #CallofDutyModernWarfare2 #CallofDuty https://t.co/jTKVCs2P…",1429231230738862080,BettyBRenders,320,0,0,0,0,   bettybrenders    you want it ghost  simonghostriley  ghostmw2  mw2  mwii  callofdutymodernwarfare2  callofduty  s t co jtkvcs2p ,Neutral
88,"RT @BettyBRenders: 💀 We have 15 minutes… 

#Ghost #SimonGhostRiley #ghostmw2 #MW2 #MWII #CallofDutyModernWarfare2 #CallofDuty https://t.co/…",803668074176118784,BettyBRenders,241,0,0,0,0,   bettybrenders    we have 15 minutes   ghost  simonghostriley  ghostmw2  mw2  mwii  callofdutymodernwarfare2  callofduty  s t co ,Neutral
89,RT @Mr_Clasher_YT: Streaming @PlayCODMobile live on @trovolive FINAL WEEK OF TROVO 500 PLATINUM PUSH https://t.co/rkhCm1vwSr 💯💯💯 #CallofDut…,1464959761,Mr_Clasher_YT,2,0,0,0,0,   mr clasher yt  streaming  playcodmobile live on  trovolive final week of trovo 500 platinum push  s t co rkhcm1vwsr    callofdut ,Neutral
90,"RT @BettyBRenders: 💀 He can wear anything 😤

#Ghost #SimonGhostRiley #MW2Ghost #MW2 #MWII #CallofDutyModernWarfare2 #CallofDuty https://t.c…",803668074176118784,BettyBRenders,87,0,0,0,0,   bettybrenders    he can wear anything  ghost  simonghostriley  mw2ghost  mw2  mwii  callofdutymodernwarfare2  callofduty  s t c ,Neutral
91,RT @Mr_Clasher_YT: Streaming @PlayCODMobile live on @trovolive FINAL WEEK OF TROVO 500 PLATINUM PUSH https://t.co/rkhCm1vwSr 💯💯💯 #CallofDut…,2398763586,Mr_Clasher_YT,2,0,0,0,0,   mr clasher yt  streaming  playcodmobile live on  trovolive final week of trovo 500 platinum push  s t co rkhcm1vwsr    callofdut ,Neutral
92,Streaming @PlayCODMobile live on @trovolive FINAL WEEK OF TROVO 500 PLATINUM PUSH https://t.co/rkhCm1vwSr 💯💯💯 #CallofDutyMobile #CODMobile #CallofDuty #COD #Trovo,2398763586,PlayCODMobile,2,0,2,0,0,streaming  playcodmobile live on  trovolive final week of trovo 500 platinum push  s t co rkhcm1vwsr    callofdutymobile  codmobile  callofduty  cod  trovo,Neutral
93,"RT @BettyBRenders: 💀 I like him like that 👉🏻👈🏻

…and I might do a few other boys with their pants so looooow

#Ghost #SimonGhostRiley #ghos…",803668074176118784,BettyBRenders,917,0,0,0,0,   bettybrenders    i like him like that  and i might do a few other boys with their pants so looooow ghost  simonghostriley  ghos ,Neutral
