,author_id,text,username,retweet,reply,like,quote,bookmark,lower,sentiment
0,70811687,"Obviously made by Gaz
Puppy!Soap (Scottish Terrier)

#soap #soapmactavish #puppy #dog #fartfactory #meme #cod #mwii #mw2 #CallofDuty #ModernWarfareII #ModernWarfare2 #fanart #scottishterrier https://t.co/xUZi5cwulR",**this tweet had been deleted or hidden**,0,0,12,0,0,obviously made by gaz puppy soap  scottish terrier soap  soapmactavish  puppy  dog  fa factory  meme  cod  mwii  mw2  callofduty  modernwarfareii  modernwarfare2  fana   scottishterrier  s t co xuzi5cwulr,Neutral
1,846273620347277312,"RT @artimaaaeus: gfs??????
---
#CallofDuty #MWII #MW2 #ghostsoap https://t.co/JfMWg8DuH8",artimaaaeus,55,0,0,0,0,   a imaaaeus  gfs callofduty  mwii  mw2  ghostsoap  s t co jfmwg8duh8,Neutral
2,1368897125648527360,"     ǥ  å      󤿤Τ ......
    ޥ   Ǥ DMZ Ĥ  AI z ߴ Ҏģ  å        äƤۤ    ʤ      #MW2 #WZ2",**this tweet had been deleted or hidden**,0,0,0,0,0,                            dmz    ai z                            mw2  wz2,Positive
3,1319122834355081216,"RT @PlayCODMobile: ??The ship is being attacked! 

Season 6: Templar's Oath goes live on 7/5 at 5PM PT ?? Check out the Battle Pass in the in  ",PlayCODMobile,81,0,0,0,0,   playcodmobile   the ship is being attacked   season 6  templar s oath goes live on 7 5 at 5pm pt   check out the battle pass in the in  ,Neutral
4,1365687783713501184,"RT @alexgscod: Boyfriend's jeans ????
(NSFW+variants on patreon)
  
#CallOfDuty #MW2 #MWII #SimonGhostRiley #GhostMW2 https://t.co/5Quv9S88VD",alexgscod,120,0,0,0,0,   alexgscod  boyfriend s jeans  nsfw variants on patreon    callofduty  mw2  mwii  simonghostriley  ghostmw2  s t co 5quv9s88vd,Neutral
5,896563383851335680,"RT @alexgscod: Boyfriend's jeans ????
(NSFW+variants on patreon)
  
#CallOfDuty #MW2 #MWII #SimonGhostRiley #GhostMW2 https://t.co/5Quv9S88VD",alexgscod,120,0,0,0,0,   alexgscod  boyfriend s jeans  nsfw variants on patreon    callofduty  mw2  mwii  simonghostriley  ghostmw2  s t co 5quv9s88vd,Neutral
6,100034853,RT @CallofDuty: #TeamRICOCHET is thrilled to share with the community several updates to RICOCHET including the Hallucination decoy and In-  ,CallofDuty,134,0,0,0,0,   callofduty   teamricochet is thrilled to share with the community several updates to ricochet including the hallucination decoy and in   ,Negative
7,1502140664078761987,RT @ToxicRoxic: yall knew it was only a matter of time ???? #ghostmw2 #MWII #Ghost #CallofDuty https://t.co/YsP4RVNh7f,ToxicRoxic,2921,0,0,0,0,   toxicroxic  yall knew it was only a matter of time    ghostmw2  mwii  ghost  callofduty  s t co ysp4rvnh7f,Neutral
8,1339469776180170754,12-0 KD WITH THE WIN !!! ?????????? #callofduty #warzone2 https://t.co/aKDll70UBJ,**this tweet had been deleted or hidden**,0,0,1,0,0,12 0 kd with the win      callofduty  warzone2  s t co akdll70ubj,Neutral
9,1346700956629569537,"RT @kobutyal456:     Ф ϤǤ      դ            ޤ 

       ߣ CoD?MW  / μ  ͡ #8   l   ܤä  ȹ  L   Ƥ     ˤ  ޤ  󤫣      y ΄դȤ ɫ    äƤ        https://t.co/xEF35ReWDl @YouTube  
# μ    
#d  ",kobutyal456,5,0,0,0,0,   kobutyal456                                         cod mw          8   l         l                      y                  s t co xef35rewdl  youtube          d  ,Neutral
10,1574779576353525762,"RT @alexgscod: Boyfriend's jeans ????
(NSFW+variants on patreon)
  
#CallOfDuty #MW2 #MWII #SimonGhostRiley #GhostMW2 https://t.co/5Quv9S88VD",alexgscod,120,0,0,0,0,   alexgscod  boyfriend s jeans  nsfw variants on patreon    callofduty  mw2  mwii  simonghostriley  ghostmw2  s t co 5quv9s88vd,Neutral
11,1635719570848612386,Thank you for bring back the ICR-1 Blood Money Blueprint  into the Vault^_^ https://t.co/v1hPeypNbh,**this tweet had been deleted or hidden**,0,0,0,0,0,thank you for bring back the icr 1 blood money blueprint  into the vault   s t co v1hpeypnbh,Irrelevant
12,2873334717,RT @ToxicRoxic: since the 1st one was a Hit Tweet? why not make another edition :] some poor fool just out of frame stuck to a C4 probably  ,ToxicRoxic,1534,0,0,0,0,   toxicroxic  since the 1st one was a hit tweet  why not make another edition   some poor fool just out of frame stuck to a c4 probably  ,Negative
13,1416922100133105669,"RT @alexgscod: Boyfriend's jeans ????
(NSFW+variants on patreon)
  
#CallOfDuty #MW2 #MWII #SimonGhostRiley #GhostMW2 https://t.co/5Quv9S88VD",alexgscod,120,0,0,0,0,   alexgscod  boyfriend s jeans  nsfw variants on patreon    callofduty  mw2  mwii  simonghostriley  ghostmw2  s t co 5quv9s88vd,Neutral
14,1416922100133105669,RT @loneghostwolf88: Inspired by @roachp0t Ghost &amp; Riley series and with their permission here my little contribution because I love seeing  ,loneghostwolf88,106,0,0,0,0,   loneghostwolf88  inspired by  roachp0t ghost  amp  riley series and with their permission here my little contribution because i love seeing  ,Positive
15,1288317350228439040,"RT @yumecore: ??????
#CallofDuty #MW2 #MWII #SimonGhostRiley https://t.co/lvU7h9kvnl",yumecore,86,0,0,0,0,   yumecore   callofduty  mw2  mwii  simonghostriley  s t co lvu7h9kvnl,Neutral
16,1271884053508165636,"RT @Tava_tavatic: SMILE
#MWII 
#CallofDuty 
#Konig https://t.co/74YwisLfNL",Tava_tavatic,3984,0,0,0,0,   tava tavatic  smile mwii  callofduty  konig  s t co 74ywislfnl,Neutral
17,177068973,RT @remix3s: #soapmctavish #CallofDuty #mw2 #mw2fanart https://t.co/TwQeU9zCmH,remix3s,649,0,0,0,0,   remix3s   soapmctavish  callofduty  mw2  mw2fana   s t co twqeu9zcmh,Neutral
18,4870932685,"RT @KeNNy_NeverDie:   S6BP ӻ    _  

     `    ΥХȥ ѥ  ƥ    `   ȳ̹  _    ޤ   ????

 https://t.co/W0afs90Lxo",KeNNy_NeverDie,15,0,0,0,0,   kenny neverdie    s6bp                                                 s t co w0afs90lxo,Neutral
19,1526433647284428802,"RT @Roo1The: ?? DMZ LIVE ""Passive Upgrades Are Back!!""

https://t.co/TnCHQRdu0R 

#DMZ #MW2 #Season4 #FYP https://t.co/5NZSiiYkKg",Roo1The,1,0,0,0,0,   roo1the    dmz live  passive upgrades are back  s t co tnchqrdu0r  dmz  mw2  season4  fyp  s t co 5nzsiiykkg,Neutral
20,3558766413,Call of Duty Mw2 Streamer hit's Insane 5k with sniper and almost hits the fastest ace ???? #cod #mw2 #gaming #callofduty #ModernWarfare2 #anime #nfl https://t.co/Eld2BXD257,**this tweet had been deleted or hidden**,0,0,1,0,0,call of duty mw2 streamer hit s insane 5k with sniper and almost hits the fastest ace    cod  mw2  gaming  callofduty  modernwarfare2  anime  nfl  s t co eld2bxd257,Positive
21,1285054716,RT @ToxicRoxic: yall knew it was only a matter of time ???? #ghostmw2 #MWII #Ghost #CallofDuty https://t.co/YsP4RVNh7f,ToxicRoxic,2921,0,0,0,0,   toxicroxic  yall knew it was only a matter of time    ghostmw2  mwii  ghost  callofduty  s t co ysp4rvnh7f,Neutral
22,1288317350228439040,RT @661ave: #MWII #MW2 #CallofDuty #Ghost #SimonGhostRiley #K?nig #Konig https://t.co/ccH1WC6wCN,661ave,356,0,0,0,0,   661ave   mwii  mw2  callofduty  ghost  simonghostriley  k nig  konig  s t co cch1wc6wcn,Neutral
23,1285054716,RT @ToxicRoxic: since the 1st one was a Hit Tweet? why not make another edition :] some poor fool just out of frame stuck to a C4 probably  ,ToxicRoxic,1534,0,0,0,0,   toxicroxic  since the 1st one was a hit tweet  why not make another edition   some poor fool just out of frame stuck to a c4 probably  ,Negative
24,777715859901050881,@CallofDuty Bring back the older cods like mw2 2009 no season no level 1000 just 10th prestige level 70 In my eyes your game fell off years ago,CallofDuty,0,0,1,0,0, callofduty bring back the older cods like mw2 2009 no season no level 1000 just 10th prestige level 70 in my eyes your game fell off years ago,Negative
25,1285054716,RT @ToxicRoxic: saw this and felt a calling ofc?? #ghost #MW2 #CallofDuty #ghostmw2 https://t.co/vcdt37KQir,ToxicRoxic,332,0,0,0,0,   toxicroxic  saw this and felt a calling ofc   ghost  mw2  callofduty  ghostmw2  s t co vcdt37kqir,Neutral
26,1285054716,RT @ToxicRoxic: realized i can finally draw Ghost's Blackcell skin ever since my gullible gold and black aesthetic lovin ass saw it???? #Call  ,ToxicRoxic,588,0,0,0,0,   toxicroxic  realized i can finally draw ghost s blackcell skin ever since my gullible gold and black aesthetic lovin ass saw it   call  ,Neutral
27,1312624900792778754,Why you guy's care about MW3 tbh it will be way more worst than MW2 more hacker's more issue's that they cannot fixed like y'all loved to supporting Activision with LGBTQ+ community and they removed nick and Tom skin's from cod yea they do need money with trash ass shit game https://t.co/oyebZeTSY6,**this tweet had been deleted or hidden**,0,1,0,0,0,why you guy s care about mw3 tbh it will be way more worst than mw2 more hacker s more issue s that they cannot fixed like y all loved to suppo ing activision with lgbtq  community and they removed nick and tom skin s from cod yea they do need money with trash ass shit game  s t co oyebzetsy6,Negative
28,1322982562571165696,"ENDLICH ULAUB!
BIN LIVE MIT @fr4nky_o595
auf Twitch Honsen1

#TwitchStreamers #twitchtv #streamer #twitchdeutschland #twitchde #twitch #dmz #tdm #CallOfDuty #mw2 https://t.co/TOkRbXXAhY",**this tweet had been deleted or hidden**,0,0,0,0,0,endlich ulaub bin live mit  fr4nky o595 auf twitch honsen1 twitchstreamers  twitchtv  streamer  twitchdeutschland  twitchde  twitch  dmz  tdm  callofduty  mw2  s t co tokrbxxahy,Neutral
29,1472410379359854592,RT @loneghostwolf88: Inspired by @roachp0t Ghost &amp; Riley series and with their permission here my little contribution because I love seeing  ,loneghostwolf88,106,0,0,0,0,   loneghostwolf88  inspired by  roachp0t ghost  amp  riley series and with their permission here my little contribution because i love seeing  ,Positive
30,1187071989636325379,"RT @661ave: evening at a bar in Manchester
#Ghost #SimonGhostRiley #CallOfDuty #MWII #MW2 https://t.co/cWaVdj1Uep",661ave,363,0,0,0,0,   661ave  evening at a bar in manchester ghost  simonghostriley  callofduty  mwii  mw2  s t co cwavdj1uep,Neutral
31,2877289982,RT @ToxicRoxic: ??warm up doodle of the scrimply scrumbus?? #K?nig #MWII #CallofDuty #konigmw https://t.co/AkFLsEih4a,ToxicRoxic,786,0,0,0,0,   toxicroxic   warm up doodle of the scrimply scrumbus   k nig  mwii  callofduty  konigmw  s t co akflseih4a,Negative
32,2877289982,RT @ToxicRoxic: realized i can finally draw Ghost's Blackcell skin ever since my gullible gold and black aesthetic lovin ass saw it???? #Call  ,ToxicRoxic,588,0,0,0,0,   toxicroxic  realized i can finally draw ghost s blackcell skin ever since my gullible gold and black aesthetic lovin ass saw it   call  ,Neutral
33,1276997562864721921,"RT @artimaaaeus: gfs??????
---
#CallofDuty #MWII #MW2 #ghostsoap https://t.co/JfMWg8DuH8",artimaaaeus,55,0,0,0,0,   a imaaaeus  gfs callofduty  mwii  mw2  ghostsoap  s t co jfmwg8duh8,Neutral
34,2877289982,"RT @ToxicRoxic: Patiently* waiting for a blackcell K?nig skin ??

*: frothing at mouth, chattering teeth, biting civilians
#CallofDuty #K?ni  ",ToxicRoxic,400,0,0,0,0,   toxicroxic  patiently  waiting for a blackcell k nig skin   frothing at mouth  chattering teeth  biting civilians callofduty  k ni  ,Positive
35,1575955368479543297,"RT @burger_nicky: My snd PR in mw2 ?? thoughts????
#CallofDuty #mw2 #snd https://t.co/q0oyiHczN6",burger_nicky,1,0,0,0,0,   burger nicky  my snd pr in mw2   thoughts callofduty  mw2  snd  s t co q0oyihczn6,Neutral
36,1276997562864721921,"RT @alexgscod: Boyfriend's jeans ????
(NSFW+variants on patreon)
  
#CallOfDuty #MW2 #MWII #SimonGhostRiley #GhostMW2 https://t.co/5Quv9S88VD",alexgscod,120,0,0,0,0,   alexgscod  boyfriend s jeans  nsfw variants on patreon    callofduty  mw2  mwii  simonghostriley  ghostmw2  s t co 5quv9s88vd,Neutral
37,1609658257244553219,RT @ToxicRoxic: yall knew it was only a matter of time ???? #ghostmw2 #MWII #Ghost #CallofDuty https://t.co/YsP4RVNh7f,ToxicRoxic,2921,0,0,0,0,   toxicroxic  yall knew it was only a matter of time    ghostmw2  mwii  ghost  callofduty  s t co ysp4rvnh7f,Neutral
38,1654317500295782400,BEAST #earthquake #TikTok #callofduty #CallofDutyModernWarfare2 #mw2 #ticketek  #mw2 #tiktokdown #TikToker #tiktokhot #tiktokhotviral #TikTokLIVE #TikTokviral https://t.co/Q3dPbMPxD7,**this tweet had been deleted or hidden**,0,0,1,0,0,beast  ea hquake  tiktok  callofduty  callofdutymodernwarfare2  mw2  ticketek   mw2  tiktokdown  tiktoker  tiktokhot  tiktokhotviral  tiktoklive  tiktokviral  s t co q3dpbmpxd7,Positive
39,1221767930653872128,"?? DMZ LIVE ""Passive Upgrades Are Back!!""

https://t.co/TnCHQRdu0R 

#DMZ #MW2 #Season4 #FYP https://t.co/5NZSiiYkKg",**this tweet had been deleted or hidden**,1,0,1,0,0,  dmz live  passive upgrades are back  s t co tnchqrdu0r  dmz  mw2  season4  fyp  s t co 5nzsiiykkg,Neutral
40,1418935080655933450,@dF_Founder @PlayCODMobile Great addition ??,dF_Founder,0,0,3,0,0, df founder  playcodmobile great addition  ,Positive
41,1488798212957904899,"My all time favorite Alejandro Vargas edit on TikTok

#CallofDuty #MWII #mw2 #CallofDutyModernWarfare2 #AlejandroVargas https://t.co/qGVl6mGFF5",**this tweet had been deleted or hidden**,0,0,5,0,2,my all time favorite alejandro vargas edit on tiktok callofduty  mwii  mw2  callofdutymodernwarfare2  alejandrovargas  s t co qgvl6mgff5,Positive
42,956402256613552128,"  COD:DMZ   ԡ      ` ܥå      ^ ữˮ ء    ե  쥭   󡢥    ȥ äƤɤ  ˤ  룿
https://t.co/bSoIQF0nmJ

#COD #   ` 륪 ֥ǥ ` ƥ  #callofduty #CODMW2 #MW2 #CoDMWII #DMZ #warzone2 #   `    4 #     ` ܥå    # ^ ữˮ   #   ե  쥭     #     ȥ  https://t.co/FA85i2nRji",**this tweet had been deleted or hidden**,0,0,0,0,0,  cod dmz                                                  s t co bsoiqf0nmj cod                 callofduty  codmw2  mw2  codmwii  dmz  warzone2          4                                             s t co fa85i2nrji,Neutral
43,1293172327769833473,"RT @Scights: I drew him again
#MW2 #MWII #CallofDuty #Ghost #SimonGhostRiley https://t.co/CrPPd2398f",Scights,13,0,0,0,0,   scights  i drew him again mw2  mwii  callofduty  ghost  simonghostriley  s t co crppd2398f,Neutral
44,912515783690944513,"RT @artimaaaeus: gfs??????
---
#CallofDuty #MWII #MW2 #ghostsoap https://t.co/JfMWg8DuH8",artimaaaeus,55,0,0,0,0,   a imaaaeus  gfs callofduty  mwii  mw2  ghostsoap  s t co jfmwg8duh8,Neutral
45,1642837143461539841,@Xtormiken @PlayCODMobile lol this was released for free in 2021 2 years ago.. they didnt even bring him back / he has nun to do with the comics storyline,Xtormiken,0,0,0,0,0, xtormiken  playcodmobile lol this was released for free in 2021 2 years ago  they didnt even bring him back   he has nun to do with the comics storyline,Irrelevant
46,285837868,"ICYMI: Call of Duty deploys phantom players to mess with cheats

https://t.co/7GhmN8H1rX #CallOfDuty #MW2 https://t.co/1OKiTMeCKS",**this tweet had been deleted or hidden**,0,0,1,0,0,icymi  call of duty deploys phantom players to mess with cheats  s t co 7ghmn8h1rx  callofduty  mw2  s t co 1okitmecks,Negative
47,1488798212957904899,"This song was MADE for him frfr

#CallofDuty #MWII #CaptainPrice #mw2 #CallofDutyModernWarfare2 https://t.co/L4InXGMqLx",**this tweet had been deleted or hidden**,1,0,15,0,2,this song was made for him frfr callofduty  mwii  captainprice  mw2  callofdutymodernwarfare2  s t co l4inxgmqlx,Neutral
48,1461139313111052295,"RT @661ave: evening at a bar in Manchester
#Ghost #SimonGhostRiley #CallOfDuty #MWII #MW2 https://t.co/cWaVdj1Uep",661ave,363,0,0,0,0,   661ave  evening at a bar in manchester ghost  simonghostriley  callofduty  mwii  mw2  s t co cwavdj1uep,Neutral
49,1437223561169711104,"RT @itslilbabewolf: my teammates complaining about my rpg, but also forgets who carries them half the time with my toxic class. ??
-
#callof  ",itslilbabewolf,1,0,0,0,0,   itslilbabewolf  my teammates complaining about my rpg  but also forgets who carries them half the time with my toxic class   callof  ,Irrelevant
50,1497896849835192320,"RT @PlayCODMobile: ??The ship is being attacked! 

Season 6: Templar's Oath goes live on 7/5 at 5PM PT ?? Check out the Battle Pass in the in  ",PlayCODMobile,81,0,0,0,0,   playcodmobile   the ship is being attacked   season 6  templar s oath goes live on 7 5 at 5pm pt   check out the battle pass in the in  ,Neutral
51,1323901014731153408,"Hilarious Gameplay Montage LOL https://t.co/QGJ7OZTHX6 via @YouTube 
#FunniestVideos #shorts #TikTok #FYP #Gameplay #MW2 #kf2 #BO3 #zombies #FYP #streamer #viral #squad #funny #laughing #subscribe https://t.co/37x8XJ6BL4",YouTube,0,0,0,0,0,hilarious gameplay montage lol  s t co qgj7ozthx6 via  youtube  funniestvideos  sho s  tiktok  fyp  gameplay  mw2  kf2  bo3  zombies  fyp  streamer  viral  squad  funny  laughing  subscribe  s t co 37x8xj6bl4,Irrelevant
52,1042548668581195776,"RT @alexgscod: NSFW GhostSoap ????commission for @/Fauxobsidian! Thank you so much!! ??????

#SoapGhost #GhostSoap #CallOfDuty #MW2 https://t.c  ",alexgscod,526,0,0,0,0,   alexgscod  nsfw ghostsoap  commission for  fauxobsidian  thank you so much   soapghost  ghostsoap  callofduty  mw2  s t c  ,Neutral
53,1383091860147744773,"RT @CODmwfeed: One #ModernWarfare2??????????????? #PS5 bundle to give away. To enter follow the steps below.??

Follow+?+??+Comment
#CallofD  ",CODmwfeed,184,0,0,0,0,   codmwfeed  one  modernwarfare2   ps5 bundle to give away  to enter follow the steps below follow comment callofd  ,Neutral
54,574929186,"RT @CODmwfeed: One #ModernWarfare2??????????????? #PS5 bundle to give away. To enter follow the steps below.??

Follow+?+??+Comment
#CallofD  ",CODmwfeed,184,0,0,0,0,   codmwfeed  one  modernwarfare2   ps5 bundle to give away  to enter follow the steps below follow comment callofd  ,Neutral
55,1437560134151118848,"I drew this in like 15 mins don  t judge me ?? 
Another ghost x Y/n

#SimonGhostRiley #CoD #ghostmw2 #soapghost #GhostSoap #MW2 #CallofDuty #CallofDutyModernWarfare2 #fanart #artist #digitalart #ghostxyn #ghostxyourname https://t.co/kh2ODaNyyg",**this tweet had been deleted or hidden**,1,1,11,0,1,i drew this in like 15 mins don  t judge me    another ghost x y n simonghostriley  cod  ghostmw2  soapghost  ghostsoap  mw2  callofduty  callofdutymodernwarfare2  fana   a ist  digitala   ghostxyn  ghostxyourname  s t co kh2odanyyg,Neutral
56,1669400129667776521,@CallofDuty mwii lobbies seem quiet as fuck lately,CallofDuty,0,0,0,0,0, callofduty mwii lobbies seem quiet as fuck lately,Negative
57,1092597329646022656,"RT @alexgscod: Boyfriend's jeans ????
(NSFW+variants on patreon)
  
#CallOfDuty #MW2 #MWII #SimonGhostRiley #GhostMW2 https://t.co/5Quv9S88VD",alexgscod,120,0,0,0,0,   alexgscod  boyfriend s jeans  nsfw variants on patreon    callofduty  mw2  mwii  simonghostriley  ghostmw2  s t co 5quv9s88vd,Neutral
58,366992349,"RT @lilya_neko: I'm drawing again! I really like the idea of ??this Johnny. Glad to have you back Neil and inspire the fans.
#CallofDutyMod  ",lilya_neko,144,0,0,0,0,   lilya neko  i m drawing again  i really like the idea of  this johnny  glad to have you back neil and inspire the fans callofdutymod  ,Positive
59,1299782970056667136,"RT @alexgscod: Boyfriend's jeans ????
(NSFW+variants on patreon)
  
#CallOfDuty #MW2 #MWII #SimonGhostRiley #GhostMW2 https://t.co/5Quv9S88VD",alexgscod,120,0,0,0,0,   alexgscod  boyfriend s jeans  nsfw variants on patreon    callofduty  mw2  mwii  simonghostriley  ghostmw2  s t co 5quv9s88vd,Neutral
60,1361779804521959425,@CallofDuty I am making a MW2 bump this evening with a weapon they nerfed in a couple of hours after i got spectated ONE match.,CallofDuty,0,0,0,0,0, callofduty i am making a mw2 bump this evening with a weapon they nerfed in a couple of hours after i got spectated one match ,Positive
61,723532208179404800,"Even though the gameplay remains incredibly fun, #CallOfDuty #COD is not in a good place for a lot of reasons. #VideoGames #CODMW2 #Warzone2

 https://t.co/uS8hn02zWo",**this tweet had been deleted or hidden**,0,0,0,0,0,even though the gameplay remains incredibly fun   callofduty  cod is not in a good place for a lot of reasons   videogames  codmw2  warzone2   s t co us8hn02zwo,Positive
62,1637242647835299845,"RT @artimaaaeus: gfs??????
---
#CallofDuty #MWII #MW2 #ghostsoap https://t.co/JfMWg8DuH8",artimaaaeus,55,0,0,0,0,   a imaaaeus  gfs callofduty  mwii  mw2  ghostsoap  s t co jfmwg8duh8,Neutral
63,1582432045762060289,RT @PressuredGYT: New YouTube video is LIVE Go Watch Like and Comment! Feat. @oitsdyl https://t.co/U0BpIPJ3Ix #mw2 #callofduty,PressuredGYT,5,0,0,0,0,   pressuredgyt  new youtube video is live go watch like and comment  feat   oitsdyl  s t co u0bpipj3ix  mw2  callofduty,Neutral
64,1465740516360966151,"https://t.co/3NJeM7MnR5

Call of Duty Warzone 2.0 - DMZ (SOLO) [Contract ""ELIMINATION OF A PARTICULARLY IMPORTANT GOAL""]

#LionHunterChannel #Warzone2 #CallofDutyWarzone #CallOfDuty #COD # ڧԧ   #    ֧  #game #shooter #FPS #YouTube #DMZ #SOLO",**this tweet had been deleted or hidden**,0,0,0,0,0, s t co 3njem7mnr5 call of duty warzone 2 0   dmz  solo   contract  elimination of a pa icularly impo ant goal lionhunterchannel  warzone2  callofdutywarzone  callofduty  cod                game  shooter  fps  youtube  dmz  solo,Neutral
65,16589052,"??LIVE - FRI YEYEYEYEYEYE

??https://t.co/DzwzT7ZI3f

#CallofDuty #MW2 #MWII #Warzone2
#Halo #HaloMCC #HaloInfinite #Xbox #Zelda #ZeldaTOTK
#Overwatch #Overwatch2
#RE4 #RE4Remake
#Twitch #TwitchStreamer #TwitchStreamers #TwitchAffilate https://t.co/bDYMF2Ue3b",**this tweet had been deleted or hidden**,0,0,3,1,0, live   fri yeyeyeyeyeye  s t co dzwzt7zi3f callofduty  mw2  mwii  warzone2 halo  halomcc  haloinfinite  xbox  zelda  zeldatotk overwatch  overwatch2 re4  re4remake twitch  twitchstreamer  twitchstreamers  twitchaffilate  s t co bdymf2ue3b,Neutral
66,1665525657260941313,RT @SpicyClowder: Ghost gf? #CallOfDuty #MW2 #MWII #Ghost https://t.co/2BINZvRqfL,SpicyClowder,2,0,0,0,0,   spicyclowder  ghost gf   callofduty  mw2  mwii  ghost  s t co 2binzvrqfl,Neutral
67,1580066244291710976,RT @661ave: #MWII #MW2 #CallofDuty #Ghost #SimonGhostRiley #K?nig #Konig https://t.co/ccH1WC6wCN,661ave,356,0,0,0,0,   661ave   mwii  mw2  callofduty  ghost  simonghostriley  k nig  konig  s t co cch1wc6wcn,Neutral
68,949507114401128448,"RT @alexgscod: Boyfriend's jeans ????
(NSFW+variants on patreon)
  
#CallOfDuty #MW2 #MWII #SimonGhostRiley #GhostMW2 https://t.co/5Quv9S88VD",alexgscod,120,0,0,0,0,   alexgscod  boyfriend s jeans  nsfw variants on patreon    callofduty  mw2  mwii  simonghostriley  ghostmw2  s t co 5quv9s88vd,Neutral
69,1216320184702644224,@PlayCODMobile ????,PlayCODMobile,0,0,0,0,0, playcodmobile  ,Positive
70,2241780426,"RT @Blameguyy: ??NEW VIDEO?? - any support appreciated      

""Bringing Movement Back To Vondel""  

https://t.co/lnu5yUn4h9
https://t.co/lnu  ",Blameguyy,3,0,0,0,0,   blameguyy   new video    any suppo  appreciated       bringing movement back to vondel     s t co lnu5yun4h9  s t co lnu  ,Neutral
71,1379176569415983105,i was just on the same team in mw2 as a possible activision dev  ? ??,**this tweet had been deleted or hidden**,0,0,1,0,0,i was just on the same team in mw2 as a possible activision dev     ,Irrelevant
72,1619721033153662976,"RT @alexgscod: Boyfriend's jeans ????
(NSFW+variants on patreon)
  
#CallOfDuty #MW2 #MWII #SimonGhostRiley #GhostMW2 https://t.co/5Quv9S88VD",alexgscod,120,0,0,0,0,   alexgscod  boyfriend s jeans  nsfw variants on patreon    callofduty  mw2  mwii  simonghostriley  ghostmw2  s t co 5quv9s88vd,Neutral
73,123759851,Haven't been on @CallofDuty #MW2 an hour so far and there's been 3 F' N playlist updates. I don't get how @CallofDuty &amp; @Activision is letting this game franchise go to shit. I guess because you fleeced so many with #microtransactions with #Warzone.,CallofDuty,0,1,0,0,0,haven t been on  callofduty  mw2 an hour so far and there s been 3 f  n playlist updates  i don t get how  callofduty  amp   activision is letting this game franchise go to shit  i guess because you fleeced so many with  microtransactions with  warzone ,Negative
74,19757511,"RT @alexgscod: Boyfriend's jeans ????
(NSFW+variants on patreon)
  
#CallOfDuty #MW2 #MWII #SimonGhostRiley #GhostMW2 https://t.co/5Quv9S88VD",alexgscod,120,0,0,0,0,   alexgscod  boyfriend s jeans  nsfw variants on patreon    callofduty  mw2  mwii  simonghostriley  ghostmw2  s t co 5quv9s88vd,Neutral
75,1465740516360966151,"#LionHunterChannel #Warzone2 #Vondel #CallOfDuty #COD #YouTube #DMZ 

I played the new Deterrence mode.  My verdict is I approve. https://t.co/Unr7d3DtHN",**this tweet had been deleted or hidden**,0,0,0,0,0, lionhunterchannel  warzone2  vondel  callofduty  cod  youtube  dmz  i played the new deterrence mode   my verdict is i approve   s t co unr7d3dthn,Positive
76,1488798212957904899,"????????

#CallofDuty #MWII #CaptainPrice #CallofDutyModernWarfare2 #mw2 https://t.co/BUioEQfYHg",**this tweet had been deleted or hidden**,0,0,2,0,0, callofduty  mwii  captainprice  callofdutymodernwarfare2  mw2  s t co buioeqfyhg,Neutral
77,58581689,"RT @WarzoneTFN: Come on now Call of Duty... This is unacceptable.

MW19 vs MWII's July 4th Bundle Blueprint 

#CallofDuty #MWII #ModernWarf  ",WarzoneTFN,16,0,0,0,0,   warzonetfn  come on now call of duty  this is unacceptable mw19 vs mwii s july 4th bundle blueprint  callofduty  mwii  modernwarf  ,Negative
78,1354855480498204672,"?? 7:15 LAST CALL {EXTENSION}  

??4v4 FREE HARDPOINT ONLY  
                     *Cold War*
 ?? PRIZE $100 | FREE ENTRY

??Friday, June 30th @ 7pm EST 

All info ?? ?? 

@CODReTweeters @ScrimFinder #CDL2023?????????????#CallofDuty #cod #coldwar #cw. https://t.co/drelig9iYQ",CODReTweeters,0,1,0,1,0,  7 15 last call  extension    4v4 free hardpoint only                         cold war    prize  100   free entry friday  june 30th   7pm est  all info      codretweeters  scrimfinder  cdl2023 callofduty  cod  coldwar  cw   s t co drelig9iyq,Neutral
79,722536160057110528," ֥å 
DMZ  ʹ    UAV    
      楪 ڥ `   `   त Ǥ   ww??
 #COD   #MW2 https://t.co/bIS24hbO0w",**this tweet had been deleted or hidden**,0,0,24,1,0,    dmz       uav                             ww   cod    mw2  s t co bis24hbo0w,Neutral
80,1728742118,@PlayCODMobile Amazing,PlayCODMobile,0,0,0,0,0, playcodmobile amazing,Positive
81,1350795070123995140,RT @ToxicRoxic: yall knew it was only a matter of time ???? #ghostmw2 #MWII #Ghost #CallofDuty https://t.co/YsP4RVNh7f,ToxicRoxic,2921,0,0,0,0,   toxicroxic  yall knew it was only a matter of time    ghostmw2  mwii  ghost  callofduty  s t co ysp4rvnh7f,Neutral
82,1488798212957904899,"*Internal panic* 

#CallofDuty #CallofDutyModernWarfare2 #MWII #mw2 #CaptainPrice #JohnPrice https://t.co/RcUMu0oME0",**this tweet had been deleted or hidden**,2,0,15,0,1, internal panic   callofduty  callofdutymodernwarfare2  mwii  mw2  captainprice  johnprice  s t co rcumu0ome0,Neutral
83,1562742291525033985,"RT @alexgscod: Boyfriend's jeans ????
(NSFW+variants on patreon)
  
#CallOfDuty #MW2 #MWII #SimonGhostRiley #GhostMW2 https://t.co/5Quv9S88VD",alexgscod,120,0,0,0,0,   alexgscod  boyfriend s jeans  nsfw variants on patreon    callofduty  mw2  mwii  simonghostriley  ghostmw2  s t co 5quv9s88vd,Neutral
84,1488798212957904899,"Fr don't know whether to simp for this man or cry with daddy issues-

#CallofDuty #MWII #CaptainPrice #CallofDutyModernWarfare2 #mw2 https://t.co/yaiWOPBYPi",**this tweet had been deleted or hidden**,1,0,9,0,0,fr don t know whether to simp for this man or cry with daddy issues callofduty  mwii  captainprice  callofdutymodernwarfare2  mw2  s t co yaiwopbypi,Irrelevant
85,1411091707446415365,"RT @loneghostwolf88: Last week I had some #GhostSoap haters in my IG comments , so  I made this to piss them off even more ????
#CodGhost #Co  ",loneghostwolf88,203,0,0,0,0,   loneghostwolf88  last week i had some  ghostsoap haters in my ig comments   so  i made this to piss them off even more  codghost  co  ,Irrelevant
86,1528097293525737477,"RT @yumecore: ??????
#CallofDuty #MW2 #MWII #SimonGhostRiley https://t.co/lvU7h9kvnl",yumecore,86,0,0,0,0,   yumecore   callofduty  mw2  mwii  simonghostriley  s t co lvu7h9kvnl,Neutral
87,2858806586," ä  ֤ Υ  åץ  ȤϘS    ??
 #MW2 #CallofDuty #cod https://t.co/UMeKCRuebV",**this tweet had been deleted or hidden**,0,0,6,0,0,             s       mw2  callofduty  cod  s t co umekcruebv,Neutral
88,1362562892,RT @loneghostwolf88: Inspired by @roachp0t Ghost &amp; Riley series and with their permission here my little contribution because I love seeing  ,loneghostwolf88,106,0,0,0,0,   loneghostwolf88  inspired by  roachp0t ghost  amp  riley series and with their permission here my little contribution because i love seeing  ,Positive
89,1332855024305795073,RT @SKizzleAXE: How Activision treated COD Fans in 2022 with MW2 https://t.co/YW89eNFS6K,SKizzleAXE,3656,0,0,0,0,   skizzleaxe  how activision treated cod fans in 2022 with mw2  s t co yw89enfs6k,Neutral
90,1194446888977743872,"RT @PlayCODNews: Season 6: Templar's Oath Battle Pass Trailer

https://t.co/ZYCYS8EJkU",PlayCODNews,29,0,0,0,0,   playcodnews  season 6  templar s oath battle pass trailer  s t co zycys8ejku,Neutral
91,1435505761459658754,"RT @PlayCODNews: Season 6: Templar's Oath Battle Pass Trailer

https://t.co/ZYCYS8EJkU",PlayCODNews,29,0,0,0,0,   playcodnews  season 6  templar s oath battle pass trailer  s t co zycys8ejku,Neutral
92,1600273003165716481,"@guliano72 @InfoCoDES_ Va a ser un refrito del MW2,  Activision cada vez da mas asco",guliano72,0,0,0,0,0, guliano72  infocodes  va a ser un refrito del mw2   activision cada vez da mas asco,Neutral
93,1479531028763103234,"RT @661ave: evening at a bar in Manchester
#Ghost #SimonGhostRiley #CallOfDuty #MWII #MW2 https://t.co/cWaVdj1Uep",661ave,363,0,0,0,0,   661ave  evening at a bar in manchester ghost  simonghostriley  callofduty  mwii  mw2  s t co cwavdj1uep,Neutral
94,20179097,RT @BBBGAMINGNEWS: In a recent update @CallofDuty have stated that you can be Permanently banned if you Report non-cheaters in call of duty  ,BBBGAMINGNEWS,6,0,0,0,0,   bbbgamingnews  in a recent update  callofduty have stated that you can be permanently banned if you repo  non cheaters in call of duty  ,Negative
95,1609633323663466498,"RT @661ave: evening at a bar in Manchester
#Ghost #SimonGhostRiley #CallOfDuty #MWII #MW2 https://t.co/cWaVdj1Uep",661ave,363,0,0,0,0,   661ave  evening at a bar in manchester ghost  simonghostriley  callofduty  mwii  mw2  s t co cwavdj1uep,Neutral
96,2511546878,"RT @PlayCODMobile: ??The ship is being attacked! 

Season 6: Templar's Oath goes live on 7/5 at 5PM PT ?? Check out the Battle Pass in the in  ",PlayCODMobile,81,0,0,0,0,   playcodmobile   the ship is being attacked   season 6  templar s oath goes live on 7 5 at 5pm pt   check out the battle pass in the in  ,Neutral
97,1364238418553827330,"As MELHORES CONFIGURA??ES em 2023 para o #CoDMobile 
@PlayCODMobile @CallofDutyBR https://t.co/AmB2lTNA1T",PlayCODMobile,0,1,11,0,0,as melhores configura es em 2023 para o  codmobile  playcodmobile  callofdutybr  s t co amb2ltna1t,Neutral
98,1394922343617736707,"RT @michelekoi: ""But, who is the one who made those?""
Me: of course, it was Gaz's idea ??????

#kitty #cat #ghost #puppy #dog #soap #SoapMacTa  ",michelekoi,10,0,0,0,0,   michelekoi   but  who is the one who made those me  of course  it was gaz s idea  kitty  cat  ghost  puppy  dog  soap  soapmacta  ,Negative
99,1635409057388417024,"RT @PlayCODMobile: ?? Time to put your feet up and relax! 

Here  s a preview of what  s coming to #CODMobile this summer ???? https://t.co/EZ  ",PlayCODMobile,82,0,0,0,0,   playcodmobile    time to put your feet up and relax   here  s a preview of what  s coming to  codmobile this summer    s t co ez  ,Positive
