,author_id,text,username,retweet,reply,like,quote,bookmark,lower,sentiment
0,76228056,"Lets Go!!!! 🔥🔥🔥🔥🔥

@CallofDuty 

#callofduty #callofdutymw2 #MW2 #gaming #videogame #gamer #esports #shipment #codmobile #codmeme #cod #FaZeClan #FaZeUp #nukesquad #sniper #sniping #smg #ar #IntoTheBreach #greenwall #BostonBreach #opticgaming #optictexas #100thieves https://t.co/1Bc8Vp0XN5",CallofDuty,0,1,2,0,0,lets go   callofduty  callofduty  callofdutymw2  mw2  gaming  videogame  gamer  espo s  shipment  codmobile  codmeme  cod  fazeclan  fazeup  nukesquad  sniper  sniping  smg  ar  intothebreach  greenwall  bostonbreach  opticgaming  optictexas  100thieves  s t co 1bc8vp0xn5,Positive
1,1597584191201619968,"RT @michelekoi: When Ghost is hungry:

#ghost #SimonGhostRiley #SimonRiley #kitty #cod #CallofDuty #ModernWarfare2 #ModernWarfareII #mw2 #m…",michelekoi,30,0,0,0,0,   michelekoi  when ghost is hungry ghost  simonghostriley  simonriley  kitty  cod  callofduty  modernwarfare2  modernwarfareii  mw2  m ,Neutral
2,1415509565899120641,"RT @661ave: evening at a bar in Manchester
#Ghost #SimonGhostRiley #CallOfDuty #MWII #MW2 https://t.co/cWaVdj1Uep",661ave,363,0,0,0,0,   661ave  evening at a bar in manchester ghost  simonghostriley  callofduty  mwii  mw2  s t co cwavdj1uep,Neutral
3,1671124145885655041,Finally. After playing @CallofDuty #Warzone2 on 7 different accounts I've been hit with a mechanic delay after 15hrs of gameplay on each account. Every button works on 1st press until that 15hr mark... or basically level 35,CallofDuty,0,0,0,0,0,finally  after playing  callofduty  warzone2 on 7 different accounts i ve been hit with a mechanic delay after 15hrs of gameplay on each account  every button works on 1st press until that 15hr mark  or basically level 35,Negative
4,1446281246645133312,"RT @PressuredGYT: We are Live come Support the stream drop a like and sub! https://t.co/KQYqol9dFq #mw2 #callofduty 
Retweets Appreciated!!",PressuredGYT,1,0,0,0,0,   pressuredgyt  we are live come suppo  the stream drop a like and sub   s t co kqyqol9dfq  mw2  callofduty  retweets appreciated ,Neutral
5,217652016,Saturday afternoon dub... number 36. Gas play with the mortar assist. #CallofDuty #Warzone2 #XboxShare #Xbox https://t.co/yiYsAgQWL6,**this tweet had been deleted or hidden**,0,0,1,1,0,saturday afternoon dub  number 36  gas play with the mo ar assist   callofduty  warzone2  xboxshare  xbox  s t co yiysagqwl6,Neutral
6,1413980965530124289,"We are Live come Support the stream drop a like and sub! https://t.co/KQYqol9dFq #mw2 #callofduty 
Retweets Appreciated!!",**this tweet had been deleted or hidden**,1,0,5,0,0,we are live come suppo  the stream drop a like and sub   s t co kqyqol9dfq  mw2  callofduty  retweets appreciated ,Neutral
7,1647896943689887744,"@6_and_9 @PlayCODMobile @ATVIAssist On Instagram or even here on Twitter, you can get help from @Aaronfix01 , he's a pro on account recovery",6_and_9,0,0,0,0,0, 6 and 9  playcodmobile  atviassist on instagram or even here on twitter  you can get help from  aaronfix01   he s a pro on account recovery,Negative
8,3307090856,"RT @ContenderHV: 🔥Today is the day!

🚨BATTLE ON THE HUDSON 2 #MW2 

⌚Doors Open at 9am! 

#MWII #ModernWarfare2 #COD #CallofDuty #HudsonVal…",ContenderHV,5,0,0,0,0,   contenderhv   today is the day battle on the hudson 2  mw2  doors open at 9am   mwii  modernwarfare2  cod  callofduty  hudsonval ,Neutral
9,1639493484963921923,"some brickey brackey with bradley 
#Games #CDL #MWII  #CallOfDuty #poop #Apex #BattleField #twitch #Gaming #PC #PCGAMING #Ubisoft  #QUICKSCOPE  @smallstreamersr #Live #Streaming #warzone #warzone2
#RocketLeague #RLCS #RANKED
https://t.co/gFIFgHh9kP",SmallStreamersR,0,0,1,0,0,some brickey brackey with bradley  games  cdl  mwii   callofduty  poop  apex  battlefield  twitch  gaming  pc  pcgaming  ubisoft   quickscope   smallstreamersr  live  streaming  warzone  warzone2 rocketleague  rlcs  ranked  s t co gfifghh9kp,Neutral
10,1328578491244306442,"RT @yumecore: Ghost's legs appreciation post :3
#CallofDuty #MWII #SimonGhostRiley https://t.co/wPXDDEslZa",yumecore,395,0,0,0,0,   yumecore  ghost s legs appreciation post  3 callofduty  mwii  simonghostriley  s t co wpxddeslza,Neutral
11,466891902,RT @661ave: #MWII #MW2 #CallofDuty #Ghost #SimonGhostRiley #König #Konig https://t.co/ccH1WC6wCN,661ave,356,0,0,0,0,   661ave   mwii  mw2  callofduty  ghost  simonghostriley  k nig  konig  s t co cch1wc6wcn,Neutral
12,1459092689102774273,"RT @CODmwfeed: One #ModernWarfare2                #PS5 bundle to give away. To enter follow the steps below.💜

Follow+❤+♻️+Comment
#CallofD…",CODmwfeed,184,0,0,0,0,   codmwfeed  one  modernwarfare2   ps5 bundle to give away  to enter follow the steps below follow comment callofd ,Neutral
13,1363110887175847942,"@PlayCODMobile They are used to cjeat
Need delete these accounts now in CoD mobile
#CoDMobile https://t.co/ku8NazxZPL",PlayCODMobile,0,0,0,0,0, playcodmobile they are used to cjeat need delete these accounts now in cod mobile codmobile  s t co ku8nazxzpl,Negative
14,1114224705727111168,"RT @yumecore: Ghost's legs appreciation post :3
#CallofDuty #MWII #SimonGhostRiley https://t.co/wPXDDEslZa",yumecore,395,0,0,0,0,   yumecore  ghost s legs appreciation post  3 callofduty  mwii  simonghostriley  s t co wpxddeslza,Neutral
15,1129818855726096385,"RT @remix3s: 👻👻👻

#Ghost #SimonGhostRiley #mw2 #CallofDuty https://t.co/Dc81lhF0YX",remix3s,350,0,0,0,0,   remix3s   ghost  simonghostriley  mw2  callofduty  s t co dc81lhf0yx,Neutral
16,723532208179404800,"Even though the gameplay remains incredibly fun, #CallOfDuty #COD is not in a good place for a lot of reasons. #VideoGames #CODMW2 #Warzone2

 https://t.co/uS8hn02zWo",**this tweet had been deleted or hidden**,0,0,1,0,0,even though the gameplay remains incredibly fun   callofduty  cod is not in a good place for a lot of reasons   videogames  codmw2  warzone2   s t co us8hn02zwo,Positive
17,1566176637582016512,"RT @ToxicRoxic: Patiently* waiting for a blackcell König skin 🤔

*: frothing at mouth, chattering teeth, biting civilians
#CallofDuty #Köni…",ToxicRoxic,400,0,0,0,0,   toxicroxic  patiently  waiting for a blackcell k nig skin   frothing at mouth  chattering teeth  biting civilians callofduty  k ni ,Positive
18,1310978415265222656,"RT @Willows_Peak: Painting 
#CallofDuty #SimonRiley #SimonGhostRiley #MW2 https://t.co/8gcFrltc68",Willows_Peak,52,0,0,0,0,   willows peak  painting  callofduty  simonriley  simonghostriley  mw2  s t co 8gcfrltc68,Neutral
19,858946122,@PlayCODMobile Trash battle passes back to back for literally years now. Last good one was nightmare 2021 no wonder everyone is leaving this shitty game. @PlayCODMobile literal dorks just care about there Chinese 200+$ draws. F this game. Move on guys. Most are.,PlayCODMobile,0,0,1,0,0, playcodmobile trash battle passes back to back for literally years now  last good one was nightmare 2021 no wonder everyone is leaving this shitty game   playcodmobile literal dorks just care about there chinese 200  draws  f this game  move on guys  most are ,Negative
20,1585505488703295488,"🚨 NEW BANGER ALERT 🚨

❤️ &amp; ♻️

#CallofDuty #MWII #MW2Ranked

@MysticEsportsOP @PumpTheOG @AresTakeoff_ @NotKinja @Jinsus @Aeolus @itsZenRu @RevorkeSocials @WeLoveYouEnvy @murlo1x @GorgoKnight @xDices 

https://t.co/HmPCpYLOqo
https://t.co/HmPCpYLOqo
https://t.co/HmPCpYLOqo https://t.co/LVmN5vsyGI",MysticEsportsOP,6,2,11,0,0,  new banger ale     amp   callofduty  mwii  mw2ranked mysticespo sop  pumptheog  arestakeoff   notkinja  jinsus  aeolus  itszenru  revorkesocials  weloveyouenvy  murlo1x  gorgoknight  xdices   s t co hmpcpyloqo  s t co hmpcpyloqo  s t co hmpcpyloqo  s t co lvmn5vsygi,Neutral
21,1302781906828906496,"RT @yumecore: Ghost's legs appreciation post :3
#CallofDuty #MWII #SimonGhostRiley https://t.co/wPXDDEslZa",yumecore,395,0,0,0,0,   yumecore  ghost s legs appreciation post  3 callofduty  mwii  simonghostriley  s t co wpxddeslza,Neutral
22,1224781373967413250,"RT @Unholykazoo: Compiled all my König sketches into one photo

#konig #König #mw2 #digitalart #CallofDuty https://t.co/AtOeqXOJtw",Unholykazoo,16,0,0,0,0,   unholykazoo  compiled all my k nig sketches into one photo konig  k nig  mw2  digitala   callofduty  s t co atoeqxojtw,Positive
23,1632832251246309382,"RT @BettyBRenders: At last… Graves… 🦅

Thank you to everyone! 🙏🏻 It was a fun week making these 😁💙

#Graves #PhillipGraves #GravesMW2 #MW2…",BettyBRenders,90,0,0,0,0,   bettybrenders  at last  graves   thank you to everyone    it was a fun week making these  graves  phillipgraves  gravesmw2  mw2 ,Positive
24,1632832251246309382,"RT @yumecore: Ghost's legs appreciation post :3
#CallofDuty #MWII #SimonGhostRiley https://t.co/wPXDDEslZa",yumecore,395,0,0,0,0,   yumecore  ghost s legs appreciation post  3 callofduty  mwii  simonghostriley  s t co wpxddeslza,Neutral
25,1649930223192817670,"@6_and_9 @PlayCODMobile @ATVIAssist Don't hesitate to contact @Aaronfix01 for your account sorting out, he's a professional",6_and_9,0,0,0,0,0, 6 and 9  playcodmobile  atviassist don t hesitate to contact  aaronfix01 for your account so ing out  he s a professional,Irrelevant
26,1577771291565821974,"RT @yumecore: Ghost's legs appreciation post :3
#CallofDuty #MWII #SimonGhostRiley https://t.co/wPXDDEslZa",yumecore,395,0,0,0,0,   yumecore  ghost s legs appreciation post  3 callofduty  mwii  simonghostriley  s t co wpxddeslza,Neutral
27,1124173475311177733,"RT @artimaaaeus: gfs❗️❗️❗️
---
#CallofDuty #MWII #MW2 #ghostsoap https://t.co/JfMWg8DuH8",artimaaaeus,55,0,0,0,0,   a imaaaeus  gfs callofduty  mwii  mw2  ghostsoap  s t co jfmwg8duh8,Neutral
28,1512158323864338436,"RT @xbruised_peachx: ghost's new skin but he's doing the akira slide yeaaaah 💀🏍
#Ghost #GhostMW2 #SimonGhostRiley #CallOfDuty #MWII https:/…",xbruised_peachx,114,0,0,0,0,   xbruised peachx  ghost s new skin but he s doing the akira slide yeaaaah  ghost  ghostmw2  simonghostriley  callofduty  mwii  s ,Neutral
29,1224781373967413250,"RT @zpljajaja: #COD #MW2 #CallofDuty #Konig
🫰💕 https://t.co/gqCTBnpjCw",zpljajaja,230,0,0,0,0,   zpljajaja   cod  mw2  callofduty  konig   s t co gqctbnpjcw,Neutral
30,1109647303965437953,"RT @Raita_z369z: ちょっとｗｗ

そこが爆発するんかぁ～いｗｗｗ🤣⤴

#CallofDuty  #MW2  #COD珍プレイ https://t.co/zwH8WfAqAy",Raita_z369z,48,0,0,0,0,   raita z369z   callofduty   mw2   cod   s t co zwh8wfaqay,Neutral
31,137614450,"RT @yumecore: Ghost's legs appreciation post :3
#CallofDuty #MWII #SimonGhostRiley https://t.co/wPXDDEslZa",yumecore,395,0,0,0,0,   yumecore  ghost s legs appreciation post  3 callofduty  mwii  simonghostriley  s t co wpxddeslza,Neutral
32,1413849020217372676,"RT @yumecore: Ghost's legs appreciation post :3
#CallofDuty #MWII #SimonGhostRiley https://t.co/wPXDDEslZa",yumecore,395,0,0,0,0,   yumecore  ghost s legs appreciation post  3 callofduty  mwii  simonghostriley  s t co wpxddeslza,Neutral
33,1272948560909254657,"RT @xbruised_peachx: ghost's new skin but he's doing the akira slide yeaaaah 💀🏍
#Ghost #GhostMW2 #SimonGhostRiley #CallOfDuty #MWII https:/…",xbruised_peachx,114,0,0,0,0,   xbruised peachx  ghost s new skin but he s doing the akira slide yeaaaah  ghost  ghostmw2  simonghostriley  callofduty  mwii  s ,Neutral
34,1415879481378545665,"RT @xbruised_peachx: ghost's new skin but he's doing the akira slide yeaaaah 💀🏍
#Ghost #GhostMW2 #SimonGhostRiley #CallOfDuty #MWII https:/…",xbruised_peachx,114,0,0,0,0,   xbruised peachx  ghost s new skin but he s doing the akira slide yeaaaah  ghost  ghostmw2  simonghostriley  callofduty  mwii  s ,Neutral
35,1663571248369238017,"Dropping in like...
#saturday #PS5S #PS4 #psn #pc #pcgaming #callofduty #cod #faze #modernwarfare #warzone #warzoneclips #Fortnite #apexlegends #twitch #console #gaming #gamer #mw2 https://t.co/oFwVDcKBre",**this tweet had been deleted or hidden**,0,0,4,1,0,dropping in like saturday  ps5s  ps4  psn  pc  pcgaming  callofduty  cod  faze  modernwarfare  warzone  warzoneclips  fo nite  apexlegends  twitch  console  gaming  gamer  mw2  s t co ofwvdckbre,Neutral
36,1622666614029123584,"ANGRY vengeful GIRL🎯😂👇👇
📌MORE VIDEO ON YOUTUBE 🎬📌
📌FOLLOW ME ON YOUTUBE 📌
#mw2 #warzone2 #modernwarfare2 #modernwarfare #gameplay #warzone #TwitterDown
#MWII https://t.co/qpLr4nf6dF",**this tweet had been deleted or hidden**,0,1,4,1,0,angry vengeful girl more video on youtube  follow me on youtube  mw2  warzone2  modernwarfare2  modernwarfare  gameplay  warzone  twitterdown mwii  s t co qplr4nf6df,Irrelevant
37,1623519477123121154,"RT @xbruised_peachx: ghost's new skin but he's doing the akira slide yeaaaah 💀🏍
#Ghost #GhostMW2 #SimonGhostRiley #CallOfDuty #MWII https:/…",xbruised_peachx,114,0,0,0,0,   xbruised peachx  ghost s new skin but he s doing the akira slide yeaaaah  ghost  ghostmw2  simonghostriley  callofduty  mwii  s ,Neutral
38,956402256613552128,"『COD:DMZ攻略』コシチェイ入る際待ち伏せも多いが入り口付近にいると割と参加申請通るよな。店主のリクエストっていう任務にあるコシチェイの鍵って何？
https://t.co/3usvShhpNJ

#COD #コールオブデューティ #callofduty #CODMW2 #MW2 #CoDMWII #DMZ #warzone2 #シーズン4 #コシチェイ https://t.co/jsJO6sJEzn",**this tweet had been deleted or hidden**,0,0,1,0,0, cod dmz  s t co 3usvshhpnj cod    callofduty  codmw2  mw2  codmwii  dmz  warzone2  4    s t co jsjo6sjezn,Neutral
39,823876526,"RT @ChilLiquorice: Gromsko joins the cowboy squad, he's comin in flying ((literally))
#gromsko #MWII #cod #GromskoMW2 #callofduty https://t…",ChilLiquorice,26,0,0,0,0,   chilliquorice  gromsko joins the cowboy squad  he s comin in flying  literally gromsko  mwii  cod  gromskomw2  callofduty  s t ,Neutral
40,1497986941903675404,Jesus Loves You&lt;3 Hope you had an amazing day I will also be streaming Mw2 [ No Commentary Gameplay]   live at https://t.co/xWMtBBQ8Oi,**this tweet had been deleted or hidden**,0,0,0,0,0,jesus loves you lt 3 hope you had an amazing day i will also be streaming mw2   no commentary gameplay    live at  s t co xwmtbbq8oi,Positive
41,1530232787734712321,"RT @IPROZY1: Guys my friend needs help he got scammed and his CODM account is hacked now 

His uid

6742776531938639874

@CosmoPlayzGG @SSR…",IPROZY1,7,0,0,0,0,   iprozy1  guys my friend needs help he got scammed and his codm account is hacked now  his uid 6742776531938639874 cosmoplayzgg  ssr ,Irrelevant
42,1012050336155041795,"RT @ReversePrime03: The Twins.

#CallofDuty #CallofDutyModernWarfareII #CallofDutyWarzone #COD #CODWarzone #MW #MWII #Warzone #SimonGhostRi…",ReversePrime03,8,0,0,0,0,   reverseprime03  the twins callofduty  callofdutymodernwarfareii  callofdutywarzone  cod  codwarzone  mw  mwii  warzone  simonghostri ,Negative
43,1604295824850026498,"RT @xbruised_peachx: ghost's new skin but he's doing the akira slide yeaaaah 💀🏍
#Ghost #GhostMW2 #SimonGhostRiley #CallOfDuty #MWII https:/…",xbruised_peachx,114,0,0,0,0,   xbruised peachx  ghost s new skin but he s doing the akira slide yeaaaah  ghost  ghostmw2  simonghostriley  callofduty  mwii  s ,Neutral
44,1187240636208078849,"RT @loneghostwolf88: More Rudy 
#CallofDuty #3DRender #Rendering #Daz3D #MWII https://t.co/CZqNo7Ub1q",loneghostwolf88,156,0,0,0,0,   loneghostwolf88  more rudy  callofduty  3drender  rendering  daz3d  mwii  s t co czqno7ub1q,Neutral
45,1356645816870535169,@HUMavishekHAI @PlayCODMobile asking too much for a mobile game,HUMavishekHAI,0,1,0,0,0, humavishekhai  playcodmobile asking too much for a mobile game,Negative
46,2723551382,"RT @yumecore: Ghost's legs appreciation post :3
#CallofDuty #MWII #SimonGhostRiley https://t.co/wPXDDEslZa",yumecore,395,0,0,0,0,   yumecore  ghost s legs appreciation post  3 callofduty  mwii  simonghostriley  s t co wpxddeslza,Neutral
47,1646407288930926592,"RT @loneghostwolf88: More Rudy 
#CallofDuty #3DRender #Rendering #Daz3D #MWII https://t.co/CZqNo7Ub1q",loneghostwolf88,156,0,0,0,0,   loneghostwolf88  more rudy  callofduty  3drender  rendering  daz3d  mwii  s t co czqno7ub1q,Neutral
48,1356645816870535169,@PlayCODMobile day 1 of asking for qxr buff,PlayCODMobile,0,1,1,0,0, playcodmobile day 1 of asking for qxr buff,Neutral
49,1497896370996486150,"RT @PlayCODNews: Mythic Templar Teaser

https://t.co/t27w82e15x",PlayCODNews,29,0,0,0,0,   playcodnews  mythic templar teaser  s t co t27w82e15x,Neutral
50,1376711416254754820,"RT @Coruja3571: Ghost (MW2 Inspired)

Since we just got some juicy MW2 arts released, it's only fair for me to make something inspired by t…",Coruja3571,236,0,0,0,0,   coruja3571  ghost  mw2 inspired since we just got some juicy mw2 a s released  it s only fair for me to make something inspired by t ,Positive
51,1625579654173302790,"RT @antomatkoen: soap with rosacea, stationed in alaska, freezing his balls off. post tweet #ghostsoap #soapghost #simonghostriley #soapmac…",antomatkoen,161,0,0,0,0,   antomatkoen  soap with rosacea  stationed in alaska  freezing his balls off  post tweet  ghostsoap  soapghost  simonghostriley  soapmac ,Irrelevant
52,1256202168253718528,"RT @yumecore: Ghost's legs appreciation post :3
#CallofDuty #MWII #SimonGhostRiley https://t.co/wPXDDEslZa",yumecore,395,0,0,0,0,   yumecore  ghost s legs appreciation post  3 callofduty  mwii  simonghostriley  s t co wpxddeslza,Neutral
53,1318905622977536001,"RT @_Naarkz: 3-0 against @paniQeSports, ggs 🙏🏼

See you tomorrow 🐺

@ESLCODM @PlayCODMobile",_Naarkz,4,0,0,0,0,   naarkz  3 0 against  paniqespo s  ggs  see you tomorrow  eslcodm  playcodmobile,Neutral
54,1674582235654107139,#PSN Ondatclazz add me #cod #MW2,**this tweet had been deleted or hidden**,0,0,0,0,0, psn ondatclazz add me  cod  mw2,Neutral
55,1469191754930921474,"RT @yumecore: Ghost's legs appreciation post :3
#CallofDuty #MWII #SimonGhostRiley https://t.co/wPXDDEslZa",yumecore,395,0,0,0,0,   yumecore  ghost s legs appreciation post  3 callofduty  mwii  simonghostriley  s t co wpxddeslza,Neutral
56,1494969874929487872,"RT @loneghostwolf88: More Rudy 
#CallofDuty #3DRender #Rendering #Daz3D #MWII https://t.co/CZqNo7Ub1q",loneghostwolf88,156,0,0,0,0,   loneghostwolf88  more rudy  callofduty  3drender  rendering  daz3d  mwii  s t co czqno7ub1q,Neutral
57,1082406198597509120,"🔴Now Live! We're Back! Let the Mayhem Commence 😈
https://t.co/WgQgeSQg6f

#CallofDuty #twitch #PS5 #Warzone2 #ModernWarfareII #gaming https://t.co/WxeuyP25bI",**this tweet had been deleted or hidden**,0,0,4,0,0, now live  we re back  let the mayhem commence   s t co wgqgesqg6f callofduty  twitch  ps5  warzone2  modernwarfareii  gaming  s t co wxeuyp25bi,Neutral
58,1080717421,Activision were so wrong for MW2 campaign remaster,**this tweet had been deleted or hidden**,0,0,0,0,0,activision were so wrong for mw2 campaign remaster,Negative
59,110089484,"RT @xbruised_peachx: ghost's new skin but he's doing the akira slide yeaaaah 💀🏍
#Ghost #GhostMW2 #SimonGhostRiley #CallOfDuty #MWII https:/…",xbruised_peachx,114,0,0,0,0,   xbruised peachx  ghost s new skin but he s doing the akira slide yeaaaah  ghost  ghostmw2  simonghostriley  callofduty  mwii  s ,Neutral
60,1183570890371616770,"RT @antomatkoen: soap with rosacea, stationed in alaska, freezing his balls off. post tweet #ghostsoap #soapghost #simonghostriley #soapmac…",antomatkoen,161,0,0,0,0,   antomatkoen  soap with rosacea  stationed in alaska  freezing his balls off  post tweet  ghostsoap  soapghost  simonghostriley  soapmac ,Irrelevant
61,1356645816870535169,@PAVEL_CODM @PlayCODMobile which means it'll NEVER come to global,PAVEL_CODM,0,0,0,0,0, pavel codm  playcodmobile which means it ll never come to global,Negative
62,1356645816870535169,"@PAVEL_CODM @PlayCODMobile its not
this set is exclusive to those regions",PAVEL_CODM,0,1,0,0,0, pavel codm  playcodmobile its not this set is exclusive to those regions,Negative
63,1356645816870535169,@PlayCODMobile finally base custom irons,PlayCODMobile,0,0,0,0,0, playcodmobile finally base custom irons,Positive
64,794837044665061376,"RT @ReversePrime03: The Twins.

#CallofDuty #CallofDutyModernWarfareII #CallofDutyWarzone #COD #CODWarzone #MW #MWII #Warzone #SimonGhostRi…",ReversePrime03,8,0,0,0,0,   reverseprime03  the twins callofduty  callofdutymodernwarfareii  callofdutywarzone  cod  codwarzone  mw  mwii  warzone  simonghostri ,Negative
65,1183570890371616770,"RT @yumecore: Ghost's legs appreciation post :3
#CallofDuty #MWII #SimonGhostRiley https://t.co/wPXDDEslZa",yumecore,395,0,0,0,0,   yumecore  ghost s legs appreciation post  3 callofduty  mwii  simonghostriley  s t co wpxddeslza,Neutral
66,1465740516360966151,"https://t.co/Q3SmgkQnuL

Call of Duty Warzone 2.0 - DMZ (SOLO) - ASHIKA ISLAND [WHITE LOTUS] - BEWARE (HARDCORE)

#LionHunterChannel #Warzone2 #CallofDutyWarzone #CallOfDuty #COD #игра #шутер #game #shooter #FPS #YouTube #DMZ #SOLO",**this tweet had been deleted or hidden**,0,0,1,0,0, s t co q3smgkqnul call of duty warzone 2 0   dmz  solo    ashika island  white lotus    beware  hardcore lionhunterchannel  warzone2  callofdutywarzone  callofduty  cod      game  shooter  fps  youtube  dmz  solo,Neutral
67,727129472831492096,"@PlayCODMobile Can you fix it so I don’t have to login every time I start the game? Even when the app is still running in the background? Oh, and where the hell are these trophy systems in BR???",PlayCODMobile,0,0,0,0,0, playcodmobile can you fix it so i don t have to login every time i sta  the game  even when the app is still running in the background  oh  and where the hell are these trophy systems in br ,Negative
68,1470380935875117063,"RT @PlayCODMobile: An electrifying new weapon is coming to Season 6 ⚡️

👀 Check out the GRAU 5.56 in the S6 BP. Live in-game on 7/5 at 5PM…",PlayCODMobile,60,0,0,0,0,   playcodmobile  an electrifying new weapon is coming to season 6   check out the grau 5 56 in the s6 bp  live in game on 7 5 at 5pm ,Neutral
69,1204488162539651073,"RT @yumecore: Ghost's legs appreciation post :3
#CallofDuty #MWII #SimonGhostRiley https://t.co/wPXDDEslZa",yumecore,395,0,0,0,0,   yumecore  ghost s legs appreciation post  3 callofduty  mwii  simonghostriley  s t co wpxddeslza,Neutral
70,1246455816552509445,"RT @loneghostwolf88: More Rudy 
#CallofDuty #3DRender #Rendering #Daz3D #MWII https://t.co/CZqNo7Ub1q",loneghostwolf88,156,0,0,0,0,   loneghostwolf88  more rudy  callofduty  3drender  rendering  daz3d  mwii  s t co czqno7ub1q,Neutral
71,1357035613380358144,Quick Solo Stream #Twitch #CallOfDuty #Warzone2 https://t.co/LSNH0rMDbC,**this tweet had been deleted or hidden**,0,0,1,0,0,quick solo stream  twitch  callofduty  warzone2  s t co lsnh0rmdbc,Neutral
72,57432440,"RT @yumecore: Ghost's legs appreciation post :3
#CallofDuty #MWII #SimonGhostRiley https://t.co/wPXDDEslZa",yumecore,395,0,0,0,0,   yumecore  ghost s legs appreciation post  3 callofduty  mwii  simonghostriley  s t co wpxddeslza,Neutral
73,1220054389299318784,"RT @xbruised_peachx: ghost's new skin but he's doing the akira slide yeaaaah 💀🏍
#Ghost #GhostMW2 #SimonGhostRiley #CallOfDuty #MWII https:/…",xbruised_peachx,114,0,0,0,0,   xbruised peachx  ghost s new skin but he s doing the akira slide yeaaaah  ghost  ghostmw2  simonghostriley  callofduty  mwii  s ,Neutral
74,1486780680033951746,RT @electrotom_: #Warzone2… that’s it that’s the tweet …live on https://t.co/2gt1l50F3z  #cod #callofduty  #codwarzone #callofdutywarzone #…,electrotom_,7,0,0,0,0,   electrotom   warzone2  that s it that s the tweet  live on  s t co 2gt1l50f3z   cod  callofduty   codwarzone  callofdutywarzone  ,Neutral
75,1310765827503747072,"RT @michelekoi: When Ghost is hungry:

#ghost #SimonGhostRiley #SimonRiley #kitty #cod #CallofDuty #ModernWarfare2 #ModernWarfareII #mw2 #m…",michelekoi,30,0,0,0,0,   michelekoi  when ghost is hungry ghost  simonghostriley  simonriley  kitty  cod  callofduty  modernwarfare2  modernwarfareii  mw2  m ,Neutral
76,1521118785259851776,RT @electrotom_: #Warzone2… that’s it that’s the tweet …live on https://t.co/2gt1l50F3z  #cod #callofduty  #codwarzone #callofdutywarzone #…,electrotom_,7,0,0,0,0,   electrotom   warzone2  that s it that s the tweet  live on  s t co 2gt1l50f3z   cod  callofduty   codwarzone  callofdutywarzone  ,Neutral
77,1308467977025720321,RT @electrotom_: #Warzone2… that’s it that’s the tweet …live on https://t.co/2gt1l50F3z  #cod #callofduty  #codwarzone #callofdutywarzone #…,electrotom_,7,0,0,0,0,   electrotom   warzone2  that s it that s the tweet  live on  s t co 2gt1l50f3z   cod  callofduty   codwarzone  callofdutywarzone  ,Neutral
78,1577505239422337026,"RT @yumecore: Ghost's legs appreciation post :3
#CallofDuty #MWII #SimonGhostRiley https://t.co/wPXDDEslZa",yumecore,395,0,0,0,0,   yumecore  ghost s legs appreciation post  3 callofduty  mwii  simonghostriley  s t co wpxddeslza,Neutral
79,1578161156,"RT @loneghostwolf88: More Rudy 
#CallofDuty #3DRender #Rendering #Daz3D #MWII https://t.co/CZqNo7Ub1q",loneghostwolf88,156,0,0,0,0,   loneghostwolf88  more rudy  callofduty  3drender  rendering  daz3d  mwii  s t co czqno7ub1q,Neutral
80,1640613686,"RT @xbruised_peachx: ghost's new skin but he's doing the akira slide yeaaaah 💀🏍
#Ghost #GhostMW2 #SimonGhostRiley #CallOfDuty #MWII https:/…",xbruised_peachx,114,0,0,0,0,   xbruised peachx  ghost s new skin but he s doing the akira slide yeaaaah  ghost  ghostmw2  simonghostriley  callofduty  mwii  s ,Neutral
81,3309340899,"RT @xbruised_peachx: ghost's new skin but he's doing the akira slide yeaaaah 💀🏍
#Ghost #GhostMW2 #SimonGhostRiley #CallOfDuty #MWII https:/…",xbruised_peachx,114,0,0,0,0,   xbruised peachx  ghost s new skin but he s doing the akira slide yeaaaah  ghost  ghostmw2  simonghostriley  callofduty  mwii  s ,Neutral
82,1574893156251967508,"RT @yumecore: Ghost's legs appreciation post :3
#CallofDuty #MWII #SimonGhostRiley https://t.co/wPXDDEslZa",yumecore,395,0,0,0,0,   yumecore  ghost s legs appreciation post  3 callofduty  mwii  simonghostriley  s t co wpxddeslza,Neutral
83,1180733431,Lets help my girl get affiliate and 15 more followers she buys me a new headset lets goooooo #dmz #MW2 #CoD #twitch #TwitchAffilate #Warzone2 https://t.co/4u90WeNwA7,**this tweet had been deleted or hidden**,0,0,0,0,0,lets help my girl get affiliate and 15 more followers she buys me a new headset lets goooooo  dmz  mw2  cod  twitch  twitchaffilate  warzone2  s t co 4u90wenwa7,Irrelevant
84,1514527067647451136,"RT @xbruised_peachx: ghost's new skin but he's doing the akira slide yeaaaah 💀🏍
#Ghost #GhostMW2 #SimonGhostRiley #CallOfDuty #MWII https:/…",xbruised_peachx,114,0,0,0,0,   xbruised peachx  ghost s new skin but he s doing the akira slide yeaaaah  ghost  ghostmw2  simonghostriley  callofduty  mwii  s ,Neutral
85,1069761984768303105,"RT @lexiissgone: I HAD TO REPOST IT CUZ I CAN'T CALM DOWN FUCK

[ #soapghost #GhostSoap #CallofDuty #MWII #cod #art #SoapMacTavish #ghostco…",lexiissgone,450,0,0,0,0,   lexiissgone  i had to repost it cuz i can t calm down fuck   soapghost  ghostsoap  callofduty  mwii  cod  a   soapmactavish  ghostco ,Negative
86,1070158694837600256,"RT @loneghostwolf88: More Rudy 
#CallofDuty #3DRender #Rendering #Daz3D #MWII https://t.co/CZqNo7Ub1q",loneghostwolf88,156,0,0,0,0,   loneghostwolf88  more rudy  callofduty  3drender  rendering  daz3d  mwii  s t co czqno7ub1q,Neutral
87,1108421191356858373,"RT @DopemanLit: https://t.co/Bm3flP55Ck👈👈👈👈
SND 

@CODLeague @CallofDuty #apex #apelegends #apexpredator #twitch #xboxshare #twitch #esport…",DopemanLit,1,0,0,0,0,   dopemanlit   s t co bm3flp55ck snd  codleague  callofduty  apex  apelegends  apexpredator  twitch  xboxshare  twitch  espo  ,Neutral
88,1495513861012828164,"https://t.co/llMV70faZK
Come kick it! 🦿🦿 #CallofDuty #CallofDutyWarzone #Warzone2 #ranked",**this tweet had been deleted or hidden**,0,0,0,0,0, s t co llmv70fazk come kick it     callofduty  callofdutywarzone  warzone2  ranked,Neutral
89,1610645082239270913,"RT @CODmwfeed: One #ModernWarfare2                #PS5 bundle to give away. To enter follow the steps below.💜

Follow+❤+♻️+Comment
#CallofD…",CODmwfeed,184,0,0,0,0,   codmwfeed  one  modernwarfare2   ps5 bundle to give away  to enter follow the steps below follow comment callofd ,Neutral
90,2241780426,"RT @Ekota__: NEW VIDEO🚨🚨THIS ONE IS TUFF

https://t.co/jEXIMKuzhB

@iisco_Yt for the thumbnail 

#Warzone2 #MW2 #CallofDuty https://t.co/Vu…",Ekota__,1,0,0,0,0,   ekota  new video this one is tuff  s t co jeximkuzhb iisco yt for the thumbnail  warzone2  mw2  callofduty  s t co vu ,Neutral
91,1646407288930926592,"RT @yumecore: Ghost's legs appreciation post :3
#CallofDuty #MWII #SimonGhostRiley https://t.co/wPXDDEslZa",yumecore,395,0,0,0,0,   yumecore  ghost s legs appreciation post  3 callofduty  mwii  simonghostriley  s t co wpxddeslza,Neutral
92,1175854087759454210,"RT @xbruised_peachx: ghost's new skin but he's doing the akira slide yeaaaah 💀🏍
#Ghost #GhostMW2 #SimonGhostRiley #CallOfDuty #MWII https:/…",xbruised_peachx,114,0,0,0,0,   xbruised peachx  ghost s new skin but he s doing the akira slide yeaaaah  ghost  ghostmw2  simonghostriley  callofduty  mwii  s ,Neutral
93,1657958318998970368,"RT @loneghostwolf88: More Rudy 
#CallofDuty #3DRender #Rendering #Daz3D #MWII https://t.co/CZqNo7Ub1q",loneghostwolf88,156,0,0,0,0,   loneghostwolf88  more rudy  callofduty  3drender  rendering  daz3d  mwii  s t co czqno7ub1q,Neutral
94,1393417878045564932,"RT @antomatkoen: soap with rosacea, stationed in alaska, freezing his balls off. post tweet #ghostsoap #soapghost #simonghostriley #soapmac…",antomatkoen,161,0,0,0,0,   antomatkoen  soap with rosacea  stationed in alaska  freezing his balls off  post tweet  ghostsoap  soapghost  simonghostriley  soapmac ,Irrelevant
95,1375581782129704965,"RT @loneghostwolf88: More Rudy 
#CallofDuty #3DRender #Rendering #Daz3D #MWII https://t.co/CZqNo7Ub1q",loneghostwolf88,156,0,0,0,0,   loneghostwolf88  more rudy  callofduty  3drender  rendering  daz3d  mwii  s t co czqno7ub1q,Neutral
96,914623783109001216,"https://t.co/Bm3flP55Ck👈👈👈👈
SND 

@CODLeague @CallofDuty #apex #apelegends #apexpredator #twitch #xboxshare #twitch #esports #fortnite  #MWII #cod #mw2 #xboxshare #foryou #AMP #faze  #FaZeUp  
#SmallStreamersConnect @SmallStreamersC @TwitterGaming 

@DIGITALTERROR4L",CODLeague,1,0,2,0,0, s t co bm3flp55ck snd  codleague  callofduty  apex  apelegends  apexpredator  twitch  xboxshare  twitch  espo s  fo nite   mwii  cod  mw2  xboxshare  foryou  amp  faze   fazeup   smallstreamersconnect  smallstreamersc  twittergaming  digitalterror4l,Neutral
97,2183435610,"RT @xbruised_peachx: ghost's new skin but he's doing the akira slide yeaaaah 💀🏍
#Ghost #GhostMW2 #SimonGhostRiley #CallOfDuty #MWII https:/…",xbruised_peachx,114,0,0,0,0,   xbruised peachx  ghost s new skin but he s doing the akira slide yeaaaah  ghost  ghostmw2  simonghostriley  callofduty  mwii  s ,Neutral
