,text,author_id,username,retweet,reply,like,quote,bookmark,lower,sentiment
0,No way !!!!! #Ashikaisland #Vondel #Cod #Callofduty #Mw2 #Warzone2 #Contentcreator #Callofduty #Tiktok #Youtube https://t.co/E3XVLl8JLh,3315881306,**this tweet had been deleted or hidden**,0,0,2,0,0,no way    ashikaisland  vondel  cod  callofduty  mw2  warzone2  contentcreator  callofduty  tiktok  youtube  s t co e3xvll8jlh,Negative
1,"RT @BettyBRenders: 👑 Such a mess, Babyboy. 😌

#König #Koenig #KönigMW2 #MW2 #MWII #CallofDutyModernWarfare2 #CallofDuty https://t.co/aO4AhU…",1464036197634773006,BettyBRenders,426,0,0,0,0,   bettybrenders    such a mess  babyboy   k nig  koenig  k nigmw2  mw2  mwii  callofdutymodernwarfare2  callofduty  s t co ao4ahu ,Negative
2,@IPROZY1 @PlayCODMobile I just got brain damage 😂,1259103831302066176,IPROZY1,0,0,1,0,0, iprozy1  playcodmobile i just got brain damage  ,Neutral
3,RT @HotSatans: request number uno aka König edging dONE 🫡 #nsfw #König #CallofDuty #MW2 #Konigmw2 https://t.co/J0Nw2iGNVe,1070180019442470912,HotSatans,1640,0,0,0,0,   hotsatans  request number uno aka k nig edging done    nsfw  k nig  callofduty  mw2  konigmw2  s t co j0nw2ignve,Positive
4,@n8theknight Sunday streaming with the boys #Warzone2 #CallOfDuty #resurgence #asone https://t.co/vHO0ylyVlE,1678301010308268032,n8theknight,0,0,2,0,0, n8theknight sunday streaming with the boys  warzone2  callofduty  resurgence  asone  s t co vho0ylyvle,Positive
5,"RT @yuntungchen0929: What are you doing?
@KimMazyckCos 

#CallofDuty #Callofdutymobile #ModernWarfare2 #MWII #GhostSoap #soapghost https://…",1573633579623804928,yuntungchen0929,31,0,0,0,0,   yuntungchen0929  what are you doing kimmazyckcos  callofduty  callofdutymobile  modernwarfare2  mwii  ghostsoap  soapghost  s ,Negative
6,"@PlayCODMobile despite me not owning the nee mythical operator templar ,I would still like to know why the decision to reduce the modified left arm size to a twig? It looks very weird and seems to be a stupid decision on you part,just make the ame same size as the right arm",1535816245358268416,PlayCODMobile,0,0,0,0,0, playcodmobile despite me not owning the nee mythical operator templar  i would still like to know why the decision to reduce the modified left arm size to a twig  it looks very weird and seems to be a stupid decision on you pa  just make the ame same size as the right arm,Negative
7,"RT @naruysae: Ghost 💀🔪  — Commission for Lu
#simonghostriley #mw2 #callofduty https://t.co/imdnST8tkA",1642702389831516167,naruysae,233,0,0,0,0,   naruysae  ghost      commission for lu simonghostriley  mw2  callofduty  s t co imdnst8tka,Neutral
8,"RT @AmikoRoyAi: Safe with you

09 #ghostsoap #soapghost #callofduty #MWII https://t.co/wkFuP44Iul",3262657801,AmikoRoyAi,1259,0,0,0,0,   amikoroyai  safe with you 09  ghostsoap  soapghost  callofduty  mwii  s t co wkfup44iul,Negative
9,RT @Lictor_GD: #укррайт #укрфанфікшн #укрслеш #SoapGhost #GhostSoap #soapmactavish #SimonGhostRiley #ghostmw2 #soapmw2 #CallOfDuty #MW2 @uk…,1559243410321670144,Lictor_GD,4,0,0,0,0,   lictor gd         soapghost  ghostsoap  soapmactavish  simonghostriley  ghostmw2  soapmw2  callofduty  mw2  uk ,Neutral
10,"RT @AmikoRoyAi: So Ghost new outfit huh😩

#ghostsoap #soapghost #mwii #callofduty https://t.co/vymDc1spfC",1573633579623804928,AmikoRoyAi,662,0,0,0,0,   amikoroyai  so ghost new outfit huh ghostsoap  soapghost  mwii  callofduty  s t co vymdc1spfc,Neutral
11,"#укррайт #укрфанфікшн #укрслеш #SoapGhost #GhostSoap #soapmactavish #SimonGhostRiley #ghostmw2 #soapmw2 #CallOfDuty #MW2 @ukrfanficshn @ua_slash

Нова місія підрозділу відбувається на карнавалі на честь мексиканського Дня мертвих, і Привида накриває спогадами, тому що люди ⬇️ https://t.co/UZf6sEWEGm",1456682221239218181,ukrfanficshn,4,1,29,1,0,       soapghost  ghostsoap  soapmactavish  simonghostriley  ghostmw2  soapmw2  callofduty  mw2  ukrfanficshn  ua slash                                       s t co uzf6sewegm,Neutral
12,"RT @AmikoRoyAi: Safe with you

09 #ghostsoap #soapghost #callofduty #MWII https://t.co/wkFuP44Iul",1004315193474764805,AmikoRoyAi,1259,0,0,0,0,   amikoroyai  safe with you 09  ghostsoap  soapghost  callofduty  mwii  s t co wkfup44iul,Negative
13,"RT @AmikoRoyAi: Safe with you

09 #ghostsoap #soapghost #callofduty #MWII https://t.co/wkFuP44Iul",1273298737809330177,AmikoRoyAi,1259,0,0,0,0,   amikoroyai  safe with you 09  ghostsoap  soapghost  callofduty  mwii  s t co wkfup44iul,Negative
14,"RT @alexgscod: Lifeguard Soap! 🧼☀️⛱️
I hope Ghost is drowning and needs mouth-to-mouth resuscitation 😩🛟
(NSFW+variants on patreon)

#CallOf…",1454191979210940417,alexgscod,211,0,0,0,0,   alexgscod  lifeguard soap   i hope ghost is drowning and needs mouth to mouth resuscitation  nsfw variants on patreon callof ,Neutral
15,"#mw2
本日のdmz成果

ホステージレスキュー
カーゴ輸送を無事クリア",1427430673481011200,**this tweet had been deleted or hidden**,0,1,3,0,0, mw2 dmz ,Positive
16,"RT @PlayCODMobile: Guard the fortress and push the enemies away 🏰

⚔️ Greatest Empire Draw goes live tomorrow at 5PM PT! https://t.co/SjVCg…",1349797582977921026,PlayCODMobile,27,0,0,0,0,   playcodmobile  guard the fo ress and push the enemies away   greatest empire draw goes live tomorrow at 5pm pt   s t co sjvcg ,Neutral
17,"RT @AmikoRoyAi: I love the hc that Ghost is always cold and Soap is a living furnace 🥺

#soapghost #ghostsoap #MWII #callofduty https://t.c…",1495989418523381763,AmikoRoyAi,1384,0,0,0,0,   amikoroyai  i love the hc that ghost is always cold and soap is a living furnace  soapghost  ghostsoap  mwii  callofduty  s t c ,Positive
18,"RT @661ave: 141! ♥  #MWII #MW2 #CallofDuty 
#CaptainPrice #SimonGhostRiley #JohnSoapMactavish #KyleGazGarrick https://t.co/BTni156iIX",1454191979210940417,661ave,701,0,0,0,0,   661ave  141      mwii  mw2  callofduty  captainprice  simonghostriley  johnsoapmactavish  kylegazgarrick  s t co btni156iix,Neutral
19,@IPROZY1 @PlayCODMobile Holy shit that sounds awful💀,1506279121634144257,IPROZY1,0,0,2,0,0, iprozy1  playcodmobile holy shit that sounds awful ,Negative
20,@PlayCODMobile @PlayCODMobile create a BR map without classes,1131904177301610496,PlayCODMobile,0,0,0,0,0, playcodmobile  playcodmobile create a br map without classes,Negative
21,"RT @naruysae: Ghost 💀🔪  — Commission for Lu
#simonghostriley #mw2 #callofduty https://t.co/imdnST8tkA",1456496894222340103,naruysae,233,0,0,0,0,   naruysae  ghost      commission for lu simonghostriley  mw2  callofduty  s t co imdnst8tka,Neutral
22,"RT @naruysae: Ghost 💀🔪  — Commission for Lu
#simonghostriley #mw2 #callofduty https://t.co/imdnST8tkA",1186119574669942784,naruysae,233,0,0,0,0,   naruysae  ghost      commission for lu simonghostriley  mw2  callofduty  s t co imdnst8tka,Neutral
23,"RT @naruysae: Ghost 💀🔪  — Commission for Lu
#simonghostriley #mw2 #callofduty https://t.co/imdnST8tkA",1258019956265848833,naruysae,233,0,0,0,0,   naruysae  ghost      commission for lu simonghostriley  mw2  callofduty  s t co imdnst8tka,Neutral
24,"@Huqum2 @PlayCODMobile I deleted, i need someone to check mine
ill give uid :)
do the needful",1575762163561508864,Huqum2,0,2,2,0,0, huqum2  playcodmobile i deleted  i need someone to check mine ill give uid  do the needful,Negative
25,RT @skeletib: Ghost contemplating life while König's feeling it [ears &amp; tail made by me &amp; for sale] #König #ghostmw2 #CallofDuty #MWII #MW2…,1551733148353970178,skeletib,9,0,0,0,0,   skeletib  ghost contemplating life while k nig s feeling it  ears  amp  tail made by me  amp  for sale   k nig  ghostmw2  callofduty  mwii  mw2 ,Neutral
26,"@PlayCODMobile They are used to cheat
Need delete these accounts now in CoD mobile
#CoDMobile https://t.co/dT7ICJDyiu",1363110887175847942,PlayCODMobile,1,0,0,0,0, playcodmobile they are used to cheat need delete these accounts now in cod mobile codmobile  s t co dt7icjdyiu,Negative
27,"RT @ChuckysCarnage: The upcoming NEW Mythic Taq 56 in #CODM it sets your enemy’s body and soul on fire, the draw got 3 Mythic guns, AR (ISO…",1259103831302066176,ChuckysCarnage,2,0,0,0,0,   chuckyscarnage  the upcoming new mythic taq 56 in  codm it sets your enemy s body and soul on fire  the draw got 3 mythic guns  ar  iso ,Neutral
28,"RT @AmikoRoyAi: Safe with you

09 #ghostsoap #soapghost #callofduty #MWII https://t.co/wkFuP44Iul",1057910708543737857,AmikoRoyAi,1259,0,0,0,0,   amikoroyai  safe with you 09  ghostsoap  soapghost  callofduty  mwii  s t co wkfup44iul,Negative
29,"RT @AmikoRoyAi: Safe with you

09 #ghostsoap #soapghost #callofduty #MWII https://t.co/wkFuP44Iul",1071978665020395520,AmikoRoyAi,1259,0,0,0,0,   amikoroyai  safe with you 09  ghostsoap  soapghost  callofduty  mwii  s t co wkfup44iul,Negative
30,"RT @AmikoRoyAi: Safe with you

09 #ghostsoap #soapghost #callofduty #MWII https://t.co/wkFuP44Iul",469509775,AmikoRoyAi,1259,0,0,0,0,   amikoroyai  safe with you 09  ghostsoap  soapghost  callofduty  mwii  s t co wkfup44iul,Negative
31,"RT @AmikoRoyAi: Safe with you

09 #ghostsoap #soapghost #callofduty #MWII https://t.co/wkFuP44Iul",1262686629451362306,AmikoRoyAi,1259,0,0,0,0,   amikoroyai  safe with you 09  ghostsoap  soapghost  callofduty  mwii  s t co wkfup44iul,Negative
32,"RT @AmikoRoyAi: Safe with you

09 #ghostsoap #soapghost #callofduty #MWII https://t.co/wkFuP44Iul",1613887212608966656,AmikoRoyAi,1259,0,0,0,0,   amikoroyai  safe with you 09  ghostsoap  soapghost  callofduty  mwii  s t co wkfup44iul,Negative
33,"💕 #callofduty #Warcraft #game #MWII #BlackOpsColdWar #IWD2023  
Original: iMykka https://t.co/gkLzEAqptO",1657959608374403074,**this tweet had been deleted or hidden**,0,0,4,0,0,   callofduty  warcraft  game  mwii  blackopscoldwar  iwd2023   original  imykka  s t co gklzeaqpto,Neutral
34,"ノーアタ入手してその場でカスタムしたFENNEC４５。
#MW2 
#DMZ https://t.co/kz3UC2J2fE",320690024,**this tweet had been deleted or hidden**,0,0,0,0,0, fennec mw2  dmz  s t co kz3uc2j2fe,Neutral
35,"RT @AmikoRoyAi: Safe with you

09 #ghostsoap #soapghost #callofduty #MWII https://t.co/wkFuP44Iul",1457486902496428033,AmikoRoyAi,1259,0,0,0,0,   amikoroyai  safe with you 09  ghostsoap  soapghost  callofduty  mwii  s t co wkfup44iul,Negative
36,"RT @BettyBRenders: Hola Papi 😏

#Alejandro #alejandrovargas #ElPapi #AlejandroMW2 #MW2 #MWII #CallofDutyModernWarfare2 #CallofDuty https://…",1673596067496198144,BettyBRenders,155,0,0,0,0,   bettybrenders  hola papi  alejandro  alejandrovargas  elpapi  alejandromw2  mw2  mwii  callofdutymodernwarfare2  callofduty  s ,Negative
37,"RT @artimaaaeus: someone on tumblr sent me an ask and hc'ed that if non-traumatized ghost was maskless but fully-clothed, then masked ghost…",1057910708543737857,artimaaaeus,71,0,0,0,0,   a imaaaeus  someone on tumblr sent me an ask and hc ed that if non traumatized ghost was maskless but fully clothed  then masked ghost ,Neutral
38,"RT @AmikoRoyAi: Safe with you

09 #ghostsoap #soapghost #callofduty #MWII https://t.co/wkFuP44Iul",1632933042921824256,AmikoRoyAi,1259,0,0,0,0,   amikoroyai  safe with you 09  ghostsoap  soapghost  callofduty  mwii  s t co wkfup44iul,Negative
39,"RT @BettyBRenders: 👑 Such a mess, Babyboy. 😌

#König #Koenig #KönigMW2 #MW2 #MWII #CallofDutyModernWarfare2 #CallofDuty https://t.co/aO4AhU…",1611272931362963456,BettyBRenders,426,0,0,0,0,   bettybrenders    such a mess  babyboy   k nig  koenig  k nigmw2  mw2  mwii  callofdutymodernwarfare2  callofduty  s t co ao4ahu ,Negative
40,"RT @AmikoRoyAi: Safe with you

09 #ghostsoap #soapghost #callofduty #MWII https://t.co/wkFuP44Iul",878717129842970624,AmikoRoyAi,1259,0,0,0,0,   amikoroyai  safe with you 09  ghostsoap  soapghost  callofduty  mwii  s t co wkfup44iul,Negative
41,"RT @naruysae: Ghost 💀🔪  — Commission for Lu
#simonghostriley #mw2 #callofduty https://t.co/imdnST8tkA",1629800350252417024,naruysae,233,0,0,0,0,   naruysae  ghost      commission for lu simonghostriley  mw2  callofduty  s t co imdnst8tka,Neutral
42,"RT @AmikoRoyAi: I love the hc that Ghost is always cold and Soap is a living furnace 🥺

#soapghost #ghostsoap #MWII #callofduty https://t.c…",1231517589853134848,AmikoRoyAi,1384,0,0,0,0,   amikoroyai  i love the hc that ghost is always cold and soap is a living furnace  soapghost  ghostsoap  mwii  callofduty  s t c ,Positive
43,@Huqum2 @PlayCODMobile I have 75k kills I started playing codm 2 years ago(not a og)🫠🫠🫠,1552673771424649217,Huqum2,0,1,1,0,0, huqum2  playcodmobile i have 75k kills i sta ed playing codm 2 years ago not a og ,Positive
44,"RT @AmikoRoyAi: Safe with you

09 #ghostsoap #soapghost #callofduty #MWII https://t.co/wkFuP44Iul",882606218321199104,AmikoRoyAi,1259,0,0,0,0,   amikoroyai  safe with you 09  ghostsoap  soapghost  callofduty  mwii  s t co wkfup44iul,Negative
45,"RT @AmikoRoyAi: Safe with you

09 #ghostsoap #soapghost #callofduty #MWII https://t.co/wkFuP44Iul",1425679040598454274,AmikoRoyAi,1259,0,0,0,0,   amikoroyai  safe with you 09  ghostsoap  soapghost  callofduty  mwii  s t co wkfup44iul,Negative
46,"RT @naruysae: Ghost 💀🔪  — Commission for Lu
#simonghostriley #mw2 #callofduty https://t.co/imdnST8tkA",1158513011956551683,naruysae,233,0,0,0,0,   naruysae  ghost      commission for lu simonghostriley  mw2  callofduty  s t co imdnst8tka,Neutral
47,"You think they like sharing? 
#MW2 #MWII #GhostSoap #SoapGhost #CallOfDuty #SimonGhostRiley #JohnSoapMactavish https://t.co/YcWKssGVCx",1478319900108079109,**this tweet had been deleted or hidden**,0,0,17,0,0,you think they like sharing   mw2  mwii  ghostsoap  soapghost  callofduty  simonghostriley  johnsoapmactavish  s t co ycwkssgvcx,Negative
48,RT @CallofDuty: 2XP is now live for 24 hours in Call of Duty #Warzone and #MWII 🔥🔥 https://t.co/4yFU9rgfxN,1036243287147986945,CallofDuty,119,0,0,0,0,   callofduty  2xp is now live for 24 hours in call of duty  warzone and  mwii    s t co 4yfu9rgfxn,Neutral
49,@BigtruzzzSzn @PlayCODMobile You have to wait till the tomorrow,1333234688752840704,BigtruzzzSzn,0,0,0,0,0, bigtruzzzszn  playcodmobile you have to wait till the tomorrow,Positive
50,"RT @CallofDuty: SEASON 04 IS HERE. Vondel, increased health in Warzone, new MP maps, Battle Pass and so much more 🔥 

Stand above the rest…",1625680400,CallofDuty,321,0,0,0,0,   callofduty  season 04 is here  vondel  increased health in warzone  new mp maps  battle pass and so much more    stand above the rest ,Positive
51,"【COD MW2】ヘリの一撃は何より怖い…

#cod #mw2 #dmz #アルマズラ #スナイパーJOJO https://t.co/xBmoYLUQO7",1549343204927229952,**this tweet had been deleted or hidden**,0,0,6,0,0, cod mw2 cod  mw2  dmz    jojo  s t co xbmoyluqo7,Neutral
52,"Warzone mobile (60 FPS) IPHONE XR ASIA GAMEPLAY - INTENSE MATCH….⬇️

Link -https://t.co/JJErNgB6QO

#warzonemobile #Warzone2 https://t.co/iDGtkYV2Ln",1579363703102722048,**this tweet had been deleted or hidden**,0,0,1,0,0,warzone mobile  60 fps  iphone xr asia gameplay   intense match link   s t co jjerngb6qo warzonemobile  warzone2  s t co idgtkyv2ln,Negative
53,"RT @Stormislivee: READING EVERY COMMENT | COME HANG OUT!! | FG 24/75       

@RABIDPANDAGANG_

https://t.co/g3yp3KQ2st 

#KICKSTREAMERS #KI…",4816394819,Stormislivee,1,0,0,0,0,   stormislivee  reading every comment   come hang out    fg 24 75        rabidpandagang  s t co g3yp3kq2st  kickstreamers  ki ,Neutral
54,"RT @artimaaaeus: someone on tumblr sent me an ask and hc'ed that if non-traumatized ghost was maskless but fully-clothed, then masked ghost…",21617664,artimaaaeus,71,0,0,0,0,   a imaaaeus  someone on tumblr sent me an ask and hc ed that if non traumatized ghost was maskless but fully clothed  then masked ghost ,Neutral
55,"RT @tobitobsn88: Hi ihr Raketen, 
bin wieder live für euch auf twitch!! Schaut gerne vorbei!
https://t.co/9ujdyMZBCa
#twitchDE #twitchtv #t…",704583568316633088,tobitobsn88,1,0,0,0,0,   tobitobsn88  hi ihr raketen   bin wieder live f r euch auf twitch  schaut gerne vorbei  s t co 9ujdymzbca twitchde  twitchtv  t ,Neutral
56,"RT @AmikoRoyAi: Safe with you

09 #ghostsoap #soapghost #callofduty #MWII https://t.co/wkFuP44Iul",1330574183101849601,AmikoRoyAi,1259,0,0,0,0,   amikoroyai  safe with you 09  ghostsoap  soapghost  callofduty  mwii  s t co wkfup44iul,Negative
57,"RT @_Eidetic_: Never said Simon was a good flirt 

#ghostcosplay #simonghostriley #simonriley #simonrileyghost #modernwarfare #modernwarfar…",1211334425771819008,_Eidetic_,4,0,0,0,0,   eidetic  never said simon was a good fli   ghostcosplay  simonghostriley  simonriley  simonrileyghost  modernwarfare  modernwarfar ,Positive
58,"Hi ihr Raketen, 
bin wieder live für euch auf twitch!! Schaut gerne vorbei!
https://t.co/9ujdyMZBCa
#twitchDE #twitchtv #twitchstreamer #twitchaffiliate #twitchmoments #smallstreamer #twitchgermany #callofduty #community #mw2 #twitchclips",1532385930862010368,**this tweet had been deleted or hidden**,1,0,2,0,0,hi ihr raketen   bin wieder live f r euch auf twitch  schaut gerne vorbei  s t co 9ujdymzbca twitchde  twitchtv  twitchstreamer  twitchaffiliate  twitchmoments  smallstreamer  twitchgermany  callofduty  community  mw2  twitchclips,Irrelevant
59,"RT @yumecore: Ghost's legs appreciation post :3
#CallofDuty #MWII #SimonGhostRiley https://t.co/wPXDDEslZa",1310709872275709958,yumecore,419,0,0,0,0,   yumecore  ghost s legs appreciation post  3 callofduty  mwii  simonghostriley  s t co wpxddeslza,Neutral
60,"RT @naruysae: Ghost 💀🔪  — Commission for Lu
#simonghostriley #mw2 #callofduty https://t.co/imdnST8tkA",846038926569754624,naruysae,233,0,0,0,0,   naruysae  ghost      commission for lu simonghostriley  mw2  callofduty  s t co imdnst8tka,Neutral
61,"It's time... to unleash a new #MWII &amp; #Warzone 17th birthday operator in the battlefield.

@CallofDuty https://t.co/8gXeWBhdmo",1262068804953288709,CallofDuty,0,0,3,0,0,it s time  to unleash a new  mwii  amp   warzone 17th bi hday operator in the battlefield callofduty  s t co 8gxewbhdmo,Positive
62,"RT @AmikoRoyAi: Safe with you

09 #ghostsoap #soapghost #callofduty #MWII https://t.co/wkFuP44Iul",1101937412064854017,AmikoRoyAi,1259,0,0,0,0,   amikoroyai  safe with you 09  ghostsoap  soapghost  callofduty  mwii  s t co wkfup44iul,Negative
63,"RT @AmikoRoyAi: Safe with you

09 #ghostsoap #soapghost #callofduty #MWII https://t.co/wkFuP44Iul",1083501554877923328,AmikoRoyAi,1259,0,0,0,0,   amikoroyai  safe with you 09  ghostsoap  soapghost  callofduty  mwii  s t co wkfup44iul,Negative
64,"RT @artimaaaeus: someone on tumblr sent me an ask and hc'ed that if non-traumatized ghost was maskless but fully-clothed, then masked ghost…",755614008107859968,artimaaaeus,71,0,0,0,0,   a imaaaeus  someone on tumblr sent me an ask and hc ed that if non traumatized ghost was maskless but fully clothed  then masked ghost ,Neutral
65,"RT @remix3s: 👻👻👻

#Ghost #SimonGhostRiley #mw2 #CallofDuty https://t.co/Dc81lhF0YX",1247332080452866048,remix3s,354,0,0,0,0,   remix3s   ghost  simonghostriley  mw2  callofduty  s t co dc81lhf0yx,Neutral
66,"RT @AmikoRoyAi: Safe with you

09 #ghostsoap #soapghost #callofduty #MWII https://t.co/wkFuP44Iul",1268069114,AmikoRoyAi,1259,0,0,0,0,   amikoroyai  safe with you 09  ghostsoap  soapghost  callofduty  mwii  s t co wkfup44iul,Negative
67,"RT @AmikoRoyAi: Safe with you

09 #ghostsoap #soapghost #callofduty #MWII https://t.co/wkFuP44Iul",459249257,AmikoRoyAi,1259,0,0,0,0,   amikoroyai  safe with you 09  ghostsoap  soapghost  callofduty  mwii  s t co wkfup44iul,Negative
68,"Is it a bug ?? Showing total 593 kills ? We need 600 kills to unlock full sand camo and I unlocked Gold means I should have more than 600 kills in total .

It's showing 593? @PlayCODMobile 
@PlayCODMobile 

@EVILXJUG 
@Cato_0001 
@IPROZY1 
@Iskeone214 https://t.co/fYqkBBI8nR",1265125228402937856,PlayCODMobile,0,2,5,0,0,is it a bug   showing total 593 kills   we need 600 kills to unlock full sand camo and i unlocked gold means i should have more than 600 kills in total  it s showing 593   playcodmobile  playcodmobile  evilxjug  cato 0001  iprozy1  iskeone214  s t co fyqkbbi8nr,Neutral
69,"RT @AmikoRoyAi: So Ghost new outfit huh😩

#ghostsoap #soapghost #mwii #callofduty https://t.co/vymDc1spfC",1211334425771819008,AmikoRoyAi,662,0,0,0,0,   amikoroyai  so ghost new outfit huh ghostsoap  soapghost  mwii  callofduty  s t co vymdc1spfc,Neutral
70,"RT @AmikoRoyAi: Safe with you

09 #ghostsoap #soapghost #callofduty #MWII https://t.co/wkFuP44Iul",1619205241185996800,AmikoRoyAi,1259,0,0,0,0,   amikoroyai  safe with you 09  ghostsoap  soapghost  callofduty  mwii  s t co wkfup44iul,Negative
71,"RT @naruysae: Ghost 💀🔪  — Commission for Lu
#simonghostriley #mw2 #callofduty https://t.co/imdnST8tkA",890728144772182016,naruysae,233,0,0,0,0,   naruysae  ghost      commission for lu simonghostriley  mw2  callofduty  s t co imdnst8tka,Neutral
72,"RT @JaredMcdaniel93: Slicin’ and dicin’ baby! Always a damn good time on stream! More clips are on my Twitch, and I’m halfway to my 50 foll…",704583568316633088,JaredMcdaniel93,4,0,0,0,0,   jaredmcdaniel93  slicin  and dicin  baby  always a damn good time on stream  more clips are on my twitch  and i m halfway to my 50 foll ,Positive
73,"RT @JaredMcdaniel93: Slicin’ and dicin’ baby! Always a damn good time on stream! More clips are on my Twitch, and I’m halfway to my 50 foll…",715492170392846336,JaredMcdaniel93,4,0,0,0,0,   jaredmcdaniel93  slicin  and dicin  baby  always a damn good time on stream  more clips are on my twitch  and i m halfway to my 50 foll ,Positive
74,"Slicin’ and dicin’ baby! Always a damn good time on stream! More clips are on my Twitch, and I’m halfway to my 50 follower goal to do a 24 hour stream! So hit me with that follow 🙏🏻 @BlazedRTs @Retweelgend @MighmaMob #gamingclips #Warzone2 #twitchstreamer #CallofDuty #Warzone https://t.co/EQyOJQtKoL",1275936344091406336,BlazedRTs,4,0,3,0,0,slicin  and dicin  baby  always a damn good time on stream  more clips are on my twitch  and i m halfway to my 50 follower goal to do a 24 hour stream  so hit me with that follow    blazed s  retweelgend  mighmamob  gamingclips  warzone2  twitchstreamer  callofduty  warzone  s t co eqyojqtkol,Irrelevant
75,"RT @AmikoRoyAi: Safe with you

09 #ghostsoap #soapghost #callofduty #MWII https://t.co/wkFuP44Iul",1410750950604673028,AmikoRoyAi,1259,0,0,0,0,   amikoroyai  safe with you 09  ghostsoap  soapghost  callofduty  mwii  s t co wkfup44iul,Negative
76,@ChuckysCarnage @ArbiterYT @PlayCODMobile Seems P2L,1333234688752840704,ChuckysCarnage,0,0,1,0,0, chuckyscarnage  arbiteryt  playcodmobile seems p2l,Negative
77,"@_Meta_Ph3nom_ @FaZeScope @lVlitts Don’t get me wrong, I loved cod 4 and mw2, but Halo 3 was truly special. Armor customization, good gameplay, forge, fantastic matchmaking system, file share, progression, co op campaign etc.",1399242309154136064,_Meta_Ph3nom_,0,0,3,0,0, meta ph3nom   fazescope  lvlitts don t get me wrong  i loved cod 4 and mw2  but halo 3 was truly special  armor customization  good gameplay  forge  fantastic matchmaking system  file share  progression  co op campaign etc ,Positive
78,"RT @JaredMcdaniel93: Always having fun, and always catching some 🏆s. BTW, I can’t stand riot shielders 😂 Check out my twitch for more clips…",704583568316633088,JaredMcdaniel93,3,0,0,0,0,   jaredmcdaniel93  always having fun  and always catching some  s  btw  i can t stand riot shielders   check out my twitch for more clips ,Neutral
79,"RT @AmikoRoyAi: Safe with you

09 #ghostsoap #soapghost #callofduty #MWII https://t.co/wkFuP44Iul",847197142255067138,AmikoRoyAi,1259,0,0,0,0,   amikoroyai  safe with you 09  ghostsoap  soapghost  callofduty  mwii  s t co wkfup44iul,Negative
80,"RT @AmikoRoyAi: Safe with you

09 #ghostsoap #soapghost #callofduty #MWII https://t.co/wkFuP44Iul",3883183793,AmikoRoyAi,1259,0,0,0,0,   amikoroyai  safe with you 09  ghostsoap  soapghost  callofduty  mwii  s t co wkfup44iul,Negative
81,"RT @JaredMcdaniel93: Always having fun, and always catching some 🏆s. BTW, I can’t stand riot shielders 😂 Check out my twitch for more clips…",715492170392846336,JaredMcdaniel93,3,0,0,0,0,   jaredmcdaniel93  always having fun  and always catching some  s  btw  i can t stand riot shielders   check out my twitch for more clips ,Neutral
82,"RT @yumecore: #CallofDuty #MWII #MW2 #SimonGhostRiley
Full shots below  1/2
POV↓  (I'm smol like that :3) https://t.co/WLjLK4214R",1247332080452866048,yumecore,104,0,0,0,0,   yumecore   callofduty  mwii  mw2  simonghostriley full shots below  1 2 pov    i m smol like that  3   s t co wljlk4214r,Neutral
83,"Always having fun, and always catching some 🏆s. BTW, I can’t stand riot shielders 😂 Check out my twitch for more clips and hit me with a follow if you’d like 🙏🏻 @BlazedRTs @MighmaMob @Retweelgend #gamingclips #gamingcommunity #Warzone2 #Warzone #twitchstreamer #CallofDuty https://t.co/OSBJM2OmFs",1275936344091406336,BlazedRTs,3,0,3,0,0,always having fun  and always catching some  s  btw  i can t stand riot shielders   check out my twitch for more clips and hit me with a follow if you d like    blazed s  mighmamob  retweelgend  gamingclips  gamingcommunity  warzone2  warzone  twitchstreamer  callofduty  s t co osbjm2omfs,Irrelevant
84,"RT @PlayCODMobile: When one enemy team isn’t enough, add another ✚

📲Hop into the new 4v4v4 Arena Mode tomorrow! https://t.co/EmwWXXqeFQ",1265125228402937856,PlayCODMobile,44,0,0,0,0,   playcodmobile  when one enemy team isn t enough  add another  hop into the new 4v4v4 arena mode tomorrow   s t co emwwxxqefq,Neutral
85,"RT @AmikoRoyAi: Safe with you

09 #ghostsoap #soapghost #callofduty #MWII https://t.co/wkFuP44Iul",1495840064844226562,AmikoRoyAi,1259,0,0,0,0,   amikoroyai  safe with you 09  ghostsoap  soapghost  callofduty  mwii  s t co wkfup44iul,Negative
86,"READING EVERY COMMENT | COME HANG OUT!! | FG 24/75       

@RABIDPANDAGANG_

https://t.co/g3yp3KQ2st 

#KICKSTREAMERS #KICKSTREAMS #WARZONE2 #CALLOFDUTY #LIVESTREAMS #LIVENOW #VIRAL #SUPPORTSMALLSTREAMERS",1261151406439817219,RabidPandaGang_,1,0,3,0,0,reading every comment   come hang out    fg 24 75        rabidpandagang  s t co g3yp3kq2st  kickstreamers  kickstreams  warzone2  callofduty  livestreams  livenow  viral  suppo smallstreamers,Neutral
87,"RT @PlayCODMobile: Guard the fortress and push the enemies away 🏰

⚔️ Greatest Empire Draw goes live tomorrow at 5PM PT! https://t.co/SjVCg…",1265125228402937856,PlayCODMobile,27,0,0,0,0,   playcodmobile  guard the fo ress and push the enemies away   greatest empire draw goes live tomorrow at 5pm pt   s t co sjvcg ,Neutral
88,RT @Bad6Gaming: Last seconds. #vondel #WARZONE #streamer #twitch #gamer #gaming #twitchstreamer #ps #youtube #streaming #stream #videogames…,704583568316633088,Bad6Gaming,4,0,0,0,0,   bad6gaming  last seconds   vondel  warzone  streamer  twitch  gamer  gaming  twitchstreamer  ps  youtube  streaming  stream  videogames ,Irrelevant
89,RT @Bad6Gaming: Last seconds. #vondel #WARZONE #streamer #twitch #gamer #gaming #twitchstreamer #ps #youtube #streaming #stream #videogames…,1382355455549259778,Bad6Gaming,4,0,0,0,0,   bad6gaming  last seconds   vondel  warzone  streamer  twitch  gamer  gaming  twitchstreamer  ps  youtube  streaming  stream  videogames ,Irrelevant
90,"RT @AmikoRoyAi: I love the hc that Ghost is always cold and Soap is a living furnace 🥺

#soapghost #ghostsoap #MWII #callofduty https://t.c…",1493370268294680577,AmikoRoyAi,1384,0,0,0,0,   amikoroyai  i love the hc that ghost is always cold and soap is a living furnace  soapghost  ghostsoap  mwii  callofduty  s t c ,Positive
91,"RT @xFrio_: Blocked

#MW2 #eSports #CallofDuty #gamingpc #RICOCHET #twitchstreamer #twitchaffiliate #Competition #gaming #SCRIMFINDER #CODF…",4816394819,xFrio_,1,0,0,0,0,   xfrio  blocked mw2  espo s  callofduty  gamingpc  ricochet  twitchstreamer  twitchaffiliate  competition  gaming  scrimfinder  codf ,Neutral
92,"RT @xFrio_: Staying on a swivel

#MW2 #eSports #CallofDuty #gamingpc #RICOCHET #twitchstreamer #twitchaffiliate #Competition #gaming #SCRIM…",4816394819,xFrio_,1,0,0,0,0,   xfrio  staying on a swivel mw2  espo s  callofduty  gamingpc  ricochet  twitchstreamer  twitchaffiliate  competition  gaming  scrim ,Neutral
93,RT @Lictor_GD: #укррайт #укрфанфікшн #укрслеш #SoapGhost #GhostSoap #soapmactavish #SimonGhostRiley #ghostmw2 #soapmw2 #CallOfDuty #MW2 @uk…,1065618273985806336,Lictor_GD,7,0,0,0,0,   lictor gd         soapghost  ghostsoap  soapmactavish  simonghostriley  ghostmw2  soapmw2  callofduty  mw2  uk ,Neutral
94,RT @cxsmichirai: @RavenSoftware @InfinityWard @Activision you really really need to fix ranked play on MW2 it's ridiculous we play against…,1673394404931796997,cxsmichirai,1,0,0,0,0,   cxsmichirai   ravensoftware  infinityward  activision you really really need to fix ranked play on mw2 it s ridiculous we play against ,Negative
95,"RT @AmikoRoyAi: Safe with you

09 #ghostsoap #soapghost #callofduty #MWII https://t.co/wkFuP44Iul",1645370110910287874,AmikoRoyAi,1259,0,0,0,0,   amikoroyai  safe with you 09  ghostsoap  soapghost  callofduty  mwii  s t co wkfup44iul,Negative
96,"RT @AmikoRoyAi: Safe with you

09 #ghostsoap #soapghost #callofduty #MWII https://t.co/wkFuP44Iul",1518542978016583682,AmikoRoyAi,1259,0,0,0,0,   amikoroyai  safe with you 09  ghostsoap  soapghost  callofduty  mwii  s t co wkfup44iul,Negative
97,"Hey @CallofDuty, your game is a joke, I JUST got un-shadow banned, and I'm back into shadow ban lobbies, you just checked my account, I play your game daily, I (used to) stream your game daily, and this is the shit your game does...

#MWII",2494099076,CallofDuty,1,7,3,1,0,hey  callofduty  your game is a joke  i just got un shadow banned  and i m back into shadow ban lobbies  you just checked my account  i play your game daily  i  used to  stream your game daily  and this is the shit your game does mwii,Negative
98,"RT @PlayCODMobile: When one enemy team isn’t enough, add another ✚

📲Hop into the new 4v4v4 Arena Mode tomorrow! https://t.co/EmwWXXqeFQ",1646431125663805440,PlayCODMobile,44,0,0,0,0,   playcodmobile  when one enemy team isn t enough  add another  hop into the new 4v4v4 arena mode tomorrow   s t co emwwxxqefq,Neutral
99,"RT @AmikoRoyAi: Safe with you

09 #ghostsoap #soapghost #callofduty #MWII https://t.co/wkFuP44Iul",4883418989,AmikoRoyAi,1259,0,0,0,0,   amikoroyai  safe with you 09  ghostsoap  soapghost  callofduty  mwii  s t co wkfup44iul,Negative
100,#CallofDuty #CallofDutyModernWarfare2 #Threads #Warzone2 https://t.co/uu4qFLAt5f,481362832,**this tweet had been deleted or hidden**,0,0,0,0,0, callofduty  callofdutymodernwarfare2  threads  warzone2  s t co uu4qflat5f,Neutral
101,"RT @BettyBRenders: 👑 Such a mess, Babyboy. 😌

#König #Koenig #KönigMW2 #MW2 #MWII #CallofDutyModernWarfare2 #CallofDuty https://t.co/aO4AhU…",368438426,BettyBRenders,426,0,0,0,0,   bettybrenders    such a mess  babyboy   k nig  koenig  k nigmw2  mw2  mwii  callofdutymodernwarfare2  callofduty  s t co ao4ahu ,Negative
102,@jorgeassis @PlayCODMobile @lucaszinfps1 @ByVen3 @flowgamespdc Aparentemente vai ser às 14 horas😥,1249766623625523204,jorgeassis,0,0,0,0,0, jorgeassis  playcodmobile  lucaszinfps1  byven3  flowgamespdc aparentemente vai ser  s 14 horas ,Positive
103,"RT @H_memory0528: 🏆MEMORY TOURNAMENT🏆

MW2マルチでのS&amp;Dの大会開催します！！

Day1 リーグ戦(4チーム8ブロック)
Day2トーナメント戦(各ブロック上位チーム)

🎮ルール:CDL BO3 S&amp;D

詳しい詳細は数日中に出しま…",1346295949123936256,H_memory0528,29,0,0,0,0,   h memory0528   memory tournament mw2 s amp d day1  4 8 day2 cdl bo3 s amp d ,Positive
104,"RT @alexgscod: Lifeguard Soap! 🧼☀️⛱️
I hope Ghost is drowning and needs mouth-to-mouth resuscitation 😩🛟
(NSFW+variants on patreon)

#CallOf…",1407861361607073793,alexgscod,211,0,0,0,0,   alexgscod  lifeguard soap   i hope ghost is drowning and needs mouth to mouth resuscitation  nsfw variants on patreon callof ,Neutral
105,RT @lilindermile: Oh god he’s grooving #simonghostriley #mw2 #callofduty #ghostsoap https://t.co/1JxMCvCSow,864935325235281924,lilindermile,796,0,0,0,0,   lilindermile  oh god he s grooving  simonghostriley  mw2  callofduty  ghostsoap  s t co 1jxmcvcsow,Irrelevant
106,"RT @loneghostwolf88: 6th entry of the beach boy series - Alex Keller ☀️📷 🏝️
#CallofDutyModernWarfare2 #CodAlexKeller #alexkeller #CallofDut…",1003889464345849856,loneghostwolf88,99,0,0,0,0,   loneghostwolf88  6th entry of the beach boy series   alex keller    callofdutymodernwarfare2  codalexkeller  alexkeller  callofdut ,Neutral
107,"RT @artimaaaeus: man has priorities 🤷‍♂️
---
#CallofDuty #MWII #MW2 #Ghost https://t.co/7JEIBeKjTJ",1483204622,artimaaaeus,360,0,0,0,0,   a imaaaeus  man has priorities  callofduty  mwii  mw2  ghost  s t co 7jeibekjtj,Neutral
108,"RT @BettyBRenders: 👑 Such a mess, Babyboy. 😌

#König #Koenig #KönigMW2 #MW2 #MWII #CallofDutyModernWarfare2 #CallofDuty https://t.co/aO4AhU…",1475036191053467655,BettyBRenders,426,0,0,0,0,   bettybrenders    such a mess  babyboy   k nig  koenig  k nigmw2  mw2  mwii  callofdutymodernwarfare2  callofduty  s t co ao4ahu ,Negative
109,"Bora lá, galera! Vamos mostrar que a comunidade do @PlayCODMobile é unida.  Às 13 horas @lucaszinfps1 e @ByVen3 estarão no @flowgamespdc no YouTube! Bora lá! https://t.co/tdMUpJFwwZ",38492510,PlayCODMobile,1,2,12,0,0,bora l  galera  vamos mostrar que a comunidade do  playcodmobile   unida    s 13 horas  lucaszinfps1 e  byven3 estar o no  flowgamespdc no youtube  bora l   s t co tdmupjfwwz,Neutral
110,"RT @artimaaaeus: man has priorities 🤷‍♂️
---
#CallofDuty #MWII #MW2 #Ghost https://t.co/7JEIBeKjTJ",765534914456412160,artimaaaeus,360,0,0,0,0,   a imaaaeus  man has priorities  callofduty  mwii  mw2  ghost  s t co 7jeibekjtj,Neutral
111,三人で兎撃ちに行きました。 #DMZ #MW2 #ShareFactoryStudio #PS5Share https://t.co/udiNLLArnN,1556298027333066752,**this tweet had been deleted or hidden**,0,1,0,0,0,   dmz  mw2  sharefactorystudio  ps5share  s t co udinllarnn,Neutral
112,"RT @BettyBRenders: 👑 Such a mess, Babyboy. 😌

#König #Koenig #KönigMW2 #MW2 #MWII #CallofDutyModernWarfare2 #CallofDuty https://t.co/aO4AhU…",1492379717898584070,BettyBRenders,426,0,0,0,0,   bettybrenders    such a mess  babyboy   k nig  koenig  k nigmw2  mw2  mwii  callofdutymodernwarfare2  callofduty  s t co ao4ahu ,Negative
113,"RT @loneghostwolf88: 6th entry of the beach boy series - Alex Keller ☀️📷 🏝️
#CallofDutyModernWarfare2 #CodAlexKeller #alexkeller #CallofDut…",1376418559811805185,loneghostwolf88,99,0,0,0,0,   loneghostwolf88  6th entry of the beach boy series   alex keller    callofdutymodernwarfare2  codalexkeller  alexkeller  callofdut ,Neutral
114,"RT @yumecore: Lt. Riley
#CallofDuty #MWII #MW2 #SimonGhostRiley https://t.co/FzwHF7U9rt",1175854087759454210,yumecore,49,0,0,0,0,   yumecore  lt  riley callofduty  mwii  mw2  simonghostriley  s t co fzwhf7u9 ,Neutral
115,RT @661ave: #JohnPrice #CaptainPrice #MWII #MW2 #CallofDuty https://t.co/sdOdCzsFZS,1548426350070968320,661ave,423,0,0,0,0,   661ave   johnprice  captainprice  mwii  mw2  callofduty  s t co sdodczsfzs,Neutral
116,"RT @661ave: 141! ♥  #MWII #MW2 #CallofDuty 
#CaptainPrice #SimonGhostRiley #JohnSoapMactavish #KyleGazGarrick https://t.co/BTni156iIX",736740407745318912,661ave,701,0,0,0,0,   661ave  141      mwii  mw2  callofduty  captainprice  simonghostriley  johnsoapmactavish  kylegazgarrick  s t co btni156iix,Neutral
117,"RT @H_memory0528: 🏆MEMORY TOURNAMENT🏆

MW2マルチでのS&amp;Dの大会開催します！！

Day1 リーグ戦(4チーム8ブロック)
Day2トーナメント戦(各ブロック上位チーム)

🎮ルール:CDL BO3 S&amp;D

詳しい詳細は数日中に出しま…",1522502728840228865,H_memory0528,29,0,0,0,0,   h memory0528   memory tournament mw2 s amp d day1  4 8 day2 cdl bo3 s amp d ,Positive
118,"DMZ on a sunny Sunday afternoon with new professional tunes on top as well. What more is there 😀
Full video https://t.co/G64ATgJibu
#valorant #warzone2 #mw2 #modernwarfare2 #callofduty #zombies #fps #gaming #streaming #mrbeast #idge #drdisrespect #pewdiepie #dysmo #zlaner https://t.co/u4fFGc56Ag",1442374668493549569,**this tweet had been deleted or hidden**,0,1,0,0,0,dmz on a sunny sunday afternoon with new professional tunes on top as well  what more is there  full video  s t co g64atgjibu valorant  warzone2  mw2  modernwarfare2  callofduty  zombies  fps  gaming  streaming  mrbeast  idge  drdisrespect  pewdiepie  dysmo  zlaner  s t co u4ffgc56ag,Neutral
119,RT @Vefor_: montage soon😤 #montage #callofduty #blackopscoldwar #ModernWarfare2 #ModernWarfareII #MW2 #MWII #modernwarfare https://t.co/zqx…,1607475698,Vefor_,2,0,0,0,0,   vefor  montage soon   montage  callofduty  blackopscoldwar  modernwarfare2  modernwarfareii  mw2  mwii  modernwarfare  s t co zqx ,Irrelevant
120,"RT @yumecore: Lt. Riley
#CallofDuty #MWII #MW2 #SimonGhostRiley https://t.co/FzwHF7U9rt",1496083190850924547,yumecore,49,0,0,0,0,   yumecore  lt  riley callofduty  mwii  mw2  simonghostriley  s t co fzwhf7u9 ,Neutral
121,"RT @naruysae: Ghost 💀🔪  — Commission for Lu
#simonghostriley #mw2 #callofduty https://t.co/imdnST8tkA",1316433049098350593,naruysae,233,0,0,0,0,   naruysae  ghost      commission for lu simonghostriley  mw2  callofduty  s t co imdnst8tka,Neutral
122,"RT @yumecore: Lt. Riley
#CallofDuty #MWII #MW2 #SimonGhostRiley https://t.co/FzwHF7U9rt",1604333868915589120,yumecore,49,0,0,0,0,   yumecore  lt  riley callofduty  mwii  mw2  simonghostriley  s t co fzwhf7u9 ,Neutral
123,"RT @yumecore: Lt. Riley
#CallofDuty #MWII #MW2 #SimonGhostRiley https://t.co/FzwHF7U9rt",1455226530666360834,yumecore,49,0,0,0,0,   yumecore  lt  riley callofduty  mwii  mw2  simonghostriley  s t co fzwhf7u9 ,Neutral
124,"RT @BettyBRenders: 👑 Such a mess, Babyboy. 😌

#König #Koenig #KönigMW2 #MW2 #MWII #CallofDutyModernWarfare2 #CallofDuty https://t.co/aO4AhU…",321937811,BettyBRenders,426,0,0,0,0,   bettybrenders    such a mess  babyboy   k nig  koenig  k nigmw2  mw2  mwii  callofdutymodernwarfare2  callofduty  s t co ao4ahu ,Negative
125,"Triple kill by falling VTOL ;)
#CallofDutyModernWarfareII #CallofDuty #MW2 

https://t.co/neGGXbmGsn https://t.co/LRGgepSGVm",1091671341437075457,**this tweet had been deleted or hidden**,0,0,2,0,0,triple kill by falling vtol  callofdutymodernwarfareii  callofduty  mw2   s t co neggxbmgsn  s t co lrggepsgvm,Neutral
126,俺以外、容赦なきDMZ。 #DMZ #MW2 #ShareFactoryStudio #PS5Share https://t.co/2Obi7A8RIB,1556298027333066752,**this tweet had been deleted or hidden**,1,0,1,1,0, dmz   dmz  mw2  sharefactorystudio  ps5share  s t co 2obi7a8rib,Neutral
127,RT @_artist_ely: can i join the pricegaz/gazprice club now #gazprice #pricegaz #mw2 #mwii #cod #callofduty #johnprice #kylegaz #pricemw2 #g…,2473556245,_artist_ely,203,0,0,0,0,   a ist ely  can i join the pricegaz gazprice club now  gazprice  pricegaz  mw2  mwii  cod  callofduty  johnprice  kylegaz  pricemw2  g ,Neutral
128,"Live playing some mw2 https://t.co/IIPflG4IEQ
@promo_streams 
@kickpromoz 
@KickStreamsLive 
@streamerwallcom 
@KickLiveNow 
@CallofDuty 
#gaming  #ModernWarfare2 #KickStreaming",1677782063217254402,promo_streams,0,0,1,0,0,live playing some mw2  s t co iipflg4ieq promo streams  kickpromoz  kickstreamslive  streamerwallcom  kicklivenow  callofduty  gaming   modernwarfare2  kickstreaming,Neutral
129,"RT @661ave: 141! ♥  #MWII #MW2 #CallofDuty 
#CaptainPrice #SimonGhostRiley #JohnSoapMactavish #KyleGazGarrick https://t.co/BTni156iIX",3195872366,661ave,701,0,0,0,0,   661ave  141      mwii  mw2  callofduty  captainprice  simonghostriley  johnsoapmactavish  kylegazgarrick  s t co btni156iix,Neutral
130,"RT @artimaaaeus: man has priorities 🤷‍♂️
---
#CallofDuty #MWII #MW2 #Ghost https://t.co/7JEIBeKjTJ",957415929612263425,artimaaaeus,360,0,0,0,0,   a imaaaeus  man has priorities  callofduty  mwii  mw2  ghost  s t co 7jeibekjtj,Neutral
131,"RT @H_memory0528: 🏆MEMORY TOURNAMENT🏆

MW2マルチでのS&amp;Dの大会開催します！！

Day1 リーグ戦(4チーム8ブロック)
Day2トーナメント戦(各ブロック上位チーム)

🎮ルール:CDL BO3 S&amp;D

詳しい詳細は数日中に出しま…",530901499,H_memory0528,29,0,0,0,0,   h memory0528   memory tournament mw2 s amp d day1  4 8 day2 cdl bo3 s amp d ,Positive
132,"@Dr_LAZARUS__YT @PlayCODMobile @ATVIAssist The same thing happened to me I contacted support about my account issues for over a week no response. Not until I was introduced to
Cisco_techs on Instagram who fixed it for me in less than an hour you should contact him too.",1677474222292054022,Dr_LAZARUS__YT,0,0,0,0,0, dr lazarus yt  playcodmobile  atviassist the same thing happened to me i contacted suppo  about my account issues for over a week no response  not until i was introduced to cisco techs on instagram who fixed it for me in less than an hour you should contact him too ,Neutral
133,"@Dr_LAZARUS__YT @PlayCODMobile @ATVIAssist I was actually banned for no reason, and I violated no terms, but thanks to Cisco_techs on INSTAGRAM for helping me recover my account, I recommend his works",1677478213881143296,Dr_LAZARUS__YT,0,0,0,0,0, dr lazarus yt  playcodmobile  atviassist i was actually banned for no reason  and i violated no terms  but thanks to cisco techs on instagram for helping me recover my account  i recommend his works,Irrelevant
134,"@Dr_LAZARUS__YT @PlayCODMobile @ATVIAssist Message Cisco_techs on Instagram for a review of assistance, their credibility is top notch",1677480861497737216,Dr_LAZARUS__YT,0,0,0,0,0, dr lazarus yt  playcodmobile  atviassist message cisco techs on instagram for a review of assistance  their credibility is top notch,Neutral
135,@AppStore @PlayCODMobile Why are you selling violent aps? Doesn't seem cery ethical.,33446312,AppStore,0,0,0,0,0, appstore  playcodmobile why are you selling violent aps  doesn t seem cery ethical ,Negative
136,"RT @BettyBRenders: 👑 Such a mess, Babyboy. 😌

#König #Koenig #KönigMW2 #MW2 #MWII #CallofDutyModernWarfare2 #CallofDuty https://t.co/aO4AhU…",1617148565931032579,BettyBRenders,426,0,0,0,0,   bettybrenders    such a mess  babyboy   k nig  koenig  k nigmw2  mw2  mwii  callofdutymodernwarfare2  callofduty  s t co ao4ahu ,Negative
137,"RT @naruysae: Ghost 💀🔪  — Commission for Lu
#simonghostriley #mw2 #callofduty https://t.co/imdnST8tkA",1253160205279346688,naruysae,233,0,0,0,0,   naruysae  ghost      commission for lu simonghostriley  mw2  callofduty  s t co imdnst8tka,Neutral
138,"AND HIS NAME IS JOHN CENA!!!

#ModernWarfare2 #MWII #MW2 #callofduty #ModernWarfareII #CallofDutyModernWarfareII https://t.co/JiBI0QJTdE",34235457,**this tweet had been deleted or hidden**,0,0,0,0,0,and his name is john cena modernwarfare2  mwii  mw2  callofduty  modernwarfareii  callofdutymodernwarfareii  s t co jibi0qjtde,Irrelevant
139,@VivekVermaYT @Adam_DelDuca NEW VIDEO ALERT!!! https://t.co/QwvSAqebk7 @CallofDuty @CODLeague  @CODE4Vets @IntelGaming @CallofDutyUK @Cobratate  subscribe to my YouTube #callofduty #warzone #mw2 #codmobile https://t.co/9UXyoCEoVi,1670818243404091392,VivekVermaYT,0,0,0,0,0, vivekvermayt  adam delduca new video ale    s t co qwvsaqebk7  callofduty  codleague   code4vets  intelgaming  callofdutyuk  cobratate  subscribe to my youtube  callofduty  warzone  mw2  codmobile  s t co 9uxyoceovi,Neutral
140,"RT @yumecore: Lt. Riley
#CallofDuty #MWII #MW2 #SimonGhostRiley https://t.co/FzwHF7U9rt",1552133102,yumecore,49,0,0,0,0,   yumecore  lt  riley callofduty  mwii  mw2  simonghostriley  s t co fzwhf7u9 ,Neutral
141,"RT @yumecore: Lt. Riley
#CallofDuty #MWII #MW2 #SimonGhostRiley https://t.co/FzwHF7U9rt",1571997808504315906,yumecore,49,0,0,0,0,   yumecore  lt  riley callofduty  mwii  mw2  simonghostriley  s t co fzwhf7u9 ,Neutral
142,"RT @661ave: We have reached 3K followers! 
As I promised I give You König &amp; Ghost pic
#CallofDuty #MWII #König #Ghost #SimonGhostRiley http…",851430411934646272,661ave,1147,0,0,0,0,   661ave  we have reached 3k followers   as i promised i give you k nig  amp  ghost pic callofduty  mwii  k nig  ghost  simonghostriley   ,Negative
143,"RT @661ave: 141! ♥  #MWII #MW2 #CallofDuty 
#CaptainPrice #SimonGhostRiley #JohnSoapMactavish #KyleGazGarrick https://t.co/BTni156iIX",463844330,661ave,701,0,0,0,0,   661ave  141      mwii  mw2  callofduty  captainprice  simonghostriley  johnsoapmactavish  kylegazgarrick  s t co btni156iix,Neutral
144,"RT @artimaaaeus: man has priorities 🤷‍♂️
---
#CallofDuty #MWII #MW2 #Ghost https://t.co/7JEIBeKjTJ",1287716197035843584,artimaaaeus,360,0,0,0,0,   a imaaaeus  man has priorities  callofduty  mwii  mw2  ghost  s t co 7jeibekjtj,Neutral
145,NEW EVENT SOLDIER @PlayCODMobile #CoDMobile #CODm #gamers https://t.co/LpCQn9QZaa,100069476,PlayCODMobile,0,0,1,0,0,new event soldier  playcodmobile  codmobile  codm  gamers  s t co lpcqn9qzaa,Neutral
146,"RT @BettyBRenders: 👑 Such a mess, Babyboy. 😌

#König #Koenig #KönigMW2 #MW2 #MWII #CallofDutyModernWarfare2 #CallofDuty https://t.co/aO4AhU…",1434457162021883906,BettyBRenders,426,0,0,0,0,   bettybrenders    such a mess  babyboy   k nig  koenig  k nigmw2  mw2  mwii  callofdutymodernwarfare2  callofduty  s t co ao4ahu ,Negative
147,WE ARE DEPLOYING TO THE DMZ TO COMPLETE BLACKMOUS MISSONS RIGHT NOW DAY 2 Of Learning The DMZ https://t.co/tO5xkJUiSl ⬅️ Come Vibe Out With Us On @KickStreaming #KOOPATROOP #Warzone2 #KickStreamer #DMZ,1605020275388588033,KickStreaming,0,0,1,0,0,we are deploying to the dmz to complete blackmous missons right now day 2 of learning the dmz  s t co to5xkjuisl   come vibe out with us on  kickstreaming  koopatroop  warzone2  kickstreamer  dmz,Neutral
148,"RT @alexgscod: Lifeguard Soap! 🧼☀️⛱️
I hope Ghost is drowning and needs mouth-to-mouth resuscitation 😩🛟
(NSFW+variants on patreon)

#CallOf…",1376418559811805185,alexgscod,211,0,0,0,0,   alexgscod  lifeguard soap   i hope ghost is drowning and needs mouth to mouth resuscitation  nsfw variants on patreon callof ,Neutral
149,"FPS民(特にCOD)ですが、約5年ぶりの格ゲーで
スト６プラチナ行った～。
DMZとwarzone2やりつつ、どこまで行けるかな https://t.co/7HjGntqpMd",438950919,**this tweet had been deleted or hidden**,0,0,1,0,0,fps cod 5 dmz warzone2   s t co 7hjgntqpmd,Neutral
150,"Lt. Riley
#CallofDuty #MWII #MW2 #SimonGhostRiley https://t.co/FzwHF7U9rt",1441174708930576386,**this tweet had been deleted or hidden**,49,1,859,0,30,lt  riley callofduty  mwii  mw2  simonghostriley  s t co fzwhf7u9 ,Neutral
151,"RT @naruysae: Ghost 💀🔪  — Commission for Lu
#simonghostriley #mw2 #callofduty https://t.co/imdnST8tkA",1497246417987018775,naruysae,233,0,0,0,0,   naruysae  ghost      commission for lu simonghostriley  mw2  callofduty  s t co imdnst8tka,Neutral
152,"RT @661ave: 141! ♥  #MWII #MW2 #CallofDuty 
#CaptainPrice #SimonGhostRiley #JohnSoapMactavish #KyleGazGarrick https://t.co/BTni156iIX",1362398343465418755,661ave,701,0,0,0,0,   661ave  141      mwii  mw2  callofduty  captainprice  simonghostriley  johnsoapmactavish  kylegazgarrick  s t co btni156iix,Neutral
153,RT @lilindermile: Oh god he’s grooving #simonghostriley #mw2 #callofduty #ghostsoap https://t.co/1JxMCvCSow,1567463571147165696,lilindermile,796,0,0,0,0,   lilindermile  oh god he s grooving  simonghostriley  mw2  callofduty  ghostsoap  s t co 1jxmcvcsow,Irrelevant
154,"RT @BettyBRenders: 👑 Such a mess, Babyboy. 😌

#König #Koenig #KönigMW2 #MW2 #MWII #CallofDutyModernWarfare2 #CallofDuty https://t.co/aO4AhU…",1401849420073910272,BettyBRenders,426,0,0,0,0,   bettybrenders    such a mess  babyboy   k nig  koenig  k nigmw2  mw2  mwii  callofdutymodernwarfare2  callofduty  s t co ao4ahu ,Negative
155,"😍😍😍 #callofduty #InfinityWard #Warzone #Warzone2 #FIFA23 #PrideMonth  
Original: BobNetworkUK https://t.co/X2bpOPNDvt",1650737450669547521,**this tweet had been deleted or hidden**,0,0,0,0,0,   callofduty  infinityward  warzone  warzone2  fifa23  pridemonth   original  bobnetworkuk  s t co x2bpopndvt,Neutral
156,"RT @H_memory0528: 🏆MEMORY TOURNAMENT🏆

MW2マルチでのS&amp;Dの大会開催します！！

Day1 リーグ戦(4チーム8ブロック)
Day2トーナメント戦(各ブロック上位チーム)

🎮ルール:CDL BO3 S&amp;D

詳しい詳細は数日中に出しま…",283090191,H_memory0528,29,0,0,0,0,   h memory0528   memory tournament mw2 s amp d day1  4 8 day2 cdl bo3 s amp d ,Positive
157,@Saswata47190644 @PlayCODMobile Honestly  only @iExampling can help in this case,1674844428509356032,Saswata47190644,0,0,0,0,0, saswata47190644  playcodmobile honestly  only  iexampling can help in this case,Negative
158,@Saswata47190644 @PlayCODMobile Go quick contact @iExampling he helps in quick recovery of accounts I got mine back through him,1675514187198464000,Saswata47190644,0,0,0,0,0, saswata47190644  playcodmobile go quick contact  iexampling he helps in quick recovery of accounts i got mine back through him,Irrelevant
159,@MazMazAls @PlayCODMobile This web3 developer's MEV strategy is a total game-changer - start earning over 5 ETH per week today!  https://t.co/4cXc6xffqp https://t.co/GQYSKcKl1y,1473378116,MazMazAls,0,0,0,0,0, mazmazals  playcodmobile this web3 developer s mev strategy is a total game changer   sta  earning over 5 eth per week today    s t co 4cxc6xffqp  s t co gqyskckl1y,Neutral
160,@Saswata47190644 @PlayCODMobile Why dont you reach out to @iExampling here on Twitter for fast recovery before your identity and account will be use for fraud.,1674650538481262593,Saswata47190644,0,0,0,0,0, saswata47190644  playcodmobile why dont you reach out to  iexampling here on twitter for fast recovery before your identity and account will be use for fraud ,Negative
161,@PlayCODMobile Is it possible that we play with a shortage in the team because of someone who makes us lose from his withdrawal? This matter is repeated every day,441768036,PlayCODMobile,0,1,0,0,0, playcodmobile is it possible that we play with a sho age in the team because of someone who makes us lose from his withdrawal  this matter is repeated every day,Irrelevant
162,Karma that is 😂 #RazerStreamer #fyp #DaddyMooseGaming #callofdutyclips #warzone2 #modernwarfare2 #DMZ https://t.co/wE2yzW1St5,570394986,**this tweet had been deleted or hidden**,0,0,1,0,0,karma that is    razerstreamer  fyp  daddymoosegaming  callofdutyclips  warzone2  modernwarfare2  dmz  s t co we2yzw1st5,Neutral
163,"🚨Game alert🚨
Our big boys from NOVA are back to action tonight for an important game against @22_22Esports 
Goodluck champs!!
#CallofDuty #MW2 https://t.co/4fhOH1f6QZ",1664598591980158976,22_22Esports,0,0,7,0,0, game ale  our big boys from nova are back to action tonight for an impo ant game against  22 22espo s  goodluck champs callofduty  mw2  s t co 4fhoh1f6qz,Neutral
164,"RT @661ave: 141! ♥  #MWII #MW2 #CallofDuty 
#CaptainPrice #SimonGhostRiley #JohnSoapMactavish #KyleGazGarrick https://t.co/BTni156iIX",1668216392250966018,661ave,701,0,0,0,0,   661ave  141      mwii  mw2  callofduty  captainprice  simonghostriley  johnsoapmactavish  kylegazgarrick  s t co btni156iix,Neutral
165,@Saswata47190644 @PlayCODMobile Honestly I suggest you contact @iExampling he helped me recover my account yesterday,377265729,Saswata47190644,0,0,0,0,0, saswata47190644  playcodmobile honestly i suggest you contact  iexampling he helped me recover my account yesterday,Irrelevant
166,"RT @Reeses__Puff: Last time I flipped a vehicle in DMZ it exploded &amp; downed me, so it was safe to say that my top priority was to GTFO lmao…",1103430518727684096,Reeses__Puff,3,0,0,0,0,   reeses puff  last time i flipped a vehicle in dmz it exploded  amp  downed me  so it was safe to say that my top priority was to gtfo lmao ,Positive
167,"@PlayCODMobile Dear comoblie im so upset more player it jonin and out and The system only gives us a C card or a xp weapon card, and this is not fair
 Idont. Like you  give it me C or xp wepone
One person will be penalized and 80 xp points will be deducted, to be divided among the team https://t.co/mc3ZXmzKrd",441768036,PlayCODMobile,0,1,0,0,0, playcodmobile dear comoblie im so upset more player it jonin and out and the system only gives us a c card or a xp weapon card  and this is not fair  idont  like you  give it me c or xp wepone one person will be penalized and 80 xp points will be deducted  to be divided among the team  s t co mc3zxmzkrd,Neutral
168,"Make Sure to Tune in On the Live Stream Today!! 
#MWII #CallofDuty #Warzone2 #twitchtv #gaming 
https://t.co/GjccR1buzd",1658893450509516800,**this tweet had been deleted or hidden**,0,1,1,0,0,make sure to tune in on the live stream today   mwii  callofduty  warzone2  twitchtv  gaming   s t co gjccr1buzd,Neutral
169,"RT @BettyBRenders: 👑 Such a mess, Babyboy. 😌

#König #Koenig #KönigMW2 #MW2 #MWII #CallofDutyModernWarfare2 #CallofDuty https://t.co/aO4AhU…",1658828086287187975,BettyBRenders,426,0,0,0,0,   bettybrenders    such a mess  babyboy   k nig  koenig  k nigmw2  mw2  mwii  callofdutymodernwarfare2  callofduty  s t co ao4ahu ,Negative
170,MW2のDMZ、倒した相手を助けて味方に出来るの面白いね,391183892,**this tweet had been deleted or hidden**,0,0,0,0,0,mw2 dmz ,Positive
171,"RT @H_memory0528: 🏆MEMORY TOURNAMENT🏆

MW2マルチでのS&amp;Dの大会開催します！！

Day1 リーグ戦(4チーム8ブロック)
Day2トーナメント戦(各ブロック上位チーム)

🎮ルール:CDL BO3 S&amp;D

詳しい詳細は数日中に出しま…",1083568674353471490,H_memory0528,29,0,0,0,0,   h memory0528   memory tournament mw2 s amp d day1  4 8 day2 cdl bo3 s amp d ,Positive
172,"DMZであと１回脱出できればダマスカスタグだったのに少なくとも4人パにボコされて0に...
辛たん(´；ω；｀)
けど2ダウン取れてるからファイト力は上がってる...はず！

#MW2",1258757377609748481,**this tweet had been deleted or hidden**,0,0,1,0,0,dmz 4 0 2 mw2,Neutral
173,"RT @webbygirl_: Fennec with no tactical sprint 😔

fix both @PlayCODMobile https://t.co/YaBtJzKfCR",1557931247535501315,webbygirl_,3,0,0,0,0,   webbygirl  fennec with no tactical sprint  fix both  playcodmobile  s t co yabtjzkfcr,Negative
174,"RT @artimaaaeus: man has priorities 🤷‍♂️
---
#CallofDuty #MWII #MW2 #Ghost https://t.co/7JEIBeKjTJ",1583240473589825543,artimaaaeus,360,0,0,0,0,   a imaaaeus  man has priorities  callofduty  mwii  mw2  ghost  s t co 7jeibekjtj,Neutral
175,"RT @AlexineSkiba: A medic girlfriend
#MW2 #CallofDuty #Ghost https://t.co/p2ORhTuphd",1308435003290906624,AlexineSkiba,422,0,0,0,0,   alexineskiba  a medic girlfriend mw2  callofduty  ghost  s t co p2orhtuphd,Neutral
176,"RT @witchmeetsevil: cw/ mild torture , blood , cuts

sergeant's bitch ❤️
#CallofDuty #soapghost #MW2 https://t.co/H7whCgDU08",2211054932,witchmeetsevil,405,0,0,0,0,   witchmeetsevil  cw  mild to ure   blood   cuts sergeant s bitch  callofduty  soapghost  mw2  s t co h7whcgdu08,Negative
177,"RT @661ave: 141! ♥  #MWII #MW2 #CallofDuty 
#CaptainPrice #SimonGhostRiley #JohnSoapMactavish #KyleGazGarrick https://t.co/BTni156iIX",1479485740421681159,661ave,701,0,0,0,0,   661ave  141      mwii  mw2  callofduty  captainprice  simonghostriley  johnsoapmactavish  kylegazgarrick  s t co btni156iix,Neutral
178,Again this issue @PlayCODMobile please have a look @CallOfDutyMobil https://t.co/0ZvkT2kzBu,1527721788230479872,PlayCODMobile,0,0,0,0,0,again this issue  playcodmobile please have a look  callofdutymobil  s t co 0zvkt2kzbu,Negative
179,"RT @H_memory0528: 🏆MEMORY TOURNAMENT🏆

MW2マルチでのS&amp;Dの大会開催します！！

Day1 リーグ戦(4チーム8ブロック)
Day2トーナメント戦(各ブロック上位チーム)

🎮ルール:CDL BO3 S&amp;D

詳しい詳細は数日中に出しま…",765185958538907648,H_memory0528,29,0,0,0,0,   h memory0528   memory tournament mw2 s amp d day1  4 8 day2 cdl bo3 s amp d ,Positive
180,"RT @BettyBRenders: 👑 Such a mess, Babyboy. 😌

#König #Koenig #KönigMW2 #MW2 #MWII #CallofDutyModernWarfare2 #CallofDuty https://t.co/aO4AhU…",1173702721649676288,BettyBRenders,426,0,0,0,0,   bettybrenders    such a mess  babyboy   k nig  koenig  k nigmw2  mw2  mwii  callofdutymodernwarfare2  callofduty  s t co ao4ahu ,Negative
181,@ArbiterYT @PlayCODMobile Exactly 👍🏻 😂,1259103831302066176,ArbiterYT,0,0,1,0,0, arbiteryt  playcodmobile exactly    ,Neutral
182,"RT @BettyBRenders: 💀 You want it?

#Ghost #SimonGhostRiley #GhostMW2 #MW2 #MWII #CallofDutyModernWarfare2 #CallofDuty https://t.co/jTKVCs2P…",1308435003290906624,BettyBRenders,335,0,0,0,0,   bettybrenders    you want it ghost  simonghostriley  ghostmw2  mw2  mwii  callofdutymodernwarfare2  callofduty  s t co jtkvcs2p ,Neutral
183,"RT @webbygirl_: Fennec with no tactical sprint 😔

fix both @PlayCODMobile https://t.co/YaBtJzKfCR",1265125228402937856,webbygirl_,3,0,0,0,0,   webbygirl  fennec with no tactical sprint  fix both  playcodmobile  s t co yabtjzkfcr,Negative
184,"RT @BettyBRenders: 👑 Such a mess, Babyboy. 😌

#König #Koenig #KönigMW2 #MW2 #MWII #CallofDutyModernWarfare2 #CallofDuty https://t.co/aO4AhU…",1630334523345891332,BettyBRenders,426,0,0,0,0,   bettybrenders    such a mess  babyboy   k nig  koenig  k nigmw2  mw2  mwii  callofdutymodernwarfare2  callofduty  s t co ao4ahu ,Negative
185,"@webbygirl_ @PlayCODMobile yea, fennec is my fav",1575762163561508864,webbygirl_,0,0,2,0,0, webbygirl   playcodmobile yea  fennec is my fav,Positive
186,"RT @661ave: 141! ♥  #MWII #MW2 #CallofDuty 
#CaptainPrice #SimonGhostRiley #JohnSoapMactavish #KyleGazGarrick https://t.co/BTni156iIX",1455610354969550853,661ave,701,0,0,0,0,   661ave  141      mwii  mw2  callofduty  captainprice  simonghostriley  johnsoapmactavish  kylegazgarrick  s t co btni156iix,Neutral
187,"RT @JRKombi: 💥 New video on YouTube! 💥

""Ranked Heartbreak! 💔""

Like, comment, and subscribe 👇
https://t.co/YdooCq5jDe

#warzone #warzone2…",704583568316633088,JRKombi,1,0,0,0,0,   jrkombi    new video on youtube   ranked hea break   like  comment  and subscribe   s t co ydoocq5jde warzone  warzone2 ,Neutral
188,"💥 New video on YouTube! 💥

""Ranked Heartbreak! 💔""

Like, comment, and subscribe 👇
https://t.co/YdooCq5jDe

#warzone #warzone2 #callofduty #pcgaming #xbox  #CoDMW2 #gaming #gamer #twitchstreamer #streamer #videogames #battleroyale #mwii #pcgamer https://t.co/ZLVII2rmC3",1427301535516553216,**this tweet had been deleted or hidden**,1,0,1,0,0,  new video on youtube   ranked hea break   like  comment  and subscribe   s t co ydoocq5jde warzone  warzone2  callofduty  pcgaming  xbox codmw2  gaming  gamer  twitchstreamer  streamer  videogames  battleroyale  mwii  pcgamer  s t co zlvii2rmc3,Neutral
189,"RT @BettyBRenders: 👑 Such a mess, Babyboy. 😌

#König #Koenig #KönigMW2 #MW2 #MWII #CallofDutyModernWarfare2 #CallofDuty https://t.co/aO4AhU…",1287179178664759297,BettyBRenders,426,0,0,0,0,   bettybrenders    such a mess  babyboy   k nig  koenig  k nigmw2  mw2  mwii  callofdutymodernwarfare2  callofduty  s t co ao4ahu ,Negative
190,"RT @artimaaaeus: man has priorities 🤷‍♂️
---
#CallofDuty #MWII #MW2 #Ghost https://t.co/7JEIBeKjTJ",1656092824830455808,artimaaaeus,360,0,0,0,0,   a imaaaeus  man has priorities  callofduty  mwii  mw2  ghost  s t co 7jeibekjtj,Neutral
191,"Forced it #ModernWarfare2 #Warzone2 #CallOfDuty #AshikaIsland

https://t.co/1avef5iHHI https://t.co/PnS9hsLWye",238919633,**this tweet had been deleted or hidden**,0,0,0,0,0,forced it  modernwarfare2  warzone2  callofduty  ashikaisland  s t co 1avef5ihhi  s t co pns9hslwye,Neutral
192,"RT @alexgscod: Lifeguard Soap! 🧼☀️⛱️
I hope Ghost is drowning and needs mouth-to-mouth resuscitation 😩🛟
(NSFW+variants on patreon)

#CallOf…",1339687198204018688,alexgscod,211,0,0,0,0,   alexgscod  lifeguard soap   i hope ghost is drowning and needs mouth to mouth resuscitation  nsfw variants on patreon callof ,Neutral
193,New audio mixer will be here today 🙌🙌 I will be live on twitch tonight around 10pm eastern time please come by tonight and check it out! #callofduty #girlswhogame #vegangamer #gaymer #mw2 #warzone2,1478495424,**this tweet had been deleted or hidden**,1,0,2,0,0,new audio mixer will be here today   i will be live on twitch tonight around 10pm eastern time please come by tonight and check it out   callofduty  girlswhogame  vegangamer  gaymer  mw2  warzone2,Neutral
194,"RT @webbygirl_: Fennec with no tactical sprint 😔

fix both @PlayCODMobile https://t.co/YaBtJzKfCR",701345653939576832,webbygirl_,3,0,0,0,0,   webbygirl  fennec with no tactical sprint  fix both  playcodmobile  s t co yabtjzkfcr,Negative
195,"@Activision and @InfinityWard, where tf is my galvanic camo on mw2? i did the veteran raid but it has yet to give it to me, the box in the raid menu has a check through it but i can't equip the camo, fix this please.",1467244412048588801,Activision,0,0,0,0,0, activision and  infinityward  where tf is my galvanic camo on mw2  i did the veteran raid but it has yet to give it to me  the box in the raid menu has a check through it but i can t equip the camo  fix this please ,Negative
196,"Fennec with no tactical sprint 😔

fix both @PlayCODMobile https://t.co/YaBtJzKfCR https://t.co/yk7wzJVsqg",60169255,PlayCODMobile,3,2,38,0,0,fennec with no tactical sprint  fix both  playcodmobile  s t co yabtjzkfcr  s t co yk7wzjvsqg,Negative
197,LIVE!! Solo Run Dmz- #policeforce #dmz #warzone2 #mw2 https://t.co/yIHDa17YHD via @YouTube,1650484969184153607,YouTube,0,0,0,0,0,live  solo run dmz   policeforce  dmz  warzone2  mw2  s t co yihda17yhd via  youtube,Neutral
198,Este Templario no lo quiero lo necesito https://t.co/ktqM5llVw8,50475912,**this tweet had been deleted or hidden**,0,0,0,0,0,este templario no lo quiero lo necesito  s t co ktqm5llvw8,Neutral
199,"RT @AmikoRoyAi: Safe with you

09 #ghostsoap #soapghost #callofduty #MWII https://t.co/wkFuP44Iul",1611988749256372224,AmikoRoyAi,1259,0,0,0,0,   amikoroyai  safe with you 09  ghostsoap  soapghost  callofduty  mwii  s t co wkfup44iul,Negative
200,"🔴Now Live! More Mayhem just on a Sunday!
https://t.co/WgQgeSPIgH

#CallofDuty #PS5 #twitchtv #Warzone2 https://t.co/QjmskV0mTL",1082406198597509120,**this tweet had been deleted or hidden**,1,0,4,0,0, now live  more mayhem just on a sunday  s t co wgqgespigh callofduty  ps5  twitchtv  warzone2  s t co qjmskv0mtl,Neutral
201,"DMZ LIVE - Sunday Shenanigans...

https://t.co/q3miYPQ8VG

#MW2 #DMZ #Warzone2 https://t.co/trvDMKpNH7",1221767930653872128,**this tweet had been deleted or hidden**,1,0,3,0,0,dmz live   sunday shenanigans  s t co q3miypq8vg mw2  dmz  warzone2  s t co trvdmkpnh7,Neutral
202,"RT @AmikoRoyAi: Safe with you

09 #ghostsoap #soapghost #callofduty #MWII https://t.co/wkFuP44Iul",3340983493,AmikoRoyAi,1259,0,0,0,0,   amikoroyai  safe with you 09  ghostsoap  soapghost  callofduty  mwii  s t co wkfup44iul,Negative
203,"RT @AmikoRoyAi: Safe with you

09 #ghostsoap #soapghost #callofduty #MWII https://t.co/wkFuP44Iul",401690271,AmikoRoyAi,1259,0,0,0,0,   amikoroyai  safe with you 09  ghostsoap  soapghost  callofduty  mwii  s t co wkfup44iul,Negative
204,"RT @MrdwgamingTTV: #MWII #ModernWarfareII #gamingcommunity #Contentcreators
@CODmwfeed
@CallofDuty
@ConQGamingShop
@fanscott1234 https://t.…",720040887523348480,MrdwgamingTTV,1,0,0,0,0,   mrdwgamingttv   mwii  modernwarfareii  gamingcommunity  contentcreators codmwfeed callofduty conqgamingshop fanscott1234  s t ,Negative
205,"RT @MrdwgamingTTV: #MWII #ModernWarfareII #gamingcommunity #Contentcreators
@CODmwfeed
@CallofDuty
@ConQGamingShop
@fanscott1234 https://t.…",720040887523348480,MrdwgamingTTV,1,0,0,0,0,   mrdwgamingttv   mwii  modernwarfareii  gamingcommunity  contentcreators codmwfeed callofduty conqgamingshop fanscott1234  s t ,Negative
206,"RT @AmikoRoyAi: Safe with you

09 #ghostsoap #soapghost #callofduty #MWII https://t.co/wkFuP44Iul",1198463549539942401,AmikoRoyAi,1259,0,0,0,0,   amikoroyai  safe with you 09  ghostsoap  soapghost  callofduty  mwii  s t co wkfup44iul,Negative
207,"RT @MrdwgamingTTV: #MWII #ModernWarfareII #gamingcommunity #Contentcreators @Small_YT_Help  @SmallStreamPro 
@CODmwfeed @CallofDuty @ConQGa…",720040887523348480,MrdwgamingTTV,1,0,0,0,0,   mrdwgamingttv   mwii  modernwarfareii  gamingcommunity  contentcreators  small yt help   smallstreampro  codmwfeed  callofduty  conqga ,Negative
208,"RT @AmikoRoyAi: Safe with you

09 #ghostsoap #soapghost #callofduty #MWII https://t.co/wkFuP44Iul",1658155386929655810,AmikoRoyAi,1259,0,0,0,0,   amikoroyai  safe with you 09  ghostsoap  soapghost  callofduty  mwii  s t co wkfup44iul,Negative
209,"RT @AmikoRoyAi: Safe with you

09 #ghostsoap #soapghost #callofduty #MWII https://t.co/wkFuP44Iul",1605033094813126656,AmikoRoyAi,1259,0,0,0,0,   amikoroyai  safe with you 09  ghostsoap  soapghost  callofduty  mwii  s t co wkfup44iul,Negative
210,RT @Mr_Clasher_YT: Streaming @PlayCODMobile live on @trovolive BR VIBES WITH BIG ELIXIR BOXES ALL NIGHT https://t.co/rkhCm1vwSr 🤝🤝🤝 #Callof…,1464959761,Mr_Clasher_YT,2,0,0,0,0,   mr clasher yt  streaming  playcodmobile live on  trovolive br vibes with big elixir boxes all night  s t co rkhcm1vwsr    callof ,Irrelevant
211,"RT @AmikoRoyAi: Safe with you

09 #ghostsoap #soapghost #callofduty #MWII https://t.co/wkFuP44Iul",1541488253232111616,AmikoRoyAi,1259,0,0,0,0,   amikoroyai  safe with you 09  ghostsoap  soapghost  callofduty  mwii  s t co wkfup44iul,Negative
212,UP NEXT! LIVE ONLY ON TWITCH! MAYHEM CONTINUES! [MUST SEE] CAPTAIN BANANA &amp; ANDY THE RABBIT LIVE ON YE BROWN SOFA!? #TWITCH EXCLUSIVE #CallofDuty #CoD #Warzone2 HARDCORE SnD!!! https://t.co/3fDIZUy8G4,944440061487124480,**this tweet had been deleted or hidden**,0,0,1,0,0,up next  live only on twitch  mayhem continues   must see  captain banana  amp  andy the rabbit live on ye brown sofa   twitch exclusive  callofduty  cod  warzone2 hardcore snd   s t co 3fdizuy8g4,Neutral
213,RT @Mr_Clasher_YT: Streaming @PlayCODMobile live on @trovolive BR VIBES WITH BIG ELIXIR BOXES ALL NIGHT https://t.co/rkhCm1vwSr 🤝🤝🤝 #Callof…,2398763586,Mr_Clasher_YT,2,0,0,0,0,   mr clasher yt  streaming  playcodmobile live on  trovolive br vibes with big elixir boxes all night  s t co rkhcm1vwsr    callof ,Irrelevant
214,Streaming @PlayCODMobile live on @trovolive BR VIBES WITH BIG ELIXIR BOXES ALL NIGHT https://t.co/rkhCm1vwSr 🤝🤝🤝 #CallofDutyMobile #CODMobile #COD #CallofDuty #Trovo,2398763586,PlayCODMobile,2,0,3,0,0,streaming  playcodmobile live on  trovolive br vibes with big elixir boxes all night  s t co rkhcm1vwsr    callofdutymobile  codmobile  cod  callofduty  trovo,Neutral
215,"RT @yumecore: Lt. Riley
#CallofDuty #MWII #MW2 #SimonGhostRiley https://t.co/FzwHF7U9rt",19757511,yumecore,49,0,0,0,0,   yumecore  lt  riley callofduty  mwii  mw2  simonghostriley  s t co fzwhf7u9 ,Neutral
216,"RT @yumecore: Lt. Riley
#CallofDuty #MWII #MW2 #SimonGhostRiley https://t.co/FzwHF7U9rt",1067136470157312000,yumecore,49,0,0,0,0,   yumecore  lt  riley callofduty  mwii  mw2  simonghostriley  s t co fzwhf7u9 ,Neutral
217,"RT @AmikoRoyAi: Safe with you

09 #ghostsoap #soapghost #callofduty #MWII https://t.co/wkFuP44Iul",1423506803095220224,AmikoRoyAi,1259,0,0,0,0,   amikoroyai  safe with you 09  ghostsoap  soapghost  callofduty  mwii  s t co wkfup44iul,Negative
218,"RT @AmikoRoyAi: Safe with you

09 #ghostsoap #soapghost #callofduty #MWII https://t.co/wkFuP44Iul",1325139546846027782,AmikoRoyAi,1259,0,0,0,0,   amikoroyai  safe with you 09  ghostsoap  soapghost  callofduty  mwii  s t co wkfup44iul,Negative
219,"RT @AmikoRoyAi: Safe with you

09 #ghostsoap #soapghost #callofduty #MWII https://t.co/wkFuP44Iul",1282539404360331264,AmikoRoyAi,1259,0,0,0,0,   amikoroyai  safe with you 09  ghostsoap  soapghost  callofduty  mwii  s t co wkfup44iul,Negative
220,"RT @AmikoRoyAi: Safe with you

09 #ghostsoap #soapghost #callofduty #MWII https://t.co/wkFuP44Iul",1153048449643884544,AmikoRoyAi,1259,0,0,0,0,   amikoroyai  safe with you 09  ghostsoap  soapghost  callofduty  mwii  s t co wkfup44iul,Negative
221,"RT @AmikoRoyAi: I love the hc that Ghost is always cold and Soap is a living furnace 🥺

#soapghost #ghostsoap #MWII #callofduty https://t.c…",1352477227422781441,AmikoRoyAi,1384,0,0,0,0,   amikoroyai  i love the hc that ghost is always cold and soap is a living furnace  soapghost  ghostsoap  mwii  callofduty  s t c ,Positive
222,RT @HotSatans: bach for round 2 yeehaw ft. warm up request to get back on the horse 🤠🤘 i just kno it smells crazy in there☠️ #nsfw #ghostmw…,828451839968428032,HotSatans,1388,0,0,0,0,   hotsatans  bach for round 2 yeehaw ft  warm up request to get back on the horse   i just kno it smells crazy in there   nsfw  ghostmw ,Irrelevant
223,"RT @AmikoRoyAi: Safe with you

09 #ghostsoap #soapghost #callofduty #MWII https://t.co/wkFuP44Iul",1521243635609751554,AmikoRoyAi,1259,0,0,0,0,   amikoroyai  safe with you 09  ghostsoap  soapghost  callofduty  mwii  s t co wkfup44iul,Negative
224,"RT @artimaaaeus: someone on tumblr sent me an ask and hc'ed that if non-traumatized ghost was maskless but fully-clothed, then masked ghost…",2328978614,artimaaaeus,71,0,0,0,0,   a imaaaeus  someone on tumblr sent me an ask and hc ed that if non traumatized ghost was maskless but fully clothed  then masked ghost ,Neutral
225,"RT @AmikoRoyAi: Safe with you

09 #ghostsoap #soapghost #callofduty #MWII https://t.co/wkFuP44Iul",2746537743,AmikoRoyAi,1259,0,0,0,0,   amikoroyai  safe with you 09  ghostsoap  soapghost  callofduty  mwii  s t co wkfup44iul,Negative
226,"RT @yumecore: Lt. Riley
#CallofDuty #MWII #MW2 #SimonGhostRiley https://t.co/FzwHF7U9rt",2328978614,yumecore,49,0,0,0,0,   yumecore  lt  riley callofduty  mwii  mw2  simonghostriley  s t co fzwhf7u9 ,Neutral
227,"RT @AmikoRoyAi: I love the hc that Ghost is always cold and Soap is a living furnace 🥺

#soapghost #ghostsoap #MWII #callofduty https://t.c…",1642595725178556418,AmikoRoyAi,1384,0,0,0,0,   amikoroyai  i love the hc that ghost is always cold and soap is a living furnace  soapghost  ghostsoap  mwii  callofduty  s t c ,Positive
228,"RT @artimaaaeus: man has priorities 🤷‍♂️
---
#CallofDuty #MWII #MW2 #Ghost https://t.co/7JEIBeKjTJ",1605437530920337410,artimaaaeus,360,0,0,0,0,   a imaaaeus  man has priorities  callofduty  mwii  mw2  ghost  s t co 7jeibekjtj,Neutral
229,"RT @AmikoRoyAi: Safe with you

09 #ghostsoap #soapghost #callofduty #MWII https://t.co/wkFuP44Iul",1550532599243743233,AmikoRoyAi,1259,0,0,0,0,   amikoroyai  safe with you 09  ghostsoap  soapghost  callofduty  mwii  s t co wkfup44iul,Negative
230,"RT @AmikoRoyAi: Safe with you

09 #ghostsoap #soapghost #callofduty #MWII https://t.co/wkFuP44Iul",1417498787988353035,AmikoRoyAi,1259,0,0,0,0,   amikoroyai  safe with you 09  ghostsoap  soapghost  callofduty  mwii  s t co wkfup44iul,Negative
231,"RT @BettyBRenders: 👑 Such a mess, Babyboy. 😌

#König #Koenig #KönigMW2 #MW2 #MWII #CallofDutyModernWarfare2 #CallofDuty https://t.co/aO4AhU…",1092642755334062081,BettyBRenders,426,0,0,0,0,   bettybrenders    such a mess  babyboy   k nig  koenig  k nigmw2  mw2  mwii  callofdutymodernwarfare2  callofduty  s t co ao4ahu ,Negative
232,"Rpk Epic Fail 😭In Ashika Island Warzone 2 #warzone #callofduty #youtubeshorts #gaming #mw2 #rebjrthisland #ashikaisland #vondel #yuotube 

Check Out My Latest Video https://t.co/axm7LHVAga via @YouTube",1592734129728135169,YouTube,0,0,1,0,0,rpk epic fail  in ashika island warzone 2  warzone  callofduty  youtubesho s  gaming  mw2  rebj hisland  ashikaisland  vondel  yuotube  check out my latest video  s t co axm7lhvaga via  youtube,Neutral
233,"RT @AmikoRoyAi: Safe with you

09 #ghostsoap #soapghost #callofduty #MWII https://t.co/wkFuP44Iul",4561965555,AmikoRoyAi,1259,0,0,0,0,   amikoroyai  safe with you 09  ghostsoap  soapghost  callofduty  mwii  s t co wkfup44iul,Negative
234,"RT @HotSatans: bro we need to get to the safe zone bro the gas is closing in brO-
König doodle to get back on the horse🤠 #nsfw #König #Call…",1444402315067265028,HotSatans,1240,0,0,0,0,   hotsatans  bro we need to get to the safe zone bro the gas is closing in bro k nig doodle to get back on the horse   nsfw  k nig  call ,Irrelevant
235,@smabwich @DylanDiamonHand @charlieINTEL They helped finish mw3 my dude the original Infinity ward were fired after mw2 but mw3 was already in pre production you really think sledgehammer games who made vanguard implemented all the good ideas from mw3 come on bro,1471581655,smabwich,0,0,0,0,0, smabwich  dylandiamonhand  charlieintel they helped finish mw3 my dude the original infinity ward were fired after mw2 but mw3 was already in pre production you really think sledgehammer games who made vanguard implemented all the good ideas from mw3 come on bro,Irrelevant
236,RT @HotSatans: request number uno aka König edging dONE 🫡 #nsfw #König #CallofDuty #MW2 #Konigmw2 https://t.co/J0Nw2iGNVe,1444402315067265028,HotSatans,1640,0,0,0,0,   hotsatans  request number uno aka k nig edging done    nsfw  k nig  callofduty  mw2  konigmw2  s t co j0nw2ignve,Positive
237,"RT @AmikoRoyAi: Safe with you

09 #ghostsoap #soapghost #callofduty #MWII https://t.co/wkFuP44Iul",1262862529694437377,AmikoRoyAi,1259,0,0,0,0,   amikoroyai  safe with you 09  ghostsoap  soapghost  callofduty  mwii  s t co wkfup44iul,Negative
238,"RT @BettyBRenders: Twitter gives me shadow bans…
I give you D I C K… fair, isn‘t it? ✌🏻

💀 Still wanna have a taste? 😏

#Ghost #SimonGhostR…",285924615,BettyBRenders,240,0,0,0,0,   bettybrenders  twitter gives me shadow bans i give you d i c k  fair  isn t it    still wanna have a taste   ghost  simonghostr ,Negative
239,"RT @AmikoRoyAi: Safe with you

09 #ghostsoap #soapghost #callofduty #MWII https://t.co/wkFuP44Iul",1278705058901823489,AmikoRoyAi,1259,0,0,0,0,   amikoroyai  safe with you 09  ghostsoap  soapghost  callofduty  mwii  s t co wkfup44iul,Negative
240,"RT @BettyBRenders: 👑 Such a mess, Babyboy. 😌

#König #Koenig #KönigMW2 #MW2 #MWII #CallofDutyModernWarfare2 #CallofDuty https://t.co/aO4AhU…",285924615,BettyBRenders,426,0,0,0,0,   bettybrenders    such a mess  babyboy   k nig  koenig  k nigmw2  mw2  mwii  callofdutymodernwarfare2  callofduty  s t co ao4ahu ,Negative
241,"RT @AmikoRoyAi: Safe with you

09 #ghostsoap #soapghost #callofduty #MWII https://t.co/wkFuP44Iul",1610775181680599041,AmikoRoyAi,1259,0,0,0,0,   amikoroyai  safe with you 09  ghostsoap  soapghost  callofduty  mwii  s t co wkfup44iul,Negative
242,Blocked and reported ‼️the most disgusting team mate I have ever played with. Repost‼️‼️#viral #CallofDuty #gamers #fyp #mw2 @Activision @Blizzard_Ent #sundayvibes https://t.co/QYZZueOiyY,1501674625864024071,Activision,1,0,3,1,0,blocked and repo ed  the most disgusting team mate i have ever played with  repost viral  callofduty  gamers  fyp  mw2  activision  blizzard ent  sundayvibes  s t co qyzzueoiyy,Negative
243,Passengers in #DMZ. #MWII #CoDMW2 #Warzone2 #PCGaming #Xbox #Playstation https://t.co/fx0BEWy1nu,6667522,**this tweet had been deleted or hidden**,1,0,2,0,0,passengers in  dmz   mwii  codmw2  warzone2  pcgaming  xbox  playstation  s t co fx0bewy1nu,Neutral
244,"RT @AmikoRoyAi: Safe with you

09 #ghostsoap #soapghost #callofduty #MWII https://t.co/wkFuP44Iul",823892352158879744,AmikoRoyAi,1259,0,0,0,0,   amikoroyai  safe with you 09  ghostsoap  soapghost  callofduty  mwii  s t co wkfup44iul,Negative
245,"RT @AmikoRoyAi: Safe with you

09 #ghostsoap #soapghost #callofduty #MWII https://t.co/wkFuP44Iul",1605945082175258630,AmikoRoyAi,1259,0,0,0,0,   amikoroyai  safe with you 09  ghostsoap  soapghost  callofduty  mwii  s t co wkfup44iul,Negative
246,"RT @AmikoRoyAi: Safe with you

09 #ghostsoap #soapghost #callofduty #MWII https://t.co/wkFuP44Iul",1423824855003279368,AmikoRoyAi,1259,0,0,0,0,   amikoroyai  safe with you 09  ghostsoap  soapghost  callofduty  mwii  s t co wkfup44iul,Negative
247,"RT @MilesOsarka: Silly König

#mw2 #König #koenig #CallofDuty #ModernWarfare2 #artwork https://t.co/GIZumNcCqN",1483182579247456259,MilesOsarka,17,0,0,0,0,   milesosarka  silly k nig mw2  k nig  koenig  callofduty  modernwarfare2  a work  s t co gizumnccqn,Negative
248,"RT @AmikoRoyAi: Safe with you

09 #ghostsoap #soapghost #callofduty #MWII https://t.co/wkFuP44Iul",2328978614,AmikoRoyAi,1259,0,0,0,0,   amikoroyai  safe with you 09  ghostsoap  soapghost  callofduty  mwii  s t co wkfup44iul,Negative
249,"RT @AmikoRoyAi: Safe with you

09 #ghostsoap #soapghost #callofduty #MWII https://t.co/wkFuP44Iul",1629207520941056002,AmikoRoyAi,1259,0,0,0,0,   amikoroyai  safe with you 09  ghostsoap  soapghost  callofduty  mwii  s t co wkfup44iul,Negative
250,"RT @AmikoRoyAi: Safe with you

09 #ghostsoap #soapghost #callofduty #MWII https://t.co/wkFuP44Iul",1427829201973940227,AmikoRoyAi,1259,0,0,0,0,   amikoroyai  safe with you 09  ghostsoap  soapghost  callofduty  mwii  s t co wkfup44iul,Negative
251,"RT @PlayCODMobile: When one enemy team isn’t enough, add another ✚

📲Hop into the new 4v4v4 Arena Mode tomorrow! https://t.co/EmwWXXqeFQ",1530324025133654019,PlayCODMobile,44,0,0,0,0,   playcodmobile  when one enemy team isn t enough  add another  hop into the new 4v4v4 arena mode tomorrow   s t co emwwxxqefq,Neutral
252,"RT @alexgscod: Tight 😩💀🧼 ❤️

#GhostSoap #SoapGhost #CallOfDuty #MW2 #MWII #SoapMacTavish #SimonGhostRiley #JohnSoapMacTavish #SoapMW2 #Ghos…",1541519439086092291,alexgscod,146,0,0,0,0,   alexgscod  tight    ghostsoap  soapghost  callofduty  mw2  mwii  soapmactavish  simonghostriley  johnsoapmactavish  soapmw2  ghos ,Negative
253,"RT @AmikoRoyAi: Safe with you

09 #ghostsoap #soapghost #callofduty #MWII https://t.co/wkFuP44Iul",1303861735225397248,AmikoRoyAi,1259,0,0,0,0,   amikoroyai  safe with you 09  ghostsoap  soapghost  callofduty  mwii  s t co wkfup44iul,Negative
254,"RT @loneghostwolf88: Commission done for at @etherealwra1th  💞

Thank you so much for commissioning me  💀👑

(p.s. König kept distracting me…",1330120720110809096,loneghostwolf88,16,0,0,0,0,   loneghostwolf88  commission done for at  etherealwra1th   thank you so much for commissioning me   p s  k nig kept distracting me ,Neutral
255,RT @ozymandiasjesus: Live now! Playing some @MLBTheShow then onto some @CallofDuty #MW2 MP! Drop by and say hi and maybe a follow. July goa…,1639066415645995008,ozymandiasjesus,2,0,0,0,0,   ozymandiasjesus  live now  playing some  mlbtheshow then onto some  callofduty  mw2 mp  drop by and say hi and maybe a follow  july goa ,Neutral
256,"WOW! 500K Views on my pinned video for Kar98 build on Warzone 2
Thank you to each and everyone of you it’s these moments that make me push further! 

@KickStreamsLive @GrowYourKick @KickStreaming @KickLiveStreams @Warzone2 #Warzone #callofduty https://t.co/91fUGcQNQL",1668487979394842624,KickStreamsLive,0,0,0,0,0,wow  500k views on my pinned video for kar98 build on warzone 2 thank you to each and everyone of you it s these moments that make me push fu her   kickstreamslive  growyourkick  kickstreaming  kicklivestreams  warzone2  warzone  callofduty  s t co 91fugcqnql,Positive
257,"RT @yumecore: Lt. Riley
#CallofDuty #MWII #MW2 #SimonGhostRiley https://t.co/FzwHF7U9rt",1032138564908118016,yumecore,49,0,0,0,0,   yumecore  lt  riley callofduty  mwii  mw2  simonghostriley  s t co fzwhf7u9 ,Neutral
258,"RT @artimaaaeus: someone on tumblr sent me an ask and hc'ed that if non-traumatized ghost was maskless but fully-clothed, then masked ghost…",2183435610,artimaaaeus,71,0,0,0,0,   a imaaaeus  someone on tumblr sent me an ask and hc ed that if non traumatized ghost was maskless but fully clothed  then masked ghost ,Neutral
259,"@PlayCODMobile Guys, can you please bring back Vertigo from CoD Black Ops: II? Wasn't it a fan favourite when it was released? https://t.co/J4tEf3UH9d",1351656894641815552,PlayCODMobile,0,0,1,0,0, playcodmobile guys  can you please bring back ve igo from cod black ops  ii  wasn t it a fan favourite when it was released   s t co j4tef3uh9d,Negative
260,"RT @AmikoRoyAi: Safe with you

09 #ghostsoap #soapghost #callofduty #MWII https://t.co/wkFuP44Iul",1613363724152094722,AmikoRoyAi,1259,0,0,0,0,   amikoroyai  safe with you 09  ghostsoap  soapghost  callofduty  mwii  s t co wkfup44iul,Negative
261,"RT @PlayCODMobile: When one enemy team isn’t enough, add another ✚

📲Hop into the new 4v4v4 Arena Mode tomorrow! https://t.co/EmwWXXqeFQ",2442955885,PlayCODMobile,44,0,0,0,0,   playcodmobile  when one enemy team isn t enough  add another  hop into the new 4v4v4 arena mode tomorrow   s t co emwwxxqefq,Neutral
262,"RT @AmikoRoyAi: Safe with you

09 #ghostsoap #soapghost #callofduty #MWII https://t.co/wkFuP44Iul",1666685740187791361,AmikoRoyAi,1259,0,0,0,0,   amikoroyai  safe with you 09  ghostsoap  soapghost  callofduty  mwii  s t co wkfup44iul,Negative
263,"RT @AmikoRoyAi: Safe with you

09 #ghostsoap #soapghost #callofduty #MWII https://t.co/wkFuP44Iul",2183435610,AmikoRoyAi,1259,0,0,0,0,   amikoroyai  safe with you 09  ghostsoap  soapghost  callofduty  mwii  s t co wkfup44iul,Negative
264,"RT @AmikoRoyAi: Safe with you

09 #ghostsoap #soapghost #callofduty #MWII https://t.co/wkFuP44Iul",939625199607173120,AmikoRoyAi,1259,0,0,0,0,   amikoroyai  safe with you 09  ghostsoap  soapghost  callofduty  mwii  s t co wkfup44iul,Negative
265,RT @lilindermile: Oh god he’s grooving #simonghostriley #mw2 #callofduty #ghostsoap https://t.co/1JxMCvCSow,1262862529694437377,lilindermile,796,0,0,0,0,   lilindermile  oh god he s grooving  simonghostriley  mw2  callofduty  ghostsoap  s t co 1jxmcvcsow,Irrelevant
266,"RT @AmikoRoyAi: Safe with you

09 #ghostsoap #soapghost #callofduty #MWII https://t.co/wkFuP44Iul",102485366,AmikoRoyAi,1259,0,0,0,0,   amikoroyai  safe with you 09  ghostsoap  soapghost  callofduty  mwii  s t co wkfup44iul,Negative
267,"Even though the gameplay remains incredibly fun, #CallOfDuty #COD is not in a good place for a lot of reasons. #VideoGames #CODMW2 #Warzone2

 https://t.co/uS8hn02zWo",723532208179404800,**this tweet had been deleted or hidden**,0,0,0,0,0,even though the gameplay remains incredibly fun   callofduty  cod is not in a good place for a lot of reasons   videogames  codmw2  warzone2   s t co us8hn02zwo,Positive
268,@CODMW2Informer Who tf cares man MWII is a garbage game. I hope this game is a genuine flop because Activision can fuck off with this stupid Seasons battle pass stuff. It was fine at first because anything is better then supply drops but at this point it’s killing cod.,1374157856656752645,CODMW2Informer,0,0,0,0,0, codmw2informer who tf cares man mwii is a garbage game  i hope this game is a genuine flop because activision can fuck off with this stupid seasons battle pass stuff  it was fine at first because anything is better then supply drops but at this point it s killing cod ,Negative
269,"RT @AmikoRoyAi: Safe with you

09 #ghostsoap #soapghost #callofduty #MWII https://t.co/wkFuP44Iul",2593942183,AmikoRoyAi,1259,0,0,0,0,   amikoroyai  safe with you 09  ghostsoap  soapghost  callofduty  mwii  s t co wkfup44iul,Negative
270,"I presume the gameplay will look directly similar to MWII, as this was supposed to be a full paid DLC. However, I will surmise that the UI will look different, I also won't be surprised if they ditch Old Gen Consoles with this release, too, 

Xbox One and PS4's time is over! https://t.co/1G5Qk60Y2Y https://t.co/xbevLbNjna",1577187386362142721,**this tweet had been deleted or hidden**,0,0,2,0,0,i presume the gameplay will look directly similar to mwii  as this was supposed to be a full paid dlc  however  i will surmise that the ui will look different  i also won t be surprised if they ditch old gen consoles with this release  too   xbox one and ps4 s time is over   s t co 1g5qk60y2y  s t co xbevlbnjna,Irrelevant
271,"RT @AmikoRoyAi: Safe with you

09 #ghostsoap #soapghost #callofduty #MWII https://t.co/wkFuP44Iul",1640067977834897408,AmikoRoyAi,1259,0,0,0,0,   amikoroyai  safe with you 09  ghostsoap  soapghost  callofduty  mwii  s t co wkfup44iul,Negative
272,"RT @BettyBRenders: 👑 Such a mess, Babyboy. 😌

#König #Koenig #KönigMW2 #MW2 #MWII #CallofDutyModernWarfare2 #CallofDuty https://t.co/aO4AhU…",1575881853277728768,BettyBRenders,426,0,0,0,0,   bettybrenders    such a mess  babyboy   k nig  koenig  k nigmw2  mw2  mwii  callofdutymodernwarfare2  callofduty  s t co ao4ahu ,Negative
273,RT @HotSatans: when ur trying to do stealth kills but the clap of ur asscheeks keep alerting the shadows #nsfw #ghostmw2 #CallofDuty #ghost…,1644570976309612544,HotSatans,1005,0,0,0,0,   hotsatans  when ur trying to do stealth kills but the clap of ur asscheeks keep ale ing the shadows  nsfw  ghostmw2  callofduty  ghost ,Neutral
274,"RT @AmikoRoyAi: Safe with you

09 #ghostsoap #soapghost #callofduty #MWII https://t.co/wkFuP44Iul",1514057603755651075,AmikoRoyAi,1259,0,0,0,0,   amikoroyai  safe with you 09  ghostsoap  soapghost  callofduty  mwii  s t co wkfup44iul,Negative
275,"RT @AmikoRoyAi: Safe with you

09 #ghostsoap #soapghost #callofduty #MWII https://t.co/wkFuP44Iul",1284691623604113408,AmikoRoyAi,1259,0,0,0,0,   amikoroyai  safe with you 09  ghostsoap  soapghost  callofduty  mwii  s t co wkfup44iul,Negative
276,"RT @AmikoRoyAi: Safe with you

09 #ghostsoap #soapghost #callofduty #MWII https://t.co/wkFuP44Iul",1408797688494186498,AmikoRoyAi,1259,0,0,0,0,   amikoroyai  safe with you 09  ghostsoap  soapghost  callofduty  mwii  s t co wkfup44iul,Negative
277,"RT @AmikoRoyAi: Safe with you

09 #ghostsoap #soapghost #callofduty #MWII https://t.co/wkFuP44Iul",1573138682843844608,AmikoRoyAi,1259,0,0,0,0,   amikoroyai  safe with you 09  ghostsoap  soapghost  callofduty  mwii  s t co wkfup44iul,Negative
278,"RT @AmikoRoyAi: Safe with you

09 #ghostsoap #soapghost #callofduty #MWII https://t.co/wkFuP44Iul",1075891309389471747,AmikoRoyAi,1259,0,0,0,0,   amikoroyai  safe with you 09  ghostsoap  soapghost  callofduty  mwii  s t co wkfup44iul,Negative
279,"RT @AmikoRoyAi: Safe with you

09 #ghostsoap #soapghost #callofduty #MWII https://t.co/wkFuP44Iul",30060137,AmikoRoyAi,1259,0,0,0,0,   amikoroyai  safe with you 09  ghostsoap  soapghost  callofduty  mwii  s t co wkfup44iul,Negative
280,"RT @AmikoRoyAi: Ghost you silly man part 2

#ghostsoap #soapghost #callofduty #MWII https://t.co/juvjByaDEd",899376628731715586,AmikoRoyAi,1154,0,0,0,0,   amikoroyai  ghost you silly man pa  2 ghostsoap  soapghost  callofduty  mwii  s t co juvjbyaded,Neutral
281,"RT @AmikoRoyAi: Safe with you

09 #ghostsoap #soapghost #callofduty #MWII https://t.co/wkFuP44Iul",1560621076899540994,AmikoRoyAi,1259,0,0,0,0,   amikoroyai  safe with you 09  ghostsoap  soapghost  callofduty  mwii  s t co wkfup44iul,Negative
282,"RT @AmikoRoyAi: Safe with you

09 #ghostsoap #soapghost #callofduty #MWII https://t.co/wkFuP44Iul",1429303700502335491,AmikoRoyAi,1259,0,0,0,0,   amikoroyai  safe with you 09  ghostsoap  soapghost  callofduty  mwii  s t co wkfup44iul,Negative
283,@InfinityWard @Activision what is the point of giving me the ability to improve the amount of items I can have if you just keep fucking dieting half of them???? 5 times now my Contrabands and Keys have been purged to half!!! Fucking fix it #dmz #MW2 #modernwarfare2 #CallOfDuty https://t.co/ResU9jJCnH,381143592,InfinityWard,0,0,0,0,0, infinityward  activision what is the point of giving me the ability to improve the amount of items i can have if you just keep fucking dieting half of them  5 times now my contrabands and keys have been purged to half  fucking fix it  dmz  mw2  modernwarfare2  callofduty  s t co resu9jjcnh,Negative
284,"RT @AmikoRoyAi: Safe with you

09 #ghostsoap #soapghost #callofduty #MWII https://t.co/wkFuP44Iul",1443680953763835910,AmikoRoyAi,1259,0,0,0,0,   amikoroyai  safe with you 09  ghostsoap  soapghost  callofduty  mwii  s t co wkfup44iul,Negative
285,"RT @AmikoRoyAi: Ghost you silly man

#callofduty #ghostsoap #soapghost #MWII https://t.co/y9bzbXEpIg",899376628731715586,AmikoRoyAi,1208,0,0,0,0,   amikoroyai  ghost you silly man callofduty  ghostsoap  soapghost  mwii  s t co y9bzbxepig,Neutral
286,RT @lilindermile: 😚😚😚 Ty for commissioning me @Saragapen !! I’m excited to see what this looks like when you render it hehe. I might do a v…,1590147893729665024,lilindermile,98,0,0,0,0,   lilindermile    ty for commissioning me  saragapen   i m excited to see what this looks like when you render it hehe  i might do a v ,Positive
287,Session highlights #Warzone2 #Contentcreator #Callofduty #Cod #Mw2 #Vondel #Ashikaisland #clips #Gamer #Tiktok #Fyp https://t.co/khbQbio186,3315881306,**this tweet had been deleted or hidden**,0,0,1,0,0,session highlights  warzone2  contentcreator  callofduty  cod  mw2  vondel  ashikaisland  clips  gamer  tiktok  fyp  s t co khbqbio186,Neutral
288,"RT @661ave: 141! ♥  #MWII #MW2 #CallofDuty 
#CaptainPrice #SimonGhostRiley #JohnSoapMactavish #KyleGazGarrick https://t.co/BTni156iIX",1520153206193782784,661ave,701,0,0,0,0,   661ave  141      mwii  mw2  callofduty  captainprice  simonghostriley  johnsoapmactavish  kylegazgarrick  s t co btni156iix,Neutral
289,RT @Jzambardino41: 🔥I LOVE The MP7🔥| Follow me on Twitch where i go LIVE Everynight!🚨 Im LIVE Now!🚨 https://t.co/yrRnk2Jfx6 | #Warzone #War…,374819085,Jzambardino41,4,0,0,0,0,   jzambardino41   i love the mp7  follow me on twitch where i go live everynight  im live now   s t co yrrnk2jfx6    warzone  war ,Neutral
290,"RT @AmikoRoyAi: Safe with you

09 #ghostsoap #soapghost #callofduty #MWII https://t.co/wkFuP44Iul",1624293037932175360,AmikoRoyAi,1259,0,0,0,0,   amikoroyai  safe with you 09  ghostsoap  soapghost  callofduty  mwii  s t co wkfup44iul,Negative
291,"RT @AmikoRoyAi: I love the hc that Ghost is always cold and Soap is a living furnace 🥺

#soapghost #ghostsoap #MWII #callofduty https://t.c…",1276997562864721921,AmikoRoyAi,1384,0,0,0,0,   amikoroyai  i love the hc that ghost is always cold and soap is a living furnace  soapghost  ghostsoap  mwii  callofduty  s t c ,Positive
292,"RT @AmikoRoyAi: Safe with you

09 #ghostsoap #soapghost #callofduty #MWII https://t.co/wkFuP44Iul",1605437530920337410,AmikoRoyAi,1259,0,0,0,0,   amikoroyai  safe with you 09  ghostsoap  soapghost  callofduty  mwii  s t co wkfup44iul,Negative
293,Live now! Playing some @MLBTheShow then onto some @CallofDuty #MW2 MP! Drop by and say hi and maybe a follow. July goals 167/200 sub goal 13/50. @KickStreamsLive @PoppaZad22 @KickLiveStreams @kickfollows,836645580495450112,MLBTheShow,2,0,2,0,0,live now  playing some  mlbtheshow then onto some  callofduty  mw2 mp  drop by and say hi and maybe a follow  july goals 167 200 sub goal 13 50   kickstreamslive  poppazad22  kicklivestreams  kickfollows,Neutral
294,"RT @loneghostwolf88: Commission done for at @etherealwra1th  💞

Thank you so much for commissioning me  💀👑

(p.s. König kept distracting me…",1645408050680037378,loneghostwolf88,16,0,0,0,0,   loneghostwolf88  commission done for at  etherealwra1th   thank you so much for commissioning me   p s  k nig kept distracting me ,Neutral
295,"RT @AmikoRoyAi: Safe with you

09 #ghostsoap #soapghost #callofduty #MWII https://t.co/wkFuP44Iul",1660421767284834308,AmikoRoyAi,1259,0,0,0,0,   amikoroyai  safe with you 09  ghostsoap  soapghost  callofduty  mwii  s t co wkfup44iul,Negative
296,"RT @AmikoRoyAi: I love the hc that Ghost is always cold and Soap is a living furnace 🥺

#soapghost #ghostsoap #MWII #callofduty https://t.c…",1407861361607073793,AmikoRoyAi,1384,0,0,0,0,   amikoroyai  i love the hc that ghost is always cold and soap is a living furnace  soapghost  ghostsoap  mwii  callofduty  s t c ,Positive
297,"RT @AmikoRoyAi: Safe with you

09 #ghostsoap #soapghost #callofduty #MWII https://t.co/wkFuP44Iul",1497852605464252418,AmikoRoyAi,1259,0,0,0,0,   amikoroyai  safe with you 09  ghostsoap  soapghost  callofduty  mwii  s t co wkfup44iul,Negative
