,text,author_id,username,retweet,reply,like,quote,bookmark,lower,sentiment
0,@CODTracker @CallofDuty Your cod tracker doesn’t even work for mw2😂,426933687,CODTracker,0,0,0,0,0, codtracker  callofduty your cod tracker doesn t even work for mw2 ,Negative
1,"RT @ArutenAR: VTuber界最強SRの兎或てんちゃんから、動画が届きましたので後日アップしますね(；ﾟДﾟ) 
ちなみにこれは5on screen in to the 8multiで合ってますか？
#CallofDuty #MWII #MW2 https://t.…",1455887013433937920,ArutenAR,2,0,0,0,0,   arutenar  vtuber sr   5on screen in to the 8multi callofduty  mwii  mw2  s t ,Negative
2,"💚✅LIVE NOW!!!✅💚
Gonna play some more #WarzoneRanked had a blast last night.
Come hang out in chat and relax!
#KickStreamer #KickStreaming 
#CallofDuty #Warzone2 

⬇️⬇️CLICK THE LINK!!!⬇️⬇️
https://t.co/KmBUXXqiig

Just gonna leave this here. You’ll understand if you watch me. https://t.co/BC9hHCP61r",1496611636114866197,**this tweet had been deleted or hidden**,0,0,1,0,0, live now gonna play some more  warzoneranked had a blast last night come hang out in chat and relax kickstreamer  kickstreaming  callofduty  warzone2  click the link  s t co kmbuxxqiig just gonna leave this here  you ll understand if you watch me   s t co bc9hhcp61r,Irrelevant
3,"RT @loneghostwolf88: Detective Mactavish 
#MWII  #CodSoap #CallofDuty #3DRender https://t.co/QYUOhkFzgm",845199317669314560,loneghostwolf88,225,0,0,0,0,   loneghostwolf88  detective mactavish  mwii   codsoap  callofduty  3drender  s t co qyuohkfzgm,Neutral
4,"RT @WipeTear: follow my kick, join up!

https://t.co/w4yD57vy8e

#trickshot #trickshots #trickshotting #att  #kick #kickstreaming #kickstre…",1676203031904256000,WipeTear,1,0,0,0,0,   wipetear  follow my kick  join up  s t co w4yd57vy8e trickshot  trickshots  trickshotting  att   kick  kickstreaming  kickstre ,Neutral
5,@PlayCODMobile https://t.co/EzZyBukh9l,2840442632,PlayCODMobile,0,0,0,0,0, playcodmobile  s t co ezzybukh9l,Neutral
6,"kvドラゴンブレス弾のなにが強いって、放たれた弾で視界が埋め尽くされて反撃しようにも敵の位置が把握しにくいことなんよな
#mw2
#DMZ",4799931523,**this tweet had been deleted or hidden**,0,0,0,0,0,kv mw2 dmz,Positive
7,"RT @loneghostwolf88: Detective Mactavish 
#MWII  #CodSoap #CallofDuty #3DRender https://t.co/QYUOhkFzgm",1091685721914564608,loneghostwolf88,225,0,0,0,0,   loneghostwolf88  detective mactavish  mwii   codsoap  callofduty  3drender  s t co qyuohkfzgm,Neutral
8,@AkimboArde @PlayCODMobile The AK is not in a good spot what you talking about? Doesn't excel in any category. How many time did you personally use the AK in this year alone?,332705630,AkimboArde,0,1,0,0,0, akimboarde  playcodmobile the ak is not in a good spot what you talking about  doesn t excel in any category  how many time did you personally use the ak in this year alone ,Negative
9,WE LIVE WITH SOME COD DMZ COME CHAT AND HANGOUT AND HAVE SOME FUN https://t.co/RtOikAo28g @TeamSarrow_ @TeamSarrowLive @SarrowGaming_ @SmallStreamersC @SmallStreamPro @SmallStreamSup @smallstreamerco @SmallStreamsCom #callofduty #ModernWarfare2 #mw2 #DMZ,1621260932583153664,TeamSarrow_,1,0,2,0,0,we live with some cod dmz come chat and hangout and have some fun  s t co  oikao28g  teamsarrow   teamsarrowlive  sarrowgaming   smallstreamersc  smallstreampro  smallstreamsup  smallstreamerco  smallstreamscom  callofduty  modernwarfare2  mw2  dmz,Neutral
10,"RT @BettyBRenders: CuriousCat request:
„I‘m on your discord but too shy to ask you. That one Ghost x Female pic […] This with Soap! Please.…",366176947,BettyBRenders,66,0,0,0,0,   bettybrenders  curiouscat request i m on your discord but too shy to ask you  that one ghost x female pic   this with soap  please ,Neutral
11,"RT @Unholykazoo: POV: you stayed in that one bunker in DMZ too long
#konig #König #mw2 #digitalart #CallofDuty https://t.co/hACJvOcGlc",1395319602,Unholykazoo,10,0,0,0,0,   unholykazoo  pov  you stayed in that one bunker in dmz too long konig  k nig  mw2  digitala   callofduty  s t co hacjvocglc,Negative
12,"Warzone / MW2 Gameplay auf Vondel
• Ich habe hier einen kleine Clip zusammen geschnitten nicht viel Arbeit aber genügt. 
#Warzone #vondel #MW2 #Xbox https://t.co/FZxE5xNArZ",1516597676464291840,**this tweet had been deleted or hidden**,0,0,2,0,0,warzone   mw2 gameplay auf vondel  ich habe hier einen kleine clip zusammen geschnitten nicht viel arbeit aber gen gt   warzone  vondel  mw2  xbox  s t co fzxe5xnarz,Irrelevant
13,"RT @BettyBRenders: CuriousCat request:
„I‘m on your discord but too shy to ask you. That one Ghost x Female pic […] This with Soap! Please.…",1480373492247928833,BettyBRenders,66,0,0,0,0,   bettybrenders  curiouscat request i m on your discord but too shy to ask you  that one ghost x female pic   this with soap  please ,Neutral
14,"RT @BettyBRenders: CuriousCat request:
„I‘m on your discord but too shy to ask you. That one Ghost x Female pic […] This with Soap! Please.…",713911949386510337,BettyBRenders,66,0,0,0,0,   bettybrenders  curiouscat request i m on your discord but too shy to ask you  that one ghost x female pic   this with soap  please ,Neutral
15,"RT @loneghostwolf88: Detective Mactavish 
#MWII  #CodSoap #CallofDuty #3DRender https://t.co/QYUOhkFzgm",1246455816552509445,loneghostwolf88,225,0,0,0,0,   loneghostwolf88  detective mactavish  mwii   codsoap  callofduty  3drender  s t co qyuohkfzgm,Neutral
16,"RT @BettyBRenders: CuriousCat request:
„I‘m on your discord but too shy to ask you. That one Ghost x Female pic […] This with Soap! Please.…",1373970949851209728,BettyBRenders,66,0,0,0,0,   bettybrenders  curiouscat request i m on your discord but too shy to ask you  that one ghost x female pic   this with soap  please ,Neutral
17,Call of Duty Mw2 Streamer Hit's Insane 3k in SND and Ends off Clip with Insane Ranged No scope Turn on With Sniper 😱🤯 #cod #mw2 #gaming #CallofDuty #ModernWarfare2 #anime https://t.co/k9ZxnS93Ua,3558766413,**this tweet had been deleted or hidden**,0,0,2,0,0,call of duty mw2 streamer hit s insane 3k in snd and ends off clip with insane ranged no scope turn on with sniper    cod  mw2  gaming  callofduty  modernwarfare2  anime  s t co k9zxns93ua,Positive
18,"RT @BettyBRenders: CuriousCat request:
„I‘m on your discord but too shy to ask you. That one Ghost x Female pic […] This with Soap! Please.…",1435662327404240899,BettyBRenders,66,0,0,0,0,   bettybrenders  curiouscat request i m on your discord but too shy to ask you  that one ghost x female pic   this with soap  please ,Neutral
19,"RT @yumecore: Simon ""Ghost"" Riley
#CallofDuty #MWII #MW2 
Loove this shot  1/2 https://t.co/4wjGuWUxA1",1602814030317785090,yumecore,93,0,0,0,0,   yumecore  simon  ghost  riley callofduty  mwii  mw2  loove this shot  1 2  s t co 4wjguwuxa1,Neutral
20,"RT @BettyBRenders: CuriousCat request:
„I‘m on your discord but too shy to ask you. That one Ghost x Female pic […] This with Soap! Please.…",1407861361607073793,BettyBRenders,66,0,0,0,0,   bettybrenders  curiouscat request i m on your discord but too shy to ask you  that one ghost x female pic   this with soap  please ,Neutral
21,"RT @sealed_w_nav: 빡센 연애
Love affairs
#CallofDuty #MWII #König #Körangi https://t.co/QPGNDzUi8C",1660296242575065088,sealed_w_nav,211,0,0,0,0,   sealed w nav     love affairs callofduty  mwii  k nig  k rangi  s t co qpgndzui8c,Positive
22,@n33rkive Ese es el nuevo camuflaje de cold ward MW2 wrzone dela katov765 con doble mira silenciador culata cargador de 60 balas y láser HJ4K£$,1669054838594740240,n33rkive,0,2,0,0,0, n33rkive ese es el nuevo camuflaje de cold ward mw2 wrzone dela katov765 con doble mira silenciador culata cargador de 60 balas y l ser hj4k ,Negative
23,@_King_Simple_ @stitz_aaron @PlayCODMobile The map is different on 10v10 shipment then regular shipment I'm just saying I'm in regular Hardpoint Shipment dropped 169 kills no bots I live streamed the entire game I also have clips I'm just good at cod,34768793,_King_Simple_,0,0,0,0,0, king simple   stitz aaron  playcodmobile the map is different on 10v10 shipment then regular shipment i m just saying i m in regular hardpoint shipment dropped 169 kills no bots i live streamed the entire game i also have clips i m just good at cod,Positive
24,"CuriousCat request:
„I‘m on your discord but too shy to ask you. That one Ghost x Female pic […] This with Soap! Please.“

Changed it a bit. Didn‘t wanna do a 1:1 copy. 💙

#Ghost #Soap #soapghost #SimonGhostRiley #soapmactavish #ghostmw2 #soapmw2 #MW2 #MWII #CallofDuty https://t.co/kkK2R9CTWh",57432440,**this tweet had been deleted or hidden**,66,3,894,0,46,curiouscat request i m on your discord but too shy to ask you  that one ghost x female pic   this with soap  please changed it a bit  didn t wanna do a 1 1 copy   ghost  soap  soapghost  simonghostriley  soapmactavish  ghostmw2  soapmw2  mw2  mwii  callofduty  s t co kkk2r9ctwh,Neutral
25,"RT @661ave: #CallofDuty #MWII #König #Konig 
Inspired by @Tava_tavatic drawing!♥ https://t.co/IVL9kvL9rh",1645593871106076672,661ave,209,0,0,0,0,   661ave   callofduty  mwii  k nig  konig  inspired by  tava tavatic drawing   s t co ivl9kvl9rh,Neutral
26,"RT @such_a_dumbass_: that awkward moment when u forget to lock the door
#könig #MW2 #CallofDuty #horangi 
i tried drawing @quozacchi ‘s mon…",1660296242575065088,such_a_dumbass_,6,0,0,0,0,   such a dumbass  that awkward moment when u forget to lock the door k nig  mw2  callofduty  horangi  i tried drawing  quozacchi  s mon ,Positive
27,@PlayCODMobile https://t.co/C7vrpfSiXK,1651799647231328257,PlayCODMobile,0,0,0,0,0, playcodmobile  s t co c7vrpfsixk,Neutral
28,"RT @loneghostwolf88: Detective Mactavish 
#MWII  #CodSoap #CallofDuty #3DRender https://t.co/QYUOhkFzgm",1506046681103491081,loneghostwolf88,225,0,0,0,0,   loneghostwolf88  detective mactavish  mwii   codsoap  callofduty  3drender  s t co qyuohkfzgm,Neutral
29,"RT @loneghostwolf88: Detective Mactavish 
#MWII  #CodSoap #CallofDuty #3DRender https://t.co/QYUOhkFzgm",1416922100133105669,loneghostwolf88,225,0,0,0,0,   loneghostwolf88  detective mactavish  mwii   codsoap  callofduty  3drender  s t co qyuohkfzgm,Neutral
30,@PlayCODMobile https://t.co/JJaAoOeAmK,881039312820748290,PlayCODMobile,0,0,0,0,0, playcodmobile  s t co jjaaooeamk,Neutral
31,"El gringo menos racista de Warzone 🦥🪠 #gato #epico #clip #vtuber #GatoGamer #CapCut #warzone2 #activision #gringo #racista #gringoracista
Twitch: Bura_Desu https://t.co/oRPy2tzXEo",352642989,**this tweet had been deleted or hidden**,0,0,0,0,0,el gringo menos racista de warzone    gato  epico  clip  vtuber  gatogamer  capcut  warzone2  activision  gringo  racista  gringoracista twitch  bura desu  s t co orpy2tzxeo,Neutral
32,"『COD:DMZ攻略』ステルスベスト&gt;強化&gt;コム&gt;メディック。UAVに映らなくなったのはローズスキンへの対策だと思う。
https://t.co/1ebletluW5

#COD #コールオブデューティ #callofduty #CODMW2 #MW2 #CoDMWII #DMZ #warzone2 #シーズン4 #コシチェイ #ステルスベスト https://t.co/fsUQsj1aLy",956402256613552128,**this tweet had been deleted or hidden**,0,0,1,0,0, cod dmz gt gt gt uav  s t co 1ebletluw5 cod    callofduty  codmw2  mw2  codmwii  dmz  warzone2  4      s t co fsuqsj1aly,Neutral
33,"We Live People🤙🏻 Join Up!!
#twitch #MW2 #CallofDuty #storm #warzone 
https://t.co/2iUQUoA82u",1658893450509516800,**this tweet had been deleted or hidden**,0,0,2,0,0,we live people  join up twitch  mw2  callofduty  storm  warzone   s t co 2iuquoa82u,Neutral
34,"It's Noodle Vs Packets....

When will Activision fix the MWII servers to stop all this lag and packet bursts? It's making me angry

https://t.co/4JD1gRtEgt",1390899658482978818,**this tweet had been deleted or hidden**,0,0,0,0,0,it s noodle vs packets when will activision fix the mwii servers to stop all this lag and packet bursts  it s making me angry  s t co 4jd1g egt,Negative
35,RT @thenoch1: Otra pase de batalla terminado #warzone #mw2 #activision #callofduty #cod #viral #ps4 #ps5 #xbox #pc #twitch https://t.co/8Hm…,1081585216227991552,thenoch1,1,0,0,0,0,   thenoch1  otra pase de batalla terminado  warzone  mw2  activision  callofduty  cod  viral  ps4  ps5  xbox  pc  twitch  s t co 8hm ,Neutral
36,"RT @loneghostwolf88: Detective Mactavish 
#MWII  #CodSoap #CallofDuty #3DRender https://t.co/QYUOhkFzgm",717103544,loneghostwolf88,225,0,0,0,0,   loneghostwolf88  detective mactavish  mwii   codsoap  callofduty  3drender  s t co qyuohkfzgm,Neutral
37,@CodProSniper @stitz_aaron @PlayCODMobile You're most definitely in a 10v10 lobby 🤣,3316303212,CodProSniper,0,1,1,0,0, codprosniper  stitz aaron  playcodmobile you re most definitely in a 10v10 lobby  ,Irrelevant
38,"Quick stream

https://t.co/nzq3LGARTR

#COD #CallOfDuty #MW2 #Vtuber",1573870307634544648,**this tweet had been deleted or hidden**,0,0,0,0,0,quick stream  s t co nzq3lga r cod  callofduty  mw2  vtuber,Neutral
39,@Activision  y’all should bring back clan wars on the new games. Y’all did it with skins on COD ghosts. I think the new MW2 would be a good time to bring it back.,1595067333055287297,Activision,0,0,0,0,0, activision  y all should bring back clan wars on the new games  y all did it with skins on cod ghosts  i think the new mw2 would be a good time to bring it back ,Positive
40,@PlayCODMobile https://t.co/wOOtKH9y39,1082443227406520320,PlayCODMobile,0,0,0,0,0, playcodmobile  s t co wootkh9y39,Neutral
41,"RT @alexgscod: What LT sees 💀🖤🧼
(+nsfw variants on patreon)

#GhostSoap #SoapGhost #CallOfDuty #MW2 https://t.co/0KxKQEGblR",1640469759169814528,alexgscod,364,0,0,0,0,   alexgscod  what lt sees  nsfw variants on patreon ghostsoap  soapghost  callofduty  mw2  s t co 0kxkqegblr,Negative
42,"RT @WhosGat: SHOW SOME LOVE 🎯

#MWII
#ModernWarfare2
#CallofDuty

https://t.co/pwUUkrpvCo",2875814096,WhosGat,1,0,0,0,0,   whosgat  show some love  mwii modernwarfare2 callofduty  s t co pwuukrpvco,Positive
43,RT @661ave: #JohnPrice #CaptainPrice #MWII #MW2 #CallofDuty https://t.co/sdOdCzsFZS,1565711237907881984,661ave,409,0,0,0,0,   661ave   johnprice  captainprice  mwii  mw2  callofduty  s t co sdodczsfzs,Neutral
44,"RT @yumecore: Simon ""Ghost"" Riley
#CallofDuty #MWII #MW2 
Loove this shot  1/2 https://t.co/4wjGuWUxA1",1231158146330062848,yumecore,93,0,0,0,0,   yumecore  simon  ghost  riley callofduty  mwii  mw2  loove this shot  1 2  s t co 4wjguwuxa1,Neutral
45,"RT @loneghostwolf88: Detective Mactavish 
#MWII  #CodSoap #CallofDuty #3DRender https://t.co/QYUOhkFzgm",1511647196848009220,loneghostwolf88,225,0,0,0,0,   loneghostwolf88  detective mactavish  mwii   codsoap  callofduty  3drender  s t co qyuohkfzgm,Neutral
46,"RT @yumecore: Now from the front..
#CallofDuty #MWII #MW2 #SimonGhostRiley 
I know, ik. Nice ass, bulge  but have you looked at them calves…",1470790439590633474,yumecore,17,0,0,0,0,   yumecore  now from the front callofduty  mwii  mw2  simonghostriley  i know  ik  nice ass  bulge  but have you looked at them calves ,Positive
47,"RT @Conyalmendra11: This made me think a lot, Konig must have had a very bad childhood (I had to draw the little konig👑🐻).  #König #Konig #…",1667155397277519872,Conyalmendra11,36,0,0,0,0,   conyalmendra11  this made me think a lot  konig must have had a very bad childhood  i had to draw the little konig    k nig  konig  ,Irrelevant
48,"RT @yumecore: Simon ""Ghost"" Riley
#CallofDuty #MWII #MW2 
Loove this shot  1/2 https://t.co/4wjGuWUxA1",755989866987466753,yumecore,93,0,0,0,0,   yumecore  simon  ghost  riley callofduty  mwii  mw2  loove this shot  1 2  s t co 4wjguwuxa1,Neutral
49,"RT @Conyalmendra11: Tiger horangi 🐯
#MW2 #MWII #callofduty #horangi https://t.co/BggAuyXboq",1667155397277519872,Conyalmendra11,159,0,0,0,0,   conyalmendra11  tiger horangi  mw2  mwii  callofduty  horangi  s t co bggauyxboq,Neutral
50,RT @DaBigKatt244501: Yo guys happy 4th streaming some #Warzone2 today let have a blast everyone be safe today @CallMyHorse @ilikecheese3434…,4862156118,DaBigKatt244501,2,0,0,0,0,   dabigkatt244501  yo guys happy 4th streaming some  warzone2 today let have a blast everyone be safe today  callmyhorse  ilikecheese3434 ,Positive
51,@lojakk @_MoveGraph @PlayCODMobile @RealBobbyPlays @HawksNest @Ferg @TheNoahSunday I’ll join u and your controller lobbies as stupid and annoyingly sweaty as they can get sometimes your my bro so I’m on your team anyways 😂😂😂😂😂and if there’s a chance I could stomp on some testTubers or some party streamers I’m down 💯😂😂😂🔫☠️☢️,1288535857746644992,lojakk,0,0,2,0,0, lojakk  movegraph  playcodmobile  realbobbyplays  hawksnest  ferg  thenoahsunday i ll join u and your controller lobbies as stupid and annoyingly sweaty as they can get sometimes your my bro so i m on your team anyways  and if there s a chance i could stomp on some testtubers or some pa y streamers i m down  ,Negative
52,RT @661ave: #JohnPrice #CaptainPrice #MWII #MW2 #CallofDuty https://t.co/sdOdCzsFZS,1447019569302753280,661ave,409,0,0,0,0,   661ave   johnprice  captainprice  mwii  mw2  callofduty  s t co sdodczsfzs,Neutral
53,Yo guys happy 4th streaming some #Warzone2 today let have a blast everyone be safe today @CallMyHorse @ilikecheese3434 @maddstr97 @StreamerBoom @CallofDuty https://t.co/41rOaK2GIY,1650671280826490880,CallMyHorse,2,0,6,0,0,yo guys happy 4th streaming some  warzone2 today let have a blast everyone be safe today  callmyhorse  ilikecheese3434  maddstr97  streamerboom  callofduty  s t co 41roak2giy,Positive
54,"RT @Conyalmendra11: 👑🐯
#horangi #könig #MW2 #MWII #CallofDuty #cod #Korangi https://t.co/Gt7zIf9rl8",1660296242575065088,Conyalmendra11,192,0,0,0,0,   conyalmendra11   horangi  k nig  mw2  mwii  callofduty  cod  korangi  s t co gt7zif9rl8,Neutral
55,"RT @Conyalmendra11: Merry christmas!! 🧼👻🐯👑
#ghostsoap #MW2 #MWII #callofduty #horangi https://t.co/lY7FPFQLEO",1660296242575065088,Conyalmendra11,262,0,0,0,0,   conyalmendra11  merry christmas   ghostsoap  mw2  mwii  callofduty  horangi  s t co ly7fpfqleo,Neutral
56,"Old but gold🔥
#sumar
#Warzone2 
#CallofDuty https://t.co/y42xX4A14Q",1528895822011813890,**this tweet had been deleted or hidden**,0,0,1,0,0,old but gold sumar warzone2  callofduty  s t co y42xx4a14q,Neutral
57,@SpectReckyaup @PlayCODMobile u not lettin it aren’t u ? bro is determined 😂,1262254531066441728,SpectReckyaup,0,0,1,0,0, spectreckyaup  playcodmobile u not lettin it aren t u   bro is determined  ,Negative
58,"RT @loneghostwolf88: Detective Mactavish 
#MWII  #CodSoap #CallofDuty #3DRender https://t.co/QYUOhkFzgm",1429231230738862080,loneghostwolf88,225,0,0,0,0,   loneghostwolf88  detective mactavish  mwii   codsoap  callofduty  3drender  s t co qyuohkfzgm,Neutral
59,"RT @Conyalmendra11: This made me think a lot, Konig must have had a very bad childhood (I had to draw the little konig👑🐻).  #König #Konig #…",1660296242575065088,Conyalmendra11,36,0,0,0,0,   conyalmendra11  this made me think a lot  konig must have had a very bad childhood  i had to draw the little konig    k nig  konig  ,Irrelevant
60,"RT @loneghostwolf88: Detective Mactavish 
#MWII  #CodSoap #CallofDuty #3DRender https://t.co/QYUOhkFzgm",1566482150358011904,loneghostwolf88,225,0,0,0,0,   loneghostwolf88  detective mactavish  mwii   codsoap  callofduty  3drender  s t co qyuohkfzgm,Neutral
61,"RT @loneghostwolf88: Detective Mactavish 
#MWII  #CodSoap #CallofDuty #3DRender https://t.co/QYUOhkFzgm",83934517,loneghostwolf88,225,0,0,0,0,   loneghostwolf88  detective mactavish  mwii   codsoap  callofduty  3drender  s t co qyuohkfzgm,Neutral
62,"@CallofDuty 
I need solo DMZ for mw2 pls",1665118340224778241,CallofDuty,0,0,0,0,0, callofduty  i need solo dmz for mw2 pls,Negative
63,"Idk if it's my ADHD or something else.. but I'm a very indecisive person.
#CallofDuty #ModernWarfare2 #MW2 #MWII #CODLeague #RankedPlay #Warzone #WZ #Warzone2 #XDefiant #CDLChamps #GOAT #GOML #Swept #MainStage #Sweat #LAN #ProPlayer #Gaming #Raid #MLG #eSports #PlayStation #Ps5",1643610015960297473,**this tweet had been deleted or hidden**,0,0,0,0,0,idk if it s my adhd or something else  but i m a very indecisive person callofduty  modernwarfare2  mw2  mwii  codleague  rankedplay  warzone  wz  warzone2  xdefiant  cdlchamps  goat  goml  swept  mainstage  sweat  lan  proplayer  gaming  raid  mlg  espo s  playstation  ps5,Positive
64,"Even though the gameplay remains incredibly fun, #CallOfDuty #COD is not in a good place for a lot of reasons. #VideoGames #CODMW2 #Warzone2

 https://t.co/uS8hn02zWo",723532208179404800,**this tweet had been deleted or hidden**,0,0,1,0,0,even though the gameplay remains incredibly fun   callofduty  cod is not in a good place for a lot of reasons   videogames  codmw2  warzone2   s t co us8hn02zwo,Positive
65,It's so annoying to play mwii on @battlenet it just lags packet bursts and doesn't let you play the game then @Activision shadow bans me on steam.,1554495346428022785,battlenet,0,0,0,0,0,it s so annoying to play mwii on  battlenet it just lags packet bursts and doesn t let you play the game then  activision shadow bans me on steam ,Negative
66,"RT @arickt3244: @YouTube Content &amp; Streamer #CallofDutyModernWarfare2 Multiplayer | DMZ | #Warzone2, Creator for
@Kindr3dK &amp; @TeamDxF #RESP…",1305902514328547328,arickt3244,1,0,0,0,0,   arickt3244   youtube content  amp  streamer  callofdutymodernwarfare2 multiplayer   dmz    warzone2  creator for kindr3dk  amp   teamdxf  resp ,Irrelevant
67,"SHOW SOME LOVE 🎯

#MWII
#ModernWarfare2
#CallofDuty

https://t.co/pwUUkrpvCo",1412591633032486921,**this tweet had been deleted or hidden**,1,1,7,0,0,show some love  mwii modernwarfare2 callofduty  s t co pwuukrpvco,Positive
68,RT @661ave: #JohnPrice #CaptainPrice #MWII #MW2 #CallofDuty https://t.co/sdOdCzsFZS,1643692291347865616,661ave,409,0,0,0,0,   661ave   johnprice  captainprice  mwii  mw2  callofduty  s t co sdodczsfzs,Neutral
69,RT @PlayCODMobile: 📌 Pinning the best GIF! https://t.co/LxlrwBU9RF,944068236601110534,PlayCODMobile,21,0,0,0,0,   playcodmobile    pinning the best gif   s t co lxlrwbu9rf,Positive
70,"RT @loneghostwolf88: Just me appreciating his new model I'm using for my renders
#CoDMW2 #simonghostriley #CoDGhost #CallofDuty #3DRender…",1568444618781368321,loneghostwolf88,133,0,0,0,0,   loneghostwolf88  just me appreciating his new model i m using for my renders codmw2  simonghostriley  codghost  callofduty  3drender ,Positive
71,RT @PlayCODMobile: 🗡️Season 6: Templar's Oath goes live on 7/5 at 5PM PT and you don't want to miss it!🙅‍♂️ https://t.co/evzKSQEud3,944068236601110534,PlayCODMobile,45,0,0,0,0,   playcodmobile   season 6  templar s oath goes live on 7 5 at 5pm pt and you don t want to miss it   s t co evzksqeud3,Neutral
72,"RT @loneghostwolf88: Detective Mactavish 
#MWII  #CodSoap #CallofDuty #3DRender https://t.co/QYUOhkFzgm",1568444618781368321,loneghostwolf88,225,0,0,0,0,   loneghostwolf88  detective mactavish  mwii   codsoap  callofduty  3drender  s t co qyuohkfzgm,Neutral
73,"RT @PlayCODMobile: 🧑‍🎨 🎨 The artists did not come to play!

Here are some of our favorite S5 pieces 🖼️

Artists:
IG: @naira_zzhra22
IG: @wr…",944068236601110534,PlayCODMobile,30,0,0,0,0,   playcodmobile      the a ists did not come to play here are some of our favorite s5 pieces  a ists ig   naira zzhra22 ig   wr ,Neutral
74,"RT @yuntungchen0929: What are you doing?
@KimMazyckCos 

#CallofDuty #Callofdutymobile #ModernWarfare2 #MWII #GhostSoap #soapghost https://…",1306960860175368193,yuntungchen0929,30,0,0,0,0,   yuntungchen0929  what are you doing kimmazyckcos  callofduty  callofdutymobile  modernwarfare2  mwii  ghostsoap  soapghost  s ,Negative
75,"RT @GOHGAMER: @CallofDuty Modern Warfare 2 is so broken and boring that it made me reinstall Cold War, the most boring CoD of all time befo…",1555186380292395008,GOHGAMER,1,0,0,0,0,   gohgamer   callofduty modern warfare 2 is so broken and boring that it made me reinstall cold war  the most boring cod of all time befo ,Negative
76,@PlayCODMobile https://t.co/OIASGW3TIU,1538581930043707393,PlayCODMobile,0,0,0,0,0, playcodmobile  s t co oiasgw3tiu,Neutral
77,Could these possibly turn into the new meta?!?!?!#viral #warzone #tiktok #CallofDuty  #meme #twitch #MW2  #SupportSmallStreamers https://t.co/0InYj8Ii67,1612871267102728200,**this tweet had been deleted or hidden**,0,0,1,0,0,could these possibly turn into the new meta viral  warzone  tiktok  callofduty   meme  twitch  mw2   suppo smallstreamers  s t co 0inyj8ii67,Neutral
78,"RT @loneghostwolf88: Detective Mactavish 
#MWII  #CodSoap #CallofDuty #3DRender https://t.co/QYUOhkFzgm",1617505926004490240,loneghostwolf88,225,0,0,0,0,   loneghostwolf88  detective mactavish  mwii   codsoap  callofduty  3drender  s t co qyuohkfzgm,Neutral
79,RT @661ave: #JohnPrice #CaptainPrice #MWII #MW2 #CallofDuty https://t.co/sdOdCzsFZS,1407861361607073793,661ave,409,0,0,0,0,   661ave   johnprice  captainprice  mwii  mw2  callofduty  s t co sdodczsfzs,Neutral
80,"RT @alexgscod: What LT sees 💀🖤🧼
(+nsfw variants on patreon)

#GhostSoap #SoapGhost #CallOfDuty #MW2 https://t.co/0KxKQEGblR",1461210286707204098,alexgscod,364,0,0,0,0,   alexgscod  what lt sees  nsfw variants on patreon ghostsoap  soapghost  callofduty  mw2  s t co 0kxkqegblr,Negative
81,"RT @loneghostwolf88: The king's royal tiny booty 👑😈💞
#CallofDutyModernWarfare2 #CoDKönig #CallofDuty #3DRender #Daz3D #MWII https://t.co/OY…",1577235974626607106,loneghostwolf88,83,0,0,0,0,   loneghostwolf88  the king s royal tiny booty  callofdutymodernwarfare2  codk nig  callofduty  3drender  daz3d  mwii  s t co oy ,Neutral
82,RT @_Eidetic_: König's definitely the possessive type - tho I feel  more so because he's socially inept &amp; doesn't know how to approach thin…,1361391452018909184,_Eidetic_,37,0,0,0,0,   eidetic  k nig s definitely the possessive type   tho i feel  more so because he s socially inept  amp  doesn t know how to approach thin ,Irrelevant
83,"RT @loneghostwolf88: 👑❤️‍🔥
#CallofDutyModernWarfare2  #CoDKönig #CallofDuty #3DRender #Rendering #Daz3D #MWII https://t.co/SJJ5p7xpz8",1577235974626607106,loneghostwolf88,172,0,0,0,0,   loneghostwolf88   callofdutymodernwarfare2   codk nig  callofduty  3drender  rendering  daz3d  mwii  s t co sjj5p7xpz8,Neutral
84,"RT @loneghostwolf88: Detective Mactavish 
#MWII  #CodSoap #CallofDuty #3DRender https://t.co/QYUOhkFzgm",3340983493,loneghostwolf88,225,0,0,0,0,   loneghostwolf88  detective mactavish  mwii   codsoap  callofduty  3drender  s t co qyuohkfzgm,Neutral
85,@PlayCODMobile Welcome Why was the tank war mode removed in Battle Royale? Wehave not seen this mode for more than two years. I want to return this mode to the game.We do not want everytimeto put 20 against 20and heavysniperrifles orblitzkriegWe wanttoreturn the tank battle mode toBattle Royale,1251221202724687874,PlayCODMobile,0,0,0,0,0, playcodmobile welcome why was the tank war mode removed in battle royale  wehave not seen this mode for more than two years  i want to return this mode to the game we do not want everytimeto put 20 against 20and heavysniperrifles orblitzkriegwe wanttoreturn the tank battle mode tobattle royale,Neutral
86,ENVOY SAYS HE WANTS TORONTO! SEATTLE WIPE??| 🌶️2023 CDL ROSTERMANIA UPDA... https://t.co/prs0Ksfw8f #CDL  #cdl2023 #Rostermania,999897326725414914,**this tweet had been deleted or hidden**,0,0,0,0,0,envoy says he wants toronto  seattle wipe   2023 cdl rostermania upda   s t co prs0ksfw8f  cdl   cdl2023  rostermania,Neutral
87,"RT @xFrio_: Servers had me checked and I was still fragging

#MW2 #eSports #CallofDuty #gamingpc #RICOCHET #twitchstreamer #twitchaffiliate…",4816394819,xFrio_,1,0,0,0,0,   xfrio  servers had me checked and i was still fragging mw2  espo s  callofduty  gamingpc  ricochet  twitchstreamer  twitchaffiliate ,Negative
88,"RT @xFrio_: Crispy aim coming out of the break

#MW2 #eSports #CallofDuty #gamingpc #RICOCHET #twitchstreamer #twitchaffiliate #Competition…",4816394819,xFrio_,1,0,0,0,0,   xfrio  crispy aim coming out of the break mw2  espo s  callofduty  gamingpc  ricochet  twitchstreamer  twitchaffiliate  competition ,Positive
89,"RT @CallofDuty: SEASON 04 IS HERE. Vondel, increased health in Warzone, new MP maps, Battle Pass and so much more 🔥 

Stand above the rest…",1669473932884230146,CallofDuty,312,0,0,0,0,   callofduty  season 04 is here  vondel  increased health in warzone  new mp maps  battle pass and so much more    stand above the rest ,Positive
90,"🔥 SOLO VS DUOOOO!
https://t.co/KIDoxg0nG8

#CallofDuty #Warzone2 #streamers #twitch",1510653122007519244,**this tweet had been deleted or hidden**,0,0,0,0,0,  solo vs duoooo  s t co kidoxg0ng8 callofduty  warzone2  streamers  twitch,Neutral
91,"Crispy aim coming out of the break

#MW2 #eSports #CallofDuty #gamingpc #RICOCHET #twitchstreamer #twitchaffiliate #Competition #gaming #comedy #elite #SupportSmallStreamers #SupportSmallStreams #progaming #COD https://t.co/D9qzvd2Adq",1372211843402448904,**this tweet had been deleted or hidden**,1,0,1,0,0,crispy aim coming out of the break mw2  espo s  callofduty  gamingpc  ricochet  twitchstreamer  twitchaffiliate  competition  gaming  comedy  elite  suppo smallstreamers  suppo smallstreams  progaming  cod  s t co d9qzvd2adq,Neutral
92,"RT @loneghostwolf88: Detective Mactavish 
#MWII  #CodSoap #CallofDuty #3DRender https://t.co/QYUOhkFzgm",1318718547175026692,loneghostwolf88,225,0,0,0,0,   loneghostwolf88  detective mactavish  mwii   codsoap  callofduty  3drender  s t co qyuohkfzgm,Neutral
93,"Servers had me checked and I was still fragging

#MW2 #eSports #CallofDuty #gamingpc #RICOCHET #twitchstreamer #twitchaffiliate #Competition #gaming #comedy #elite #SupportSmallStreamers #SupportSmallStreams #progaming #COD https://t.co/MjNzLMOirx",1372211843402448904,**this tweet had been deleted or hidden**,1,0,2,0,0,servers had me checked and i was still fragging mw2  espo s  callofduty  gamingpc  ricochet  twitchstreamer  twitchaffiliate  competition  gaming  comedy  elite  suppo smallstreamers  suppo smallstreams  progaming  cod  s t co mjnzlmoirx,Negative
94,"RT @hestax_: so.. 

#könig #mw2 #CallofDuty https://t.co/sXk59dCjKi",1577235974626607106,hestax_,209,0,0,0,0,   hestax  so   k nig  mw2  callofduty  s t co sxk59dcjki,Positive
95,"Bro my peers just made me into an excelling pro, I'm bout to drop another ranked sniping montage, victus vibes stay tuned

 #kick #KickAffiliate #KickStreaming #MW2 #CallofDuty #YouTube #youtubegaming",1480307763641257986,**this tweet had been deleted or hidden**,1,0,2,0,0,bro my peers just made me into an excelling pro  i m bout to drop another ranked sniping montage  victus vibes stay tuned   kick  kickaffiliate  kickstreaming  mw2  callofduty  youtube  youtubegaming,Neutral
96,"@YouTube Content &amp; Streamer #CallofDutyModernWarfare2 Multiplayer | DMZ | #Warzone2, Creator for
@Kindr3dK &amp; @TeamDxF #RESPAWNRecruit Don't Forget To Subscribe 🫶

Partnered by @XPCoffeeCo ☕️ CODE: ARICKT!!

@Kindr3dNations
@RESPAWNProducts
@EsportsTenn 

https://t.co/b8tNH7ppuH",1252079782369558528,YouTube,1,0,3,0,0, youtube content  amp  streamer  callofdutymodernwarfare2 multiplayer   dmz    warzone2  creator for kindr3dk  amp   teamdxf  respawnrecruit don t forget to subscribe  pa nered by  xpcoffeeco   code  arickt kindr3dnations respawnproducts espo stenn   s t co b8tnh7ppuh,Irrelevant
97,"RT @yumecore: Simon ""Ghost"" Riley
#CallofDuty #MWII #MW2 
Loove this shot  1/2 https://t.co/4wjGuWUxA1",1573109881648848897,yumecore,93,0,0,0,0,   yumecore  simon  ghost  riley callofduty  mwii  mw2  loove this shot  1 2  s t co 4wjguwuxa1,Neutral
98,"RT @artimaaaeus: lato-lato 💥💥
(audio's a BIT loud btw!!)
---
#CallofDuty #MWII #MW2 #SoapGaz https://t.co/21wPtriMZr",1441065101469966345,artimaaaeus,163,0,0,0,0,   a imaaaeus  lato lato  audio s a bit loud btw callofduty  mwii  mw2  soapgaz  s t co 21wptrimzr,Neutral
