,text,author_id,username,retweet,reply,like,quote,bookmark,lower,sentiment
0,"RT @alexgscod: What LT sees 💀🖤🧼
(+nsfw variants on patreon)

#GhostSoap #SoapGhost #CallOfDuty #MW2 https://t.co/0KxKQEGblR",1515771686766923781,alexgscod,364,0,0,0,0,   alexgscod  what lt sees  nsfw variants on patreon ghostsoap  soapghost  callofduty  mw2  s t co 0kxkqegblr,Negative
1,"holy shit, ive been trying to replay the mw2 campaign to get out of this bored state and i cant get past this fucking ricochet loading screen. what the fuck did yall do? @Activision",1356459424991375360,Activision,0,0,2,0,0,holy shit  ive been trying to replay the mw2 campaign to get out of this bored state and i cant get past this fucking ricochet loading screen  what the fuck did yall do   activision,Negative
2,RT @661ave: #JohnPrice #CaptainPrice #MWII #MW2 #CallofDuty https://t.co/sdOdCzsFZS,1444977794425888771,661ave,409,0,0,0,0,   661ave   johnprice  captainprice  mwii  mw2  callofduty  s t co sdodczsfzs,Neutral
3,RT @661ave: #JohnPrice #CaptainPrice #MWII #MW2 #CallofDuty https://t.co/sdOdCzsFZS,1397486942053232640,661ave,409,0,0,0,0,   661ave   johnprice  captainprice  mwii  mw2  callofduty  s t co sdodczsfzs,Neutral
4,RT @SHYmanages_: We (Team Love Fighters🇯🇵) are searching for an organization to represent for the @ESLCODM @PlayCODMobile Stage4 and the Wo…,1261549904507240450,SHYmanages_,13,0,0,0,0,   shymanages  we  team love fighters  are searching for an organization to represent for the  eslcodm  playcodmobile stage4 and the wo ,Irrelevant
5,"Help me reach 50 followers, Mostly stream Call of Duty MW2. 
Check out my channel, drop a follow. Maybe try catch my next stream. #gaming #gaymer #twitch #twitchstreamer #streamer #CallofDuty https://t.co/iwSooibccG",2964668693,**this tweet had been deleted or hidden**,0,0,0,0,0,help me reach 50 followers  mostly stream call of duty mw2   check out my channel  drop a follow  maybe try catch my next stream   gaming  gaymer  twitch  twitchstreamer  streamer  callofduty  s t co iwsooibccg,Irrelevant
6,"RT @Neick_hitlz: Suddenly a quick sketch of a beautiful woman 🙌💞

#MWII #CallOfDuty #FarahKarim https://t.co/GR0dZeyAEH",831483962945974272,Neick_hitlz,60,0,0,0,0,   neick hitlz  suddenly a quick sketch of a beautiful woman  mwii  callofduty  farahkarim  s t co gr0dzeyaeh,Neutral
7,"RT @RippedMinds: LIVE :D We vibin' for a couple hours w/ #RankedPlay , pubs, videos &amp; good vibes! Feel free to stop by! $th of July Eve lol…",1235600986904973313,RippedMinds,4,0,0,0,0,   rippedminds  live  d we vibin  for a couple hours w   rankedplay   pubs  videos  amp  good vibes  feel free to stop by   th of july eve lol ,Irrelevant
8,"RT @BettyBRenders: 👑 Today König…

…tomorrow 🤷🏼‍♀️

#König #Koenig #KönigMW2 #MW2 #MWII #CallofDutyModernWarfare2 #CallofDuty https://t.co/…",1545465640391245827,BettyBRenders,890,0,0,0,0,   bettybrenders    today k nig tomorrow  k nig  koenig  k nigmw2  mw2  mwii  callofdutymodernwarfare2  callofduty  s t co ,Positive
9,"RT @AmikoRoyAi: Some Valeria and Alejandro doodles👀

#CallofDuty #MWII #alejandrovargas #valeriagarza https://t.co/7cPMiXhxzg",1064679365177458688,AmikoRoyAi,363,0,0,0,0,   amikoroyai  some valeria and alejandro doodles callofduty  mwii  alejandrovargas  valeriagarza  s t co 7cpmixhxzg,Neutral
10,@PlayCODMobile Easy 100+ kills daily https://t.co/x3C0sylEt9,34768793,PlayCODMobile,0,0,0,0,0, playcodmobile easy 100  kills daily  s t co x3c0sylet9,Neutral
11,RT @661ave: #JohnPrice #CaptainPrice #MWII #MW2 #CallofDuty https://t.co/sdOdCzsFZS,387891802,661ave,409,0,0,0,0,   661ave   johnprice  captainprice  mwii  mw2  callofduty  s t co sdodczsfzs,Neutral
12,"RT @CODmwfeed: One #ModernWarfare2                #PS5 bundle to give away. To enter follow the steps below.💜

Follow+❤+♻️+Comment
#CallofD…",1451042419026321409,CODmwfeed,18,0,0,0,0,   codmwfeed  one  modernwarfare2   ps5 bundle to give away  to enter follow the steps below follow comment callofd ,Neutral
13,@PlayCODMobile https://t.co/7A2ry0NN8H,34768793,PlayCODMobile,0,0,0,0,0, playcodmobile  s t co 7a2ry0nn8h,Neutral
14,@PlayCODMobile https://t.co/A1RKPSMuO9,34768793,PlayCODMobile,0,0,0,0,0, playcodmobile  s t co a1rkpsmuo9,Neutral
15,@4k_isn @SSRGaming18 @_Fotoqraf_Man_ @WarzoneMobile @PlayCODMobile @GooglePlay @AppStore @YouTubeCreators @YouTubeGaming @YouTube @Wynnsanity @RoastSmith_ @GamingWorriers @RealBobbyPlays @RJCZ32 @Rimjhimhazarik8 @Slush0p @SuperSonicWZM @PlayWZM @NEXUSyt_S @NickySantano Codm is pathetic 😅,1620490197082177538,4k_isn,0,0,0,0,0, 4k isn  ssrgaming18  fotoqraf man   warzonemobile  playcodmobile  googleplay  appstore  youtubecreators  youtubegaming  youtube  wynnsanity  roastsmith   gamingworriers  realbobbyplays  rjcz32  rimjhimhazarik8  slush0p  supersonicwzm  playwzm  nexusyt s  nickysantano codm is pathetic  ,Neutral
16,"TORTURE TEAM! #Warzone2 #Warzone #CallofDuty @EnduranceTweets 

https://t.co/M48SKIYhc0 https://t.co/1Jzzgh2ry7",1572952583509053442,EnduranceTweets,0,0,4,0,0,to ure team   warzone2  warzone  callofduty  endurancetweets   s t co m48skiyhc0  s t co 1jzzgh2ry7,Neutral
17,"TORTURE TEAM! #Warzone2 #Warzone #CallofDuty @EnduranceTweets 
https://t.co/M48SKIYhc0 https://t.co/YvioOYRH2H",1572952583509053442,EnduranceTweets,0,0,0,0,0,to ure team   warzone2  warzone  callofduty  endurancetweets   s t co m48skiyhc0  s t co yviooyrh2h,Neutral
18,"RT @alexgscod: What LT sees 💀🖤🧼
(+nsfw variants on patreon)

#GhostSoap #SoapGhost #CallOfDuty #MW2 https://t.co/0KxKQEGblR",1638324060760227840,alexgscod,364,0,0,0,0,   alexgscod  what lt sees  nsfw variants on patreon ghostsoap  soapghost  callofduty  mw2  s t co 0kxkqegblr,Negative
19,"RT @AmikoRoyAi: So Ghost new outfit huh😩

#ghostsoap #soapghost #mwii #callofduty https://t.co/vymDc1spfC",1274977247074582528,AmikoRoyAi,646,0,0,0,0,   amikoroyai  so ghost new outfit huh ghostsoap  soapghost  mwii  callofduty  s t co vymdc1spfc,Neutral
20,RT @661ave: #JohnPrice #CaptainPrice #MWII #MW2 #CallofDuty https://t.co/sdOdCzsFZS,1660408705240711171,661ave,409,0,0,0,0,   661ave   johnprice  captainprice  mwii  mw2  callofduty  s t co sdodczsfzs,Neutral
21,RT @661ave: #JohnPrice #CaptainPrice #MWII #MW2 #CallofDuty https://t.co/sdOdCzsFZS,83934517,661ave,409,0,0,0,0,   661ave   johnprice  captainprice  mwii  mw2  callofduty  s t co sdodczsfzs,Neutral
22,"RT @alexgscod: What LT sees 💀🖤🧼
(+nsfw variants on patreon)

#GhostSoap #SoapGhost #CallOfDuty #MW2 https://t.co/0KxKQEGblR",1483637797764612098,alexgscod,364,0,0,0,0,   alexgscod  what lt sees  nsfw variants on patreon ghostsoap  soapghost  callofduty  mw2  s t co 0kxkqegblr,Negative
23,"RT @Neick_hitlz: Suddenly a quick sketch of a beautiful woman 🙌💞

#MWII #CallOfDuty #FarahKarim https://t.co/GR0dZeyAEH",2328978614,Neick_hitlz,60,0,0,0,0,   neick hitlz  suddenly a quick sketch of a beautiful woman  mwii  callofduty  farahkarim  s t co gr0dzeyaeh,Neutral
24,"RT @alexgscod: What LT sees 💀🖤🧼
(+nsfw variants on patreon)

#GhostSoap #SoapGhost #CallOfDuty #MW2 https://t.co/0KxKQEGblR",845199317669314560,alexgscod,364,0,0,0,0,   alexgscod  what lt sees  nsfw variants on patreon ghostsoap  soapghost  callofduty  mw2  s t co 0kxkqegblr,Negative
25,"RT @loneghostwolf88: Just me appreciating his new model I'm using for my renders
#CoDMW2 #simonghostriley #CoDGhost #CallofDuty #3DRender…",83934517,loneghostwolf88,133,0,0,0,0,   loneghostwolf88  just me appreciating his new model i m using for my renders codmw2  simonghostriley  codghost  callofduty  3drender ,Positive
26,It’s been a while but I’m streaming on twitch again! Come out to https://t.co/p6WkjJ8XEp I appreciate all your support! #canadian #live #twitchaffiliate #CallofDuty #Warzone2,1513730081683738624,**this tweet had been deleted or hidden**,0,0,0,0,0,it s been a while but i m streaming on twitch again  come out to  s t co p6wkjj8xep i appreciate all your suppo    canadian  live  twitchaffiliate  callofduty  warzone2,Positive
27,@RebelCODM_ @TheNoahSunday Hell yeah agree with @PlayCODMobile that news can fuck no one can judge how much to play or do what 😁,1431991456491884549,RebelCODM_,0,0,1,0,0, rebelcodm   thenoahsunday hell yeah agree with  playcodmobile that news can fuck no one can judge how much to play or do what  ,Negative
28,"RT @alexgscod: What LT sees 💀🖤🧼
(+nsfw variants on patreon)

#GhostSoap #SoapGhost #CallOfDuty #MW2 https://t.co/0KxKQEGblR",83934517,alexgscod,364,0,0,0,0,   alexgscod  what lt sees  nsfw variants on patreon ghostsoap  soapghost  callofduty  mw2  s t co 0kxkqegblr,Negative
29,"RT @RippedMinds: LIVE :D We vibin' for a couple hours w/ #RankedPlay , pubs, videos &amp; good vibes! Feel free to stop by! $th of July Eve lol…",1569340143122644994,RippedMinds,4,0,0,0,0,   rippedminds  live  d we vibin  for a couple hours w   rankedplay   pubs  videos  amp  good vibes  feel free to stop by   th of july eve lol ,Irrelevant
30,"RT @Dougfunnnys: Torture TEAM! 
#Warzone2 #Warzone #CallofDuty #Callofdutymobile #CoDMobile #warzoneclips @EnduranceTweets https://t.co/mvn…",1569340143122644994,Dougfunnnys,3,0,0,0,0,   dougfunnnys  to ure team   warzone2  warzone  callofduty  callofdutymobile  codmobile  warzoneclips  endurancetweets  s t co mvn ,Irrelevant
31,RT @661ave: #JohnPrice #CaptainPrice #MWII #MW2 #CallofDuty https://t.co/sdOdCzsFZS,1406285538051588099,661ave,409,0,0,0,0,   661ave   johnprice  captainprice  mwii  mw2  callofduty  s t co sdodczsfzs,Neutral
32,RT @ghosttown201: https://t.co/2laE5dTtWp  #Warzone2 #CallofDuty #twitchstreamer #KickStreaming #YouTube #TikTok,56026114,ghosttown201,1,0,0,0,0,   ghosttown201   s t co 2lae5dttwp   warzone2  callofduty  twitchstreamer  kickstreaming  youtube  tiktok,Neutral
33,"RT @alexgscod: What LT sees 💀🖤🧼
(+nsfw variants on patreon)

#GhostSoap #SoapGhost #CallOfDuty #MW2 https://t.co/0KxKQEGblR",1593258367094398976,alexgscod,364,0,0,0,0,   alexgscod  what lt sees  nsfw variants on patreon ghostsoap  soapghost  callofduty  mw2  s t co 0kxkqegblr,Negative
34,"@Activision @RavenSoftware you guys need to get your developers to fix MWII, how are dying to our own mortar strike but you can’t die to nothing else of your ?",47177181,Activision,0,0,0,0,0, activision  ravensoftware you guys need to get your developers to fix mwii  how are dying to our own mo ar strike but you can t die to nothing else of your  ,Negative
35,"中国人とDMZやるとチームのバランス崩れるしうるさくてイライラしてくる.
アイツら人口多いんだからサーバー別にしてくれって思うね
#MW2 #DMZ #CoD",396297972,**this tweet had been deleted or hidden**,0,0,1,0,0, dmz mw2  dmz  cod,Positive
36,"RT @Neick_hitlz: Suddenly a quick sketch of a beautiful woman 🙌💞

#MWII #CallOfDuty #FarahKarim https://t.co/GR0dZeyAEH",1651592598329409536,Neick_hitlz,60,0,0,0,0,   neick hitlz  suddenly a quick sketch of a beautiful woman  mwii  callofduty  farahkarim  s t co gr0dzeyaeh,Neutral
37,"DMZ Madness: Dive into the Heart of Intense Action and Gunfights! https://t.co/jhv9g1gcyY via @YouTube

#CallofDuty #MWII #4thofJuly",1134074542110969856,YouTube,0,0,1,0,0,dmz madness  dive into the hea  of intense action and gunfights   s t co jhv9g1gcyy via  youtube callofduty  mwii  4thofjuly,Neutral
38,"Torture TEAM! 
#Warzone2 #Warzone #CallofDuty #Callofdutymobile #CoDMobile #warzoneclips @EnduranceTweets https://t.co/pCfnvxqKbz https://t.co/mvn0JtYNpH",1572952583509053442,EnduranceTweets,3,0,8,1,0,to ure team   warzone2  warzone  callofduty  callofdutymobile  codmobile  warzoneclips  endurancetweets  s t co pcfnvxqkbz  s t co mvn0jtynph,Neutral
39,RT @661ave: #JohnPrice #CaptainPrice #MWII #MW2 #CallofDuty https://t.co/sdOdCzsFZS,1138224166543532033,661ave,409,0,0,0,0,   661ave   johnprice  captainprice  mwii  mw2  callofduty  s t co sdodczsfzs,Neutral
40,"RT @loneghostwolf88: Just me appreciating his new model I'm using for my renders
#CoDMW2 #simonghostriley #CoDGhost #CallofDuty #3DRender…",2328978614,loneghostwolf88,133,0,0,0,0,   loneghostwolf88  just me appreciating his new model i m using for my renders codmw2  simonghostriley  codghost  callofduty  3drender ,Positive
41,@PlayCODMobile خياس,1391627469044822016,PlayCODMobile,0,0,0,0,0, playcodmobile  ,Positive
42,"RT @Neick_hitlz: Suddenly a quick sketch of a beautiful woman 🙌💞

#MWII #CallOfDuty #FarahKarim https://t.co/GR0dZeyAEH",2473556245,Neick_hitlz,60,0,0,0,0,   neick hitlz  suddenly a quick sketch of a beautiful woman  mwii  callofduty  farahkarim  s t co gr0dzeyaeh,Neutral
43,"RT @Neick_hitlz: Suddenly a quick sketch of a beautiful woman 🙌💞

#MWII #CallOfDuty #FarahKarim https://t.co/GR0dZeyAEH",1646642470610927616,Neick_hitlz,60,0,0,0,0,   neick hitlz  suddenly a quick sketch of a beautiful woman  mwii  callofduty  farahkarim  s t co gr0dzeyaeh,Neutral
44,"https://t.co/4IgHOCE5HR

#MW2 #CallofDuty #kick #youtube https://t.co/JFN2MI7lGv",1480307763641257986,**this tweet had been deleted or hidden**,0,1,1,0,0, s t co 4ighoce5hr mw2  callofduty  kick  youtube  s t co jfn2mi7lgv,Neutral
45,RT @661ave: #MWII #MW2 #CallofDuty #Ghost #SimonGhostRiley #König #Konig https://t.co/ccH1WC6wCN,1084222515399008258,661ave,356,0,0,0,0,   661ave   mwii  mw2  callofduty  ghost  simonghostriley  k nig  konig  s t co cch1wc6wcn,Neutral
46,Call of Duty Mw2 Streamer Hit's Insane Trickshot in Mw2 snd Pub lobby! #cod #Mw2 #gaming #anime #nfl #snd #ModernWarfareII #CallofDuty https://t.co/fvAnLOhgOh,3558766413,**this tweet had been deleted or hidden**,0,1,5,0,0,call of duty mw2 streamer hit s insane trickshot in mw2 snd pub lobby   cod  mw2  gaming  anime  nfl  snd  modernwarfareii  callofduty  s t co fvanlohgoh,Positive
47,"RT @PlayCODMobile: 🧑‍🎨 🎨 The artists did not come to play!

Here are some of our favorite S5 pieces 🖼️

Artists:
IG: @naira_zzhra22
IG: @wr…",1454716932226117633,PlayCODMobile,30,0,0,0,0,   playcodmobile      the a ists did not come to play here are some of our favorite s5 pieces  a ists ig   naira zzhra22 ig   wr ,Neutral
48,166 kill game #CallofDuty #Callofdutymobile #CoDMobile @PlayCODMobile looking to sign to a team #Retweet https://t.co/0wMoKtFdgb,1357832376299122690,PlayCODMobile,0,0,2,0,0,166 kill game  callofduty  callofdutymobile  codmobile  playcodmobile looking to sign to a team  retweet  s t co 0wmoktfdgb,Negative
49,"RT @alexgscod: What LT sees 💀🖤🧼
(+nsfw variants on patreon)

#GhostSoap #SoapGhost #CallOfDuty #MW2 https://t.co/0KxKQEGblR",1475650243949576193,alexgscod,364,0,0,0,0,   alexgscod  what lt sees  nsfw variants on patreon ghostsoap  soapghost  callofduty  mw2  s t co 0kxkqegblr,Negative
50,@PlayCODMobile 143 kill game #CallofDuty #CoDMobile looking to sign to a team #Retweet https://t.co/sTl5jToLs0,1357832376299122690,PlayCODMobile,0,0,0,0,0, playcodmobile 143 kill game  callofduty  codmobile looking to sign to a team  retweet  s t co stl5jtols0,Negative
51,"RT @alexgscod: What LT sees 💀🖤🧼
(+nsfw variants on patreon)

#GhostSoap #SoapGhost #CallOfDuty #MW2 https://t.co/0KxKQEGblR",1114224705727111168,alexgscod,364,0,0,0,0,   alexgscod  what lt sees  nsfw variants on patreon ghostsoap  soapghost  callofduty  mw2  s t co 0kxkqegblr,Negative
52,134 kill game looking to sign to a team @PlayCODMobile #CallofDuty #CoDMobile https://t.co/RMa4TXkRy2,1357832376299122690,PlayCODMobile,0,0,0,0,0,134 kill game looking to sign to a team  playcodmobile  callofduty  codmobile  s t co rma4txkry2,Neutral
53,RT @661ave: #JohnPrice #CaptainPrice #MWII #MW2 #CallofDuty https://t.co/sdOdCzsFZS,1566482150358011904,661ave,409,0,0,0,0,   661ave   johnprice  captainprice  mwii  mw2  callofduty  s t co sdodczsfzs,Neutral
54,166 kill game @PlayCODMobile #CallofDuty #CoDMobile looking to sign to a team I'm available https://t.co/7HijINiQ4f,34768793,PlayCODMobile,0,0,0,0,0,166 kill game  playcodmobile  callofduty  codmobile looking to sign to a team i m available  s t co 7hijiniq4f,Negative
55,RT @661ave: #JohnPrice #CaptainPrice #MWII #MW2 #CallofDuty https://t.co/sdOdCzsFZS,1387824461378899977,661ave,409,0,0,0,0,   661ave   johnprice  captainprice  mwii  mw2  callofduty  s t co sdodczsfzs,Neutral
56,RT @661ave: #JohnPrice #CaptainPrice #MWII #MW2 #CallofDuty https://t.co/sdOdCzsFZS,1306447723076317184,661ave,409,0,0,0,0,   661ave   johnprice  captainprice  mwii  mw2  callofduty  s t co sdodczsfzs,Neutral
57,"RT @artimaaaeus: lato-lato 💥💥
(audio's a BIT loud btw!!)
---
#CallofDuty #MWII #MW2 #SoapGaz https://t.co/21wPtriMZr",1419552909239353345,artimaaaeus,163,0,0,0,0,   a imaaaeus  lato lato  audio s a bit loud btw callofduty  mwii  mw2  soapgaz  s t co 21wptrimzr,Neutral
58,"RT @h0neyaki: A slot for Soap 🧼
Who else should join? @neil_ellice #cod #CallofDuty #MW2 #codmw2 #SoapMacTavish #SoapCod https://t.co/54GAJ…",1272948560909254657,h0neyaki,37,0,0,0,0,   h0neyaki  a slot for soap  who else should join   neil ellice  cod  callofduty  mw2  codmw2  soapmactavish  soapcod  s t co 54gaj ,Neutral
59,143 kill game @PlayCODMobile #CoDMobile #CallofDuty looking to sign to a team. https://t.co/gVmosV3hTb,34768793,PlayCODMobile,0,0,0,0,0,143 kill game  playcodmobile  codmobile  callofduty looking to sign to a team   s t co gvmosv3htb,Neutral
60,"RT @PlayCODMobile: Bow down to the ruler or fight to become a legend. Check out the Season 6 Trailer now! 

Templar's Oath goes live on 7/5…",1653684067441729538,PlayCODMobile,134,0,0,0,0,   playcodmobile  bow down to the ruler or fight to become a legend  check out the season 6 trailer now   templar s oath goes live on 7 5 ,Neutral
61,"NEW YOUTUBE VIDEO!
This is why I love DMZ

 #DMZ #Warzone2 #CallofDuty 

https://t.co/Zi9IubYsfo https://t.co/pbsK3JFrLK https://t.co/V6O1v8iimp",24700329,**this tweet had been deleted or hidden**,0,0,3,0,0,new youtube video this is why i love dmz   dmz  warzone2  callofduty   s t co zi9iubysfo  s t co pbsk3jfrlk  s t co v6o1v8iimp,Neutral
62,"RT @alexgscod: What LT sees 💀🖤🧼
(+nsfw variants on patreon)

#GhostSoap #SoapGhost #CallOfDuty #MW2 https://t.co/0KxKQEGblR",29605421,alexgscod,364,0,0,0,0,   alexgscod  what lt sees  nsfw variants on patreon ghostsoap  soapghost  callofduty  mw2  s t co 0kxkqegblr,Negative
63,134 kill game @PlayCODMobile #CoDMobile #FreeAgent Who's team can I get signed to https://t.co/tMs498s9Ms,34768793,PlayCODMobile,0,0,0,0,0,134 kill game  playcodmobile  codmobile  freeagent who s team can i get signed to  s t co tms498s9ms,Irrelevant
64,"NEW YOUTUBE VIDEO!
This is why I love DMZ

 #DMZ #Warzone2 #CallofDuty 

https://t.co/Zi9IubYsfo https://t.co/EkPtLGDfv1",24700329,**this tweet had been deleted or hidden**,0,0,0,0,0,new youtube video this is why i love dmz   dmz  warzone2  callofduty   s t co zi9iubysfo  s t co ekptlgdfv1,Irrelevant
65,"RT @Neick_hitlz: Suddenly a quick sketch of a beautiful woman 🙌💞

#MWII #CallOfDuty #FarahKarim https://t.co/GR0dZeyAEH",1470163591328321537,Neick_hitlz,60,0,0,0,0,   neick hitlz  suddenly a quick sketch of a beautiful woman  mwii  callofduty  farahkarim  s t co gr0dzeyaeh,Neutral
66,#CallofDuty #nadia #Warzone #Warzone2 #warzoneclips #4thofJuly #ModernWarfareII https://t.co/DF5s45RM2K,481362832,**this tweet had been deleted or hidden**,0,0,3,0,0, callofduty  nadia  warzone  warzone2  warzoneclips  4thofjuly  modernwarfareii  s t co df5s45rm2k,Negative
67,"RT @h0neyaki: A slot for Soap 🧼
Who else should join? @neil_ellice #cod #CallofDuty #MW2 #codmw2 #SoapMacTavish #SoapCod https://t.co/54GAJ…",1544614760553095168,h0neyaki,37,0,0,0,0,   h0neyaki  a slot for soap  who else should join   neil ellice  cod  callofduty  mw2  codmw2  soapmactavish  soapcod  s t co 54gaj ,Neutral
68,"RT @artimaaaeus: lato-lato 💥💥
(audio's a BIT loud btw!!)
---
#CallofDuty #MWII #MW2 #SoapGaz https://t.co/21wPtriMZr",1189031555265683456,artimaaaeus,163,0,0,0,0,   a imaaaeus  lato lato  audio s a bit loud btw callofduty  mwii  mw2  soapgaz  s t co 21wptrimzr,Neutral
69,"RT @loneghostwolf88: Just me appreciating his new model I'm using for my renders
#CoDMW2 #simonghostriley #CoDGhost #CallofDuty #3DRender…",2783287969,loneghostwolf88,133,0,0,0,0,   loneghostwolf88  just me appreciating his new model i m using for my renders codmw2  simonghostriley  codghost  callofduty  3drender ,Positive
70,RT @DarthGuido702: Another banger powered by @Nectr_Energy! Come hear my boy @sammywy and his bangers! https://t.co/JNDixszDzW #CallofDuty…,4816394819,DarthGuido702,3,0,0,0,0,   da hguido702  another banger powered by  nectr energy  come hear my boy  sammywy and his bangers   s t co jndixszdzw  callofduty ,Neutral
71,"RT @alexgscod: What LT sees 💀🖤🧼
(+nsfw variants on patreon)

#GhostSoap #SoapGhost #CallOfDuty #MW2 https://t.co/0KxKQEGblR",1102657233756643328,alexgscod,364,0,0,0,0,   alexgscod  what lt sees  nsfw variants on patreon ghostsoap  soapghost  callofduty  mw2  s t co 0kxkqegblr,Negative
72,RT @ScarelessArts: @ATVIAssist @CallofDuty FIX THE REPORT SYSTEM ALREADY. SHADOW BANS SHOULD NOT BE A THING‼️tag em down  below.👇👇 #Warzone…,1902121076,ScarelessArts,11,0,0,0,0,   scarelessa s   atviassist  callofduty fix the repo  system already  shadow bans should not be a thing tag em down  below   warzone ,Negative
73,"A slot for Soap 🧼
Who else should join? @neil_ellice #cod #CallofDuty #MW2 #codmw2 #SoapMacTavish #SoapCod https://t.co/54GAJSo4Ca",1272948560909254657,neil_ellice,37,9,663,1,26,a slot for soap  who else should join   neil ellice  cod  callofduty  mw2  codmw2  soapmactavish  soapcod  s t co 54gajso4ca,Neutral
74,"RT @Neick_hitlz: Suddenly a quick sketch of a beautiful woman 🙌💞

#MWII #CallOfDuty #FarahKarim https://t.co/GR0dZeyAEH",110089484,Neick_hitlz,60,0,0,0,0,   neick hitlz  suddenly a quick sketch of a beautiful woman  mwii  callofduty  farahkarim  s t co gr0dzeyaeh,Neutral
75,"RT @alexgscod: What LT sees 💀🖤🧼
(+nsfw variants on patreon)

#GhostSoap #SoapGhost #CallOfDuty #MW2 https://t.co/0KxKQEGblR",1594395941448073217,alexgscod,364,0,0,0,0,   alexgscod  what lt sees  nsfw variants on patreon ghostsoap  soapghost  callofduty  mw2  s t co 0kxkqegblr,Negative
76,"RT @loneghostwolf88: my favorite King 
#CallofDutyModernWarfare2 #CoDKönig #CallofDuty #3DRender #Rendering #Daz3D #MWII https://t.co/uovdj…",1448606136769335296,loneghostwolf88,294,0,0,0,0,   loneghostwolf88  my favorite king  callofdutymodernwarfare2  codk nig  callofduty  3drender  rendering  daz3d  mwii  s t co uovdj ,Positive
77,"RT @BettyBRenders: Like promised… a big, uncensored, needy boy 👑

#König #Koenig #KönigMW2 #MW2 #MWII #CallofDutyModernWarfare2 #CallofDuty…",1156711809442820096,BettyBRenders,418,0,0,0,0,   bettybrenders  like promised  a big  uncensored  needy boy  k nig  koenig  k nigmw2  mw2  mwii  callofdutymodernwarfare2  callofduty ,Positive
78,"RT @BettyBRenders: When you want to post and see #König D 1 C K but twitter says… noooooo! 🖕🏻

#Koenig #KönigMW2 #MW2 #WMII #CallofDutyMode…",1156711809442820096,BettyBRenders,295,0,0,0,0,   bettybrenders  when you want to post and see  k nig d 1 c k but twitter says  noooooo   koenig  k nigmw2  mw2  wmii  callofdutymode ,Negative
79,"@vandettaxxx @GhibManu @PlayCODMobile Not as expensive, besides players can simply buy bundles which is worth it.",1481464939508285444,vandettaxxx,0,0,1,0,0, vandettaxxx  ghibmanu  playcodmobile not as expensive  besides players can simply buy bundles which is wo h it ,Negative
80,"RT @loneghostwolf88: Just me appreciating his new model I'm using for my renders
#CoDMW2 #simonghostriley #CoDGhost #CallofDuty #3DRender…",1246455816552509445,loneghostwolf88,133,0,0,0,0,   loneghostwolf88  just me appreciating his new model i m using for my renders codmw2  simonghostriley  codghost  callofduty  3drender ,Positive
81,"RT @BettyBRenders: 💀🧼
When it‘s Soap‘s turn to order working clothes

1/3

#Ghost #Soap #soapghost #SimonGhostRiley #soapmactavish #ghostmw…",714339759749922816,BettyBRenders,150,0,0,0,0,   bettybrenders   when it s soap s turn to order working clothes 1 3 ghost  soap  soapghost  simonghostriley  soapmactavish  ghostmw ,Neutral
82,"RT @Neick_hitlz: Suddenly a quick sketch of a beautiful woman 🙌💞

#MWII #CallOfDuty #FarahKarim https://t.co/GR0dZeyAEH",923032490989649920,Neick_hitlz,60,0,0,0,0,   neick hitlz  suddenly a quick sketch of a beautiful woman  mwii  callofduty  farahkarim  s t co gr0dzeyaeh,Neutral
83,RT @DarthGuido702: Another banger powered by @Nectr_Energy! Come hear my boy @sammywy and his bangers! https://t.co/JNDixszDzW #CallofDuty…,561581128,DarthGuido702,3,0,0,0,0,   da hguido702  another banger powered by  nectr energy  come hear my boy  sammywy and his bangers   s t co jndixszdzw  callofduty ,Neutral
84,"RT @Warzone_Academy: To be released:

Day 1 - Team Combat Course
Day 2 - Strategies to reach top 10 in Warzone
Day 3 - Personalized mission…",1676008320832864256,Warzone_Academy,2,0,0,0,0,   warzone academy  to be released day 1   team combat course day 2   strategies to reach top 10 in warzone day 3   personalized mission ,Positive
85,"RT @BettyBRenders: 💀 I like him like that 👉🏻👈🏻

…and I might do a few other boys with their pants so looooow

#Ghost #SimonGhostRiley #ghos…",714339759749922816,BettyBRenders,917,0,0,0,0,   bettybrenders    i like him like that  and i might do a few other boys with their pants so looooow ghost  simonghostriley  ghos ,Neutral
86,"RT @Neick_hitlz: Suddenly a quick sketch of a beautiful woman 🙌💞

#MWII #CallOfDuty #FarahKarim https://t.co/GR0dZeyAEH",1561088126889521152,Neick_hitlz,60,0,0,0,0,   neick hitlz  suddenly a quick sketch of a beautiful woman  mwii  callofduty  farahkarim  s t co gr0dzeyaeh,Neutral
87,"RT @BettyBRenders: 👑 Today König…

…tomorrow 🤷🏼‍♀️

#König #Koenig #KönigMW2 #MW2 #MWII #CallofDutyModernWarfare2 #CallofDuty https://t.co/…",714339759749922816,BettyBRenders,890,0,0,0,0,   bettybrenders    today k nig tomorrow  k nig  koenig  k nigmw2  mw2  mwii  callofdutymodernwarfare2  callofduty  s t co ,Positive
88,"RT @Neick_hitlz: Suddenly a quick sketch of a beautiful woman 🙌💞

#MWII #CallOfDuty #FarahKarim https://t.co/GR0dZeyAEH",1349160972536016896,Neick_hitlz,60,0,0,0,0,   neick hitlz  suddenly a quick sketch of a beautiful woman  mwii  callofduty  farahkarim  s t co gr0dzeyaeh,Neutral
89,"RT @BettyBRenders: 🚬 I chose Captain Daddy for today

…more tomorrow ✌🏻

#Price #CaptainPrice #PriceMW2 #MW2 #MWII #CallofDutyModernWarfare…",714339759749922816,BettyBRenders,499,0,0,0,0,   bettybrenders    i chose captain daddy for today more tomorrow  price  captainprice  pricemw2  mw2  mwii  callofdutymodernwarfare ,Positive
90,RT @661ave: #JohnPrice #CaptainPrice #MWII #MW2 #CallofDuty https://t.co/sdOdCzsFZS,1449685027671851010,661ave,409,0,0,0,0,   661ave   johnprice  captainprice  mwii  mw2  callofduty  s t co sdodczsfzs,Neutral
91,"RT @BettyBRenders: 🧢 I have Gaz for you today…

…and still more to come tomorrow

#Gaz #kylegazgarrick #GazMW2 #MW2 #MWII #CallofDutyModern…",714339759749922816,BettyBRenders,143,0,0,0,0,   bettybrenders    i have gaz for you today and still more to come tomorrow gaz  kylegazgarrick  gazmw2  mw2  mwii  callofdutymodern ,Neutral
92,"RT @BettyBRenders: 🧼 It‘s Soap!

…and tomorrow? 🤔

#Soap #SoapMacTavish #SoapMW2 #MW2 #MWII #CallofDutyModernWarfare2 #CallofDuty https://t…",714339759749922816,BettyBRenders,323,0,0,0,0,   bettybrenders    it s soap and tomorrow   soap  soapmactavish  soapmw2  mw2  mwii  callofdutymodernwarfare2  callofduty  s t ,Positive
93,"RT @BettyBRenders: 🐶 Hello Rudy

…one more for tomorrow.

#Rodolfo #RodolfoParra #RudyMW2 #MW2 #MWII #CallofDutyModernWarfare2 #CallofDuty…",714339759749922816,BettyBRenders,144,0,0,0,0,   bettybrenders    hello rudy one more for tomorrow rodolfo  rodolfoparra  rudymw2  mw2  mwii  callofdutymodernwarfare2  callofduty ,Positive
94,@r4tv0miit @PlayCODMobile Bro aren’t you that shitty discord mod on p2 server. L life,1498462214348550149,r4tv0miit,0,0,0,0,0, r4tv0miit  playcodmobile bro aren t you that shitty discord mod on p2 server  l life,Negative
95,"RT @alexgscod: What LT sees 💀🖤🧼
(+nsfw variants on patreon)

#GhostSoap #SoapGhost #CallOfDuty #MW2 https://t.co/0KxKQEGblR",1574779576353525762,alexgscod,364,0,0,0,0,   alexgscod  what lt sees  nsfw variants on patreon ghostsoap  soapghost  callofduty  mw2  s t co 0kxkqegblr,Negative
96,RT @661ave: #JohnPrice #CaptainPrice #MWII #MW2 #CallofDuty https://t.co/sdOdCzsFZS,988981140496134144,661ave,409,0,0,0,0,   661ave   johnprice  captainprice  mwii  mw2  callofduty  s t co sdodczsfzs,Neutral
97,"RT @BettyBRenders: When you want to post and see #König D 1 C K but twitter says… noooooo! 🖕🏻

#Koenig #KönigMW2 #MW2 #WMII #CallofDutyMode…",714339759749922816,BettyBRenders,295,0,0,0,0,   bettybrenders  when you want to post and see  k nig d 1 c k but twitter says  noooooo   koenig  k nigmw2  mw2  wmii  callofdutymode ,Negative
98,"RT @alexgscod: What LT sees 💀🖤🧼
(+nsfw variants on patreon)

#GhostSoap #SoapGhost #CallOfDuty #MW2 https://t.co/0KxKQEGblR",1611272931362963456,alexgscod,364,0,0,0,0,   alexgscod  what lt sees  nsfw variants on patreon ghostsoap  soapghost  callofduty  mw2  s t co 0kxkqegblr,Negative
99,"RT @Unholykazoo: Compiled all my König sketches into one photo

#konig #König #mw2 #digitalart #CallofDuty https://t.co/AtOeqXOJtw",714339759749922816,Unholykazoo,16,0,0,0,0,   unholykazoo  compiled all my k nig sketches into one photo konig  k nig  mw2  digitala   callofduty  s t co atoeqxojtw,Positive
