,author_id,text,username,retweet,reply,like,quote,bookmark,lower,sentiment
0,1112277751,"RT @CODmwfeed: One #ModernWarfare2                #PS5 bundle to give away. To enter follow the steps below.💜

Follow+❤+♻️+Comment
#CallofD…",CODmwfeed,296,0,0,0,0,   codmwfeed  one  modernwarfare2   ps5 bundle to give away  to enter follow the steps below follow comment callofd ,Neutral
1,1290258392276238336,@VishuCODMobile @PlayCODMobile @CODMobileIN @raiderCODM @BoomtheGrinder Let's see if you get grau before me😼🤯,VishuCODMobile,0,1,2,0,0, vishucodmobile  playcodmobile  codmobilein  raidercodm  boomthegrinder let s see if you get grau before me ,Irrelevant
2,4795446212,RT @SuperheroTVcom: #TheBoys #ConsiderTheBoys #CallOfDuty #MWII #Warzone https://t.co/uaYb0WLvOC,SuperheroTVcom,1,0,0,0,0,   superherotvcom   theboys  conside heboys  callofduty  mwii  warzone  s t co uayb0wlvoc,Negative
3,1290258392276238336,"RT @VishuCODMobile: Diamond 💎 #101, #102, #103, #104 &amp; #105:
HVK-30, FR 556, Swordfish, Oden &amp; EM2 💎 Camo Done &amp; Dusted...🔥🔥🔥
Also I Almost…",VishuCODMobile,3,0,0,0,0,   vishucodmobile  diamond    101   102   103   104  amp   105 hvk 30  fr 556  swordfish  oden  amp  em2   camo done  amp  dusted also i almost ,Positive
4,1616968515159994370,"RT @loneghostwolf88: 8th entry of the beach boy series - Rodolfo 'Rudy' Parra ☀️🏝️ 
#rodolfoparra #CoDRudy #CallofDuty #3DRender #MWII http…",loneghostwolf88,154,0,0,0,0,   loneghostwolf88  8th entry of the beach boy series   rodolfo  rudy  parra    rodolfoparra  codrudy  callofduty  3drender  mwii   ,Neutral
5,1233358378811834370,"RT @loneghostwolf88: ""Back off!"" 
#GhostSoap   #CallofDuty #3DRender  #MWII https://t.co/o6DEF9i0me",loneghostwolf88,325,0,0,0,0,   loneghostwolf88   back off   ghostsoap    callofduty  3drender   mwii  s t co o6def9i0me,Negative
6,1233358378811834370,"RT @artimaaaeus: just gaz, checking you out 👁️👁️
---
#CallofDuty #MWII #MW2 #KyleGarrick #Gaz https://t.co/eG0zSCT0kb",artimaaaeus,311,0,0,0,0,   a imaaaeus  just gaz  checking you out  callofduty  mwii  mw2  kylegarrick  gaz  s t co eg0zsct0kb,Neutral
7,313445990,"RT @yumecore: When you caught him by surprise.. target spotted ♡
#CallofDuty #MWII #SimonGhostRiley https://t.co/F7qDTSVGUM",yumecore,349,0,0,0,0,   yumecore  when you caught him by surprise  target spotted  callofduty  mwii  simonghostriley  s t co f7qdtsvgum,Neutral
8,1415509565899120641,"RT @yumecore: When you caught him by surprise.. target spotted ♡
#CallofDuty #MWII #SimonGhostRiley https://t.co/F7qDTSVGUM",yumecore,349,0,0,0,0,   yumecore  when you caught him by surprise  target spotted  callofduty  mwii  simonghostriley  s t co f7qdtsvgum,Neutral
9,1159956934759501824,RT @tb_png: catching up on sleep 😴 #MWII #CallofDuty https://t.co/SLi2voBU8t,tb_png,529,0,0,0,0,   tb png  catching up on sleep    mwii  callofduty  s t co sli2vobu8t,Neutral
10,1433760767354884105,"RT @yumecore: When you caught him by surprise.. target spotted ♡
#CallofDuty #MWII #SimonGhostRiley https://t.co/F7qDTSVGUM",yumecore,349,0,0,0,0,   yumecore  when you caught him by surprise  target spotted  callofduty  mwii  simonghostriley  s t co f7qdtsvgum,Neutral
11,1646716128516001794,"RT @artimaaaeus: simon w/o trauma is prolly very flirtatious
---
#CallofDuty #MWII #MW2 #Ghost https://t.co/CELOykoKiU",artimaaaeus,526,0,0,0,0,   a imaaaeus  simon w o trauma is prolly very fli atious callofduty  mwii  mw2  ghost  s t co celoykokiu,Neutral
12,1415509565899120641,RT @tb_png: catching up on sleep 😴 #MWII #CallofDuty https://t.co/SLi2voBU8t,tb_png,529,0,0,0,0,   tb png  catching up on sleep    mwii  callofduty  s t co sli2vobu8t,Neutral
13,1483158960878366721,@CallofDuty wtf y’all do to #warzone2 ? Can’t get over 80fps because yall want to keep updating 🤦🏽‍♂️ CAN WE JUST PLAY THE GAME …..,CallofDuty,0,0,0,0,0, callofduty wtf y all do to  warzone2   can t get over 80fps because yall want to keep updating   can we just play the game  ,Negative
14,1424971383365373955,RT @tb_png: catching up on sleep 😴 #MWII #CallofDuty https://t.co/SLi2voBU8t,tb_png,529,0,0,0,0,   tb png  catching up on sleep    mwii  callofduty  s t co sli2vobu8t,Neutral
15,1350858328797278211,"Grab your coffee and enjoy watching me die to the superheroes 🤣

Live now: https://t.co/VdOnf4tpX6 

#CallofDuty #BattleRoyale #Warzone2",**this tweet had been deleted or hidden**,0,0,1,0,0,grab your coffee and enjoy watching me die to the superheroes  live now   s t co vdonf4tpx6  callofduty  battleroyale  warzone2,Neutral
16,1097565694768701440,"RT @CODmwfeed: One #ModernWarfare2                #PS5 bundle to give away. To enter follow the steps below.💜

Follow+❤+♻️+Comment
#CallofD…",CODmwfeed,296,0,0,0,0,   codmwfeed  one  modernwarfare2   ps5 bundle to give away  to enter follow the steps below follow comment callofd ,Neutral
17,1624236141103796226,"RT @yumecore: When you caught him by surprise.. target spotted ♡
#CallofDuty #MWII #SimonGhostRiley https://t.co/F7qDTSVGUM",yumecore,349,0,0,0,0,   yumecore  when you caught him by surprise  target spotted  callofduty  mwii  simonghostriley  s t co f7qdtsvgum,Neutral
18,1233358378811834370,RT @tb_png: catching up on sleep 😴 #MWII #CallofDuty https://t.co/SLi2voBU8t,tb_png,529,0,0,0,0,   tb png  catching up on sleep    mwii  callofduty  s t co sli2vobu8t,Neutral
19,1651984700645203973,RT @Lictor_GD: #укррайт #укрфанфікшн #укрслеш #König #Horangi #korangi #Horangicod #GhostSoap #Konigmw2 #CallOfDuty #MW2 @ukrfanficshn @ua_…,Lictor_GD,7,0,0,0,0,   lictor gd         k nig  horangi  korangi  horangicod  ghostsoap  konigmw2  callofduty  mw2  ukrfanficshn  ua ,Negative
20,22260917,"RT @SamuraiStyleTV: @CallofDuty @CODUpdates Hey, how about you apologize to @NICKMERCS for twisting his words, bring back his skin and then…",SamuraiStyleTV,1,0,0,0,0,   samuraistyletv   callofduty  codupdates hey  how about you apologize to  nickmercs for twisting his words  bring back his skin and then ,Neutral
21,1164836102374481920,@CosmoPlayzGG @PlayCODMobile Facts,CosmoPlayzGG,0,0,1,0,0, cosmoplayzgg  playcodmobile facts,Neutral
22,2570153485,RT @tb_png: catching up on sleep 😴 #MWII #CallofDuty https://t.co/SLi2voBU8t,tb_png,529,0,0,0,0,   tb png  catching up on sleep    mwii  callofduty  s t co sli2vobu8t,Neutral
23,313445990,"RT @artimaaaeus: just gaz, checking you out 👁️👁️
---
#CallofDuty #MWII #MW2 #KyleGarrick #Gaz https://t.co/eG0zSCT0kb",artimaaaeus,311,0,0,0,0,   a imaaaeus  just gaz  checking you out  callofduty  mwii  mw2  kylegarrick  gaz  s t co eg0zsct0kb,Neutral
24,1274999228973096962,"RT @artimaaaeus: just gaz, checking you out 👁️👁️
---
#CallofDuty #MWII #MW2 #KyleGarrick #Gaz https://t.co/eG0zSCT0kb",artimaaaeus,311,0,0,0,0,   a imaaaeus  just gaz  checking you out  callofduty  mwii  mw2  kylegarrick  gaz  s t co eg0zsct0kb,Neutral
25,949507114401128448,RT @tb_png: catching up on sleep 😴 #MWII #CallofDuty https://t.co/SLi2voBU8t,tb_png,529,0,0,0,0,   tb png  catching up on sleep    mwii  callofduty  s t co sli2vobu8t,Neutral
26,2428839319,"RANKED PLAY LOCKED IN! | WARZONE 2.0 LIVE!
https://t.co/LDzj4XdT1y

#callofduty #twitchtv #mw2 t #modernwarfare2 #twitchstreamer #twitch #trending #youtube #gaming #TwitchStreamers",**this tweet had been deleted or hidden**,0,1,3,0,0,ranked play locked in    warzone 2 0 live  s t co ldzj4xdt1y callofduty  twitchtv  mw2 t  modernwarfare2  twitchstreamer  twitch  trending  youtube  gaming  twitchstreamers,Neutral
27,1494383021503438849,"RT @artimaaaeus: just gaz, checking you out 👁️👁️
---
#CallofDuty #MWII #MW2 #KyleGarrick #Gaz https://t.co/eG0zSCT0kb",artimaaaeus,311,0,0,0,0,   a imaaaeus  just gaz  checking you out  callofduty  mwii  mw2  kylegarrick  gaz  s t co eg0zsct0kb,Neutral
28,1476582865081184264,RT @tb_png: catching up on sleep 😴 #MWII #CallofDuty https://t.co/SLi2voBU8t,tb_png,529,0,0,0,0,   tb png  catching up on sleep    mwii  callofduty  s t co sli2vobu8t,Neutral
29,1331725097850318856,RT @tb_png: catching up on sleep 😴 #MWII #CallofDuty https://t.co/SLi2voBU8t,tb_png,529,0,0,0,0,   tb png  catching up on sleep    mwii  callofduty  s t co sli2vobu8t,Neutral
30,837196737517236224,@Speedy_CODM @PlayCODMobile I never get lucky,Speedy_CODM,0,1,2,0,0, speedy codm  playcodmobile i never get lucky,Positive
31,1316608383705919490,RT @tb_png: catching up on sleep 😴 #MWII #CallofDuty https://t.co/SLi2voBU8t,tb_png,529,0,0,0,0,   tb png  catching up on sleep    mwii  callofduty  s t co sli2vobu8t,Neutral
32,1380108181423071238,"RT @CODmwfeed: One #ModernWarfare2                #PS5 bundle to give away. To enter follow the steps below.💜

Follow+❤+♻️+Comment
#CallofD…",CODmwfeed,296,0,0,0,0,   codmwfeed  one  modernwarfare2   ps5 bundle to give away  to enter follow the steps below follow comment callofd ,Neutral
33,723466708623577088,"RT @AmikoRoyAi: Portable heater

#ghostsoap #soapghost #MWII #callofduty https://t.co/N5zMoHWTaF",AmikoRoyAi,942,0,0,0,0,   amikoroyai  po able heater ghostsoap  soapghost  mwii  callofduty  s t co n5zmohwtaf,Negative
34,1388011762419646465,"RT @CODmwfeed: One #ModernWarfare2                #PS5 bundle to give away. To enter follow the steps below.💜

Follow+❤+♻️+Comment
#CallofD…",CODmwfeed,14,0,0,0,0,   codmwfeed  one  modernwarfare2   ps5 bundle to give away  to enter follow the steps below follow comment callofd ,Neutral
35,1559243410321670144,RT @Lictor_GD: #укррайт #укрфанфікшн #укрслеш #König #Horangi #korangi #Horangicod #GhostSoap #Konigmw2 #CallOfDuty #MW2 @ukrfanficshn @ua_…,Lictor_GD,7,0,0,0,0,   lictor gd         k nig  horangi  korangi  horangicod  ghostsoap  konigmw2  callofduty  mw2  ukrfanficshn  ua ,Negative
36,1677055351739260928,"RT @Treyarch: Ranked Play is back online and ready for Season 04 Competitors in #ModernWarfareII and #Warzone.

ICYMI: Patch Notes for Seas…",Treyarch,61,0,0,0,0,   treyarch  ranked play is back online and ready for season 04 competitors in  modernwarfareii and  warzone icymi  patch notes for seas ,Neutral
37,989651941423661058,"Short compilation of clips from MW2 Ranked/Warzone 2 just dropped on YouTube. 

https://t.co/HJuOhll0B8 

#twitch #YouTube #twitchgamer #twitchstreamer #CallofDuty #Warzone2 #MW2",**this tweet had been deleted or hidden**,0,0,1,0,0,sho  compilation of clips from mw2 ranked warzone 2 just dropped on youtube    s t co hjuohll0b8  twitch  youtube  twitchgamer  twitchstreamer  callofduty  warzone2  mw2,Neutral
38,768300668,RT @tb_png: catching up on sleep 😴 #MWII #CallofDuty https://t.co/SLi2voBU8t,tb_png,529,0,0,0,0,   tb png  catching up on sleep    mwii  callofduty  s t co sli2vobu8t,Neutral
39,1667292268888195080,"RT @CODmwfeed: One #ModernWarfare2                #PS5 bundle to give away. To enter follow the steps below.💜

Follow+❤+♻️+Comment
#CallofD…",CODmwfeed,296,0,0,0,0,   codmwfeed  one  modernwarfare2   ps5 bundle to give away  to enter follow the steps below follow comment callofd ,Neutral
40,1278053241293545475,RT @tb_png: catching up on sleep 😴 #MWII #CallofDuty https://t.co/SLi2voBU8t,tb_png,529,0,0,0,0,   tb png  catching up on sleep    mwii  callofduty  s t co sli2vobu8t,Neutral
41,177615192,RT @tb_png: catching up on sleep 😴 #MWII #CallofDuty https://t.co/SLi2voBU8t,tb_png,529,0,0,0,0,   tb png  catching up on sleep    mwii  callofduty  s t co sli2vobu8t,Neutral
42,1557031269527060483,RT @Lictor_GD: #укррайт #укрфанфікшн #укрслеш #König #Horangi #korangi #Horangicod #GhostSoap #Konigmw2 #CallOfDuty #MW2 @ukrfanficshn @ua_…,Lictor_GD,7,0,0,0,0,   lictor gd         k nig  horangi  korangi  horangicod  ghostsoap  konigmw2  callofduty  mw2  ukrfanficshn  ua ,Negative
43,1474993030037860352,"RT @artimaaaeus: just gaz, checking you out 👁️👁️
---
#CallofDuty #MWII #MW2 #KyleGarrick #Gaz https://t.co/eG0zSCT0kb",artimaaaeus,311,0,0,0,0,   a imaaaeus  just gaz  checking you out  callofduty  mwii  mw2  kylegarrick  gaz  s t co eg0zsct0kb,Neutral
44,838905083576233985,"RT @PescaroDB: With the #CDL2023 Season in the rearview mirror, can we all agree that the Vaznev/TAQ-56 meta was the most boring we've had…",PescaroDB,16,0,0,0,0,   pescarodb  with the  cdl2023 season in the rearview mirror  can we all agree that the vaznev taq 56 meta was the most boring we ve had ,Negative
45,920455317204361216,"RT @CallofDutyJP: シーズン04リローデッドが7月13日(日本時間)にCall of Duty #Warzone と #MWII に登場。こちらで全情報をチェック 👉 https://t.co/jZNg3e5yFe…

🦸‍♂️ ザ・ボーイズ参戦 
🗺 ヴォンデ…",CallofDutyJP,117,0,0,0,0,   callofdutyjp   04 7 13 call of duty  warzone    mwii      s t co jzng3e5yfe       ,Irrelevant
46,966244002348412929,"RT @loneghostwolf88: 8th entry of the beach boy series - Rodolfo 'Rudy' Parra ☀️🏝️ 
#rodolfoparra #CoDRudy #CallofDuty #3DRender #MWII http…",loneghostwolf88,154,0,0,0,0,   loneghostwolf88  8th entry of the beach boy series   rodolfo  rudy  parra    rodolfoparra  codrudy  callofduty  3drender  mwii   ,Neutral
47,1433357676554117121,"RT @HotSatans: bro we need to get to the safe zone bro the gas is closing in brO-
König doodle to get back on the horse🤠 #nsfw #König #Call…",HotSatans,1248,0,0,0,0,   hotsatans  bro we need to get to the safe zone bro the gas is closing in bro k nig doodle to get back on the horse   nsfw  k nig  call ,Irrelevant
48,296912320,"RT @yumecore: Captain John Price
I loove his expressions and body language *-* Portrayed by the best.
#captainjohnprice #captainprice #john…",yumecore,11,0,0,0,0,   yumecore  captain john price i loove his expressions and body language   po rayed by the best captainjohnprice  captainprice  john ,Irrelevant
49,755614008107859968,RT @tb_png: catching up on sleep 😴 #MWII #CallofDuty https://t.co/SLi2voBU8t,tb_png,529,0,0,0,0,   tb png  catching up on sleep    mwii  callofduty  s t co sli2vobu8t,Neutral
50,1377834282836750336,"RT @yumecore: When you caught him by surprise.. target spotted ♡
#CallofDuty #MWII #SimonGhostRiley https://t.co/F7qDTSVGUM",yumecore,349,0,0,0,0,   yumecore  when you caught him by surprise  target spotted  callofduty  mwii  simonghostriley  s t co f7qdtsvgum,Neutral
51,941937364464578560,"RT @yumecore: When you caught him by surprise.. target spotted ♡
#CallofDuty #MWII #SimonGhostRiley https://t.co/F7qDTSVGUM",yumecore,349,0,0,0,0,   yumecore  when you caught him by surprise  target spotted  callofduty  mwii  simonghostriley  s t co f7qdtsvgum,Neutral
52,3380657247,RT @tb_png: catching up on sleep 😴 #MWII #CallofDuty https://t.co/SLi2voBU8t,tb_png,529,0,0,0,0,   tb png  catching up on sleep    mwii  callofduty  s t co sli2vobu8t,Neutral
53,1588216279177072646,"RT @CallofShame: Microsoft have not wasted anytime.
Within hours of the official announcement of Microsoft now allowed to purchase Activisi…",CallofShame,4,0,0,0,0,   callofshame  microsoft have not wasted anytime within hours of the official announcement of microsoft now allowed to purchase activisi ,Negative
54,249991881,"RT @CallofDutyJP: 最高峰のオペレーターを集めて港での戦いに臨もう 💦

シーズン04リローデッドに登場する新たな水辺の戦場となる #MWII 6V6マップのヴォンデル・ウォーターフロントについて下記で詳細をチェックしよう 👇

https://t.co/30k…",CallofDutyJP,1,0,0,0,0,   callofdutyjp     04   mwii 6v6    s t co 30k ,Neutral
55,3380657247,"RT @yumecore: When you caught him by surprise.. target spotted ♡
#CallofDuty #MWII #SimonGhostRiley https://t.co/F7qDTSVGUM",yumecore,349,0,0,0,0,   yumecore  when you caught him by surprise  target spotted  callofduty  mwii  simonghostriley  s t co f7qdtsvgum,Neutral
56,1456682221239218181,"#укррайт #укрфанфікшн #укрслеш #König #Horangi #korangi #Horangicod #GhostSoap #Konigmw2 #CallOfDuty #MW2 @ukrfanficshn @ua_slash

Кьоніг має особисті плани, але їх не так просто приховати від Хорангі. Врешті решт вони вирушають вдвох, але це закінчується для них не дуже добре.⬇️ https://t.co/MiXC9OQClP",ukrfanficshn,7,1,32,0,2,       k nig  horangi  korangi  horangicod  ghostsoap  konigmw2  callofduty  mw2  ukrfanficshn  ua slash                                                   s t co mixc9oqclp,Negative
57,1090632644562284544,@PlayCODMobile When can we expect og season 1 and season 2 battle pass vault??,PlayCODMobile,0,0,1,0,0, playcodmobile when can we expect og season 1 and season 2 battle pass vault ,Neutral
58,1665892709230342144,"RT @yumecore: When you caught him by surprise.. target spotted ♡
#CallofDuty #MWII #SimonGhostRiley https://t.co/F7qDTSVGUM",yumecore,349,0,0,0,0,   yumecore  when you caught him by surprise  target spotted  callofduty  mwii  simonghostriley  s t co f7qdtsvgum,Neutral
59,1507034478916608005,@Ya_Pal_Pebbles @PlayCODMobile This is way cooler than the new reload animation that is in the test servers.,Ya_Pal_Pebbles,0,0,0,0,0, ya pal pebbles  playcodmobile this is way cooler than the new reload animation that is in the test servers ,Negative
60,3971656301,RT @tb_png: catching up on sleep 😴 #MWII #CallofDuty https://t.co/SLi2voBU8t,tb_png,529,0,0,0,0,   tb png  catching up on sleep    mwii  callofduty  s t co sli2vobu8t,Neutral
61,1425321616511225857,"RT @CODmwfeed: One #ModernWarfare2                #PS5 bundle to give away. To enter follow the steps below.💜

Follow+❤+♻️+Comment
#CallofD…",CODmwfeed,296,0,0,0,0,   codmwfeed  one  modernwarfare2   ps5 bundle to give away  to enter follow the steps below follow comment callofd ,Neutral
62,1673666360797274114,"RT @Cheeriogoddess: Ghost just needed a snack.

Credit: My edit 

~
#MW2 #MWII #ModernWarfare2 #CallofDuty #GhostSoap #GhostxSoap #ghostmw2…",Cheeriogoddess,8,0,0,0,0,   cheeriogoddess  ghost just needed a snack credit  my edit  mw2  mwii  modernwarfare2  callofduty  ghostsoap  ghostxsoap  ghostmw2 ,Negative
63,1377834282836750336,RT @tb_png: catching up on sleep 😴 #MWII #CallofDuty https://t.co/SLi2voBU8t,tb_png,529,0,0,0,0,   tb png  catching up on sleep    mwii  callofduty  s t co sli2vobu8t,Neutral
64,1573168809967759360,RT @tb_png: catching up on sleep 😴 #MWII #CallofDuty https://t.co/SLi2voBU8t,tb_png,529,0,0,0,0,   tb png  catching up on sleep    mwii  callofduty  s t co sli2vobu8t,Neutral
65,1668933755938172928,"RT @loneghostwolf88: ""Back off!"" 
#GhostSoap   #CallofDuty #3DRender  #MWII https://t.co/o6DEF9i0me",loneghostwolf88,325,0,0,0,0,   loneghostwolf88   back off   ghostsoap    callofduty  3drender   mwii  s t co o6def9i0me,Negative
66,225595826,"RT @artimaaaeus: just gaz, checking you out 👁️👁️
---
#CallofDuty #MWII #MW2 #KyleGarrick #Gaz https://t.co/eG0zSCT0kb",artimaaaeus,311,0,0,0,0,   a imaaaeus  just gaz  checking you out  callofduty  mwii  mw2  kylegarrick  gaz  s t co eg0zsct0kb,Neutral
67,1639076184679133184,"RT @artimaaaeus: just gaz, checking you out 👁️👁️
---
#CallofDuty #MWII #MW2 #KyleGarrick #Gaz https://t.co/eG0zSCT0kb",artimaaaeus,311,0,0,0,0,   a imaaaeus  just gaz  checking you out  callofduty  mwii  mw2  kylegarrick  gaz  s t co eg0zsct0kb,Neutral
68,1576667549911388161,"RT @loneghostwolf88: ""Back off!"" 
#GhostSoap   #CallofDuty #3DRender  #MWII https://t.co/o6DEF9i0me",loneghostwolf88,325,0,0,0,0,   loneghostwolf88   back off   ghostsoap    callofduty  3drender   mwii  s t co o6def9i0me,Negative
69,1639076184679133184,"RT @loneghostwolf88: 8th entry of the beach boy series - Rodolfo 'Rudy' Parra ☀️🏝️ 
#rodolfoparra #CoDRudy #CallofDuty #3DRender #MWII http…",loneghostwolf88,154,0,0,0,0,   loneghostwolf88  8th entry of the beach boy series   rodolfo  rudy  parra    rodolfoparra  codrudy  callofduty  3drender  mwii   ,Neutral
70,411209906,"マジか⁉️お宝いっぱいやん🤩

でもちょっと前なら喉から手が出るくらい欲しかったけど……

今はいいや☺️

#MW2
#MWII 
#DMZ https://t.co/Ek8fFJB2v2",**this tweet had been deleted or hidden**,0,0,2,0,0, mw2 mwii  dmz  s t co ek8ffjb2v2,Neutral
71,1297643112194625536,"@Activision’s Quality Assurance testers number 1100 as of July 1, they get paid $18 USD an hour, why is everyone surprised with these ass updates? #Warzone2 @RavenSoftware",Activision,0,0,0,0,0, activision s quality assurance testers number 1100 as of july 1  they get paid  18 usd an hour  why is everyone surprised with these ass updates   warzone2  ravensoftware,Negative
72,765733596,"RT @Roots_esports: 🏆ROOTS  SUMMER🏆

第２報チェックしてください🔥

📆スケジュール    7/21～23 

💡エントリー期間  7/14 23:59迄  

✍大会概要・規約・エントリー等https://t.co/AkI5inTWJZ…",Roots_esports,65,0,0,0,0,   roots espo s   roots  summer     7 21 23    7 14 23 59     s t co aki5intwjz ,Neutral
73,1672883742300422144,"RT @CODmwfeed: One #ModernWarfare2                #PS5 bundle to give away. To enter follow the steps below.💜

Follow+❤+♻️+Comment
#CallofD…",CODmwfeed,296,0,0,0,0,   codmwfeed  one  modernwarfare2   ps5 bundle to give away  to enter follow the steps below follow comment callofd ,Neutral
74,1012132164442320896,"最高峰のオペレーターを集めて港での戦いに臨もう 💦

シーズン04リローデッドに登場する新たな水辺の戦場となる #MWII 6V6マップのヴォンデル・ウォーターフロントについて下記で詳細をチェックしよう 👇

https://t.co/30kELai381 https://t.co/wllf4TbZF9",**this tweet had been deleted or hidden**,1,2,31,0,0,   04   mwii 6v6    s t co 30kelai381  s t co wllf4tbzf9,Neutral
75,831899298426212353,"Isn't this amazing? 
I always wanted this collab with @PlayCODMobile 

Wish it happens one day https://t.co/PNY822iz82",PlayCODMobile,0,0,1,0,0,isn t this amazing   i always wanted this collab with  playcodmobile  wish it happens one day  s t co pny822iz82,Positive
76,1477380613581721604,"RT @CODmwfeed: One #ModernWarfare2                #PS5 bundle to give away. To enter follow the steps below.💜

Follow+❤+♻️+Comment
#CallofD…",CODmwfeed,296,0,0,0,0,   codmwfeed  one  modernwarfare2   ps5 bundle to give away  to enter follow the steps below follow comment callofd ,Neutral
77,1479840996900982802,"RT @artimaaaeus: just gaz, checking you out 👁️👁️
---
#CallofDuty #MWII #MW2 #KyleGarrick #Gaz https://t.co/eG0zSCT0kb",artimaaaeus,311,0,0,0,0,   a imaaaeus  just gaz  checking you out  callofduty  mwii  mw2  kylegarrick  gaz  s t co eg0zsct0kb,Neutral
78,1249988170818686976,"RT @artimaaaeus: just gaz, checking you out 👁️👁️
---
#CallofDuty #MWII #MW2 #KyleGarrick #Gaz https://t.co/eG0zSCT0kb",artimaaaeus,311,0,0,0,0,   a imaaaeus  just gaz  checking you out  callofduty  mwii  mw2  kylegarrick  gaz  s t co eg0zsct0kb,Neutral
79,1493370268294680577,RT @tb_png: catching up on sleep 😴 #MWII #CallofDuty https://t.co/SLi2voBU8t,tb_png,529,0,0,0,0,   tb png  catching up on sleep    mwii  callofduty  s t co sli2vobu8t,Neutral
80,1639076184679133184,"RT @loneghostwolf88: ""Back off!"" 
#GhostSoap   #CallofDuty #3DRender  #MWII https://t.co/o6DEF9i0me",loneghostwolf88,325,0,0,0,0,   loneghostwolf88   back off   ghostsoap    callofduty  3drender   mwii  s t co o6def9i0me,Negative
81,2328978614,"RT @yumecore: When you caught him by surprise.. target spotted ♡
#CallofDuty #MWII #SimonGhostRiley https://t.co/F7qDTSVGUM",yumecore,349,0,0,0,0,   yumecore  when you caught him by surprise  target spotted  callofduty  mwii  simonghostriley  s t co f7qdtsvgum,Neutral
82,4093942522,"Activision removing / rotating playlists was a big L, but adding superpowers made Warzone fully unplayable for me. MW2 multiplayer is trash, so I have to play a whole new game, SMH. #Warzone2 #MW2 #CallofDutyModernWarfare2 #CallofDutyWarzone  https://t.co/J1Ynf18b7V",**this tweet had been deleted or hidden**,0,0,0,0,0,activision removing   rotating playlists was a big l  but adding superpowers made warzone fully unplayable for me  mw2 multiplayer is trash  so i have to play a whole new game  smh   warzone2  mw2  callofdutymodernwarfare2  callofdutywarzone   s t co j1ynf18b7v,Negative
83,4862156118,Boom boom #callofduty #callofdutymodernwarfare2 #mw2 #veteran https://t.co/wqbuMrNZgD via @YouTube,YouTube,0,0,0,0,0,boom boom  callofduty  callofdutymodernwarfare2  mw2  veteran  s t co wqbumrnzgd via  youtube,Neutral
84,891230031107821568,@SpectReckyaup @PlayCODMobile Lol 😂,SpectReckyaup,0,0,1,0,0, spectreckyaup  playcodmobile lol  ,Negative
85,1405484751314558979,"RT @loneghostwolf88: ""Back off!"" 
#GhostSoap   #CallofDuty #3DRender  #MWII https://t.co/o6DEF9i0me",loneghostwolf88,325,0,0,0,0,   loneghostwolf88   back off   ghostsoap    callofduty  3drender   mwii  s t co o6def9i0me,Negative
86,1633536991345139727,RT @tb_png: catching up on sleep 😴 #MWII #CallofDuty https://t.co/SLi2voBU8t,tb_png,529,0,0,0,0,   tb png  catching up on sleep    mwii  callofduty  s t co sli2vobu8t,Neutral
87,1090632644562284544,@Speedy_CODM @PlayCODMobile All know codm has only one true love …money…,Speedy_CODM,0,0,2,0,0, speedy codm  playcodmobile all know codm has only one true love  money ,Positive
88,887620213704806400,"RT @loneghostwolf88: ""Back off!"" 
#GhostSoap   #CallofDuty #3DRender  #MWII https://t.co/o6DEF9i0me",loneghostwolf88,325,0,0,0,0,   loneghostwolf88   back off   ghostsoap    callofduty  3drender   mwii  s t co o6def9i0me,Negative
89,1577235974626607106,RT @hestax_: the smell of blood. #König #MW2 #callofduty https://t.co/8ZDBGPZDsp,hestax_,119,0,0,0,0,   hestax  the smell of blood   k nig  mw2  callofduty  s t co 8zdbgpzdsp,Positive
90,920611210621419520,@raiderCODM @PlayCODMobile https://t.co/E6N5eDOZCN,raiderCODM,0,0,2,0,0, raidercodm  playcodmobile  s t co e6n5edozcn,Neutral
91,1200754033058729985,"RT @artimaaaeus: just gaz, checking you out 👁️👁️
---
#CallofDuty #MWII #MW2 #KyleGarrick #Gaz https://t.co/eG0zSCT0kb",artimaaaeus,311,0,0,0,0,   a imaaaeus  just gaz  checking you out  callofduty  mwii  mw2  kylegarrick  gaz  s t co eg0zsct0kb,Neutral
92,1138224166543532033,RT @tb_png: catching up on sleep 😴 #MWII #CallofDuty https://t.co/SLi2voBU8t,tb_png,529,0,0,0,0,   tb png  catching up on sleep    mwii  callofduty  s t co sli2vobu8t,Neutral
93,1495989418523381763,"Quick threadfic bc why not. 
#Ghost #Soap #Ghoap #ModernWarfare2 #MW2 #MWII  #GhostSoap #SoapGhost #CallofDuty 
Blood Pact
THE TEXT IN QUOTE MARKS THAT HAVE ELLIPSIS AT THE END ARE GHOST’S STATE OF MIND/THOUGHTS.
Cw: blood, depression, childhood trauma, BIG ANGST, self-harm-ish?",**this tweet had been deleted or hidden**,0,2,0,0,0,quick threadfic bc why not   ghost  soap  ghoap  modernwarfare2  mw2  mwii   ghostsoap  soapghost  callofduty  blood pact the text in quote marks that have ellipsis at the end are ghost s state of mind thoughts cw  blood  depression  childhood trauma  big angst  self harm ish ,Negative
94,1508193702744932353,"RT @PlayCODMobile: 🤝 Meet the newest member of the family: GRAU 5.56. A weapon that is perfect for shorter range combat! 

Click the link t…",PlayCODMobile,38,0,0,0,0,   playcodmobile    meet the newest member of the family  grau 5 56  a weapon that is perfect for sho er range combat   click the link t ,Neutral
95,140559148,RT @tb_png: catching up on sleep 😴 #MWII #CallofDuty https://t.co/SLi2voBU8t,tb_png,529,0,0,0,0,   tb png  catching up on sleep    mwii  callofduty  s t co sli2vobu8t,Neutral
96,1221378777575374851,"RT @yumecore: When you caught him by surprise.. target spotted ♡
#CallofDuty #MWII #SimonGhostRiley https://t.co/F7qDTSVGUM",yumecore,349,0,0,0,0,   yumecore  when you caught him by surprise  target spotted  callofduty  mwii  simonghostriley  s t co f7qdtsvgum,Neutral
97,1610896979101421568,"RT @loneghostwolf88: ""Back off!"" 
#GhostSoap   #CallofDuty #3DRender  #MWII https://t.co/o6DEF9i0me",loneghostwolf88,325,0,0,0,0,   loneghostwolf88   back off   ghostsoap    callofduty  3drender   mwii  s t co o6def9i0me,Negative
98,876882888272338945,RT @tb_png: catching up on sleep 😴 #MWII #CallofDuty https://t.co/SLi2voBU8t,tb_png,529,0,0,0,0,   tb png  catching up on sleep    mwii  callofduty  s t co sli2vobu8t,Neutral
99,1647961896790953984,"RT @yumecore: When you caught him by surprise.. target spotted ♡
#CallofDuty #MWII #SimonGhostRiley https://t.co/F7qDTSVGUM",yumecore,349,0,0,0,0,   yumecore  when you caught him by surprise  target spotted  callofduty  mwii  simonghostriley  s t co f7qdtsvgum,Neutral
100,1150729203563806720,RT @Taestyy: Beating mfs downnnnn 😂😂 #Warzone2 #CallofDuty @CallofDuty @CODLeague @sme_rt https://t.co/WcmOz5dvRM,Taestyy,5,0,0,0,0,   taestyy  beating mfs downnnnn    warzone2  callofduty  callofduty  codleague  sme    s t co wcmoz5dvrm,Negative
101,1474096195949707271,"RT @yumecore: When you caught him by surprise.. target spotted ♡
#CallofDuty #MWII #SimonGhostRiley https://t.co/F7qDTSVGUM",yumecore,349,0,0,0,0,   yumecore  when you caught him by surprise  target spotted  callofduty  mwii  simonghostriley  s t co f7qdtsvgum,Neutral
102,1643548852882948097,Beating mfs downnnnn 😂😂 #Warzone2 #CallofDuty @CallofDuty @CODLeague @sme_rt https://t.co/WcmOz5dvRM,CallofDuty,5,0,8,0,0,beating mfs downnnnn    warzone2  callofduty  callofduty  codleague  sme    s t co wcmoz5dvrm,Negative
103,1535291450249945091,"Still no BR on big map except from Ranked, why does this keep regressing? #Warzone2 @InfinityWard @CallofDuty",InfinityWard,0,0,1,0,0,still no br on big map except from ranked  why does this keep regressing   warzone2  infinityward  callofduty,Negative
104,938297902430146566,"LIVE - DMZ IS STILL BROKEN!
#MW2 #DMZ #CallofDuty 

https://t.co/cyrFEmRynX",**this tweet had been deleted or hidden**,0,0,0,0,0,live   dmz is still broken mw2  dmz  callofduty   s t co cyrfemrynx,Negative
105,1654159802778648576,🚀🚀🚀🚀 #lol #fazeup #gameplayer #LeagueOfLegends #FazeUp #篝火スマブラ #CDL2023 https://t.co/b4mrz9M8AL,**this tweet had been deleted or hidden**,0,0,0,0,0,   lol  fazeup  gameplayer  leagueoflegends  fazeup    cdl2023  s t co b4mrz9m8al,Negative
106,714339759749922816,"RT @artimaaaeus: just gaz, checking you out 👁️👁️
---
#CallofDuty #MWII #MW2 #KyleGarrick #Gaz https://t.co/eG0zSCT0kb",artimaaaeus,311,0,0,0,0,   a imaaaeus  just gaz  checking you out  callofduty  mwii  mw2  kylegarrick  gaz  s t co eg0zsct0kb,Neutral
107,3399447863,"New video out: https://t.co/ZDLcNYOy7Z

MW2 TDM - PS5 Gameplay",**this tweet had been deleted or hidden**,0,0,0,0,0,new video out   s t co zdlcnyoy7z mw2 tdm   ps5 gameplay,Neutral
108,1470218422982172680,"RT @artimaaaeus: just gaz, checking you out 👁️👁️
---
#CallofDuty #MWII #MW2 #KyleGarrick #Gaz https://t.co/eG0zSCT0kb",artimaaaeus,311,0,0,0,0,   a imaaaeus  just gaz  checking you out  callofduty  mwii  mw2  kylegarrick  gaz  s t co eg0zsct0kb,Neutral
109,1400091339790831623,"RT @Godwreker: New short just a quickie if you like what you see drop a comment and like please 🙏 appreciate the support!
DING 🍟 ARE DONE!…",Godwreker,4,0,0,0,0,   godwreker  new sho  just a quickie if you like what you see drop a comment and like please   appreciate the suppo  ding   are done ,Irrelevant
110,176537023,"The ping distance indicator is totally random

#cod #mwii #CallofDuty #Garzone #warzone2
@Treyarch @RavenSoftware @ATVIAssist https://t.co/SH4eiVN3uN",Treyarch,0,0,0,0,0,the ping distance indicator is totally random cod  mwii  callofduty  garzone  warzone2 treyarch  ravensoftware  atviassist  s t co sh4eivn3un,Neutral
111,1559940614086488066,play some call of duty mw2 then record some skyrim gameplay have a great gaming day my people,**this tweet had been deleted or hidden**,0,0,1,0,0,play some call of duty mw2 then record some skyrim gameplay have a great gaming day my people,Neutral
112,1597313211958640641,RT @b1inkinTV: KV Broadside is DISGUSTING up close! #CallofDuty #cod #gaming #mw2 #warzone2 https://t.co/MM8GlYs1DV,b1inkinTV,10,0,0,0,0,   b1inkintv  kv broadside is disgusting up close   callofduty  cod  gaming  mw2  warzone2  s t co mm8glys1dv,Negative
113,1005115280576610304,RT @tb_png: catching up on sleep 😴 #MWII #CallofDuty https://t.co/SLi2voBU8t,tb_png,529,0,0,0,0,   tb png  catching up on sleep    mwii  callofduty  s t co sli2vobu8t,Neutral
114,1541161195163500546,"Tra Frame-lag e Cheaters non si faranno più live su cod fino a che non avrò sistemato il pc.

Peace and love 🙂🙂

#CallofDuty #Cheaters #MW2 #newupdate #Italia",**this tweet had been deleted or hidden**,0,1,1,0,0,tra frame lag e cheaters non si faranno pi  live su cod fino a che non avr  sistemato il pc peace and love  callofduty  cheaters  mw2  newupdate  italia,Positive
115,1583240473589825543,RT @tb_png: catching up on sleep 😴 #MWII #CallofDuty https://t.co/SLi2voBU8t,tb_png,529,0,0,0,0,   tb png  catching up on sleep    mwii  callofduty  s t co sli2vobu8t,Neutral
116,714339759749922816,"RT @loneghostwolf88: ""Back off!"" 
#GhostSoap   #CallofDuty #3DRender  #MWII https://t.co/o6DEF9i0me",loneghostwolf88,325,0,0,0,0,   loneghostwolf88   back off   ghostsoap    callofduty  3drender   mwii  s t co o6def9i0me,Negative
117,4180633240,RT @tb_png: catching up on sleep 😴 #MWII #CallofDuty https://t.co/SLi2voBU8t,tb_png,529,0,0,0,0,   tb png  catching up on sleep    mwii  callofduty  s t co sli2vobu8t,Neutral
118,1677656176572366848,"RT @DrunkYosukeFF14: Fuck Valderas Museum.

My Homies Hates Museum

#MMDツイステ #MMD #Persona3 #kotoneshiomi #MW2 #CallofDuty https://t.co/TsT…",DrunkYosukeFF14,4,0,0,0,0,   drunkyosukeff14  fuck valderas museum my homies hates museum mmd   mmd  persona3  kotoneshiomi  mw2  callofduty  s t co tst ,Negative
119,1071324705360089088,"RT @DrunkYosukeFF14: Fuck Valderas Museum.

My Homies Hates Museum

#MMDツイステ #MMD #Persona3 #kotoneshiomi #MW2 #CallofDuty https://t.co/TsT…",DrunkYosukeFF14,4,0,0,0,0,   drunkyosukeff14  fuck valderas museum my homies hates museum mmd   mmd  persona3  kotoneshiomi  mw2  callofduty  s t co tst ,Negative
120,1465683564406747142,"Fuck Valderas Museum.

My Homies Hates Museum

#MMDツイステ #MMD #Persona3 #kotoneshiomi #MW2 #CallofDuty https://t.co/TsT0kdHu9c",**this tweet had been deleted or hidden**,4,1,6,1,0,fuck valderas museum my homies hates museum mmd   mmd  persona3  kotoneshiomi  mw2  callofduty  s t co tst0kdhu9c,Negative
121,1677820716031385604,"RT @AmikoRoyAi: Portable heater

#ghostsoap #soapghost #MWII #callofduty https://t.co/N5zMoHWTaF",AmikoRoyAi,942,0,0,0,0,   amikoroyai  po able heater ghostsoap  soapghost  mwii  callofduty  s t co n5zmohwtaf,Negative
122,1653684067441729538,"RT @PlayCODMobile: 🤝 Meet the newest member of the family: GRAU 5.56. A weapon that is perfect for shorter range combat! 

Click the link t…",PlayCODMobile,38,0,0,0,0,   playcodmobile    meet the newest member of the family  grau 5 56  a weapon that is perfect for sho er range combat   click the link t ,Neutral
123,989005847970963456,Fixxxxxxx your game @ModernWarzone  @CallofDuty  I am lagging bad #COD #Warzone2,ModernWarzone,0,0,1,0,0,fixxxxxxx your game  modernwarzone   callofduty  i am lagging bad  cod  warzone2,Negative
124,109574785,Bonus challenges give tier skips now ? #CallofDuty #ModernWarfare2 #Warzone2 https://t.co/mr33kQApoX,**this tweet had been deleted or hidden**,0,0,0,0,0,bonus challenges give tier skips now    callofduty  modernwarfare2  warzone2  s t co mr33kqapox,Negative
125,1601807258198937600,RT @tb_png: catching up on sleep 😴 #MWII #CallofDuty https://t.co/SLi2voBU8t,tb_png,529,0,0,0,0,   tb png  catching up on sleep    mwii  callofduty  s t co sli2vobu8t,Neutral
126,1502062418247106564,"RT @BettyBRenders: 🦿Broken…

#Alex #alexkeller #AlexMW2 #MW2 #MWII #CallofDutyModernWarfare2 #CallofDuty https://t.co/KVsDNZeil9",BettyBRenders,112,0,0,0,0,   bettybrenders   broken alex  alexkeller  alexmw2  mw2  mwii  callofdutymodernwarfare2  callofduty  s t co kvsdnzeil9,Negative
127,1629312286103044096,"RT @yumecore: When you caught him by surprise.. target spotted ♡
#CallofDuty #MWII #SimonGhostRiley https://t.co/F7qDTSVGUM",yumecore,349,0,0,0,0,   yumecore  when you caught him by surprise  target spotted  callofduty  mwii  simonghostriley  s t co f7qdtsvgum,Neutral
128,1474755769941868548,"RT @CODmwfeed: One #ModernWarfare2                #PS5 bundle to give away. To enter follow the steps below.💜

Follow+❤+♻️+Comment
#CallofD…",CODmwfeed,296,0,0,0,0,   codmwfeed  one  modernwarfare2   ps5 bundle to give away  to enter follow the steps below follow comment callofd ,Neutral
129,1615637256106135553,RT @tb_png: catching up on sleep 😴 #MWII #CallofDuty https://t.co/SLi2voBU8t,tb_png,529,0,0,0,0,   tb png  catching up on sleep    mwii  callofduty  s t co sli2vobu8t,Neutral
130,2960688510,@tre_trigga1 Xbox bought Activision and fixed all the old Cod servers so mw2 is back up,tre_trigga1,0,1,2,0,0, tre trigga1 xbox bought activision and fixed all the old cod servers so mw2 is back up,Negative
131,1008830399886364672,"RT @yumecore: When you caught him by surprise.. target spotted ♡
#CallofDuty #MWII #SimonGhostRiley https://t.co/F7qDTSVGUM",yumecore,349,0,0,0,0,   yumecore  when you caught him by surprise  target spotted  callofduty  mwii  simonghostriley  s t co f7qdtsvgum,Neutral
132,1607150740484624384,"RT @yumecore: When you caught him by surprise.. target spotted ♡
#CallofDuty #MWII #SimonGhostRiley https://t.co/F7qDTSVGUM",yumecore,349,0,0,0,0,   yumecore  when you caught him by surprise  target spotted  callofduty  mwii  simonghostriley  s t co f7qdtsvgum,Neutral
133,1635330090467819520,RT @SinbadDaGod06: Please god hear me for ONCE! Lol #callofduty #warzone2 #warzone #sinbad https://t.co/muq1DjtpaQ via @YouTube,SinbadDaGod06,1,0,0,0,0,   sinbaddagod06  please god hear me for once  lol  callofduty  warzone2  warzone  sinbad  s t co muq1djtpaq via  youtube,Negative
134,931668684229304320,"RT @JayGlizzy864: New video 🔥 

This ISO 45 SMG Will Smoke Any Racist! Best ISO 45 Class Setup

https://t.co/cT0QBFwUYh
https://t.co/cT0QBF…",JayGlizzy864,2,0,0,0,0,   jayglizzy864  new video    this iso 45 smg will smoke any racist  best iso 45 class setup  s t co ct0qbfwuyh  s t co ct0qbf ,Neutral
135,1310765827503747072,RT @tb_png: catching up on sleep 😴 #MWII #CallofDuty https://t.co/SLi2voBU8t,tb_png,529,0,0,0,0,   tb png  catching up on sleep    mwii  callofduty  s t co sli2vobu8t,Neutral
136,1650059023561965569,RT @MIKEDASHOOTAYT: @SpotemGang ☢️🎥🕹️My COD sniping montage Mikedasniper Ep.3 is out on @YouTube click this link ➡️ https://t.co/aUNmKv5ZnT…,MIKEDASHOOTAYT,1,0,0,0,0,   mikedashootayt   spotemgang  my cod sniping montage mikedasniper ep 3 is out on  youtube click this link    s t co aunmkv5znt ,Neutral
137,4064174596,@webbygirl_ @PlayCODMobile Ohhhh nice,webbygirl_,0,0,2,0,0, webbygirl   playcodmobile ohhhh nice,Positive
138,170197342,I played CoD competitively for a decade. MW2 is the best to ever be. The MW sniping will always be better than BO sniping. The black ops games were great once you get over the fact they aren’t infinity ward. Ghosts was better than people gave it credit for.,**this tweet had been deleted or hidden**,0,1,0,0,0,i played cod competitively for a decade  mw2 is the best to ever be  the mw sniping will always be better than bo sniping  the black ops games were great once you get over the fact they aren t infinity ward  ghosts was better than people gave it credit for ,Positive
139,1233875124014780418,Please god hear me for ONCE! Lol #callofduty #warzone2 #warzone #sinbad https://t.co/muq1DjtpaQ via @YouTube,YouTube,1,0,1,0,0,please god hear me for once  lol  callofduty  warzone2  warzone  sinbad  s t co muq1djtpaq via  youtube,Negative
140,1606033714881896474,"RT @artimaaaeus: just gaz, checking you out 👁️👁️
---
#CallofDuty #MWII #MW2 #KyleGarrick #Gaz https://t.co/eG0zSCT0kb",artimaaaeus,311,0,0,0,0,   a imaaaeus  just gaz  checking you out  callofduty  mwii  mw2  kylegarrick  gaz  s t co eg0zsct0kb,Neutral
141,1292810643993657350,RT @Jzambardino41: The RAAL Hits HARD🔥🤯| Im LIVE Now on Twitch! Come through and hang out! https://t.co/yrRnk2Jfx6 | #Warzone #Warzone2 #Ca…,Jzambardino41,7,0,0,0,0,   jzambardino41  the raal hits hard  im live now on twitch  come through and hang out   s t co yrrnk2jfx6    warzone  warzone2  ca ,Neutral
142,1051172875317719041,"RT @yumecore: When you caught him by surprise.. target spotted ♡
#CallofDuty #MWII #SimonGhostRiley https://t.co/F7qDTSVGUM",yumecore,349,0,0,0,0,   yumecore  when you caught him by surprise  target spotted  callofduty  mwii  simonghostriley  s t co f7qdtsvgum,Neutral
143,823876526,"RT @artimaaaeus: just gaz, checking you out 👁️👁️
---
#CallofDuty #MWII #MW2 #KyleGarrick #Gaz https://t.co/eG0zSCT0kb",artimaaaeus,311,0,0,0,0,   a imaaaeus  just gaz  checking you out  callofduty  mwii  mw2  kylegarrick  gaz  s t co eg0zsct0kb,Neutral
144,1316878980092514304,"New video 🔥 

This ISO 45 SMG Will Smoke Any Racist! Best ISO 45 Class Setup

https://t.co/cT0QBFwUYh
https://t.co/cT0QBFwUYh
https://t.co/cT0QBFwUYh

#Modernwarfare2 #Mw2 #Callofduty https://t.co/OCXPikO06L",**this tweet had been deleted or hidden**,2,0,6,0,0,new video    this iso 45 smg will smoke any racist  best iso 45 class setup  s t co ct0qbfwuyh  s t co ct0qbfwuyh  s t co ct0qbfwuyh modernwarfare2  mw2  callofduty  s t co ocxpiko06l,Neutral
145,1484262030706151425,"RT @yumecore: When you caught him by surprise.. target spotted ♡
#CallofDuty #MWII #SimonGhostRiley https://t.co/F7qDTSVGUM",yumecore,349,0,0,0,0,   yumecore  when you caught him by surprise  target spotted  callofduty  mwii  simonghostriley  s t co f7qdtsvgum,Neutral
146,1462855792537706500,RT @tb_png: catching up on sleep 😴 #MWII #CallofDuty https://t.co/SLi2voBU8t,tb_png,529,0,0,0,0,   tb png  catching up on sleep    mwii  callofduty  s t co sli2vobu8t,Neutral
147,1310765827503747072,"RT @yumecore: When you caught him by surprise.. target spotted ♡
#CallofDuty #MWII #SimonGhostRiley https://t.co/F7qDTSVGUM",yumecore,349,0,0,0,0,   yumecore  when you caught him by surprise  target spotted  callofduty  mwii  simonghostriley  s t co f7qdtsvgum,Neutral
148,1292810643993657350,"RT @CODmwfeed: One #ModernWarfare2                #PS5 bundle to give away. To enter follow the steps below.💜

Follow+❤+♻️+Comment
#CallofD…",CODmwfeed,296,0,0,0,0,   codmwfeed  one  modernwarfare2   ps5 bundle to give away  to enter follow the steps below follow comment callofd ,Neutral
149,1660699518617133056,@Bunny_KZ_ @PlayCODMobile Send a message to ALLEN_TECHS on his instagram handle to fix your account permanently,Bunny_KZ_,0,0,0,0,0, bunny kz   playcodmobile send a message to allen techs on his instagram handle to fix your account permanently,Negative
150,1461116373300568068,"RT @yumecore: When you caught him by surprise.. target spotted ♡
#CallofDuty #MWII #SimonGhostRiley https://t.co/F7qDTSVGUM",yumecore,349,0,0,0,0,   yumecore  when you caught him by surprise  target spotted  callofduty  mwii  simonghostriley  s t co f7qdtsvgum,Neutral
151,1013415203374010368,"@sophos_g @SmallStreamersC @SmallStreamersR @SupStreamers ☢️🎥🕹️My COD sniping montage Mikedasniper Ep.3 is out on @YouTube click this link ➡️ https://t.co/aUNmKv5ZnT
  ⬅️ check it out🔥#Subscribe  #Like #warzone2 #MWII #Gameplay #CallOfDutyWarzone2 #Resurgence   #Ashikalsland #LinkinBio 🔗",sophos_g,0,0,0,0,0, sophos g  smallstreamersc  smallstreamersr  supstreamers  my cod sniping montage mikedasniper ep 3 is out on  youtube click this link    s t co aunmkv5znt     check it out subscribe   like  warzone2  mwii  gameplay  callofdutywarzone2  resurgence    ashikalsland  linkinbio  ,Neutral
152,617290186,"SUPER JUMP?. 😂🤣

#MW2 #MWII #TheBoys #Apex #cod #CallofDuty #Fortnite #twitchstreamer #Twitch #Warzone2 https://t.co/ilBrRMdE3m",**this tweet had been deleted or hidden**,0,0,4,1,0,super jump   mw2  mwii  theboys  apex  cod  callofduty  fo nite  twitchstreamer  twitch  warzone2  s t co ilbrrmde3m,Neutral
153,1566478200821137409,RT @tb_png: catching up on sleep 😴 #MWII #CallofDuty https://t.co/SLi2voBU8t,tb_png,529,0,0,0,0,   tb png  catching up on sleep    mwii  callofduty  s t co sli2vobu8t,Neutral
154,899950472924155904,@Quiceno969696 @PlayCODMobile This Is An Epic M4 Skin.,Quiceno969696,0,0,0,0,0, quiceno969696  playcodmobile this is an epic m4 skin ,Positive
155,1371519823973351425,"RT @CODmwfeed: One #ModernWarfare2                #PS5 bundle to give away. To enter follow the steps below.💜

Follow+❤+♻️+Comment
#CallofD…",CODmwfeed,296,0,0,0,0,   codmwfeed  one  modernwarfare2   ps5 bundle to give away  to enter follow the steps below follow comment callofd ,Neutral
156,899950472924155904,@PlayCODMobile We Want 2019 S1 Battle Pass.,PlayCODMobile,0,0,0,0,0, playcodmobile we want 2019 s1 battle pass ,Positive
157,2519133940,"RT @RegularNova_: 🚨New #Youtube Video!!🚨

MWII SnD With The Boys!!!
Link —&gt; https://t.co/yeIp0Mh7fD

#CallofDuty #MWII #SearchandDestroy ht…",RegularNova_,1,0,0,0,0,   regularnova   new  youtube video mwii snd with the boys link  gt   s t co yeip0mh7fd callofduty  mwii  searchanddestroy ht ,Neutral
158,1013415203374010368,"@virtu_01 @BlazedRTs @sme_rt @rtsmallstreams @SupStreamersRt @promo_streams @StreamersRT1 @DUIT_Services ☢️🎥🕹️My COD sniping montage Mikedasniper Ep.3 is out on @YouTube click this link ➡️ https://t.co/aUNmKv5ZnT
  ⬅️ check it out🔥#Subscribe  #Like #warzone2 #MWII #Gameplay #CallOfDutyWarzone2 #Resurgence   #Ashikalsland #LinkinBio 🔗",virtu_01,0,0,0,0,0, vi u 01  blazed s  sme     smallstreams  supstreamers   promo streams  streamers 1  duit services  my cod sniping montage mikedasniper ep 3 is out on  youtube click this link    s t co aunmkv5znt     check it out subscribe   like  warzone2  mwii  gameplay  callofdutywarzone2  resurgence    ashikalsland  linkinbio  ,Neutral
159,1679541413548023830,"RT @CODmwfeed: One #ModernWarfare2                #PS5 bundle to give away. To enter follow the steps below.💜

Follow+❤+♻️+Comment
#CallofD…",CODmwfeed,296,0,0,0,0,   codmwfeed  one  modernwarfare2   ps5 bundle to give away  to enter follow the steps below follow comment callofd ,Neutral
160,3732264081,"Para mi no es el mapa en si, aunque tiene mucho que ver.... Pero si hicieran las cosas de diferente manera los de @Activision seguramente la gran mayoría de los han dejado de jugar #Warzone #Warzone2 no se habrían ido, y los que quedan no estarían CABREADOS
Gracias @ATVIAssist https://t.co/9PPYqliyuy",Activision,0,0,1,0,0,para mi no es el mapa en si  aunque tiene mucho que ver  pero si hicieran las cosas de diferente manera los de  activision seguramente la gran mayor a de los han dejado de jugar  warzone  warzone2 no se habr an ido  y los que quedan no estar an cabreados gracias  atviassist  s t co 9ppyqliyuy,Negative
161,1291731429777453056,"I would be upset 
#gaming #fps #codwarzone #warzone #mw2 #dmz #dmzclips #dmzwarzone #warzoneclips #gulag #CapCut https://t.co/Vub903E4fS",**this tweet had been deleted or hidden**,0,1,2,0,0,i would be upset  gaming  fps  codwarzone  warzone  mw2  dmz  dmzclips  dmzwarzone  warzoneclips  gulag  capcut  s t co vub903e4fs,Positive
162,1675167723989651457,RT @ChicoGamingYT: Shotgun Warfare ☠️ #CallofDuty #MW2 #gaming #COD https://t.co/uZACmmhjzA,ChicoGamingYT,1,0,0,0,0,   chicogamingyt  shotgun warfare    callofduty  mw2  gaming  cod  s t co uzacmmhjza,Neutral
163,2744806270,"@CODUpdates Thank god I have an Xbox X series, but sadly I had to reactivate my Live account and buy ANOTHER copy of MW2, bet you like that Acti/Infinity/Treyarch, so I can play a tournament I'm in. Ridiculous how you fubar something and don't test. Joke.",CODUpdates,0,0,0,0,0, codupdates thank god i have an xbox x series  but sadly i had to reactivate my live account and buy another copy of mw2  bet you like that acti infinity treyarch  so i can play a tournament i m in  ridiculous how you fubar something and don t test  joke ,Positive
164,1639076184679133184,"RT @yumecore: When you caught him by surprise.. target spotted ♡
#CallofDuty #MWII #SimonGhostRiley https://t.co/F7qDTSVGUM",yumecore,349,0,0,0,0,   yumecore  when you caught him by surprise  target spotted  callofduty  mwii  simonghostriley  s t co f7qdtsvgum,Neutral
165,1660299813072564226,"RT @alexgscod: Chilling bfs at the pool! 💀🧼☀️🌊
(nsfw variants on patreon)

#GhostSoap #SoapGhost #CallOfDuty #MWII #SimonGhostRiley #soapma…",alexgscod,169,0,0,0,0,   alexgscod  chilling bfs at the pool   nsfw variants on patreon ghostsoap  soapghost  callofduty  mwii  simonghostriley  soapma ,Negative
166,821836362991149058,"RT @CODmwfeed: One #ModernWarfare2                #PS5 bundle to give away. To enter follow the steps below.💜

Follow+❤+♻️+Comment
#CallofD…",CODmwfeed,296,0,0,0,0,   codmwfeed  one  modernwarfare2   ps5 bundle to give away  to enter follow the steps below follow comment callofd ,Neutral
167,2513185975,RT @tb_png: catching up on sleep 😴 #MWII #CallofDuty https://t.co/SLi2voBU8t,tb_png,529,0,0,0,0,   tb png  catching up on sleep    mwii  callofduty  s t co sli2vobu8t,Neutral
168,123639484,😂 😂 😂🤪 #Warzone2 #CallofDuty #proximitychat 🤘😎🕹️ https://t.co/s5AdkGOjTc,**this tweet had been deleted or hidden**,0,0,0,0,0,       warzone2  callofduty  proximitychat    s t co s5adkgojtc,Neutral
169,1424847000395296768,Shotgun Warfare ☠️ #CallofDuty #MW2 #gaming #COD https://t.co/uZACmmhjzA,**this tweet had been deleted or hidden**,1,1,2,0,0,shotgun warfare    callofduty  mw2  gaming  cod  s t co uzacmmhjza,Neutral
170,1467901596302512143,"RT @artimaaaeus: just gaz, checking you out 👁️👁️
---
#CallofDuty #MWII #MW2 #KyleGarrick #Gaz https://t.co/eG0zSCT0kb",artimaaaeus,311,0,0,0,0,   a imaaaeus  just gaz  checking you out  callofduty  mwii  mw2  kylegarrick  gaz  s t co eg0zsct0kb,Neutral
171,2433459937,I really have no words about this crap #warzone2. I played 10 games and no one of that was even close to fun. @Activision just once again made something beautiful into a shitty hole,Activision,0,0,0,0,0,i really have no words about this crap  warzone2  i played 10 games and no one of that was even close to fun   activision just once again made something beautiful into a shitty hole,Positive
172,1655318473851977728,"RT @yumecore: When you caught him by surprise.. target spotted ♡
#CallofDuty #MWII #SimonGhostRiley https://t.co/F7qDTSVGUM",yumecore,349,0,0,0,0,   yumecore  when you caught him by surprise  target spotted  callofduty  mwii  simonghostriley  s t co f7qdtsvgum,Neutral
173,82939902,RT @BulletSweats: 🎮We had a good time last night on #Warzone2 and #MW2 despite the packet loss issues the #season4reloaded update introduce…,BulletSweats,2,0,0,0,0,   bulletsweats   we had a good time last night on  warzone2 and  mw2 despite the packet loss issues the  season4reloaded update introduce ,Positive
174,1041105715840995328,"How To Practice For XDefiant! | MWII Multiplayer 1 https://t.co/qMaGUfWvlB via @YouTube 

#mwii #xdefiant  #livestream #twitch #gameplay #funny #smallstreamer #gaming #gamingvideos #mwiiclips #pvp #multiplayer",YouTube,0,0,0,0,0,how to practice for xdefiant    mwii multiplayer 1  s t co qmagufwvlb via  youtube  mwii  xdefiant   livestream  twitch  gameplay  funny  smallstreamer  gaming  gamingvideos  mwiiclips  pvp  multiplayer,Neutral
175,1030212060255277056,"RT @artimaaaeus: just gaz, checking you out 👁️👁️
---
#CallofDuty #MWII #MW2 #KyleGarrick #Gaz https://t.co/eG0zSCT0kb",artimaaaeus,311,0,0,0,0,   a imaaaeus  just gaz  checking you out  callofduty  mwii  mw2  kylegarrick  gaz  s t co eg0zsct0kb,Neutral
176,1070376427156054018,"RT @yumecore: When you caught him by surprise.. target spotted ♡
#CallofDuty #MWII #SimonGhostRiley https://t.co/F7qDTSVGUM",yumecore,349,0,0,0,0,   yumecore  when you caught him by surprise  target spotted  callofduty  mwii  simonghostriley  s t co f7qdtsvgum,Neutral
177,1593829552588873728,"RT @_ohholy: #CallofDuty #MWII #KyleGazGarrick
this was the funniest shit in the whole cod history https://t.co/KTF9JM3IZ0",_ohholy,1152,0,0,0,0,   ohholy   callofduty  mwii  kylegazgarrick this was the funniest shit in the whole cod history  s t co ktf9jm3iz0,Positive
178,1350781164378734592,RT @lilindermile: Oh god he’s grooving #simonghostriley #mw2 #callofduty #ghostsoap https://t.co/1JxMCvCSow,lilindermile,813,0,0,0,0,   lilindermile  oh god he s grooving  simonghostriley  mw2  callofduty  ghostsoap  s t co 1jxmcvcsow,Irrelevant
179,1354096621865197568,"@im_bon3z @ModernWarzone @CallofDuty Well the fixes for MW2019 and Warzone 1 were promised in MW2 warzone 2, remember they said most advanced Modern Warfare game ever 🤡. So if rebuilding is the answer I guess you gotta pay 80$ more for MW3 now ... devs and Activision are a joke",im_bon3z,0,0,0,0,0, im bon3z  modernwarzone  callofduty well the fixes for mw2019 and warzone 1 were promised in mw2 warzone 2  remember they said most advanced modern warfare game ever   so if rebuilding is the answer i guess you gotta pay 80  more for mw3 now   devs and activision are a joke,Negative
180,1494969874929487872,"RT @artimaaaeus: just gaz, checking you out 👁️👁️
---
#CallofDuty #MWII #MW2 #KyleGarrick #Gaz https://t.co/eG0zSCT0kb",artimaaaeus,311,0,0,0,0,   a imaaaeus  just gaz  checking you out  callofduty  mwii  mw2  kylegarrick  gaz  s t co eg0zsct0kb,Neutral
181,1013415203374010368,"@SpotemGang ☢️🎥🕹️My COD sniping montage Mikedasniper Ep.3 is out on @YouTube click this link ➡️ https://t.co/aUNmKv5ZnT
  ⬅️ check it out🔥#Subscribe  #Like #warzone2 #MWII #Gameplay #CallOfDutyWarzone2 #Resurgence   #Ashikalsland #LinkinBio 🔗",SpotemGang,1,0,1,0,0, spotemgang  my cod sniping montage mikedasniper ep 3 is out on  youtube click this link    s t co aunmkv5znt     check it out subscribe   like  warzone2  mwii  gameplay  callofdutywarzone2  resurgence    ashikalsland  linkinbio  ,Neutral
182,1656092824830455808,"RT @yumecore: When you caught him by surprise.. target spotted ♡
#CallofDuty #MWII #SimonGhostRiley https://t.co/F7qDTSVGUM",yumecore,349,0,0,0,0,   yumecore  when you caught him by surprise  target spotted  callofduty  mwii  simonghostriley  s t co f7qdtsvgum,Neutral
183,788162726925185024,RT @tb_png: catching up on sleep 😴 #MWII #CallofDuty https://t.co/SLi2voBU8t,tb_png,529,0,0,0,0,   tb png  catching up on sleep    mwii  callofduty  s t co sli2vobu8t,Neutral
184,88957985,"RT @CODmwfeed: One #ModernWarfare2                #PS5 bundle to give away. To enter follow the steps below.💜

Follow+❤+♻️+Comment
#CallofD…",CODmwfeed,296,0,0,0,0,   codmwfeed  one  modernwarfare2   ps5 bundle to give away  to enter follow the steps below follow comment callofd ,Neutral
185,4214967136,"@CallofDuty @WarzoneQG
IS THIS NORMAL IN RANKED!

#Warzone2
https://t.co/br0u4JaTYq",CallofDuty,0,0,0,0,0, callofduty  warzoneqg is this normal in ranked warzone2  s t co br0u4jatyq,Neutral
186,1514057603755651075,RT @tb_png: catching up on sleep 😴 #MWII #CallofDuty https://t.co/SLi2voBU8t,tb_png,529,0,0,0,0,   tb png  catching up on sleep    mwii  callofduty  s t co sli2vobu8t,Neutral
187,1581256413543895040,"RT @Godwreker: New short just a quickie if you like what you see drop a comment and like please 🙏 appreciate the support!
DING 🍟 ARE DONE!…",Godwreker,4,0,0,0,0,   godwreker  new sho  just a quickie if you like what you see drop a comment and like please   appreciate the suppo  ding   are done ,Irrelevant
188,1654118570681581570,"RT @CODmwfeed: One #ModernWarfare2                #PS5 bundle to give away. To enter follow the steps below.💜

Follow+❤+♻️+Comment
#CallofD…",CODmwfeed,296,0,0,0,0,   codmwfeed  one  modernwarfare2   ps5 bundle to give away  to enter follow the steps below follow comment callofd ,Neutral
189,1316433049098350593,"RT @artimaaaeus: just gaz, checking you out 👁️👁️
---
#CallofDuty #MWII #MW2 #KyleGarrick #Gaz https://t.co/eG0zSCT0kb",artimaaaeus,311,0,0,0,0,   a imaaaeus  just gaz  checking you out  callofduty  mwii  mw2  kylegarrick  gaz  s t co eg0zsct0kb,Neutral
190,1517937619358859267,"RT @yumecore: When you caught him by surprise.. target spotted ♡
#CallofDuty #MWII #SimonGhostRiley https://t.co/F7qDTSVGUM",yumecore,349,0,0,0,0,   yumecore  when you caught him by surprise  target spotted  callofduty  mwii  simonghostriley  s t co f7qdtsvgum,Neutral
191,1650560739940130821,"RT @loneghostwolf88: 8th entry of the beach boy series - Rodolfo 'Rudy' Parra ☀️🏝️ 
#rodolfoparra #CoDRudy #CallofDuty #3DRender #MWII http…",loneghostwolf88,154,0,0,0,0,   loneghostwolf88  8th entry of the beach boy series   rodolfo  rudy  parra    rodolfoparra  codrudy  callofduty  3drender  mwii   ,Neutral
192,327817323,"@CallofDuty https://t.co/L7hl2AVNRc

Bring the prime days or atleast verdansk back smh.",CallofDuty,0,0,0,0,0, callofduty  s t co l7hl2avnrc bring the prime days or atleast verdansk back smh ,Negative
193,1535699291590762496,"RT @yumecore: When you caught him by surprise.. target spotted ♡
#CallofDuty #MWII #SimonGhostRiley https://t.co/F7qDTSVGUM",yumecore,349,0,0,0,0,   yumecore  when you caught him by surprise  target spotted  callofduty  mwii  simonghostriley  s t co f7qdtsvgum,Neutral
194,1262872446,Id do regular mp and stuff in mw2 too but my xbox  gold expired  awhile back least i found out i can still do warzone and dmz stuff so thats the plan,**this tweet had been deleted or hidden**,0,0,0,0,0,id do regular mp and stuff in mw2 too but my xbox  gold expired  awhile back least i found out i can still do warzone and dmz stuff so thats the plan,Irrelevant
195,588474566,RT @tb_png: catching up on sleep 😴 #MWII #CallofDuty https://t.co/SLi2voBU8t,tb_png,529,0,0,0,0,   tb png  catching up on sleep    mwii  callofduty  s t co sli2vobu8t,Neutral
196,1534305937627959296,RT @tb_png: catching up on sleep 😴 #MWII #CallofDuty https://t.co/SLi2voBU8t,tb_png,529,0,0,0,0,   tb png  catching up on sleep    mwii  callofduty  s t co sli2vobu8t,Neutral
197,1287710557,"RT @yumecore: When you caught him by surprise.. target spotted ♡
#CallofDuty #MWII #SimonGhostRiley https://t.co/F7qDTSVGUM",yumecore,349,0,0,0,0,   yumecore  when you caught him by surprise  target spotted  callofduty  mwii  simonghostriley  s t co f7qdtsvgum,Neutral
198,1550818793802407937,"RT @artimaaaeus: just gaz, checking you out 👁️👁️
---
#CallofDuty #MWII #MW2 #KyleGarrick #Gaz https://t.co/eG0zSCT0kb",artimaaaeus,311,0,0,0,0,   a imaaaeus  just gaz  checking you out  callofduty  mwii  mw2  kylegarrick  gaz  s t co eg0zsct0kb,Neutral
199,67368122,RT @BryceBallard97: @CallofDuty  add gunfight back to mw2,BryceBallard97,1,0,0,0,0,   bryceballard97   callofduty  add gunfight back to mw2,Negative
200,67368122,RT @GavinTh90798476: Put gunfight back on MW2 tf @Activision @CallofDuty,GavinTh90798476,1,0,0,0,0,   gavinth90798476  put gunfight back on mw2 tf  activision  callofduty,Negative
201,1630691112766562304,RT @tb_png: catching up on sleep 😴 #MWII #CallofDuty https://t.co/SLi2voBU8t,tb_png,529,0,0,0,0,   tb png  catching up on sleep    mwii  callofduty  s t co sli2vobu8t,Neutral
202,1634670278490873857,"RT @BettyBRenders: 💀

#Ghost #SimonGhostRiley #ghostmw2 #MW2 #MWII #CallofDutyModernWarfare2 #CallofDuty https://t.co/JHeXg7TLwt",BettyBRenders,226,0,0,0,0,   bettybrenders   ghost  simonghostriley  ghostmw2  mw2  mwii  callofdutymodernwarfare2  callofduty  s t co jhexg7tlwt,Neutral
203,1534946919574818818,"RT @CODmwfeed: One #ModernWarfare2                #PS5 bundle to give away. To enter follow the steps below.💜

Follow+❤+♻️+Comment
#CallofD…",CODmwfeed,117,0,0,0,0,   codmwfeed  one  modernwarfare2   ps5 bundle to give away  to enter follow the steps below follow comment callofd ,Neutral
204,1658155386929655810,"RT @AmikoRoyAi: We must stay focused brothers.

09 #ghostsoap #soapghost #MWII #callofduty https://t.co/vF6g9RvpyY",AmikoRoyAi,737,0,0,0,0,   amikoroyai  we must stay focused brothers 09  ghostsoap  soapghost  mwii  callofduty  s t co vf6g9rvpyy,Negative
205,1325624381251481600,"RT @hestax_: he poses! 

#König #callofduty #MW2 https://t.co/1E5ZgIMztK",hestax_,101,0,0,0,0,   hestax  he poses   k nig  callofduty  mw2  s t co 1e5zgimztk,Neutral
206,901575963787620352,"RT @AmikoRoyAi: We must stay focused brothers.

09 #ghostsoap #soapghost #MWII #callofduty https://t.co/vF6g9RvpyY",AmikoRoyAi,737,0,0,0,0,   amikoroyai  we must stay focused brothers 09  ghostsoap  soapghost  mwii  callofduty  s t co vf6g9rvpyy,Negative
207,896563383851335680,"RT @AmikoRoyAi: We must stay focused brothers.

09 #ghostsoap #soapghost #MWII #callofduty https://t.co/vF6g9RvpyY",AmikoRoyAi,737,0,0,0,0,   amikoroyai  we must stay focused brothers 09  ghostsoap  soapghost  mwii  callofduty  s t co vf6g9rvpyy,Negative
208,152172424,"RT @PlayCODMobile: 👀 Find the old manuscript and discover the true meaning behind each S6 draw!

🏹 Archer’s Fury Draw goes live 7/17 at 5PM…",PlayCODMobile,29,0,0,0,0,   playcodmobile    find the old manuscript and discover the true meaning behind each s6 draw  archer s fury draw goes live 7 17 at 5pm ,Neutral
209,1645912886085025792,RT @661ave: #CallofDuty #MWII #König #Konig https://t.co/0rV56R9kKj,661ave,489,0,0,0,0,   661ave   callofduty  mwii  k nig  konig  s t co 0rv56r9kkj,Negative
210,1284022806691418114,"RT @AmikoRoyAi: We must stay focused brothers.

09 #ghostsoap #soapghost #MWII #callofduty https://t.co/vF6g9RvpyY",AmikoRoyAi,737,0,0,0,0,   amikoroyai  we must stay focused brothers 09  ghostsoap  soapghost  mwii  callofduty  s t co vf6g9rvpyy,Negative
211,1479531028763103234,"RT @Kchs_05: Drew the lil guy
#König #ModernWarfare2 #MW2 #CallofDuty https://t.co/UcVCyX9Mvu",Kchs_05,60,0,0,0,0,   kchs 05  drew the lil guy k nig  modernwarfare2  mw2  callofduty  s t co ucvcyx9mvu,Neutral
212,1348317195080671233,"RT @AmikoRoyAi: We must stay focused brothers.

09 #ghostsoap #soapghost #MWII #callofduty https://t.co/vF6g9RvpyY",AmikoRoyAi,737,0,0,0,0,   amikoroyai  we must stay focused brothers 09  ghostsoap  soapghost  mwii  callofduty  s t co vf6g9rvpyy,Negative
213,941937364464578560,"RT @AmikoRoyAi: We must stay focused brothers.

09 #ghostsoap #soapghost #MWII #callofduty https://t.co/vF6g9RvpyY",AmikoRoyAi,737,0,0,0,0,   amikoroyai  we must stay focused brothers 09  ghostsoap  soapghost  mwii  callofduty  s t co vf6g9rvpyy,Negative
214,1653509392510365696,"RT @ZonedOutGaming: Our defending champs @TSSgg_ open up against @EsportsXiled tonight @ 9:30pm EST!! 🔥🔥🔥

What’s your prediction for the r…",ZonedOutGaming,2,0,0,0,0,   zonedoutgaming  our defending champs  tssgg  open up against  espo sxiled tonight   9 30pm est   what s your prediction for the r ,Neutral
215,1361396129850556416,"RT @yumecore: When you caught him by surprise.. target spotted ♡
#CallofDuty #MWII #SimonGhostRiley https://t.co/F7qDTSVGUM",yumecore,349,0,0,0,0,   yumecore  when you caught him by surprise  target spotted  callofduty  mwii  simonghostriley  s t co f7qdtsvgum,Neutral
216,1069775612708048896,"RT @FlickiTuts: Izanami's alt skin lookin hella 😳

#izanami #MWII #ModernWarfare2 #Warzone2 #warzone #CallofDutyModernWarfare2 #CallofDuty…",FlickiTuts,29,0,0,0,0,   flickituts  izanami s alt skin lookin hella  izanami  mwii  modernwarfare2  warzone2  warzone  callofdutymodernwarfare2  callofduty ,Positive
217,838789244575432704,"Our defending champs @TSSgg_ open up against @EsportsXiled tonight @ 9:30pm EST!! 🔥🔥🔥

What’s your prediction for the returning champs?

🎵: @Nlechoppa1 - Champions
.
.
.
#ZonedOutGaming #ZGL #Gaming #Gamer #eSports #MW2 #CDL #CallofDuty #FPS #GamingCommunity #League https://t.co/LWElVNXFzd",TSSgg_,2,1,8,1,0,our defending champs  tssgg  open up against  espo sxiled tonight   9 30pm est   what s your prediction for the returning champs   nlechoppa1   champions zonedoutgaming  zgl  gaming  gamer  espo s  mw2  cdl  callofduty  fps  gamingcommunity  league  s t co lwelvnxfzd,Neutral
218,1071978665020395520,"RT @AmikoRoyAi: We must stay focused brothers.

09 #ghostsoap #soapghost #MWII #callofduty https://t.co/vF6g9RvpyY",AmikoRoyAi,737,0,0,0,0,   amikoroyai  we must stay focused brothers 09  ghostsoap  soapghost  mwii  callofduty  s t co vf6g9rvpyy,Negative
219,1590147893729665024,"RT @AmikoRoyAi: We must stay focused brothers.

09 #ghostsoap #soapghost #MWII #callofduty https://t.co/vF6g9RvpyY",AmikoRoyAi,737,0,0,0,0,   amikoroyai  we must stay focused brothers 09  ghostsoap  soapghost  mwii  callofduty  s t co vf6g9rvpyy,Negative
220,1481617111051026435,"@CODMW2Informer Myself and a buddy, on Series S and a launch XB1, have had no issues in about 5 hours  of gameplay on MW2, across TDM, DOM, DEMO. Also tested MW3, and BO2 both also working well. Its awesome, and the games are on sale rn.",CODMW2Informer,0,0,7,0,0, codmw2informer myself and a buddy  on series s and a launch xb1  have had no issues in about 5 hours  of gameplay on mw2  across tdm  dom  demo  also tested mw3  and bo2 both also working well  its awesome  and the games are on sale rn ,Irrelevant
221,880768956885225473,"RT @AmikoRoyAi: We must stay focused brothers.

09 #ghostsoap #soapghost #MWII #callofduty https://t.co/vF6g9RvpyY",AmikoRoyAi,737,0,0,0,0,   amikoroyai  we must stay focused brothers 09  ghostsoap  soapghost  mwii  callofduty  s t co vf6g9rvpyy,Negative
222,1515404837994827783,"RT @yumecore: When you caught him by surprise.. target spotted ♡
#CallofDuty #MWII #SimonGhostRiley https://t.co/F7qDTSVGUM",yumecore,349,0,0,0,0,   yumecore  when you caught him by surprise  target spotted  callofduty  mwii  simonghostriley  s t co f7qdtsvgum,Neutral
223,1290852651555528705,"RT @Kchs_05: Drew the lil guy
#König #ModernWarfare2 #MW2 #CallofDuty https://t.co/UcVCyX9Mvu",Kchs_05,60,0,0,0,0,   kchs 05  drew the lil guy k nig  modernwarfare2  mw2  callofduty  s t co ucvcyx9mvu,Neutral
224,1515404837994827783,RT @tb_png: catching up on sleep 😴 #MWII #CallofDuty https://t.co/SLi2voBU8t,tb_png,529,0,0,0,0,   tb png  catching up on sleep    mwii  callofduty  s t co sli2vobu8t,Neutral
225,1216937110328041474,What's happening with @Activision ? PC players are struggling after this new Mid-Season update for MW2!!,Activision,0,0,2,0,0,what s happening with  activision   pc players are struggling after this new mid season update for mw2 ,Negative
226,1498142751392604165,RT @tb_png: catching up on sleep 😴 #MWII #CallofDuty https://t.co/SLi2voBU8t,tb_png,529,0,0,0,0,   tb png  catching up on sleep    mwii  callofduty  s t co sli2vobu8t,Neutral
227,1515404837994827783,"RT @AmikoRoyAi: We must stay focused brothers.

09 #ghostsoap #soapghost #MWII #callofduty https://t.co/vF6g9RvpyY",AmikoRoyAi,737,0,0,0,0,   amikoroyai  we must stay focused brothers 09  ghostsoap  soapghost  mwii  callofduty  s t co vf6g9rvpyy,Negative
228,1322194901879185416,"RT @AmikoRoyAi: We must stay focused brothers.

09 #ghostsoap #soapghost #MWII #callofduty https://t.co/vF6g9RvpyY",AmikoRoyAi,737,0,0,0,0,   amikoroyai  we must stay focused brothers 09  ghostsoap  soapghost  mwii  callofduty  s t co vf6g9rvpyy,Negative
229,1498142751392604165,"RT @BettyBRenders: 💀

#Ghost #SimonGhostRiley #ghostmw2 #MW2 #MWII #CallofDutyModernWarfare2 #CallofDuty https://t.co/JHeXg7TLwt",BettyBRenders,226,0,0,0,0,   bettybrenders   ghost  simonghostriley  ghostmw2  mw2  mwii  callofdutymodernwarfare2  callofduty  s t co jhexg7tlwt,Neutral
230,1225451911895298048,#Warzone2  gameplay ft my son koa  https://t.co/liSyGwQHgB,**this tweet had been deleted or hidden**,0,0,1,0,0, warzone2  gameplay ft my son koa   s t co lisygwqhgb,Neutral
231,935274855712292865,"#CallofDuty Oc in the making!! I have almost a whole character sheet and backstory ready!! Can't wait to show you guys!
#CallofDutyModernWarfareII #MW2 #illustration #codoc https://t.co/ebNzTPQctN",**this tweet had been deleted or hidden**,0,0,1,0,0, callofduty oc in the making  i have almost a whole character sheet and backstory ready  can t wait to show you guys callofdutymodernwarfareii  mw2  illustration  codoc  s t co ebnztpqctn,Positive
232,1279905572712824837,"RT @loneghostwolf88: ""Back off!"" 
#GhostSoap   #CallofDuty #3DRender  #MWII https://t.co/o6DEF9i0me",loneghostwolf88,325,0,0,0,0,   loneghostwolf88   back off   ghostsoap    callofduty  3drender   mwii  s t co o6def9i0me,Negative
233,1604228586919133185,"RT @theeggrollslord: König sitting alone at lunch🥪

#König #Konig #MW2 #CallofDuty https://t.co/AgRmq82n0c",theeggrollslord,575,0,0,0,0,   theeggrollslord  k nig sitting alone at lunch k nig  konig  mw2  callofduty  s t co agrmq82n0c,Negative
234,1604228586919133185,"RT @theeggrollslord: König presenting in front of fellow cadets 🥲

#König #Konig #MW2 #CallofDuty https://t.co/efk8k3aLQh",theeggrollslord,287,0,0,0,0,   theeggrollslord  k nig presenting in front of fellow cadets  k nig  konig  mw2  callofduty  s t co efk8k3alqh,Neutral
235,1602377331930435584,"RT @AmikoRoyAi: Portable heater

#ghostsoap #soapghost #MWII #callofduty https://t.co/N5zMoHWTaF",AmikoRoyAi,942,0,0,0,0,   amikoroyai  po able heater ghostsoap  soapghost  mwii  callofduty  s t co n5zmohwtaf,Negative
236,904689820416561152,"RT @remix3s: 👻👻👻

#Ghost #SimonGhostRiley #mw2 #CallofDuty https://t.co/Dc81lhF0YX",remix3s,356,0,0,0,0,   remix3s   ghost  simonghostriley  mw2  callofduty  s t co dc81lhf0yx,Neutral
237,1623751557463392256,"RT @AmikoRoyAi: We must stay focused brothers.

09 #ghostsoap #soapghost #MWII #callofduty https://t.co/vF6g9RvpyY",AmikoRoyAi,737,0,0,0,0,   amikoroyai  we must stay focused brothers 09  ghostsoap  soapghost  mwii  callofduty  s t co vf6g9rvpyy,Negative
238,1114012225063153664,"RT @AmikoRoyAi: We must stay focused brothers.

09 #ghostsoap #soapghost #MWII #callofduty https://t.co/vF6g9RvpyY",AmikoRoyAi,737,0,0,0,0,   amikoroyai  we must stay focused brothers 09  ghostsoap  soapghost  mwii  callofduty  s t co vf6g9rvpyy,Negative
239,1163405732777250818,"RT @CODmwfeed: One #ModernWarfare2                #PS5 bundle to give away. To enter follow the steps below.💜

Follow+❤+♻️+Comment
#CallofD…",CODmwfeed,117,0,0,0,0,   codmwfeed  one  modernwarfare2   ps5 bundle to give away  to enter follow the steps below follow comment callofd ,Neutral
240,1679997779140116480,"More proof of the cheating @Symfuhny playing without his aimbot on 

absolutely disgusting.
#symfuhny #MW2 #Cheaters #CallofDuty #CallofDutyModernWarfare2 #CallofDutyWarzone https://t.co/25nDo7sk8j",Symfuhny,0,0,0,0,0,more proof of the cheating  symfuhny playing without his aimbot on  absolutely disgusting symfuhny  mw2  cheaters  callofduty  callofdutymodernwarfare2  callofdutywarzone  s t co 25ndo7sk8j,Neutral
241,904689820416561152,RT @remix3s: #konig #konigmw2 #mw2 #CallofDuty https://t.co/wS6GYD3VDl,remix3s,403,0,0,0,0,   remix3s   konig  konigmw2  mw2  callofduty  s t co ws6gyd3vdl,Neutral
242,282762779,"RT @CODmwfeed: One #ModernWarfare2                #PS5 bundle to give away. To enter follow the steps below.💜

Follow+❤+♻️+Comment
#CallofD…",CODmwfeed,296,0,0,0,0,   codmwfeed  one  modernwarfare2   ps5 bundle to give away  to enter follow the steps below follow comment callofd ,Neutral
243,1604228586919133185,"RT @yumecore: When you caught him by surprise.. target spotted ♡
#CallofDuty #MWII #SimonGhostRiley https://t.co/F7qDTSVGUM",yumecore,349,0,0,0,0,   yumecore  when you caught him by surprise  target spotted  callofduty  mwii  simonghostriley  s t co f7qdtsvgum,Neutral
244,1242992482410881024,"よっしゃー😭ランチャーマスチャレ完了👏
追加を除いてもう少しで全武器終わりそう😉
#CoD #MW2 #CallofDuty https://t.co/XLnVOaehiH",**this tweet had been deleted or hidden**,1,3,60,0,0, cod  mw2  callofduty  s t co xlnvoaehih,Neutral
245,1455226530666360834,"RT @BettyBRenders: 💀

#Ghost #SimonGhostRiley #ghostmw2 #MW2 #MWII #CallofDutyModernWarfare2 #CallofDuty https://t.co/JHeXg7TLwt",BettyBRenders,226,0,0,0,0,   bettybrenders   ghost  simonghostriley  ghostmw2  mw2  mwii  callofdutymodernwarfare2  callofduty  s t co jhexg7tlwt,Neutral
246,1251820329745346560,RT @661ave: #CallofDuty #MWII #König #Konig https://t.co/0rV56R9kKj,661ave,489,0,0,0,0,   661ave   callofduty  mwii  k nig  konig  s t co 0rv56r9kkj,Negative
247,1500469288184033283,"RT @AmikoRoyAi: We must stay focused brothers.

09 #ghostsoap #soapghost #MWII #callofduty https://t.co/vF6g9RvpyY",AmikoRoyAi,737,0,0,0,0,   amikoroyai  we must stay focused brothers 09  ghostsoap  soapghost  mwii  callofduty  s t co vf6g9rvpyy,Negative
248,969472231511175168,"RT @AjaxTVGaming: LIVE RIGHT NOW ON #Kick 
PLAYING #Warzone2 W/THE BOYS!
https://t.co/gPFMFE8Nd4
SO CLOSE TO AFFILIATE(60/75)!!

#KickStrea…",AjaxTVGaming,1,0,0,0,0,   ajaxtvgaming  live right now on  kick  playing  warzone2 w the boys  s t co gpfmfe8nd4 so close to affiliate 60 75 kickstrea ,Neutral
249,6667522,#DMZ Hunted Become the Hunters Who Become the Marked Squad Bounty. #MWII #CoDMW2 #Warzone2 #PCGaming #Xbox #Playstation #XboxSeriesX #PS4 #PS5 #CodClips #DMZClips -- https://t.co/HvMTOVIyav,**this tweet had been deleted or hidden**,0,1,3,0,0, dmz hunted become the hunters who become the marked squad bounty   mwii  codmw2  warzone2  pcgaming  xbox  playstation  xboxseriesx  ps4  ps5  codclips  dmzclips    s t co hvmtoviyav,Neutral
250,236082758,"i'm LIVE🔴 @kickstreaming &amp; @twitch

Playing Warzone, earn channel points by tuning in! 🎁, they can be spent on sounds and stickers etc in loyalty store :) 

Come join now! --&gt; 
https://t.co/IWUsTiJfgd

#Noob #chatting #Warzone #Callofduty #Carefill #Warzone2 #Twitch #Gaming https://t.co/0DY2ehKc4b",KickStreaming,0,0,2,0,0,i m live   kickstreaming  amp   twitch playing warzone  earn channel points by tuning in    they can be spent on sounds and stickers etc in loyalty store    come join now   gt    s t co iwustijfgd noob  chatting  warzone  callofduty  carefill  warzone2  twitch  gaming  s t co 0dy2ehkc4b,Neutral
251,1189031555265683456,"RT @artimaaaeus: just gaz, checking you out 👁️👁️
---
#CallofDuty #MWII #MW2 #KyleGarrick #Gaz https://t.co/eG0zSCT0kb",artimaaaeus,311,0,0,0,0,   a imaaaeus  just gaz  checking you out  callofduty  mwii  mw2  kylegarrick  gaz  s t co eg0zsct0kb,Neutral
252,2328978614,"RT @AmikoRoyAi: We must stay focused brothers.

09 #ghostsoap #soapghost #MWII #callofduty https://t.co/vF6g9RvpyY",AmikoRoyAi,737,0,0,0,0,   amikoroyai  we must stay focused brothers 09  ghostsoap  soapghost  mwii  callofduty  s t co vf6g9rvpyy,Negative
253,1536103298415075328,"RT @2ToneSkeleton: Ghost wanted ice cream too, but refuses to take his mask off and Soap keeps teasing him.

Spicier variation available yo…",2ToneSkeleton,108,0,0,0,0,   2toneskeleton  ghost wanted ice cream too  but refuses to take his mask off and soap keeps teasing him spicier variation available yo ,Irrelevant
254,1330582575140712455,"RT @AmikoRoyAi: We must stay focused brothers.

09 #ghostsoap #soapghost #MWII #callofduty https://t.co/vF6g9RvpyY",AmikoRoyAi,737,0,0,0,0,   amikoroyai  we must stay focused brothers 09  ghostsoap  soapghost  mwii  callofduty  s t co vf6g9rvpyy,Negative
255,80950380,"RT @AmikoRoyAi: We must stay focused brothers.

09 #ghostsoap #soapghost #MWII #callofduty https://t.co/vF6g9RvpyY",AmikoRoyAi,737,0,0,0,0,   amikoroyai  we must stay focused brothers 09  ghostsoap  soapghost  mwii  callofduty  s t co vf6g9rvpyy,Negative
256,392688332,RT @661ave: #CallofDuty #MWII #König #Konig https://t.co/0rV56R9kKj,661ave,489,0,0,0,0,   661ave   callofduty  mwii  k nig  konig  s t co 0rv56r9kkj,Negative
257,1009942484225527808,"@ATVIAssist MW2 keeps saying that connection has been interrupted by user. Unable to get onto the game. Behind this error message, I can see another error saying something about a ban but there's no reason for this? Xbox Gamertag JoshGowland https://t.co/QEhXiUX0oH https://t.co/jAcrYYlPlq",ATVIAssist,0,8,2,1,0, atviassist mw2 keeps saying that connection has been interrupted by user  unable to get onto the game  behind this error message  i can see another error saying something about a ban but there s no reason for this  xbox game ag joshgowland  s t co qehxiux0oh  s t co jacryylplq,Negative
258,1291987398717390848,RT @tb_png: catching up on sleep 😴 #MWII #CallofDuty https://t.co/SLi2voBU8t,tb_png,529,0,0,0,0,   tb png  catching up on sleep    mwii  callofduty  s t co sli2vobu8t,Neutral
259,2328978614,"RT @BettyBRenders: 💀

#Ghost #SimonGhostRiley #ghostmw2 #MW2 #MWII #CallofDutyModernWarfare2 #CallofDuty https://t.co/JHeXg7TLwt",BettyBRenders,226,0,0,0,0,   bettybrenders   ghost  simonghostriley  ghostmw2  mw2  mwii  callofdutymodernwarfare2  callofduty  s t co jhexg7tlwt,Neutral
260,1677378301881376773,RT @tb_png: catching up on sleep 😴 #MWII #CallofDuty https://t.co/SLi2voBU8t,tb_png,529,0,0,0,0,   tb png  catching up on sleep    mwii  callofduty  s t co sli2vobu8t,Neutral
261,1354257493879377923,"RT @AmikoRoyAi: We must stay focused brothers.

09 #ghostsoap #soapghost #MWII #callofduty https://t.co/vF6g9RvpyY",AmikoRoyAi,737,0,0,0,0,   amikoroyai  we must stay focused brothers 09  ghostsoap  soapghost  mwii  callofduty  s t co vf6g9rvpyy,Negative
262,1464343895744327681,RT @661ave: #CallofDuty #MWII #König #Konig https://t.co/0rV56R9kKj,661ave,489,0,0,0,0,   661ave   callofduty  mwii  k nig  konig  s t co 0rv56r9kkj,Negative
263,1679996789254942722,"Season 04 Reloaded is here, and it's time to fight like a hero!

Read more on the COD Blog 👇 
https://t.co/k0IW4KHd0A

#MWII #Warzone #CallofDutyModernWarfare2",**this tweet had been deleted or hidden**,0,0,0,0,0,season 04 reloaded is here  and it s time to fight like a hero read more on the cod blog     s t co k0iw4khd0a mwii  warzone  callofdutymodernwarfare2,Positive
264,1620681261063852032,"RT @AmikoRoyAi: We must stay focused brothers.

09 #ghostsoap #soapghost #MWII #callofduty https://t.co/vF6g9RvpyY",AmikoRoyAi,737,0,0,0,0,   amikoroyai  we must stay focused brothers 09  ghostsoap  soapghost  mwii  callofduty  s t co vf6g9rvpyy,Negative
265,1615196436861272064,"RT @AmikoRoyAi: We must stay focused brothers.

09 #ghostsoap #soapghost #MWII #callofduty https://t.co/vF6g9RvpyY",AmikoRoyAi,737,0,0,0,0,   amikoroyai  we must stay focused brothers 09  ghostsoap  soapghost  mwii  callofduty  s t co vf6g9rvpyy,Negative
266,559991845,I mean if they can market it then they can sell it …. pay to gain more frames anyone? #CallofDuty #MW2 https://t.co/5yczPHZRpB,**this tweet had been deleted or hidden**,0,0,3,0,0,i mean if they can market it then they can sell it   pay to gain more frames anyone   callofduty  mw2  s t co 5yczphzrpb,Negative
267,1385990668191997955,"RT @_Eidetic_: 💥👊💥💜💥👊💥

#modernwarfare2 #codmw #soapghost #ghostsoap #johnmactavish #soapmactavish #johnsoapmactavish #johnnymactavish #cal…",_Eidetic_,6,0,0,0,0,   eidetic   modernwarfare2  codmw  soapghost  ghostsoap  johnmactavish  soapmactavish  johnsoapmactavish  johnnymactavish  cal ,Positive
268,824074005040795648,What is the #meta in #CallofDuty #Warzone2 after the most recent update?,**this tweet had been deleted or hidden**,0,0,3,0,0,what is the  meta in  callofduty  warzone2 after the most recent update ,Negative
269,1550532599243743233,"RT @AmikoRoyAi: We must stay focused brothers.

09 #ghostsoap #soapghost #MWII #callofduty https://t.co/vF6g9RvpyY",AmikoRoyAi,737,0,0,0,0,   amikoroyai  we must stay focused brothers 09  ghostsoap  soapghost  mwii  callofduty  s t co vf6g9rvpyy,Negative
270,1385990668191997955,"RT @lexiissgone: leave me alone im always late for tiktok trends ugh

[ #soapghost #callofduty #MWII #ghost #soapmactavish #GhostSoap #ghos…",lexiissgone,206,0,0,0,0,   lexiissgone  leave me alone im always late for tiktok trends ugh   soapghost  callofduty  mwii  ghost  soapmactavish  ghostsoap  ghos ,Negative
271,882606218321199104,"RT @AmikoRoyAi: We must stay focused brothers.

09 #ghostsoap #soapghost #MWII #callofduty https://t.co/vF6g9RvpyY",AmikoRoyAi,737,0,0,0,0,   amikoroyai  we must stay focused brothers 09  ghostsoap  soapghost  mwii  callofduty  s t co vf6g9rvpyy,Negative
272,703304398437490689,BEST MOMENTS AND PLAYS WARZONE 2 AND MODERN WARFARE 2 https://t.co/68Iot6r9x3 via @YouTube #gaming #callofduty #mw2 #warzone #warzone2 #youtube #cod #trending #like #fyp https://t.co/S0jqp7m8cj,YouTube,0,0,1,0,0,best moments and plays warzone 2 and modern warfare 2  s t co 68iot6r9x3 via  youtube  gaming  callofduty  mw2  warzone  warzone2  youtube  cod  trending  like  fyp  s t co s0jqp7m8cj,Neutral
273,890468455140524032,"RT @AmikoRoyAi: We must stay focused brothers.

09 #ghostsoap #soapghost #MWII #callofduty https://t.co/vF6g9RvpyY",AmikoRoyAi,737,0,0,0,0,   amikoroyai  we must stay focused brothers 09  ghostsoap  soapghost  mwii  callofduty  s t co vf6g9rvpyy,Negative
274,1432831659699838978,"RT @AmikoRoyAi: We must stay focused brothers.

09 #ghostsoap #soapghost #MWII #callofduty https://t.co/vF6g9RvpyY",AmikoRoyAi,737,0,0,0,0,   amikoroyai  we must stay focused brothers 09  ghostsoap  soapghost  mwii  callofduty  s t co vf6g9rvpyy,Negative
275,1162961225027915776,RT @661ave: #CallofDuty #MWII #König #Konig https://t.co/0rV56R9kKj,661ave,489,0,0,0,0,   661ave   callofduty  mwii  k nig  konig  s t co 0rv56r9kkj,Negative
276,166323904,mw2 e hogwarts legacy com uma promo razoavel na psn https://t.co/d2QaHS1PKy,**this tweet had been deleted or hidden**,0,0,0,0,0,mw2 e hogwa s legacy com uma promo razoavel na psn  s t co d2qahs1pky,Neutral
277,1328589866892980226,"Go pop into the boys stream at 5:30pm (PST) most entertaining stream out there! I guarantee you will have a good time💯 

Click the link⬇️
https://t.co/s3CgDHGeKG 

#CallofDuty #CallofDutyWarzone #warzone #Warzone2 #ModernWarfare2 #kickstream #KickStreamer #KickStreaming… https://t.co/c8UUKSymfo https://t.co/OanIH0WpIq",**this tweet had been deleted or hidden**,0,0,5,0,0,go pop into the boys stream at 5 30pm  pst  most ente aining stream out there  i guarantee you will have a good time   click the link  s t co s3cgdhgekg  callofduty  callofdutywarzone  warzone  warzone2  modernwarfare2  kickstream  kickstreamer  kickstreaming   s t co c8uuksymfo  s t co oanih0wpiq,Neutral
278,52319005,"RT @BettyBRenders: 💀

#Ghost #SimonGhostRiley #ghostmw2 #MW2 #MWII #CallofDutyModernWarfare2 #CallofDuty https://t.co/JHeXg7TLwt",BettyBRenders,226,0,0,0,0,   bettybrenders   ghost  simonghostriley  ghostmw2  mw2  mwii  callofdutymodernwarfare2  callofduty  s t co jhexg7tlwt,Neutral
279,1493370268294680577,"RT @BettyBRenders: 💀

#Ghost #SimonGhostRiley #ghostmw2 #MW2 #MWII #CallofDutyModernWarfare2 #CallofDuty https://t.co/JHeXg7TLwt",BettyBRenders,226,0,0,0,0,   bettybrenders   ghost  simonghostriley  ghostmw2  mw2  mwii  callofdutymodernwarfare2  callofduty  s t co jhexg7tlwt,Neutral
280,2530821750,"RT @BettyBRenders: 💀

#Ghost #SimonGhostRiley #ghostmw2 #MW2 #MWII #CallofDutyModernWarfare2 #CallofDuty https://t.co/JHeXg7TLwt",BettyBRenders,226,0,0,0,0,   bettybrenders   ghost  simonghostriley  ghostmw2  mw2  mwii  callofdutymodernwarfare2  callofduty  s t co jhexg7tlwt,Neutral
281,1365802599862124544,RT @661ave: #CallofDuty #MWII #König #Konig https://t.co/0rV56R9kKj,661ave,489,0,0,0,0,   661ave   callofduty  mwii  k nig  konig  s t co 0rv56r9kkj,Negative
282,1429848889469935619,"RT @AmikoRoyAi: We must stay focused brothers.

09 #ghostsoap #soapghost #MWII #callofduty https://t.co/vF6g9RvpyY",AmikoRoyAi,737,0,0,0,0,   amikoroyai  we must stay focused brothers 09  ghostsoap  soapghost  mwii  callofduty  s t co vf6g9rvpyy,Negative
283,1069005867356442625,"@BlazeQF @TheTrueMrENigma @CODMW2Informer @Activision @CallofDuty @Xbox thats good to know. i definitely plan on playin MWII soon, and probably a few others once they come to game pass",BlazeQF,0,0,2,0,0, blazeqf  thetruemrenigma  codmw2informer  activision  callofduty  xbox thats good to know  i definitely plan on playin mwii soon  and probably a few others once they come to game pass,Positive
284,2910487406,RT @661ave: #CallofDuty #MWII #König #Konig https://t.co/0rV56R9kKj,661ave,489,0,0,0,0,   661ave   callofduty  mwii  k nig  konig  s t co 0rv56r9kkj,Negative
285,1160906293911142401,"RT @BettyBRenders: 💀

#Ghost #SimonGhostRiley #ghostmw2 #MW2 #MWII #CallofDutyModernWarfare2 #CallofDuty https://t.co/JHeXg7TLwt",BettyBRenders,226,0,0,0,0,   bettybrenders   ghost  simonghostriley  ghostmw2  mw2  mwii  callofdutymodernwarfare2  callofduty  s t co jhexg7tlwt,Neutral
286,2328978614,RT @661ave: #CallofDuty #MWII #König #Konig https://t.co/0rV56R9kKj,661ave,489,0,0,0,0,   661ave   callofduty  mwii  k nig  konig  s t co 0rv56r9kkj,Negative
287,1551065172755693569,RT @tb_png: catching up on sleep 😴 #MWII #CallofDuty https://t.co/SLi2voBU8t,tb_png,529,0,0,0,0,   tb png  catching up on sleep    mwii  callofduty  s t co sli2vobu8t,Neutral
288,2590110334,RT @661ave: #CallofDuty #MWII #König #Konig https://t.co/0rV56R9kKj,661ave,489,0,0,0,0,   661ave   callofduty  mwii  k nig  konig  s t co 0rv56r9kkj,Negative
289,1536103298415075328,"RT @AmikoRoyAi: We must stay focused brothers.

09 #ghostsoap #soapghost #MWII #callofduty https://t.co/vF6g9RvpyY",AmikoRoyAi,737,0,0,0,0,   amikoroyai  we must stay focused brothers 09  ghostsoap  soapghost  mwii  callofduty  s t co vf6g9rvpyy,Negative
290,1198463549539942401,"RT @AmikoRoyAi: We must stay focused brothers.

09 #ghostsoap #soapghost #MWII #callofduty https://t.co/vF6g9RvpyY",AmikoRoyAi,737,0,0,0,0,   amikoroyai  we must stay focused brothers 09  ghostsoap  soapghost  mwii  callofduty  s t co vf6g9rvpyy,Negative
291,1438870945087823873,"RT @BettyBRenders: 💀

#Ghost #SimonGhostRiley #ghostmw2 #MW2 #MWII #CallofDutyModernWarfare2 #CallofDuty https://t.co/JHeXg7TLwt",BettyBRenders,226,0,0,0,0,   bettybrenders   ghost  simonghostriley  ghostmw2  mw2  mwii  callofdutymodernwarfare2  callofduty  s t co jhexg7tlwt,Neutral
292,1263506617955504128,Yeet 😂 #codclipsdaily #warzoneclips #modernwarfareii #modernwarfare2 #mwii #mw2 #Warzone2 #WarzoneII #cod #callofduty #proximitychat #gaming  #akalytesgaming https://t.co/2inczkXfyp,**this tweet had been deleted or hidden**,0,0,3,0,0,yeet    codclipsdaily  warzoneclips  modernwarfareii  modernwarfare2  mwii  mw2  warzone2  warzoneii  cod  callofduty  proximitychat  gaming   akalytesgaming  s t co 2inczkxfyp,Neutral
293,63270042,"LIVE (SOLO DMZ) #KickStreamer #KickStreaming #DMZ  #CallofDutyModernWarfareII #MW2
🟢Kick: https://t.co/mxpVPHcJ6f 
🔴 YT: https://t.co/fJV13VpDzb https://t.co/bMCJzZgfwp",**this tweet had been deleted or hidden**,0,0,2,0,0,live  solo dmz   kickstreamer  kickstreaming  dmz   callofdutymodernwarfareii  mw2 kick   s t co mxpvphcj6f   yt   s t co fjv13vpdzb  s t co bmcjzzgfwp,Neutral
294,1618729326966444032,"RT @CODmwfeed: One #ModernWarfare2                #PS5 bundle to give away. To enter follow the steps below.💜

Follow+❤+♻️+Comment
#CallofD…",CODmwfeed,117,0,0,0,0,   codmwfeed  one  modernwarfare2   ps5 bundle to give away  to enter follow the steps below follow comment callofd ,Neutral
295,1561050716550172672,RT @661ave: #CallofDuty #MWII #König #Konig https://t.co/0rV56R9kKj,661ave,489,0,0,0,0,   661ave   callofduty  mwii  k nig  konig  s t co 0rv56r9kkj,Negative
296,1276997562864721921,"RT @AmikoRoyAi: We must stay focused brothers.

09 #ghostsoap #soapghost #MWII #callofduty https://t.co/vF6g9RvpyY",AmikoRoyAi,737,0,0,0,0,   amikoroyai  we must stay focused brothers 09  ghostsoap  soapghost  mwii  callofduty  s t co vf6g9rvpyy,Negative
297,1628047161727279108,"RT @Kchs_05: Drew the lil guy
#König #ModernWarfare2 #MW2 #CallofDuty https://t.co/UcVCyX9Mvu",Kchs_05,60,0,0,0,0,   kchs 05  drew the lil guy k nig  modernwarfare2  mw2  callofduty  s t co ucvcyx9mvu,Neutral
298,1670939654965665794,RT @661ave: #CallofDuty #MWII #König #Konig https://t.co/0rV56R9kKj,661ave,489,0,0,0,0,   661ave   callofduty  mwii  k nig  konig  s t co 0rv56r9kkj,Negative
