,author_id,text,username,retweet,reply,like,quote,bookmark,lower,sentiment
0,1497852605464252418,"RT @Hopefulonion: Very important tutorial ‼️
#mw2 #callofduty #ghostsoap #soapghost https://t.co/F9bkWPB4sf",Hopefulonion,539,0,0,0,0,   hopefulonion  very impo ant tutorial  mw2  callofduty  ghostsoap  soapghost  s t co f9bkwpb4sf,Neutral
1,1394922343617736707,"RT @alexgscod: Thank you so much for 5k!!! 😊😭🙏
💀❤️🧼

#GhostSoap #SoapGhost #CallOfDuty #MWII https://t.co/3Wsq7SNXj5",alexgscod,794,0,0,0,0,   alexgscod  thank you so much for 5k   ghostsoap  soapghost  callofduty  mwii  s t co 3wsq7snxj5,Positive
2,1582391425068515329,RT @someone_7635: @PlayCODMobile M4 mythic 👀,someone_7635,1,0,0,0,0,   someone 7635   playcodmobile m4 mythic  ,Positive
3,1375819838740955137,RT @ToxicRoxic: 🌿warm up doodle of the scrimply scrumbus🌿 #König #MWII #CallofDuty #konigmw https://t.co/AkFLsEih4a,ToxicRoxic,789,0,0,0,0,   toxicroxic   warm up doodle of the scrimply scrumbus   k nig  mwii  callofduty  konigmw  s t co akflseih4a,Negative
4,1132571744676585474,RT @CallofDuty: It's time to fight like a hero. Season 04 Reloaded drops July 12 in Call of Duty #Warzone and #MWII 👉 https://t.co/CMgkvPpR…,CallofDuty,1166,0,0,0,0,   callofduty  it s time to fight like a hero  season 04 reloaded drops july 12 in call of duty  warzone and  mwii    s t co cmgkvppr ,Neutral
5,1606238082994507779,"RT @Hopefulonion: Very important tutorial ‼️
#mw2 #callofduty #ghostsoap #soapghost https://t.co/F9bkWPB4sf",Hopefulonion,539,0,0,0,0,   hopefulonion  very impo ant tutorial  mw2  callofduty  ghostsoap  soapghost  s t co f9bkwpb4sf,Neutral
6,1582391425068515329,"RT @PlayCODMobile: 💪 Only the strong survive! 

Tag your squad in the comments and let’s get this party started in Arena Mode 😎 https://t.c…",PlayCODMobile,42,0,0,0,0,   playcodmobile    only the strong survive   tag your squad in the comments and let s get this pa y sta ed in arena mode    s t c ,Neutral
7,1363110887175847942,"@PlayCODMobile They are used to cheat
Need delete these accounts now in CoD mobile
#CoDmobaile https://t.co/DArJCMQChR",PlayCODMobile,0,0,0,0,0, playcodmobile they are used to cheat need delete these accounts now in cod mobile codmobaile  s t co darjcmqchr,Negative
8,1394564781466660867,"RT @alexgscod: Thank you so much for 5k!!! 😊😭🙏
💀❤️🧼

#GhostSoap #SoapGhost #CallOfDuty #MWII https://t.co/3Wsq7SNXj5",alexgscod,794,0,0,0,0,   alexgscod  thank you so much for 5k   ghostsoap  soapghost  callofduty  mwii  s t co 3wsq7snxj5,Positive
9,1331744150904049665,"RT @loneghostwolf88: 7th entry of the beach boy series - Alejandro Vargas ☀️📷  🏝️
#alejandrovargas #CoDAlejandro #CallofDuty #3DRender #MWI…",loneghostwolf88,235,0,0,0,0,   loneghostwolf88  7th entry of the beach boy series   alejandro vargas     alejandrovargas  codalejandro  callofduty  3drender  mwi ,Neutral
10,1411809080360931328,"ほぼシップメントで、この数字は我ながら満足
自分の #CallofDuty #MWII での週間ステータスをチェック 💪 https://t.co/ZPsRNMrV1T",**this tweet had been deleted or hidden**,0,0,0,0,0,   callofduty  mwii      s t co zpsrnmrv1t,Neutral
11,240658806,"Lots of Expedite12 shotgun fun in Modern Warfare 2 - Zarqwa Hydroelectric TDM
https://t.co/EVWkSTPzjX
#callofduty #modernwarfare2 #MW2 #gaming #seniorgamer #seniorgaming #shotgun #TDM #YouTube #youtubechannel",**this tweet had been deleted or hidden**,0,0,0,0,0,lots of expedite12 shotgun fun in modern warfare 2   zarqwa hydroelectric tdm  s t co evwkstpzjx callofduty  modernwarfare2  mw2  gaming  seniorgamer  seniorgaming  shotgun  tdm  youtube  youtubechannel,Neutral
12,3080207409,RT @CallofDuty: It's time to fight like a hero. Season 04 Reloaded drops July 12 in Call of Duty #Warzone and #MWII 👉 https://t.co/CMgkvPpR…,CallofDuty,1166,0,0,0,0,   callofduty  it s time to fight like a hero  season 04 reloaded drops july 12 in call of duty  warzone and  mwii    s t co cmgkvppr ,Neutral
13,868156202785615874,RT @661ave: #Ghost #SimonGhostRiley #CallOfDuty #MWII #MW2 https://t.co/9FXEq9ZwyS,661ave,407,0,0,0,0,   661ave   ghost  simonghostriley  callofduty  mwii  mw2  s t co 9fxeq9zwys,Neutral
14,382475587,"RT @CallofDutyJP: シーズン04リローデッドが7月13日(日本時間)にCall of Duty #Warzone と #MWII に登場。こちらで全情報をチェック 👉 https://t.co/jZNg3e5yFe…

🦸‍♂️ ザ・ボーイズ参戦 
🗺 ヴォンデ…",CallofDutyJP,113,0,0,0,0,   callofdutyjp   04 7 13 call of duty  warzone    mwii      s t co jzng3e5yfe       ,Irrelevant
15,755614008107859968,"RT @a_secret_mf: did some more thinking😈(intersex Soap, pregnancy)

tags: #soapghost #cod #CallofDuty #MW2 #LGBTQ #fic

Okay so, secondary…",a_secret_mf,59,0,0,0,0,   a secret mf  did some more thinking intersex soap  pregnancy tags   soapghost  cod  callofduty  mw2  lgbtq  fic okay so  secondary ,Neutral
16,1591285038011891713,PA are off. Notifications are no where near the actual PA. @RavenSoftware @Activision WTF are u doing with all that $$$$? MW2 is horrible 😑.,RavenSoftware,0,0,0,0,0,pa are off  notifications are no where near the actual pa   ravensoftware  activision wtf are u doing with all that   mw2 is horrible  ,Negative
17,1582391425068515329,RT @CallofDuty: It's time to fight like a hero. Season 04 Reloaded drops July 12 in Call of Duty #Warzone and #MWII 👉 https://t.co/CMgkvPpR…,CallofDuty,1166,0,0,0,0,   callofduty  it s time to fight like a hero  season 04 reloaded drops july 12 in call of duty  warzone and  mwii    s t co cmgkvppr ,Neutral
18,4002504989,"RT @alexgscod: Thank you so much for 5k!!! 😊😭🙏
💀❤️🧼

#GhostSoap #SoapGhost #CallOfDuty #MWII https://t.co/3Wsq7SNXj5",alexgscod,794,0,0,0,0,   alexgscod  thank you so much for 5k   ghostsoap  soapghost  callofduty  mwii  s t co 3wsq7snxj5,Positive
19,1196417651716702209,"RT @CallofDutyJP: シーズン04リローデッドが7月13日(日本時間)にCall of Duty #Warzone と #MWII に登場。こちらで全情報をチェック 👉 https://t.co/jZNg3e5yFe…

🦸‍♂️ ザ・ボーイズ参戦 
🗺 ヴォンデ…",CallofDutyJP,113,0,0,0,0,   callofdutyjp   04 7 13 call of duty  warzone    mwii      s t co jzng3e5yfe       ,Irrelevant
20,933503300606894080,"RT @CallofDutyJP: シーズン04リローデッドが7月13日(日本時間)にCall of Duty #Warzone と #MWII に登場。こちらで全情報をチェック 👉 https://t.co/jZNg3e5yFe…

🦸‍♂️ ザ・ボーイズ参戦 
🗺 ヴォンデ…",CallofDutyJP,113,0,0,0,0,   callofdutyjp   04 7 13 call of duty  warzone    mwii      s t co jzng3e5yfe       ,Irrelevant
21,1032477501073678336,"ただでさえドラゴンブレスKVを脳死で撃ってるつまんねぇプレイヤーばかりなのにこのタイミングでセミオートショットガン追加かよ…さらに荒れるぞこれ
#MW2 
#DMZ",**this tweet had been deleted or hidden**,0,1,0,0,0, kv mw2  dmz,Positive
22,19997877,"RT @witchmeetsevil: just soft quiet kisses ❤️

#ghostsoap #ghoap #callofduty #CoD #MWII https://t.co/TfOi2Wy4fj",witchmeetsevil,846,0,0,0,0,   witchmeetsevil  just soft quiet kisses  ghostsoap  ghoap  callofduty  cod  mwii  s t co tfoi2wy4fj,Neutral
23,1261416404479143938,"RT @a_secret_mf: did some more thinking😈(intersex Soap, pregnancy)

tags: #soapghost #cod #CallofDuty #MW2 #LGBTQ #fic

Okay so, secondary…",a_secret_mf,59,0,0,0,0,   a secret mf  did some more thinking intersex soap  pregnancy tags   soapghost  cod  callofduty  mw2  lgbtq  fic okay so  secondary ,Neutral
24,1643121771263201281,"RT @AmikoRoyAi: I love the hc that Ghost is always cold and Soap is a living furnace 🥺

#soapghost #ghostsoap #MWII #callofduty https://t.c…",AmikoRoyAi,1384,0,0,0,0,   amikoroyai  i love the hc that ghost is always cold and soap is a living furnace  soapghost  ghostsoap  mwii  callofduty  s t c ,Positive
25,1119842592101814272,"RT @CallofDutyJP: シーズン04リローデッドが7月13日(日本時間)にCall of Duty #Warzone と #MWII に登場。こちらで全情報をチェック 👉 https://t.co/jZNg3e5yFe…

🦸‍♂️ ザ・ボーイズ参戦 
🗺 ヴォンデ…",CallofDutyJP,113,0,0,0,0,   callofdutyjp   04 7 13 call of duty  warzone    mwii      s t co jzng3e5yfe       ,Irrelevant
26,1243350528530083840,"RT @loneghostwolf88: 7th entry of the beach boy series - Alejandro Vargas ☀️📷  🏝️
#alejandrovargas #CoDAlejandro #CallofDuty #3DRender #MWI…",loneghostwolf88,235,0,0,0,0,   loneghostwolf88  7th entry of the beach boy series   alejandro vargas     alejandrovargas  codalejandro  callofduty  3drender  mwi ,Neutral
27,1363120122081251330,"It’s really frustrating how we get banned for no reason,i got banned  also didn’t let me make an appeal But thanks to this man 𝟰𝟴𝗦𝗧𝗥𝗢𝗢𝗧𝗠𝗔𝗡 on Instagram he got me unbanned successfully I recommend his good Job #MW2 #COD #CallofDuty #unbanned #Activision #Warzone #ban",**this tweet had been deleted or hidden**,0,0,1,0,0,it s really frustrating how we get banned for no reason i got banned  also didn t let me make an appeal but thanks to this man   on instagram he got me unbanned successfully i recommend his good job  mw2  cod  callofduty  unbanned  activision  warzone  ban,Irrelevant
28,1334509562779607040,Cold War feels HORRIBLE after playing MW2 so much. And I used to love it 😂 #callofduty #warzone2 #mw2,**this tweet had been deleted or hidden**,0,0,1,0,0,cold war feels horrible after playing mw2 so much  and i used to love it    callofduty  warzone2  mw2,Positive
29,1084290123481735168,"RT @alexgscod: Thank you so much for 5k!!! 😊😭🙏
💀❤️🧼

#GhostSoap #SoapGhost #CallOfDuty #MWII https://t.co/3Wsq7SNXj5",alexgscod,794,0,0,0,0,   alexgscod  thank you so much for 5k   ghostsoap  soapghost  callofduty  mwii  s t co 3wsq7snxj5,Positive
30,1104742760437899264,"RT @CallofDutyJP: シーズン04リローデッドが7月13日(日本時間)にCall of Duty #Warzone と #MWII に登場。こちらで全情報をチェック 👉 https://t.co/jZNg3e5yFe…

🦸‍♂️ ザ・ボーイズ参戦 
🗺 ヴォンデ…",CallofDutyJP,113,0,0,0,0,   callofdutyjp   04 7 13 call of duty  warzone    mwii      s t co jzng3e5yfe       ,Irrelevant
31,938297902430146566,"DMZ SOLO SNIPER MASTERCLASS
#MW2 #DMZ #cod #CallofDutyModernWarfare2 

https://t.co/qdn5DzMSID",**this tweet had been deleted or hidden**,0,0,0,0,0,dmz solo sniper masterclass mw2  dmz  cod  callofdutymodernwarfare2   s t co qdn5dzmsid,Neutral
32,929195327336226816,"RT @CallofDutyJP: シーズン04リローデッドが7月13日(日本時間)にCall of Duty #Warzone と #MWII に登場。こちらで全情報をチェック 👉 https://t.co/jZNg3e5yFe…

🦸‍♂️ ザ・ボーイズ参戦 
🗺 ヴォンデ…",CallofDutyJP,113,0,0,0,0,   callofdutyjp   04 7 13 call of duty  warzone    mwii      s t co jzng3e5yfe       ,Irrelevant
33,1394922343617736707,"RT @Hopefulonion: Very important tutorial ‼️
#mw2 #callofduty #ghostsoap #soapghost https://t.co/F9bkWPB4sf",Hopefulonion,539,0,0,0,0,   hopefulonion  very impo ant tutorial  mw2  callofduty  ghostsoap  soapghost  s t co f9bkwpb4sf,Neutral
34,1531364864471474178,"RT @BettyBRenders: 👑 Such a mess, Babyboy. 😌

#König #Koenig #KönigMW2 #MW2 #MWII #CallofDutyModernWarfare2 #CallofDuty https://t.co/aO4AhU…",BettyBRenders,426,0,0,0,0,   bettybrenders    such a mess  babyboy   k nig  koenig  k nigmw2  mw2  mwii  callofdutymodernwarfare2  callofduty  s t co ao4ahu ,Negative
35,1071978665020395520,"RT @Hopefulonion: Very important tutorial ‼️
#mw2 #callofduty #ghostsoap #soapghost https://t.co/F9bkWPB4sf",Hopefulonion,539,0,0,0,0,   hopefulonion  very impo ant tutorial  mw2  callofduty  ghostsoap  soapghost  s t co f9bkwpb4sf,Neutral
36,532264788,"なんかきてた
自分の #CallofDuty #MWII での週間ステータスをチェック 💪 https://t.co/AJLkKQEbZ5",**this tweet had been deleted or hidden**,0,0,0,0,0,   callofduty  mwii      s t co ajlkkqebz5,Neutral
37,177615192,RT @661ave: #Ghost #SimonGhostRiley #CallOfDuty #MWII #MW2 https://t.co/9FXEq9ZwyS,661ave,407,0,0,0,0,   661ave   ghost  simonghostriley  callofduty  mwii  mw2  s t co 9fxeq9zwys,Neutral
38,1276997562864721921,RT @661ave: #Ghost #SimonGhostRiley #CallOfDuty #MWII #MW2 https://t.co/9FXEq9ZwyS,661ave,407,0,0,0,0,   661ave   ghost  simonghostriley  callofduty  mwii  mw2  s t co 9fxeq9zwys,Neutral
39,1272289021163601930,"RT @BettyBRenders: 👑 Such a mess, Babyboy. 😌

#König #Koenig #KönigMW2 #MW2 #MWII #CallofDutyModernWarfare2 #CallofDuty https://t.co/aO4AhU…",BettyBRenders,426,0,0,0,0,   bettybrenders    such a mess  babyboy   k nig  koenig  k nigmw2  mw2  mwii  callofdutymodernwarfare2  callofduty  s t co ao4ahu ,Negative
40,531780458,"RT @iTzZigma: 29 on Vondel! 

🔥🔥😭😭😭

#warzone2 #callofduty https://t.co/M601mcH2xD",iTzZigma,2,0,0,0,0,   itzzigma  29 on vondel   warzone2  callofduty  s t co m601mch2xd,Neutral
41,1678000733130457088,"New multiplayer map in Call Of Duty coming soon. 
https://t.co/FZKdYSez8e
#CallofDuty #MWII #ModernWarfareII #vondel #Season4reloaded",**this tweet had been deleted or hidden**,0,0,0,0,0,new multiplayer map in call of duty coming soon    s t co fzkdysez8e callofduty  mwii  modernwarfareii  vondel  season4reloaded,Negative
42,1151555779910131714,Showdown Lighthouse the highway map and black gold all play so badly on #MWII @CallofDuty please give us some good maps in your next game,CallofDuty,0,0,1,0,0,showdown lighthouse the highway map and black gold all play so badly on  mwii  callofduty please give us some good maps in your next game,Neutral
43,731860206032977924,"RT @Hopefulonion: Very important tutorial ‼️
#mw2 #callofduty #ghostsoap #soapghost https://t.co/F9bkWPB4sf",Hopefulonion,539,0,0,0,0,   hopefulonion  very impo ant tutorial  mw2  callofduty  ghostsoap  soapghost  s t co f9bkwpb4sf,Neutral
44,1363110887175847942,"@PlayCODMobile They are used to cheat
Need delete these accounts now in CoD mobile
#CoDmobile https://t.co/yj2n3tCTKn",PlayCODMobile,0,0,0,0,0, playcodmobile they are used to cheat need delete these accounts now in cod mobile codmobile  s t co yj2n3tctkn,Negative
45,572375224,RT @661ave: #Ghost #SimonGhostRiley #CallOfDuty #MWII #MW2 https://t.co/9FXEq9ZwyS,661ave,407,0,0,0,0,   661ave   ghost  simonghostriley  callofduty  mwii  mw2  s t co 9fxeq9zwys,Neutral
46,380806102,"RT @PlayCODMobile: Have the GRAU 5.56 your way!

Tell us in the comments which GRAU 5.56 you’re most tempted to try in Season 6 👇 https://t…",PlayCODMobile,25,0,0,0,0,   playcodmobile  have the grau 5 56 your way tell us in the comments which grau 5 56 you re most tempted to try in season 6    s t ,Neutral
47,868156202785615874,"RT @Girliemelemon: Simon enjoys soap baths ;) (he hurt his hand so soap has to help him)
#ghostsoap #soapghost #ghostmw2 #soapmw2 #CallofDu…",Girliemelemon,329,0,0,0,0,   girliemelemon  simon enjoys soap baths    he hu  his hand so soap has to help him ghostsoap  soapghost  ghostmw2  soapmw2  callofdu ,Neutral
48,1156694368557731840,RT @661ave: #Ghost #SimonGhostRiley #CallOfDuty #MWII #MW2 https://t.co/9FXEq9ZwyS,661ave,407,0,0,0,0,   661ave   ghost  simonghostriley  callofduty  mwii  mw2  s t co 9fxeq9zwys,Neutral
49,807222452551987200,"RT @CallofDutyJP: シーズン04リローデッドが7月13日(日本時間)にCall of Duty #Warzone と #MWII に登場。こちらで全情報をチェック 👉 https://t.co/jZNg3e5yFe…

🦸‍♂️ ザ・ボーイズ参戦 
🗺 ヴォンデ…",CallofDutyJP,113,0,0,0,0,   callofdutyjp   04 7 13 call of duty  warzone    mwii      s t co jzng3e5yfe       ,Irrelevant
50,380806102,"RT @PlayCODMobile: 💪 Only the strong survive! 

Tag your squad in the comments and let’s get this party started in Arena Mode 😎 https://t.c…",PlayCODMobile,42,0,0,0,0,   playcodmobile    only the strong survive   tag your squad in the comments and let s get this pa y sta ed in arena mode    s t c ,Neutral
51,1170492160208248833,"RT @AmikoRoyAi: Safe with you

09 #ghostsoap #soapghost #callofduty #MWII https://t.co/wkFuP44Iul",AmikoRoyAi,1259,0,0,0,0,   amikoroyai  safe with you 09  ghostsoap  soapghost  callofduty  mwii  s t co wkfup44iul,Negative
52,1350858328797278211,"Live now!
Grab your coffee ☕️ and enjoy the stream🙌

https://t.co/VdOnf4tXME

#CallofDuty #Warzone2 #BattleRoyale",**this tweet had been deleted or hidden**,0,0,2,0,0,live now grab your coffee   and enjoy the stream  s t co vdonf4txme callofduty  warzone2  battleroyale,Neutral
53,742360933700239360,RT @661ave: #Ghost #SimonGhostRiley #CallOfDuty #MWII #MW2 https://t.co/9FXEq9ZwyS,661ave,407,0,0,0,0,   661ave   ghost  simonghostriley  callofduty  mwii  mw2  s t co 9fxeq9zwys,Neutral
54,868156202785615874,RT @Girliemelemon: “The one who gave me life is gone. I have never felt so lost and alone.” #soapghost #ghostsoap #mw2 #mw2fanart #MWII #Ca…,Girliemelemon,456,0,0,0,0,   girliemelemon   the one who gave me life is gone  i have never felt so lost and alone   soapghost  ghostsoap  mw2  mw2fana   mwii  ca ,Negative
55,1631240838431817730,RT @ToxicRoxic: 🌿warm up doodle of the scrimply scrumbus🌿 #König #MWII #CallofDuty #konigmw https://t.co/AkFLsEih4a,ToxicRoxic,789,0,0,0,0,   toxicroxic   warm up doodle of the scrimply scrumbus   k nig  mwii  callofduty  konigmw  s t co akflseih4a,Negative
56,1165790522100854784,"RT @Hopefulonion: Very important tutorial ‼️
#mw2 #callofduty #ghostsoap #soapghost https://t.co/F9bkWPB4sf",Hopefulonion,539,0,0,0,0,   hopefulonion  very impo ant tutorial  mw2  callofduty  ghostsoap  soapghost  s t co f9bkwpb4sf,Neutral
57,1173980121700753408,@Hannielking1 @Asukulord3 @PlayCODMobile @MobileLegendsOL ✔️,Hannielking1,0,0,1,0,0, hannielking1  asukulord3  playcodmobile  mobilelegendsol  ,Positive
58,868156202785615874,"RT @Girliemelemon: 🫣😳
#soapghost #ghostsoap #cod #mw2fanart #CallofDuty #mw2 https://t.co/rnggVFiwll",Girliemelemon,281,0,0,0,0,   girliemelemon   soapghost  ghostsoap  cod  mw2fana   callofduty  mw2  s t co rnggvfiwll,Neutral
59,994940759525634049,RT @661ave: #Ghost #SimonGhostRiley #CallOfDuty #MWII #MW2 https://t.co/9FXEq9ZwyS,661ave,407,0,0,0,0,   661ave   ghost  simonghostriley  callofduty  mwii  mw2  s t co 9fxeq9zwys,Neutral
60,985191384033497088,@PlayCODMobile will you show some love to the zombies mod!,PlayCODMobile,0,0,0,0,0, playcodmobile will you show some love to the zombies mod ,Positive
61,468755203,RT @CallofDuty: It's time to fight like a hero. Season 04 Reloaded drops July 12 in Call of Duty #Warzone and #MWII 👉 https://t.co/CMgkvPpR…,CallofDuty,1166,0,0,0,0,   callofduty  it s time to fight like a hero  season 04 reloaded drops july 12 in call of duty  warzone and  mwii    s t co cmgkvppr ,Neutral
62,1678663558836506624,"RT @CallofDuty: Gather your best Operators for some waterfront action 💦

Read more below about the 6v6 #MWII map Vondel Waterfront, the new…",CallofDuty,52,0,0,0,0,   callofduty  gather your best operators for some waterfront action  read more below about the 6v6  mwii map vondel waterfront  the new ,Positive
63,421461541,RT @WS23Gaming: THIS ONE SHOT SPX IS JUST LIKE THE KAR98 FROM VERDANSK!!!   💀🎮https://t.co/HY6GmmmLTO via @YouTube #Warzone #Warzone2 #Warz…,WS23Gaming,1,0,0,0,0,   ws23gaming  this one shot spx is just like the kar98 from verdansk      s t co hy6gmmmlto via  youtube  warzone  warzone2  warz ,Positive
64,1371894203970691074,THIS ONE SHOT SPX IS JUST LIKE THE KAR98 FROM VERDANSK!!!   💀🎮https://t.co/HY6GmmmLTO via @YouTube #Warzone #Warzone2 #WarzoneMobile #WZ #COD #CallofDuty #ModernWarfare #MW2 #MWII #SPX #Kar98 #gaming #gamer #videogames #YouTube #youtubeshorts #shorts #PS5 #PS5Share #PlayStation https://t.co/JYnHEs54my,YouTube,1,0,2,0,0,this one shot spx is just like the kar98 from verdansk      s t co hy6gmmmlto via  youtube  warzone  warzone2  warzonemobile  wz  cod  callofduty  modernwarfare  mw2  mwii  spx  kar98  gaming  gamer  videogames  youtube  youtubesho s  sho s  ps5  ps5share  playstation  s t co jynhes54my,Neutral
65,1533343902731841537,"RT @loneghostwolf88: Detective Mactavish 
#MWII  #CodSoap #CallofDuty #3DRender https://t.co/QYUOhkFzgm",loneghostwolf88,233,0,0,0,0,   loneghostwolf88  detective mactavish  mwii   codsoap  callofduty  3drender  s t co qyuohkfzgm,Neutral
66,772916305,Seht euch meine wöchentlichen Statistiken in #CallofDuty #MWII an 💪 https://t.co/uJf9Tql8eq,**this tweet had been deleted or hidden**,0,0,0,0,0,seht euch meine w chentlichen statistiken in  callofduty  mwii an    s t co ujf9tql8eq,Negative
67,1533343902731841537,"RT @loneghostwolf88: 6th entry of the beach boy series - Alex Keller ☀️📷 🏝️
#CallofDutyModernWarfare2 #CodAlexKeller #alexkeller #CallofDut…",loneghostwolf88,99,0,0,0,0,   loneghostwolf88  6th entry of the beach boy series   alex keller    callofdutymodernwarfare2  codalexkeller  alexkeller  callofdut ,Neutral
68,1305404248742596608,"RT @alexgscod: Thank you so much for 5k!!! 😊😭🙏
💀❤️🧼

#GhostSoap #SoapGhost #CallOfDuty #MWII https://t.co/3Wsq7SNXj5",alexgscod,794,0,0,0,0,   alexgscod  thank you so much for 5k   ghostsoap  soapghost  callofduty  mwii  s t co 3wsq7snxj5,Positive
69,1542420279502458880,@ArbiterYT @AliasWZMobile @PlayCODMobile @CODMobileIN Yes confirmed,ArbiterYT,0,0,3,0,0, arbiteryt  aliaswzmobile  playcodmobile  codmobilein yes confirmed,Positive
70,2235214448,RT @CallofDuty: It's time to fight like a hero. Season 04 Reloaded drops July 12 in Call of Duty #Warzone and #MWII 👉 https://t.co/CMgkvPpR…,CallofDuty,1166,0,0,0,0,   callofduty  it s time to fight like a hero  season 04 reloaded drops july 12 in call of duty  warzone and  mwii    s t co cmgkvppr ,Neutral
71,1298034950877229056,"RT @CallofDutyJP: シーズン04リローデッドが7月13日(日本時間)にCall of Duty #Warzone と #MWII に登場。こちらで全情報をチェック 👉 https://t.co/jZNg3e5yFe…

🦸‍♂️ ザ・ボーイズ参戦 
🗺 ヴォンデ…",CallofDutyJP,113,0,0,0,0,   callofdutyjp   04 7 13 call of duty  warzone    mwii      s t co jzng3e5yfe       ,Irrelevant
72,1532385930862010368,"Hi ihr Raketen, 
bin wieder live für euch auf twitch!! Schaut gerne vorbei!
https://t.co/9ujdyMZBCa
#twitchDE #twitchtv #twitchstreamer #twitchaffiliate #twitchmoments #smallstreamer #twitchgermany #callofduty #community #mw2 #twitchclips",**this tweet had been deleted or hidden**,0,0,2,0,0,hi ihr raketen   bin wieder live f r euch auf twitch  schaut gerne vorbei  s t co 9ujdymzbca twitchde  twitchtv  twitchstreamer  twitchaffiliate  twitchmoments  smallstreamer  twitchgermany  callofduty  community  mw2  twitchclips,Irrelevant
73,1524887439571050501,RT @HotSatans: request number uno aka König edging dONE 🫡 #nsfw #König #CallofDuty #MW2 #Konigmw2 https://t.co/J0Nw2iGNVe,HotSatans,1640,0,0,0,0,   hotsatans  request number uno aka k nig edging done    nsfw  k nig  callofduty  mw2  konigmw2  s t co j0nw2ignve,Positive
74,1524887439571050501,RT @HotSatans: bach for round 2 yeehaw ft. warm up request to get back on the horse 🤠🤘 i just kno it smells crazy in there☠️ #nsfw #ghostmw…,HotSatans,1388,0,0,0,0,   hotsatans  bach for round 2 yeehaw ft  warm up request to get back on the horse   i just kno it smells crazy in there   nsfw  ghostmw ,Irrelevant
75,1622666614029123584,"Today we want to have a short fun with TONFA🎯🔥😂
📌👇FULL SHORTVIDEO LINK 🎬👇📌
 👉📌https://t.co/7LRIpUGMH9📌👈
_____________
#mw2 #modernwarfare2 #MWII #CallofDuty #Callofdutymobile #warzone #warzone2 #mw #game  #shortsvideo #ViralVideos #Memes #ps5 #xbox #trending #gameplay https://t.co/FJs2961Rp4",**this tweet had been deleted or hidden**,0,0,1,0,0,today we want to have a sho  fun with tonfa full sho video link     s t co 7lripugmh9 mw2  modernwarfare2  mwii  callofduty  callofdutymobile  warzone  warzone2  mw  game   sho svideo  viralvideos  memes  ps5  xbox  trending  gameplay  s t co fjs2961rp4,Positive
76,1162904904211607552,@PlayCODMobile Bring back the SAC-2045 mythic switchblade draw,PlayCODMobile,0,0,0,0,0, playcodmobile bring back the sac 2045 mythic switchblade draw,Neutral
77,1556398118765297666,"RT @AmikoRoyAi: I love the hc that Ghost is always cold and Soap is a living furnace 🥺

#soapghost #ghostsoap #MWII #callofduty https://t.c…",AmikoRoyAi,1384,0,0,0,0,   amikoroyai  i love the hc that ghost is always cold and soap is a living furnace  soapghost  ghostsoap  mwii  callofduty  s t c ,Positive
78,1435786509655834626,"RT @alexgscod: Thank you so much for 5k!!! 😊😭🙏
💀❤️🧼

#GhostSoap #SoapGhost #CallOfDuty #MWII https://t.co/3Wsq7SNXj5",alexgscod,794,0,0,0,0,   alexgscod  thank you so much for 5k   ghostsoap  soapghost  callofduty  mwii  s t co 3wsq7snxj5,Positive
79,1315310585148518401,RT @HotSatans: bach for round 2 yeehaw ft. warm up request to get back on the horse 🤠🤘 i just kno it smells crazy in there☠️ #nsfw #ghostmw…,HotSatans,1388,0,0,0,0,   hotsatans  bach for round 2 yeehaw ft  warm up request to get back on the horse   i just kno it smells crazy in there   nsfw  ghostmw ,Irrelevant
80,1668972382801854466,"RT @AmikoRoyAi: So Ghost new outfit huh😩

#ghostsoap #soapghost #mwii #callofduty https://t.co/vymDc1spfC",AmikoRoyAi,662,0,0,0,0,   amikoroyai  so ghost new outfit huh ghostsoap  soapghost  mwii  callofduty  s t co vymdc1spfc,Neutral
81,1379096344334381059,@PlayCODMobile Did not bought the BP cuz the blueprint is 🗑️ with obstructive irons as well. Default is much better in any level. lmao,PlayCODMobile,0,0,0,0,0, playcodmobile did not bought the bp cuz the blueprint is   with obstructive irons as well  default is much better in any level  lmao,Negative
82,1492014629626781705,Ranked with Randy’s…… Need two Ranked Teammates #CallofDuty #Warzone2 #ranked #trading #Warzone  #MW2 #FYP https://t.co/UZpuiam7QK,**this tweet had been deleted or hidden**,0,0,1,0,0,ranked with randy s  need two ranked teammates  callofduty  warzone2  ranked  trading  warzone   mw2  fyp  s t co uzpuiam7qk,Neutral
83,804815831582568449,"RT @PlayCODMobile: 💪 Only the strong survive! 

Tag your squad in the comments and let’s get this party started in Arena Mode 😎 https://t.c…",PlayCODMobile,42,0,0,0,0,   playcodmobile    only the strong survive   tag your squad in the comments and let s get this pa y sta ed in arena mode    s t c ,Neutral
84,1012348217726398466,"RT @alexgscod: Thank you so much for 5k!!! 😊😭🙏
💀❤️🧼

#GhostSoap #SoapGhost #CallOfDuty #MWII https://t.co/3Wsq7SNXj5",alexgscod,794,0,0,0,0,   alexgscod  thank you so much for 5k   ghostsoap  soapghost  callofduty  mwii  s t co 3wsq7snxj5,Positive
85,1498465119189315594,"RT @Hopefulonion: Very important tutorial ‼️
#mw2 #callofduty #ghostsoap #soapghost https://t.co/F9bkWPB4sf",Hopefulonion,539,0,0,0,0,   hopefulonion  very impo ant tutorial  mw2  callofduty  ghostsoap  soapghost  s t co f9bkwpb4sf,Neutral
86,1247029087438172160,"RT @CallofDutyJP: シーズン04リローデッドが7月13日(日本時間)にCall of Duty #Warzone と #MWII に登場。こちらで全情報をチェック 👉 https://t.co/jZNg3e5yFe…

🦸‍♂️ ザ・ボーイズ参戦 
🗺 ヴォンデ…",CallofDutyJP,113,0,0,0,0,   callofdutyjp   04 7 13 call of duty  warzone    mwii      s t co jzng3e5yfe       ,Irrelevant
87,966491299728703490,"RT @CallofDutyJP: シーズン04リローデッドが7月13日(日本時間)にCall of Duty #Warzone と #MWII に登場。こちらで全情報をチェック 👉 https://t.co/jZNg3e5yFe…

🦸‍♂️ ザ・ボーイズ参戦 
🗺 ヴォンデ…",CallofDutyJP,113,0,0,0,0,   callofdutyjp   04 7 13 call of duty  warzone    mwii      s t co jzng3e5yfe       ,Irrelevant
88,1552531120352243712,@PlayCODMobile 2 more draws until Mythic Temper and Gun 🥳,PlayCODMobile,0,0,0,0,0, playcodmobile 2 more draws until mythic temper and gun  ,Neutral
89,1219175652013871104,Kefster is live on twitch!! don't miss it https://t.co/LU3uMLkvO5 #warzone #warzone2 #warzonenl #twitchstreamer #pro #nuke #cod #callofduty #bestplayer #smallstreamer #bigstreamer,**this tweet had been deleted or hidden**,0,0,0,0,0,kefster is live on twitch  don t miss it  s t co lu3umlkvo5  warzone  warzone2  warzonenl  twitchstreamer  pro  nuke  cod  callofduty  bestplayer  smallstreamer  bigstreamer,Neutral
90,1547317838146424832,"I definitely got BS'ed, but then recovered and won out that gunfight! 

#Warzone2
#CallofDuty
#AshikaIsland
#ModernWarfare2 https://t.co/qLlDZS2rAP",**this tweet had been deleted or hidden**,0,0,0,0,0,i definitely got bs ed  but then recovered and won out that gunfight   warzone2 callofduty ashikaisland modernwarfare2  s t co qlldzs2rap,Neutral
91,1524356895519166464,"RT @alexgscod: Thank you so much for 5k!!! 😊😭🙏
💀❤️🧼

#GhostSoap #SoapGhost #CallOfDuty #MWII https://t.co/3Wsq7SNXj5",alexgscod,794,0,0,0,0,   alexgscod  thank you so much for 5k   ghostsoap  soapghost  callofduty  mwii  s t co 3wsq7snxj5,Positive
92,554524392,"RT @CallofDutyJP: シーズン04リローデッドが7月13日(日本時間)にCall of Duty #Warzone と #MWII に登場。こちらで全情報をチェック 👉 https://t.co/jZNg3e5yFe…

🦸‍♂️ ザ・ボーイズ参戦 
🗺 ヴォンデ…",CallofDutyJP,113,0,0,0,0,   callofdutyjp   04 7 13 call of duty  warzone    mwii      s t co jzng3e5yfe       ,Irrelevant
93,1569910368813862914,@Templar_AceXY @FalconGamer24 @PlayCODMobile @Asher_Jamin @JackHer98166660 @Jennacodm @AlexeiEspino1 @ac it won't,Templar_AceXY,0,1,0,0,0, templar acexy  falcongamer24  playcodmobile  asher jamin  jackher98166660  jennacodm  alexeiespino1  ac it won t,Negative
94,949507114401128448,RT @HotSatans: bach for round 2 yeehaw ft. warm up request to get back on the horse 🤠🤘 i just kno it smells crazy in there☠️ #nsfw #ghostmw…,HotSatans,1388,0,0,0,0,   hotsatans  bach for round 2 yeehaw ft  warm up request to get back on the horse   i just kno it smells crazy in there   nsfw  ghostmw ,Irrelevant
95,1646903634221842433,RT @HotSatans: when ur trying to do stealth kills but the clap of ur asscheeks keep alerting the shadows #nsfw #ghostmw2 #CallofDuty #ghost…,HotSatans,1005,0,0,0,0,   hotsatans  when ur trying to do stealth kills but the clap of ur asscheeks keep ale ing the shadows  nsfw  ghostmw2  callofduty  ghost ,Neutral
96,826221339128139777,"RT @alexgscod: Thank you so much for 5k!!! 😊😭🙏
💀❤️🧼

#GhostSoap #SoapGhost #CallOfDuty #MWII https://t.co/3Wsq7SNXj5",alexgscod,794,0,0,0,0,   alexgscod  thank you so much for 5k   ghostsoap  soapghost  callofduty  mwii  s t co 3wsq7snxj5,Positive
97,1023102655999172608,"RT @loneghostwolf88: 7th entry of the beach boy series - Alejandro Vargas ☀️📷  🏝️
#alejandrovargas #CoDAlejandro #CallofDuty #3DRender #MWI…",loneghostwolf88,235,0,0,0,0,   loneghostwolf88  7th entry of the beach boy series   alejandro vargas     alejandrovargas  codalejandro  callofduty  3drender  mwi ,Neutral
98,1609168527717433347,RT @ThisEntertain: #Warzone #Warzone2 #CallofDuty #ModernWarfare2 #Pod #Parody https://t.co/3hFsQYd5FT,ThisEntertain,1,0,0,0,0,   thisente ain   warzone  warzone2  callofduty  modernwarfare2  pod  parody  s t co 3hfsqyd5ft,Negative
99,1227503557655572480,#Warzone #Warzone2 #CallofDuty #ModernWarfare2 #Pod #Parody https://t.co/3hFsQYd5FT,**this tweet had been deleted or hidden**,1,0,2,0,0, warzone  warzone2  callofduty  modernwarfare2  pod  parody  s t co 3hfsqyd5ft,Negative
100,1380318454553530370,RT @KreationIsKey: Some of my COD Thumbnails that vie worked for the montage scene. Hmu if you want 3D Text Thumbnails and we can talk Pric…,KreationIsKey,4,0,0,0,0,   kreationiskey  some of my cod thumbnails that vie worked for the montage scene  hmu if you want 3d text thumbnails and we can talk pric ,Irrelevant
101,432107618,"Funny Moments | WARZONE 2.0
@triple_low @dont_look_h3re @notyourkitties
@kingofphillytv #CallofDuty #Callofdutymobile
#CallofDutyWarzone #Warzone2 #GTA6 #GTAOnline #Fortnite #OnlyUp #twitch #TwitchStreamers #twitchaffiliate #YouTube #youtubeshorts #rumble
https://t.co/K3smiL7K95",triple_low,0,0,2,0,0,funny moments   warzone 2 0 triple low  dont look h3re  notyourkitties kingofphillytv  callofduty  callofdutymobile callofdutywarzone  warzone2  gta6  gtaonline  fo nite  onlyup  twitch  twitchstreamers  twitchaffiliate  youtube  youtubesho s  rumble  s t co k3smil7k95,Neutral
102,49411512,"RT @Trikksterttv: Heyooooo y'all, new video on my #YouTube channel, go check it out!!! #CallofDuty #MWII 

https://t.co/6KdaWElYzo",Trikksterttv,4,0,0,0,0,   trikkste tv  heyooooo y all  new video on my  youtube channel  go check it out   callofduty  mwii   s t co 6kdawelyzo,Neutral
103,1675538278164856835,@AdefuyeAdeleke @PlayCODNews @PlayCODMobile @Ferg Contact COLLIN_TECHS on Instagram he help me got my own account unbanned after I was bañned too,AdefuyeAdeleke,0,0,1,1,0, adefuyeadeleke  playcodnews  playcodmobile  ferg contact collin techs on instagram he help me got my own account unbanned after i was ba ned too,Irrelevant
104,1094978284498997248,"RT @a_secret_mf: did some more thinking😈(intersex Soap, pregnancy)

tags: #soapghost #cod #CallofDuty #MW2 #LGBTQ #fic

Okay so, secondary…",a_secret_mf,59,0,0,0,0,   a secret mf  did some more thinking intersex soap  pregnancy tags   soapghost  cod  callofduty  mw2  lgbtq  fic okay so  secondary ,Neutral
105,1671315774340837381,"@Dr_LAZARUS__YT @PlayCODMobile Don't waste your time,i've experienced this with cod support,they suck.
Reach out to blisstech20 on Instagram instead,he will help you. I don't know how he does it but he recovered my account within few minutes.",Dr_LAZARUS__YT,0,0,0,0,0, dr lazarus yt  playcodmobile don t waste your time i ve experienced this with cod suppo  they suck reach out to blisstech20 on instagram instead he will help you  i don t know how he does it but he recovered my account within few minutes ,Negative
106,1474096195949707271,RT @661ave: #Ghost #SimonGhostRiley #CallOfDuty #MWII #MW2 https://t.co/9FXEq9ZwyS,661ave,407,0,0,0,0,   661ave   ghost  simonghostriley  callofduty  mwii  mw2  s t co 9fxeq9zwys,Neutral
107,1616343487925870595,"RT @lexiissgone: I HAD TO REPOST IT CUZ I CAN'T CALM DOWN FUCK

[ #soapghost #GhostSoap #CallofDuty #MWII #cod #art #SoapMacTavish #ghostco…",lexiissgone,481,0,0,0,0,   lexiissgone  i had to repost it cuz i can t calm down fuck   soapghost  ghostsoap  callofduty  mwii  cod  a   soapmactavish  ghostco ,Negative
108,1562879200272338944,"RT @tim_hex: Fem!Ghost and Keegan🤭 

#SimonRiley #keeganpruss #MW2 #callofduty https://t.co/yirTbAC70t",tim_hex,59,0,0,0,0,   tim hex  fem ghost and keegan   simonriley  keeganpruss  mw2  callofduty  s t co yi bac70t,Neutral
109,1527390636256546828,"Hear me out...COD MW2 as Attack on Titan, Titans....HEAR ME OUT-

#CoD #ModernWarfare2 #CallofDuty #CallofDutyModernWarfare2",**this tweet had been deleted or hidden**,0,0,0,0,0,hear me out cod mw2 as attack on titan  titans hear me out cod  modernwarfare2  callofduty  callofdutymodernwarfare2,Neutral
110,1641777856056311810,"🗞️ MW2 E WARZONE 2.0: LE NOVITÀ DELLA SEASON 4 RELOADED

👇 Visualizza articolo completo 👇

#Activision #CallofDuty #ModernWarfare2 #Multiplayer #Season4 #Season4Reloaded #Warzone2

https://t.co/rOYYQhO7um https://t.co/gNE5DMz2pF",**this tweet had been deleted or hidden**,1,0,2,0,0,  mw2 e warzone 2 0  le novit  della season 4 reloaded  visualizza a icolo completo  activision  callofduty  modernwarfare2  multiplayer  season4  season4reloaded  warzone2  s t co royyqho7um  s t co gne5dmz2pf,Neutral
111,1452849017260363786,RT @SpectReckyaup: Mythic vs Legendary featuring Spectre @PlayCODMobile https://t.co/FZz7bmdWEt,SpectReckyaup,4,0,0,0,0,   spectreckyaup  mythic vs legendary featuring spectre  playcodmobile  s t co fzz7bmdwet,Neutral
112,1264112429795074048,Best SO-14 CLASS SETUP‼️#Fyp #viral #Cod #callofduty #MW2 #WZ #WZ2 #vondel #Warzone2 #Codtopplays #CDL2023 #Rank #Gfuel #CLASS #CLASSSETUP #WZRank https://t.co/UocwYlVjGW,**this tweet had been deleted or hidden**,0,0,1,0,0,best so 14 class setup fyp  viral  cod  callofduty  mw2  wz  wz2  vondel  warzone2  codtopplays  cdl2023  rank  gfuel  class  classsetup  wzrank  s t co uocwylvjgw,Positive
113,1227897234928259072,"RT @alexgscod: Thank you so much for 5k!!! 😊😭🙏
💀❤️🧼

#GhostSoap #SoapGhost #CallOfDuty #MWII https://t.co/3Wsq7SNXj5",alexgscod,794,0,0,0,0,   alexgscod  thank you so much for 5k   ghostsoap  soapghost  callofduty  mwii  s t co 3wsq7snxj5,Positive
114,1653879642200186881,"RT @Nidus_4425: Lick

#Ghost #König #CallofDuty #MWII https://t.co/qAktKNTA7k",Nidus_4425,12,0,0,0,0,   nidus 4425  lick ghost  k nig  callofduty  mwii  s t co qaktknta7k,Neutral
115,1401376874438303745,RT @CallofDuty: It's time to fight like a hero. Season 04 Reloaded drops July 12 in Call of Duty #Warzone and #MWII 👉 https://t.co/CMgkvPpR…,CallofDuty,1166,0,0,0,0,   callofduty  it s time to fight like a hero  season 04 reloaded drops july 12 in call of duty  warzone and  mwii    s t co cmgkvppr ,Neutral
116,840237670601224193,"Fem!Ghost and Keegan🤭 

#SimonRiley #keeganpruss #MW2 #callofduty https://t.co/yirTbAC70t",**this tweet had been deleted or hidden**,59,5,678,1,29,fem ghost and keegan   simonriley  keeganpruss  mw2  callofduty  s t co yi bac70t,Neutral
117,1643121771263201281,"RT @alexgscod: Thank you so much for 5k!!! 😊😭🙏
💀❤️🧼

#GhostSoap #SoapGhost #CallOfDuty #MWII https://t.co/3Wsq7SNXj5",alexgscod,794,0,0,0,0,   alexgscod  thank you so much for 5k   ghostsoap  soapghost  callofduty  mwii  s t co 3wsq7snxj5,Positive
118,1653879642200186881,"RT @loneghostwolf88: one more render from the latest little render session with Ghost 💀
#simonghostriley #CoDGhost #CallofDuty #3DRender #M…",loneghostwolf88,278,0,0,0,0,   loneghostwolf88  one more render from the latest little render session with ghost  simonghostriley  codghost  callofduty  3drender  m ,Neutral
119,1653879642200186881,"RT @loneghostwolf88: 6th entry of the beach boy series - Alex Keller ☀️📷 🏝️
#CallofDutyModernWarfare2 #CodAlexKeller #alexkeller #CallofDut…",loneghostwolf88,99,0,0,0,0,   loneghostwolf88  6th entry of the beach boy series   alex keller    callofdutymodernwarfare2  codalexkeller  alexkeller  callofdut ,Neutral
120,1643610015960297473,"@CallofDuty @Activision Bring back theater mode 😭
#CallofDuty #ModernWarfare2 #MW2 #MWII #CODLeague #RankedPlay #Warzone #WZ #Warzone2 #XDefiant #CDLChamps #GOAT #GOML #Swept #MainStage #Sweat #LAN #ProPlayer #Gaming #Raid #MLG #eSports #PlayStation #Ps5 #EZMoney #GetTheBag",CallofDuty,0,0,0,0,0, callofduty  activision bring back theater mode  callofduty  modernwarfare2  mw2  mwii  codleague  rankedplay  warzone  wz  warzone2  xdefiant  cdlchamps  goat  goml  swept  mainstage  sweat  lan  proplayer  gaming  raid  mlg  espo s  playstation  ps5  ezmoney  getthebag,Neutral
121,1653879642200186881,"RT @loneghostwolf88: big boy got lost on the beach... 😎

#CallofDutyModernWarfare2 #CoDKönig   #CallofDuty  #3DRender #Rendering #Daz3D #MW…",loneghostwolf88,983,0,0,0,0,   loneghostwolf88  big boy got lost on the beach   callofdutymodernwarfare2  codk nig    callofduty   3drender  rendering  daz3d  mw ,Negative
122,1653879642200186881,"RT @loneghostwolf88: 7th entry of the beach boy series - Alejandro Vargas ☀️📷  🏝️
#alejandrovargas #CoDAlejandro #CallofDuty #3DRender #MWI…",loneghostwolf88,235,0,0,0,0,   loneghostwolf88  7th entry of the beach boy series   alejandro vargas     alejandrovargas  codalejandro  callofduty  3drender  mwi ,Neutral
123,1645883729234018308,RT @HotSatans: when ur trying to do stealth kills but the clap of ur asscheeks keep alerting the shadows #nsfw #ghostmw2 #CallofDuty #ghost…,HotSatans,1005,0,0,0,0,   hotsatans  when ur trying to do stealth kills but the clap of ur asscheeks keep ale ing the shadows  nsfw  ghostmw2  callofduty  ghost ,Neutral
124,742753468826411008,"Let’s get real here. Microsoft buying Activision. Is this a major deal breaker for most PlayStation owners? 
Apart from Call Of Duty, what else do Activision release?
Call Of Duty hasn’t been good since MW2/3 and Black Ops 2.

#Playstation
#Xbox
#CODRIP

 https://t.co/cyasXYJRE7",**this tweet had been deleted or hidden**,1,0,3,0,0,let s get real here  microsoft buying activision  is this a major deal breaker for most playstation owners   apa  from call of duty  what else do activision release call of duty hasn t been good since mw2 3 and black ops 2 playstation xbox codrip   s t co cyasxyjre7,Negative
125,1616430197904900096,"The Homelander and other heroes of the ""The Boys"" will appear in Call of Duty on July 12, along with the new season.

My Telegram: https://t.co/yg9O2YaLSH

#TheBoys #CallofDuty #Warzone2 #CallofDutyModernWarfare2 #ModernWarfare2 https://t.co/XDbue2VDIN",**this tweet had been deleted or hidden**,0,0,0,0,0,the homelander and other heroes of the  the boys  will appear in call of duty on july 12  along with the new season my telegram   s t co yg9o2yalsh theboys  callofduty  warzone2  callofdutymodernwarfare2  modernwarfare2  s t co xdbue2vdin,Neutral
126,1645883729234018308,RT @HotSatans: request number uno aka König edging dONE 🫡 #nsfw #König #CallofDuty #MW2 #Konigmw2 https://t.co/J0Nw2iGNVe,HotSatans,1640,0,0,0,0,   hotsatans  request number uno aka k nig edging done    nsfw  k nig  callofduty  mw2  konigmw2  s t co j0nw2ignve,Positive
127,1136736775114809344,RT @661ave: #Ghost #SimonGhostRiley #CallOfDuty #MWII #MW2 https://t.co/9FXEq9ZwyS,661ave,407,0,0,0,0,   661ave   ghost  simonghostriley  callofduty  mwii  mw2  s t co 9fxeq9zwys,Neutral
128,1645883729234018308,RT @HotSatans: bach for round 2 yeehaw ft. warm up request to get back on the horse 🤠🤘 i just kno it smells crazy in there☠️ #nsfw #ghostmw…,HotSatans,1388,0,0,0,0,   hotsatans  bach for round 2 yeehaw ft  warm up request to get back on the horse   i just kno it smells crazy in there   nsfw  ghostmw ,Irrelevant
129,1616826026541338624,"RT @loneghostwolf88: 7th entry of the beach boy series - Alejandro Vargas ☀️📷  🏝️
#alejandrovargas #CoDAlejandro #CallofDuty #3DRender #MWI…",loneghostwolf88,235,0,0,0,0,   loneghostwolf88  7th entry of the beach boy series   alejandro vargas     alejandrovargas  codalejandro  callofduty  3drender  mwi ,Neutral
130,1610707654858399744,Check out my weekly stats in #CallofDuty #MWII 💪 https://t.co/o98n3Rl7W2,**this tweet had been deleted or hidden**,0,0,0,0,0,check out my weekly stats in  callofduty  mwii    s t co o98n3rl7w2,Neutral
131,3342065578,"@Hinata23Hyuga Kkkkkkkk

Coitada de ti, acho que o MW2 tá em promoção na Amazon e na PSN, mas nn tenho ctz.",Hinata23Hyuga,0,0,0,0,0, hinata23hyuga kkkkkkkk coitada de ti  acho que o mw2 t  em promo o na amazon e na psn  mas nn tenho ctz ,Negative
132,1400091339790831623,"RT @Trikksterttv: Heyooooo y'all, new video on my #YouTube channel, go check it out!!! #CallofDuty #MWII 

https://t.co/6KdaWElYzo",Trikksterttv,4,0,0,0,0,   trikkste tv  heyooooo y all  new video on my  youtube channel  go check it out   callofduty  mwii   s t co 6kdawelyzo,Neutral
133,1591261720156192771,"RT @PlayCODMobile: 💪 Only the strong survive! 

Tag your squad in the comments and let’s get this party started in Arena Mode 😎 https://t.c…",PlayCODMobile,42,0,0,0,0,   playcodmobile    only the strong survive   tag your squad in the comments and let s get this pa y sta ed in arena mode    s t c ,Neutral
134,1429300691852414984,RT @Mask1_0ff: #CallofDuty #MWII #ghost  🤣 https://t.co/dVkCl3CSRb,Mask1_0ff,2,0,0,0,0,   mask1 0ff   callofduty  mwii  ghost     s t co dvkcl3csrb,Neutral
135,1670939654965665794,RT @yumecore: #CallofDuty #MWII #MW2 #SimonGhostRiley https://t.co/edOGtlmw5J,yumecore,68,0,0,0,0,   yumecore   callofduty  mwii  mw2  simonghostriley  s t co edogtlmw5j,Neutral
136,833751826897870848,"Heyooooo y'all, new video on my #YouTube channel, go check it out!!! #CallofDuty #MWII 

https://t.co/6KdaWElYzo",**this tweet had been deleted or hidden**,4,1,3,0,0,heyooooo y all  new video on my  youtube channel  go check it out   callofduty  mwii   s t co 6kdawelyzo,Neutral
137,1257501216269111296,RT @661ave: #Ghost #SimonGhostRiley #CallOfDuty #MWII #MW2 https://t.co/9FXEq9ZwyS,661ave,407,0,0,0,0,   661ave   ghost  simonghostriley  callofduty  mwii  mw2  s t co 9fxeq9zwys,Neutral
138,1022141717787504640,"RT @alexgscod: Thank you so much for 5k!!! 😊😭🙏
💀❤️🧼

#GhostSoap #SoapGhost #CallOfDuty #MWII https://t.co/3Wsq7SNXj5",alexgscod,794,0,0,0,0,   alexgscod  thank you so much for 5k   ghostsoap  soapghost  callofduty  mwii  s t co 3wsq7snxj5,Positive
139,1049398235326951424,"RT @alexgscod: Thank you so much for 5k!!! 😊😭🙏
💀❤️🧼

#GhostSoap #SoapGhost #CallOfDuty #MWII https://t.co/3Wsq7SNXj5",alexgscod,794,0,0,0,0,   alexgscod  thank you so much for 5k   ghostsoap  soapghost  callofduty  mwii  s t co 3wsq7snxj5,Positive
140,1651123559857639425,"RT @HotSatans: bro we need to get to the safe zone bro the gas is closing in brO-
König doodle to get back on the horse🤠 #nsfw #König #Call…",HotSatans,1240,0,0,0,0,   hotsatans  bro we need to get to the safe zone bro the gas is closing in bro k nig doodle to get back on the horse   nsfw  k nig  call ,Irrelevant
141,1651123559857639425,RT @HotSatans: request number uno aka König edging dONE 🫡 #nsfw #König #CallofDuty #MW2 #Konigmw2 https://t.co/J0Nw2iGNVe,HotSatans,1640,0,0,0,0,   hotsatans  request number uno aka k nig edging done    nsfw  k nig  callofduty  mw2  konigmw2  s t co j0nw2ignve,Positive
142,368594951,MW2 Why We Hate Activision https://t.co/FFKdIdGwK6 via @YouTube,YouTube,0,0,0,0,0,mw2 why we hate activision  s t co ffkdidgwk6 via  youtube,Negative
143,1253160205279346688,"RT @alexgscod: Thank you so much for 5k!!! 😊😭🙏
💀❤️🧼

#GhostSoap #SoapGhost #CallOfDuty #MWII https://t.co/3Wsq7SNXj5",alexgscod,794,0,0,0,0,   alexgscod  thank you so much for 5k   ghostsoap  soapghost  callofduty  mwii  s t co 3wsq7snxj5,Positive
144,1651123559857639425,RT @HotSatans: bach for round 2 yeehaw ft. warm up request to get back on the horse 🤠🤘 i just kno it smells crazy in there☠️ #nsfw #ghostmw…,HotSatans,1388,0,0,0,0,   hotsatans  bach for round 2 yeehaw ft  warm up request to get back on the horse   i just kno it smells crazy in there   nsfw  ghostmw ,Irrelevant
145,1187527573330386946,"RT @a_secret_mf: did some more thinking😈(intersex Soap, pregnancy)

tags: #soapghost #cod #CallofDuty #MW2 #LGBTQ #fic

Okay so, secondary…",a_secret_mf,59,0,0,0,0,   a secret mf  did some more thinking intersex soap  pregnancy tags   soapghost  cod  callofduty  mw2  lgbtq  fic okay so  secondary ,Neutral
146,1574804022309036033,"@charlieINTEL Good, that means we just have to deal with one final money grab from activision(MWII) and then the community can rejoice. Hopefully…",charlieINTEL,0,0,0,0,0, charlieintel good  that means we just have to deal with one final money grab from activision mwii  and then the community can rejoice  hopefully ,Negative
147,1560142276189245441,"RT @alexgscod: Thank you so much for 5k!!! 😊😭🙏
💀❤️🧼

#GhostSoap #SoapGhost #CallOfDuty #MWII https://t.co/3Wsq7SNXj5",alexgscod,794,0,0,0,0,   alexgscod  thank you so much for 5k   ghostsoap  soapghost  callofduty  mwii  s t co 3wsq7snxj5,Positive
148,3040448224,@PlayCODMobile https://t.co/xF9Q2ja9Bx,PlayCODMobile,0,0,0,0,0, playcodmobile  s t co xf9q2ja9bx,Neutral
149,3040448224,@PlayCODMobile https://t.co/gPkq2PGY2k,PlayCODMobile,0,0,0,0,0, playcodmobile  s t co gpkq2pgy2k,Neutral
150,3040448224,@PlayCODMobile https://t.co/Owdpxke1ZV,PlayCODMobile,0,0,0,0,0, playcodmobile  s t co owdpxke1zv,Neutral
151,3040448224,@PlayCODMobile TRAGAM ESSA BY15 PRO COD MOBILE GLOBAL POR FAVOR! https://t.co/Ir2NpkiBRa,PlayCODMobile,0,0,0,0,0, playcodmobile tragam essa by15 pro cod mobile global por favor   s t co ir2npkibra,Neutral
152,942849389164486659,"RT @JakeMaverik: REACTING TO CDL HOT TAKES! 🔥

The hot takes in my latest video are pretty spicy, you should check it out 🌶️

Link in my bi…",JakeMaverik,1,0,0,0,0,   jakemaverik  reacting to cdl hot takes   the hot takes in my latest video are pretty spicy  you should check it out  link in my bi ,Irrelevant
153,1185747470233456641,"RT @loneghostwolf88: 7th entry of the beach boy series - Alejandro Vargas ☀️📷  🏝️
#alejandrovargas #CoDAlejandro #CallofDuty #3DRender #MWI…",loneghostwolf88,235,0,0,0,0,   loneghostwolf88  7th entry of the beach boy series   alejandro vargas     alejandrovargas  codalejandro  callofduty  3drender  mwi ,Neutral
154,3040448224,@PlayCODMobile tragam está by15 lendária para o Cod mobile Global por favor ! https://t.co/ZTf0JAAYrU,PlayCODMobile,0,0,0,0,0, playcodmobile tragam est  by15 lend ria para o cod mobile global por favor    s t co ztf0jaayru,Neutral
155,1106092916903153665,"RT @Hopefulonion: Very important tutorial ‼️
#mw2 #callofduty #ghostsoap #soapghost https://t.co/F9bkWPB4sf",Hopefulonion,539,0,0,0,0,   hopefulonion  very impo ant tutorial  mw2  callofduty  ghostsoap  soapghost  s t co f9bkwpb4sf,Neutral
156,1631756706181963776,"RT @BettyBRenders: 🦿Broken…

#Alex #alexkeller #AlexMW2 #MW2 #MWII #CallofDutyModernWarfare2 #CallofDuty https://t.co/KVsDNZeil9",BettyBRenders,108,0,0,0,0,   bettybrenders   broken alex  alexkeller  alexmw2  mw2  mwii  callofdutymodernwarfare2  callofduty  s t co kvsdnzeil9,Negative
157,2959045650,"Might Turn into a Ghost . . .Because that Ultimate Perk can be great on Vondel Waterfront, the new Multiplayer map where stealth maneuvers are your focus. 

#MWII Season 04 Reloaded | July 12

https://t.co/3wspdwjOE4 https://t.co/CkjBCV7JUb",**this tweet had been deleted or hidden**,0,0,0,0,0,might turn into a ghost      because that ultimate perk can be great on vondel waterfront  the new multiplayer map where stealth maneuvers are your focus   mwii season 04 reloaded   july 12  s t co 3wspdwjoe4  s t co ckjbcv7jub,Neutral
158,1092444381855051777,"RT @alexgscod: Thank you so much for 5k!!! 😊😭🙏
💀❤️🧼

#GhostSoap #SoapGhost #CallOfDuty #MWII https://t.co/3Wsq7SNXj5",alexgscod,794,0,0,0,0,   alexgscod  thank you so much for 5k   ghostsoap  soapghost  callofduty  mwii  s t co 3wsq7snxj5,Positive
159,1615637256106135553,"RT @Hopefulonion: Very important tutorial ‼️
#mw2 #callofduty #ghostsoap #soapghost https://t.co/F9bkWPB4sf",Hopefulonion,539,0,0,0,0,   hopefulonion  very impo ant tutorial  mw2  callofduty  ghostsoap  soapghost  s t co f9bkwpb4sf,Neutral
160,223247238,"RT @DEON66666: Today We have MASS MURDER in VONDEL🎯🔥😎
📌👇FULL VIDEO LINK 🎬👇📌
 👉📌https://t.co/EBSVu6JckT📌👈
___________________
#mw2 #modernwa…",DEON66666,1,0,0,0,0,   deon66666  today we have mass murder in vondel full video link     s t co ebsvu6jckt mw2  modernwa ,Neutral
161,1676033932842680320,"@MrHoudine @Drakesincero5 Irrelevante? Não, mas que a franquia está decaindo na mão da activision está. Call of duty mw2 💩",MrHoudine,0,0,0,0,0, mrhoudine  drakesincero5 irrelevante  n o  mas que a franquia est  decaindo na m o da activision est  call of duty mw2  ,Negative
162,1607475715024343040,"@medster101 Wtf are you on, Activision still hasn't lowered the price to their 16 year old games. MWII is still €80!",medster101,0,0,0,0,0, medster101 wtf are you on  activision still hasn t lowered the price to their 16 year old games  mwii is still  80 ,Negative
163,1222540393,"RT @Hopefulonion: Very important tutorial ‼️
#mw2 #callofduty #ghostsoap #soapghost https://t.co/F9bkWPB4sf",Hopefulonion,539,0,0,0,0,   hopefulonion  very impo ant tutorial  mw2  callofduty  ghostsoap  soapghost  s t co f9bkwpb4sf,Neutral
164,49411512,RT @5TARSKiLLz: Can't take me off my killstreaks Vaznev 9k op shipment #vaznev9k #shipment #mw2 #callofduty #like #share #gaming https://t.…,5TARSKiLLz,1,0,0,0,0,   5tarskillz  can t take me off my killstreaks vaznev 9k op shipment  vaznev9k  shipment  mw2  callofduty  like  share  gaming  s t ,Negative
165,1438345131955040261,Need team for warzone ranked??? Who’s in? #Warzone2 #CallofDuty,**this tweet had been deleted or hidden**,0,1,0,0,0,need team for warzone ranked  who s in   warzone2  callofduty,Positive
166,1666715522128580609,"RT @Alizethaaa: Innocent doodle :) 

#MW2 #Konig #CallofDuty https://t.co/BeBVIxqa3E",Alizethaaa,478,0,0,0,0,   alizethaaa  innocent doodle    mw2  konig  callofduty  s t co bebvixqa3e,Negative
167,1021097015235706880,"RT @a_secret_mf: did some more thinking😈(intersex Soap, pregnancy)

tags: #soapghost #cod #CallofDuty #MW2 #LGBTQ #fic

Okay so, secondary…",a_secret_mf,59,0,0,0,0,   a secret mf  did some more thinking intersex soap  pregnancy tags   soapghost  cod  callofduty  mw2  lgbtq  fic okay so  secondary ,Neutral
168,2667512689,RT @CallofDuty: It's time to fight like a hero. Season 04 Reloaded drops July 12 in Call of Duty #Warzone and #MWII 👉 https://t.co/CMgkvPpR…,CallofDuty,1166,0,0,0,0,   callofduty  it s time to fight like a hero  season 04 reloaded drops july 12 in call of duty  warzone and  mwii    s t co cmgkvppr ,Neutral
169,1450249394331152386,"RT @CallofDutyJP: シーズン04リローデッドが7月13日(日本時間)にCall of Duty #Warzone と #MWII に登場。こちらで全情報をチェック 👉 https://t.co/jZNg3e5yFe…

🦸‍♂️ ザ・ボーイズ参戦 
🗺 ヴォンデ…",CallofDutyJP,113,0,0,0,0,   callofdutyjp   04 7 13 call of duty  warzone    mwii      s t co jzng3e5yfe       ,Irrelevant
170,1340082754185256962,"RT @alexgscod: Thank you so much for 5k!!! 😊😭🙏
💀❤️🧼

#GhostSoap #SoapGhost #CallOfDuty #MWII https://t.co/3Wsq7SNXj5",alexgscod,794,0,0,0,0,   alexgscod  thank you so much for 5k   ghostsoap  soapghost  callofduty  mwii  s t co 3wsq7snxj5,Positive
171,2845939652,"RT @VanillaJazz_: Watch me play DMZ and make friends! #dmz #callofduty #MW2 #twitch #streaming 

https://t.co/Aepc3e1sM9",VanillaJazz_,1,0,0,0,0,   vanillajazz  watch me play dmz and make friends   dmz  callofduty  mw2  twitch  streaming   s t co aepc3e1sm9,Neutral
172,2363526016,RT @CallofDuty: It's time to fight like a hero. Season 04 Reloaded drops July 12 in Call of Duty #Warzone and #MWII 👉 https://t.co/CMgkvPpR…,CallofDuty,1166,0,0,0,0,   callofduty  it s time to fight like a hero  season 04 reloaded drops july 12 in call of duty  warzone and  mwii    s t co cmgkvppr ,Neutral
173,1483204622,"RT @a_secret_mf: did some more thinking😈(intersex Soap, pregnancy)

tags: #soapghost #cod #CallofDuty #MW2 #LGBTQ #fic

Okay so, secondary…",a_secret_mf,59,0,0,0,0,   a secret mf  did some more thinking intersex soap  pregnancy tags   soapghost  cod  callofduty  mw2  lgbtq  fic okay so  secondary ,Neutral
174,1110817535262257153,"RT @Hopefulonion: Very important tutorial ‼️
#mw2 #callofduty #ghostsoap #soapghost https://t.co/F9bkWPB4sf",Hopefulonion,539,0,0,0,0,   hopefulonion  very impo ant tutorial  mw2  callofduty  ghostsoap  soapghost  s t co f9bkwpb4sf,Neutral
175,1254050278179049472,"RT @alexgscod: Thank you so much for 5k!!! 😊😭🙏
💀❤️🧼

#GhostSoap #SoapGhost #CallOfDuty #MWII https://t.co/3Wsq7SNXj5",alexgscod,794,0,0,0,0,   alexgscod  thank you so much for 5k   ghostsoap  soapghost  callofduty  mwii  s t co 3wsq7snxj5,Positive
176,1595760163,"@Txharleyquinn That's because it's not the same people.
Almost half of the crew that made Modern Warfare 2019 (Writers, designers,...) have left Infinity Ward.

Originally, MWII had a way different storyline for the Campaign and Warzone, but everything got changed during mid-dev.
There's some… https://t.co/xNAWkhd50x",Txharleyquinn,0,0,0,0,0, txharleyquinn that s because it s not the same people almost half of the crew that made modern warfare 2019  writers  designers  have left infinity ward originally  mwii had a way different storyline for the campaign and warzone  but everything got changed during mid dev there s some   s t co xnawkhd50x,Neutral
177,1483204622,RT @HotSatans: request number uno aka König edging dONE 🫡 #nsfw #König #CallofDuty #MW2 #Konigmw2 https://t.co/J0Nw2iGNVe,HotSatans,1640,0,0,0,0,   hotsatans  request number uno aka k nig edging done    nsfw  k nig  callofduty  mw2  konigmw2  s t co j0nw2ignve,Positive
178,3638320217,"RT @a_secret_mf: did some more thinking😈(intersex Soap, pregnancy)

tags: #soapghost #cod #CallofDuty #MW2 #LGBTQ #fic

Okay so, secondary…",a_secret_mf,59,0,0,0,0,   a secret mf  did some more thinking intersex soap  pregnancy tags   soapghost  cod  callofduty  mw2  lgbtq  fic okay so  secondary ,Neutral
179,1405580207700987907,"RT @colin_3dart: König - Smile

Inspired by @Tava_tavatic's work 😀

#Konig #callofduty #könig #CallofDutyModernWarfare2 #Warzone2 #mwii #Mo…",colin_3dart,234,0,0,0,0,   colin 3da   k nig   smile inspired by  tava tavatic s work  konig  callofduty  k nig  callofdutymodernwarfare2  warzone2  mwii  mo ,Positive
180,1102792123,RT @CallofDuty: It's time to fight like a hero. Season 04 Reloaded drops July 12 in Call of Duty #Warzone and #MWII 👉 https://t.co/CMgkvPpR…,CallofDuty,1166,0,0,0,0,   callofduty  it s time to fight like a hero  season 04 reloaded drops july 12 in call of duty  warzone and  mwii    s t co cmgkvppr ,Neutral
181,1554288839958708225,RT @CallofDuty: It's time to fight like a hero. Season 04 Reloaded drops July 12 in Call of Duty #Warzone and #MWII 👉 https://t.co/CMgkvPpR…,CallofDuty,1166,0,0,0,0,   callofduty  it s time to fight like a hero  season 04 reloaded drops july 12 in call of duty  warzone and  mwii    s t co cmgkvppr ,Neutral
182,1134830155942236161,RT @puffpuffgamee: i thought i was bad but damn what was he doing. #CallofDuty #Warzone2 @CallofDuty https://t.co/tzvD9QbgLD,puffpuffgamee,3,0,0,0,0,   puffpuffgamee  i thought i was bad but damn what was he doing   callofduty  warzone2  callofduty  s t co tzvd9qbgld,Negative
183,1565687724899766273,"RT @alexgscod: Thank you so much for 5k!!! 😊😭🙏
💀❤️🧼

#GhostSoap #SoapGhost #CallOfDuty #MWII https://t.co/3Wsq7SNXj5",alexgscod,794,0,0,0,0,   alexgscod  thank you so much for 5k   ghostsoap  soapghost  callofduty  mwii  s t co 3wsq7snxj5,Positive
184,1512415683073650688,"[参加型！7月フリプ！zombie]
CallofDuty Viewer Participation Live!
初見さん！常連様！いらっしゃい！

さいころ029のCODBOCWゾンビ！配信！

#参加型
#フリプ
#BOCW #zombie
#CallofDuty #COD
#MW2 #DMZ
#配信 #Live #YouTube 

https://t.co/l6Q7Bqjyy2",**this tweet had been deleted or hidden**,0,0,1,0,0, 7 zombie callofduty viewer pa icipation live 029 codbocw bocw  zombie callofduty  cod mw2  dmz   live  youtube   s t co l6q7bqjyy2,Neutral
185,1564454581161050115,RT @CallofDuty: It's time to fight like a hero. Season 04 Reloaded drops July 12 in Call of Duty #Warzone and #MWII 👉 https://t.co/CMgkvPpR…,CallofDuty,1166,0,0,0,0,   callofduty  it s time to fight like a hero  season 04 reloaded drops july 12 in call of duty  warzone and  mwii    s t co cmgkvppr ,Neutral
186,1378046829355536389,RT @_artist_ely: can i join the pricegaz/gazprice club now #gazprice #pricegaz #mw2 #mwii #cod #callofduty #johnprice #kylegaz #pricemw2 #g…,_artist_ely,203,0,0,0,0,   a ist ely  can i join the pricegaz gazprice club now  gazprice  pricegaz  mw2  mwii  cod  callofduty  johnprice  kylegaz  pricemw2  g ,Neutral
187,467076747,Check out my new tiktok!! #CallofDuty #Warzone2 #twitchclips #TikTok https://t.co/ZF7cp0Uq0i,**this tweet had been deleted or hidden**,0,0,0,0,0,check out my new tiktok   callofduty  warzone2  twitchclips  tiktok  s t co zf7cp0uq0i,Neutral
188,918435632866660354,"RT @alexgscod: Thank you so much for 5k!!! 😊😭🙏
💀❤️🧼

#GhostSoap #SoapGhost #CallOfDuty #MWII https://t.co/3Wsq7SNXj5",alexgscod,794,0,0,0,0,   alexgscod  thank you so much for 5k   ghostsoap  soapghost  callofduty  mwii  s t co 3wsq7snxj5,Positive
189,1409983614553575426,"RT @Hopefulonion: Very important tutorial ‼️
#mw2 #callofduty #ghostsoap #soapghost https://t.co/F9bkWPB4sf",Hopefulonion,539,0,0,0,0,   hopefulonion  very impo ant tutorial  mw2  callofduty  ghostsoap  soapghost  s t co f9bkwpb4sf,Neutral
190,1387566174767026176,"RT @a_secret_mf: did some more thinking😈(intersex Soap, pregnancy)

tags: #soapghost #cod #CallofDuty #MW2 #LGBTQ #fic

Okay so, secondary…",a_secret_mf,59,0,0,0,0,   a secret mf  did some more thinking intersex soap  pregnancy tags   soapghost  cod  callofduty  mw2  lgbtq  fic okay so  secondary ,Neutral
191,1666538886992887813,"Nobody is going to die in a spec ops mode lol 
#MWII
#CallofDuty https://t.co/tICXeBhZlL",**this tweet had been deleted or hidden**,0,0,0,0,0,nobody is going to die in a spec ops mode lol  mwii callofduty  s t co ticxebhzll,Negative
192,1279905572712824837,"RT @loneghostwolf88: 7th entry of the beach boy series - Alejandro Vargas ☀️📷  🏝️
#alejandrovargas #CoDAlejandro #CallofDuty #3DRender #MWI…",loneghostwolf88,235,0,0,0,0,   loneghostwolf88  7th entry of the beach boy series   alejandro vargas     alejandrovargas  codalejandro  callofduty  3drender  mwi ,Neutral
193,1243350528530083840,"RT @colin_3dart: König - Smile

Inspired by @Tava_tavatic's work 😀

#Konig #callofduty #könig #CallofDutyModernWarfare2 #Warzone2 #mwii #Mo…",colin_3dart,234,0,0,0,0,   colin 3da   k nig   smile inspired by  tava tavatic s work  konig  callofduty  k nig  callofdutymodernwarfare2  warzone2  mwii  mo ,Positive
194,1110817535262257153,"RT @alexgscod: Thank you so much for 5k!!! 😊😭🙏
💀❤️🧼

#GhostSoap #SoapGhost #CallOfDuty #MWII https://t.co/3Wsq7SNXj5",alexgscod,794,0,0,0,0,   alexgscod  thank you so much for 5k   ghostsoap  soapghost  callofduty  mwii  s t co 3wsq7snxj5,Positive
195,316542233,"Watch me play DMZ and make friends! #dmz #callofduty #MW2 #twitch #streaming 

https://t.co/Aepc3e1sM9",**this tweet had been deleted or hidden**,1,0,1,0,0,watch me play dmz and make friends   dmz  callofduty  mw2  twitch  streaming   s t co aepc3e1sm9,Neutral
196,3380657247,"RT @a_secret_mf: did some more thinking😈(intersex Soap, pregnancy)

tags: #soapghost #cod #CallofDuty #MW2 #LGBTQ #fic

Okay so, secondary…",a_secret_mf,59,0,0,0,0,   a secret mf  did some more thinking intersex soap  pregnancy tags   soapghost  cod  callofduty  mw2  lgbtq  fic okay so  secondary ,Neutral
197,771791135748435968,RT @CallofDuty: It's time to fight like a hero. Season 04 Reloaded drops July 12 in Call of Duty #Warzone and #MWII 👉 https://t.co/CMgkvPpR…,CallofDuty,1166,0,0,0,0,   callofduty  it s time to fight like a hero  season 04 reloaded drops july 12 in call of duty  warzone and  mwii    s t co cmgkvppr ,Neutral
198,19987766,"Gotta love the idiots in #DMZ they rescued me... after killing me to make a 6 man , they all died rushing another 6 man while I was doing a quest, thats a them problem not a me problem , KARMA right there.. and listen to the salt... one sounds underage.. 🧂 #COD #CallOfDuty #MW2 https://t.co/MPrySEaVf9",**this tweet had been deleted or hidden**,0,2,1,0,0,gotta love the idiots in  dmz they rescued me  after killing me to make a 6 man   they all died rushing another 6 man while i was doing a quest  thats a them problem not a me problem   karma right there  and listen to the salt  one sounds underage     cod  callofduty  mw2  s t co mpryseavf9,Neutral
199,1375109864565923843,"RT @BIGROB_129: 🚨🔥NEW VIDEO🔥🚨 

https://t.co/y1PRfOkVQj
https://t.co/y1PRfOkVQj
https://t.co/y1PRfOkVQj

#cod #CallofDuty #codmw2 #codgamer…",BIGROB_129,3,0,0,0,0,   bigrob 129   new video    s t co y1prfokvqj  s t co y1prfokvqj  s t co y1prfokvqj cod  callofduty  codmw2  codgamer ,Neutral
200,1461220891078103040,"Ran some numbers on TTK with popular WZ/DMZ weapons as well as personal favs.

(all weapons had no attachments except a recoil grip or stock in the SO-14's case. all body shots. max shield.)

#CallofDuty #Warzone #Warzone2 #COD #MW2 https://t.co/IfjE6ZY1My",**this tweet had been deleted or hidden**,0,1,2,0,0,ran some numbers on ttk with popular wz dmz weapons as well as personal favs all weapons had no attachments except a recoil grip or stock in the so 14 s case  all body shots  max shield callofduty  warzone  warzone2  cod  mw2  s t co ifje6zy1my,Positive
201,1463669319078981633,RT @661ave: #Ghost #SimonGhostRiley #CallOfDuty #MWII #MW2 https://t.co/9FXEq9ZwyS,661ave,407,0,0,0,0,   661ave   ghost  simonghostriley  callofduty  mwii  mw2  s t co 9fxeq9zwys,Neutral
202,1092989623314325504,"RT @a_secret_mf: did some more thinking😈(intersex Soap, pregnancy)

tags: #soapghost #cod #CallofDuty #MW2 #LGBTQ #fic

Okay so, secondary…",a_secret_mf,59,0,0,0,0,   a secret mf  did some more thinking intersex soap  pregnancy tags   soapghost  cod  callofduty  mw2  lgbtq  fic okay so  secondary ,Neutral
203,1324517784450035712,"RT @loneghostwolf88: 7th entry of the beach boy series - Alejandro Vargas ☀️📷  🏝️
#alejandrovargas #CoDAlejandro #CallofDuty #3DRender #MWI…",loneghostwolf88,235,0,0,0,0,   loneghostwolf88  7th entry of the beach boy series   alejandro vargas     alejandrovargas  codalejandro  callofduty  3drender  mwi ,Neutral
204,1505570270488186881,"RT @alexgscod: Thank you so much for 5k!!! 😊😭🙏
💀❤️🧼

#GhostSoap #SoapGhost #CallOfDuty #MWII https://t.co/3Wsq7SNXj5",alexgscod,794,0,0,0,0,   alexgscod  thank you so much for 5k   ghostsoap  soapghost  callofduty  mwii  s t co 3wsq7snxj5,Positive
205,1561441651016474624,I’m live on Twitch! Resurgence! Joins us! #callofduty #mw2 - Watch me at https://t.co/mVR9mGDJ8R,**this tweet had been deleted or hidden**,0,0,1,0,0,i m live on twitch  resurgence  joins us   callofduty  mw2   watch me at  s t co mvr9mgdj8r,Neutral
206,1572952583509053442,"Pistol PLAY! #CallofDuty #Warzone2 #MW3 #ModernWarfareIII #warzonemobile @EnduranceTweets 

https://t.co/u4Vi2yz9VP",EnduranceTweets,3,0,5,0,0,pistol play   callofduty  warzone2  mw3  modernwarfareiii  warzonemobile  endurancetweets   s t co u4vi2yz9vp,Neutral
207,2328978614,"RT @AmikoRoyAi: Preview of my drawing for @CoDFanZine 🥰

#callofduty #MWII #CoDZineSneakPeak https://t.co/8qUEEedigb",AmikoRoyAi,223,0,0,0,0,   amikoroyai  preview of my drawing for  codfanzine  callofduty  mwii  codzinesneakpeak  s t co 8queeedigb,Neutral
208,2959045650,"🔫 MX Guardian 🔫
Need something “up close and personal?” Unlocked via challenge through the Battle Pass, this highly versatile full-auto Shotgun is limited only by its effective range. 

#MWII &amp; #Warzone Season 04 Reloaded | July 12

https://t.co/3wspdwjOE4 https://t.co/6q7N6t7Qim",**this tweet had been deleted or hidden**,0,0,1,0,0,  mx guardian  need something  up close and personal  unlocked via challenge through the battle pass  this highly versatile full auto shotgun is limited only by its effective range   mwii  amp   warzone season 04 reloaded   july 12  s t co 3wspdwjoe4  s t co 6q7n6t7qim,Neutral
209,169939629,"RT @lamblegz: 😤Quick Team Wipe😤
  https://t.co/BmLCDQSoKt 
@CTzEsports 
@BlazedRTs 
@sme_rt 
@Retweelgend 
@golfimbulls 
@SpotemGang 
@brew…",lamblegz,3,0,0,0,0,   lamblegz   quick team wipe    s t co bmlcdqsokt  ctzespo s  blazed s  sme    retweelgend  golfimbulls  spotemgang  brew ,Irrelevant
210,1566482150358011904,"RT @alexgscod: Thank you so much for 5k!!! 😊😭🙏
💀❤️🧼

#GhostSoap #SoapGhost #CallOfDuty #MWII https://t.co/3Wsq7SNXj5",alexgscod,794,0,0,0,0,   alexgscod  thank you so much for 5k   ghostsoap  soapghost  callofduty  mwii  s t co 3wsq7snxj5,Positive
211,2328978614,"RT @BettyBRenders: 🦿…but never giving up

#Alex #AlexKeller #AlexMW2 #MW2 #MWII #CallofDutyModernWarfare2 #CallofDuty https://t.co/f15lltBJ…",BettyBRenders,22,0,0,0,0,   bettybrenders   but never giving up alex  alexkeller  alexmw2  mw2  mwii  callofdutymodernwarfare2  callofduty  s t co f15lltbj ,Negative
212,1505570270488186881,"RT @loneghostwolf88: 7th entry of the beach boy series - Alejandro Vargas ☀️📷  🏝️
#alejandrovargas #CoDAlejandro #CallofDuty #3DRender #MWI…",loneghostwolf88,235,0,0,0,0,   loneghostwolf88  7th entry of the beach boy series   alejandro vargas     alejandrovargas  codalejandro  callofduty  3drender  mwi ,Neutral
213,1678914858320904192,"@Activision fuck yourselves with that anti cheat bullshit. Simply stealing kids money and not putting any money back into the game to prevent this. Learn how to develop a game, or fire the security engineers you have for these games. One or the other, biggest spam yet. Fuck MW2. https://t.co/ULGBtQwkNZ",Activision,0,1,0,0,0, activision fuck yourselves with that anti cheat bullshit  simply stealing kids money and not putting any money back into the game to prevent this  learn how to develop a game  or fire the security engineers you have for these games  one or the other  biggest spam yet  fuck mw2   s t co ulgbtqwknz,Negative
214,1251683967474053121,"RT @BettyBRenders: 🦿Broken…

#Alex #alexkeller #AlexMW2 #MW2 #MWII #CallofDutyModernWarfare2 #CallofDuty https://t.co/KVsDNZeil9",BettyBRenders,108,0,0,0,0,   bettybrenders   broken alex  alexkeller  alexmw2  mw2  mwii  callofdutymodernwarfare2  callofduty  s t co kvsdnzeil9,Negative
215,1216564119999922176,"RT @661ave: 141! ♥  #MWII #MW2 #CallofDuty 
#CaptainPrice #SimonGhostRiley #JohnSoapMactavish #KyleGazGarrick https://t.co/BTni156iIX",661ave,701,0,0,0,0,   661ave  141      mwii  mw2  callofduty  captainprice  simonghostriley  johnsoapmactavish  kylegazgarrick  s t co btni156iix,Neutral
216,1514697749261950979,"RT @AmikoRoyAi: Preview of my drawing for @CoDFanZine 🥰

#callofduty #MWII #CoDZineSneakPeak https://t.co/8qUEEedigb",AmikoRoyAi,223,0,0,0,0,   amikoroyai  preview of my drawing for  codfanzine  callofduty  mwii  codzinesneakpeak  s t co 8queeedigb,Neutral
217,1091685721914564608,"RT @AmikoRoyAi: Preview of my drawing for @CoDFanZine 🥰

#callofduty #MWII #CoDZineSneakPeak https://t.co/8qUEEedigb",AmikoRoyAi,223,0,0,0,0,   amikoroyai  preview of my drawing for  codfanzine  callofduty  mwii  codzinesneakpeak  s t co 8queeedigb,Neutral
218,2215668269,"I bought MW2 on 6/18/23. Completely legitimately played endlessly. Gained 344 levels in that short time. On 7/09/23 I got a 5k (HC S&amp;D) and got the message ""Kicked from Session. (Server)"".
I don't cheat, yet I got false shadowbanned? Whats going on?
@Activision @ATVI_AB",Activision,0,0,0,0,0,i bought mw2 on 6 18 23  completely legitimately played endlessly  gained 344 levels in that sho  time  on 7 09 23 i got a 5k  hc s amp d  and got the message  kicked from session   server i don t cheat  yet i got false shadowbanned  whats going on activision  atvi ab,Negative
219,1416922100133105669,"RT @lilya_neko: I'm drawing again! I really like the idea of ​​this Johnny. Glad to have you back Neil and inspire the fans.
#CallofDutyMod…",lilya_neko,147,0,0,0,0,   lilya neko  i m drawing again  i really like the idea of  this johnny  glad to have you back neil and inspire the fans callofdutymod ,Positive
220,1375109864565923843,RT @Dougfunnnys: Dumbfounded! #CallofDuty #Warzone #MW2 #MW3 #CallofDutyWarzone @EnduranceTweets https://t.co/nGt7B847x7,Dougfunnnys,3,0,0,0,0,   dougfunnnys  dumbfounded   callofduty  warzone  mw2  mw3  callofdutywarzone  endurancetweets  s t co ngt7b847x7,Neutral
221,1448606136769335296,RT @CallofDuty: It's time to fight like a hero. Season 04 Reloaded drops July 12 in Call of Duty #Warzone and #MWII 👉 https://t.co/CMgkvPpR…,CallofDuty,1166,0,0,0,0,   callofduty  it s time to fight like a hero  season 04 reloaded drops july 12 in call of duty  warzone and  mwii    s t co cmgkvppr ,Neutral
222,1666525493892468747,RT @I0Commandments: #PS5Share #MW2 #CallofDuty #COD2022 #MW22022 #Cod Get out smarted get out played!!! 🤣🖕 https://t.co/0GA43Du4ef,I0Commandments,1,0,0,0,0,   i0commandments   ps5share  mw2  callofduty  cod2022  mw22022  cod get out sma ed get out played     s t co 0ga43du4ef,Neutral
223,1392533755554840578,"RT @AmikoRoyAi: Preview of my drawing for @CoDFanZine 🥰

#callofduty #MWII #CoDZineSneakPeak https://t.co/8qUEEedigb",AmikoRoyAi,223,0,0,0,0,   amikoroyai  preview of my drawing for  codfanzine  callofduty  mwii  codzinesneakpeak  s t co 8queeedigb,Neutral
224,1375109864565923843,RT @Jzambardino41: The RAAL Hits HARD🔥🤯| Im LIVE Now on Twitch! Come through and hang out! https://t.co/yrRnk2Jfx6 | #Warzone #Warzone2 #Ca…,Jzambardino41,5,0,0,0,0,   jzambardino41  the raal hits hard  im live now on twitch  come through and hang out   s t co yrrnk2jfx6    warzone  warzone2  ca ,Neutral
225,1091685721914564608,"RT @artimaaaeus: really quick 141 baby bois, but they’re filo hs students LMAO
—-
#CallofDuty #MWII #MW2 https://t.co/lDYtdF8k5W",artimaaaeus,38,0,0,0,0,   a imaaaeus  really quick 141 baby bois  but they re filo hs students lmao callofduty  mwii  mw2  s t co ldytdf8k5w,Negative
226,1416922100133105669,"RT @AmikoRoyAi: Preview of my drawing for @CoDFanZine 🥰

#callofduty #MWII #CoDZineSneakPeak https://t.co/8qUEEedigb",AmikoRoyAi,223,0,0,0,0,   amikoroyai  preview of my drawing for  codfanzine  callofduty  mwii  codzinesneakpeak  s t co 8queeedigb,Neutral
227,1416922100133105669,"RT @BettyBRenders: 🦿…but never giving up

#Alex #AlexKeller #AlexMW2 #MW2 #MWII #CallofDutyModernWarfare2 #CallofDuty https://t.co/f15lltBJ…",BettyBRenders,22,0,0,0,0,   bettybrenders   but never giving up alex  alexkeller  alexmw2  mw2  mwii  callofdutymodernwarfare2  callofduty  s t co f15lltbj ,Negative
228,874295157817868288,"RT @puchipurin: 見た目ヤバいの追加されるw

#Warzone2
#CoD

 https://t.co/3e9X3S5POw",puchipurin,43,0,0,0,0,   puchipurin   w warzone2 cod   s t co 3e9x3s5pow,Neutral
229,1622061990,"Live Now!!!!  #callofduty #warzonelive #battleroyale #Season4 #Vondel #live #stream #Battleroyal2 #mw2 #modernwarfare  #modernwarfare2 #campaign  #warzone #warzone2 #Playstation5 #PS5

https://t.co/jWttvJugMt https://t.co/iQdkm0zlXq",**this tweet had been deleted or hidden**,0,0,0,0,0,live now    callofduty  warzonelive  battleroyale  season4  vondel  live  stream  battleroyal2  mw2  modernwarfare   modernwarfare2  campaign   warzone  warzone2  playstation5  ps5  s t co jwttvjugmt  s t co iqdkm0zlxq,Neutral
230,823106513111650304,"RT @puchipurin: 見た目ヤバいの追加されるw

#Warzone2
#CoD

 https://t.co/3e9X3S5POw",puchipurin,43,0,0,0,0,   puchipurin   w warzone2 cod   s t co 3e9x3s5pow,Neutral
231,760639606354305024,"RT @loneghostwolf88: Soap - Red team 
#MWII #CodSoap #CallofDuty #3DRender https://t.co/UHcYWD3c6e",loneghostwolf88,121,0,0,0,0,   loneghostwolf88  soap   red team  mwii  codsoap  callofduty  3drender  s t co uhcywd3c6e,Neutral
232,723532208179404800,"Even though the gameplay remains incredibly fun, #CallOfDuty #COD is not in a good place for a lot of reasons. #VideoGames #CODMW2 #Warzone2

 https://t.co/uS8hn02zWo",**this tweet had been deleted or hidden**,0,0,0,0,0,even though the gameplay remains incredibly fun   callofduty  cod is not in a good place for a lot of reasons   videogames  codmw2  warzone2   s t co us8hn02zwo,Positive
233,1363110887175847942,"@PlayCODMobile They are used to cheat
Need delete these accounts now in CoD mobile
#CoDMobile https://t.co/LAP1w2doIK",PlayCODMobile,0,0,0,0,0, playcodmobile they are used to cheat need delete these accounts now in cod mobile codmobile  s t co lap1w2doik,Negative
234,1159956934759501824,"RT @AmikoRoyAi: Preview of my drawing for @CoDFanZine 🥰

#callofduty #MWII #CoDZineSneakPeak https://t.co/8qUEEedigb",AmikoRoyAi,223,0,0,0,0,   amikoroyai  preview of my drawing for  codfanzine  callofduty  mwii  codzinesneakpeak  s t co 8queeedigb,Neutral
235,1876483554,"@MediaTek @PlayCODMobile 
I've been using my Realme GT Neo 3T for a couple of months when the 90fps will be activated for my device I have already contacted support but I have not received a response or there has been any change within the game
 I have Android 13 and Realme UI 4 https://t.co/Yg4uKgmJXm",MediaTek,0,0,0,0,0, mediatek  playcodmobile  i ve been using my realme gt neo 3t for a couple of months when the 90fps will be activated for my device i have already contacted suppo  but i have not received a response or there has been any change within the game  i have android 13 and realme ui 4  s t co yg4ukgmjxm,Neutral
236,1673899816525414403,"RT @yumecore: Lt. // focus
#CallofDuty #MWII #SimonGhostRiley https://t.co/C97Os6Os8L",yumecore,93,0,0,0,0,   yumecore  lt    focus callofduty  mwii  simonghostriley  s t co c97os6os8l,Neutral
237,1410336659736993800,"RT @alexgscod: Thank you so much for 5k!!! 😊😭🙏
💀❤️🧼

#GhostSoap #SoapGhost #CallOfDuty #MWII https://t.co/3Wsq7SNXj5",alexgscod,794,0,0,0,0,   alexgscod  thank you so much for 5k   ghostsoap  soapghost  callofduty  mwii  s t co 3wsq7snxj5,Positive
238,1304133612397187072,RT @CODLeague: 7️⃣ minutes of straight @HyDrAnml highlights from #CDL2023 🎞️ https://t.co/PB2LLznAFf,CODLeague,94,0,0,0,0,   codleague  7  minutes of straight  hydranml highlights from  cdl2023    s t co pb2llznaff,Neutral
239,1428330191932248066,@hackt1v1st @raiderCODM @PlayCODMobile It means “ok”,hackt1v1st,0,0,0,0,0, hackt1v1st  raidercodm  playcodmobile it means  ok ,Neutral
240,1496295674224291844,"RT @AmikoRoyAi: Preview of my drawing for @CoDFanZine 🥰

#callofduty #MWII #CoDZineSneakPeak https://t.co/8qUEEedigb",AmikoRoyAi,223,0,0,0,0,   amikoroyai  preview of my drawing for  codfanzine  callofduty  mwii  codzinesneakpeak  s t co 8queeedigb,Neutral
241,1673899816525414403,"RT @AmikoRoyAi: Preview of my drawing for @CoDFanZine 🥰

#callofduty #MWII #CoDZineSneakPeak https://t.co/8qUEEedigb",AmikoRoyAi,223,0,0,0,0,   amikoroyai  preview of my drawing for  codfanzine  callofduty  mwii  codzinesneakpeak  s t co 8queeedigb,Neutral
242,991842194364416001,"RT @AmikoRoyAi: Preview of my drawing for @CoDFanZine 🥰

#callofduty #MWII #CoDZineSneakPeak https://t.co/8qUEEedigb",AmikoRoyAi,223,0,0,0,0,   amikoroyai  preview of my drawing for  codfanzine  callofduty  mwii  codzinesneakpeak  s t co 8queeedigb,Neutral
243,177615192,"RT @AmikoRoyAi: Preview of my drawing for @CoDFanZine 🥰

#callofduty #MWII #CoDZineSneakPeak https://t.co/8qUEEedigb",AmikoRoyAi,223,0,0,0,0,   amikoroyai  preview of my drawing for  codfanzine  callofduty  mwii  codzinesneakpeak  s t co 8queeedigb,Neutral
244,886595706978545665,"RT @ItzChazZ_: First rip on some quick play in about two months now 😅 #MW2 #CallofDuty 
•

Be sure to check out our Org’s sponsors, and use…",ItzChazZ_,3,0,0,0,0,   itzchazz  first rip on some quick play in about two months now    mw2  callofduty  be sure to check out our org s sponsors  and use ,Neutral
245,1456605803121676288,"RT @yumecore: Lt. // focus
#CallofDuty #MWII #SimonGhostRiley https://t.co/C97Os6Os8L",yumecore,93,0,0,0,0,   yumecore  lt    focus callofduty  mwii  simonghostriley  s t co c97os6os8l,Neutral
246,2328978614,"RT @loneghostwolf88: Soap - Red team 
#MWII #CodSoap #CallofDuty #3DRender https://t.co/UHcYWD3c6e",loneghostwolf88,121,0,0,0,0,   loneghostwolf88  soap   red team  mwii  codsoap  callofduty  3drender  s t co uhcywd3c6e,Neutral
247,1189031555265683456,"RT @tim_hex: Fem!Ghost and Keegan🤭 

#SimonRiley #keeganpruss #MW2 #callofduty https://t.co/yirTbAC70t",tim_hex,59,0,0,0,0,   tim hex  fem ghost and keegan   simonriley  keeganpruss  mw2  callofduty  s t co yi bac70t,Neutral
248,1221378777575374851,"RT @AmikoRoyAi: Preview of my drawing for @CoDFanZine 🥰

#callofduty #MWII #CoDZineSneakPeak https://t.co/8qUEEedigb",AmikoRoyAi,223,0,0,0,0,   amikoroyai  preview of my drawing for  codfanzine  callofduty  mwii  codzinesneakpeak  s t co 8queeedigb,Neutral
249,1253135831776129025,"自称台湾人からフレンド申請が来てパーティに誘われる。
英語で話しかけられるも何を言ってるのかさっぱり分からず。
脱出ヘリの中で「サンキュー！ありがとう！」ぐらいしかまともに返せなかった。
そんな自分と2マッチ。

英語ぐらい話せないとアカン御時世なのか。。
#MW2
#DMZ
#疲れた",**this tweet had been deleted or hidden**,0,0,3,0,0, 2 mw2 dmz ,Neutral
250,2328978614,"RT @yumecore: Lt. // focus
#CallofDuty #MWII #SimonGhostRiley https://t.co/C97Os6Os8L",yumecore,93,0,0,0,0,   yumecore  lt    focus callofduty  mwii  simonghostriley  s t co c97os6os8l,Neutral
251,2280301711,"RT @AmikoRoyAi: Preview of my drawing for @CoDFanZine 🥰

#callofduty #MWII #CoDZineSneakPeak https://t.co/8qUEEedigb",AmikoRoyAi,223,0,0,0,0,   amikoroyai  preview of my drawing for  codfanzine  callofduty  mwii  codzinesneakpeak  s t co 8queeedigb,Neutral
252,83934517,"RT @AmikoRoyAi: Preview of my drawing for @CoDFanZine 🥰

#callofduty #MWII #CoDZineSneakPeak https://t.co/8qUEEedigb",AmikoRoyAi,223,0,0,0,0,   amikoroyai  preview of my drawing for  codfanzine  callofduty  mwii  codzinesneakpeak  s t co 8queeedigb,Neutral
253,1220054389299318784,"RT @AmikoRoyAi: Preview of my drawing for @CoDFanZine 🥰

#callofduty #MWII #CoDZineSneakPeak https://t.co/8qUEEedigb",AmikoRoyAi,223,0,0,0,0,   amikoroyai  preview of my drawing for  codfanzine  callofduty  mwii  codzinesneakpeak  s t co 8queeedigb,Neutral
254,1184659336666255360,#PS5Share #MW2 #CallofDuty #COD2022 #MW22022 #Cod Get out smarted get out played!!! 🤣🖕 https://t.co/0GA43Du4ef,**this tweet had been deleted or hidden**,1,0,3,0,0, ps5share  mw2  callofduty  cod2022  mw22022  cod get out sma ed get out played     s t co 0ga43du4ef,Neutral
255,1409445166893600769,"RT @tim_hex: Fem!Ghost and Keegan🤭 

#SimonRiley #keeganpruss #MW2 #callofduty https://t.co/yirTbAC70t",tim_hex,59,0,0,0,0,   tim hex  fem ghost and keegan   simonriley  keeganpruss  mw2  callofduty  s t co yi bac70t,Neutral
256,1601516980091047936,"RT @AmikoRoyAi: Preview of my drawing for @CoDFanZine 🥰

#callofduty #MWII #CoDZineSneakPeak https://t.co/8qUEEedigb",AmikoRoyAi,223,0,0,0,0,   amikoroyai  preview of my drawing for  codfanzine  callofduty  mwii  codzinesneakpeak  s t co 8queeedigb,Neutral
257,83934517,"RT @loneghostwolf88: Soap - Red team 
#MWII #CodSoap #CallofDuty #3DRender https://t.co/UHcYWD3c6e",loneghostwolf88,121,0,0,0,0,   loneghostwolf88  soap   red team  mwii  codsoap  callofduty  3drender  s t co uhcywd3c6e,Neutral
258,1216564119999922176,"RT @AmikoRoyAi: Preview of my drawing for @CoDFanZine 🥰

#callofduty #MWII #CoDZineSneakPeak https://t.co/8qUEEedigb",AmikoRoyAi,223,0,0,0,0,   amikoroyai  preview of my drawing for  codfanzine  callofduty  mwii  codzinesneakpeak  s t co 8queeedigb,Neutral
259,1223612212931104769,"RT @tim_hex: Fem!Ghost and Keegan🤭 

#SimonRiley #keeganpruss #MW2 #callofduty https://t.co/yirTbAC70t",tim_hex,59,0,0,0,0,   tim hex  fem ghost and keegan   simonriley  keeganpruss  mw2  callofduty  s t co yi bac70t,Neutral
260,827230416,RT @CODLeague: 7️⃣ minutes of straight @HyDrAnml highlights from #CDL2023 🎞️ https://t.co/PB2LLznAFf,CODLeague,94,0,0,0,0,   codleague  7  minutes of straight  hydranml highlights from  cdl2023    s t co pb2llznaff,Neutral
261,1345949874378850307,"RT @yumecore: Lt. // focus
#CallofDuty #MWII #SimonGhostRiley https://t.co/C97Os6Os8L",yumecore,93,0,0,0,0,   yumecore  lt    focus callofduty  mwii  simonghostriley  s t co c97os6os8l,Neutral
262,1505572760147353600,"Streaming @CallofDuty 

#ModernWarfare2 #Warzone2 

https://t.co/G2riyhUJMO",CallofDuty,0,0,1,0,0,streaming  callofduty  modernwarfare2  warzone2   s t co g2riyhujmo,Positive
263,723616970961121280,"RT @theeggrollslord: König presenting in front of fellow cadets 🥲

#König #Konig #MW2 #CallofDuty https://t.co/efk8k3aLQh",theeggrollslord,282,0,0,0,0,   theeggrollslord  k nig presenting in front of fellow cadets  k nig  konig  mw2  callofduty  s t co efk8k3alqh,Neutral
264,1640067977834897408,"RT @tim_hex: Fem!Ghost and Keegan🤭 

#SimonRiley #keeganpruss #MW2 #callofduty https://t.co/yirTbAC70t",tim_hex,59,0,0,0,0,   tim hex  fem ghost and keegan   simonriley  keeganpruss  mw2  callofduty  s t co yi bac70t,Neutral
265,1644469377331232768,"RT @loneghostwolf88: Soap - Red team 
#MWII #CodSoap #CallofDuty #3DRender https://t.co/UHcYWD3c6e",loneghostwolf88,121,0,0,0,0,   loneghostwolf88  soap   red team  mwii  codsoap  callofduty  3drender  s t co uhcywd3c6e,Neutral
266,1223612212931104769,"RT @loneghostwolf88: Soap - Red team 
#MWII #CodSoap #CallofDuty #3DRender https://t.co/UHcYWD3c6e",loneghostwolf88,121,0,0,0,0,   loneghostwolf88  soap   red team  mwii  codsoap  callofduty  3drender  s t co uhcywd3c6e,Neutral
267,723616970961121280,"RT @theeggrollslord: König sitting alone at lunch🥪

#König #Konig #MW2 #CallofDuty https://t.co/AgRmq82n0c",theeggrollslord,572,0,0,0,0,   theeggrollslord  k nig sitting alone at lunch k nig  konig  mw2  callofduty  s t co agrmq82n0c,Negative
268,701345653939576832,RT @PlayCODMobile: 🗡️Season 6: Templar's Oath goes live on 7/5 at 5PM PT and you don't want to miss it!🙅‍♂️ https://t.co/evzKSQEud3,PlayCODMobile,47,0,0,0,0,   playcodmobile   season 6  templar s oath goes live on 7 5 at 5pm pt and you don t want to miss it   s t co evzksqeud3,Neutral
269,1645408050680037378,"RT @loneghostwolf88: Soap - Red team 
#MWII #CodSoap #CallofDuty #3DRender https://t.co/UHcYWD3c6e",loneghostwolf88,121,0,0,0,0,   loneghostwolf88  soap   red team  mwii  codsoap  callofduty  3drender  s t co uhcywd3c6e,Neutral
270,3267463363,"RT @PlayCODMobile: 🗡️Aid those that have fallen and fight for the empire! Greatest Empire Draw is live now!

📲Head to the in-game store to…",PlayCODMobile,21,0,0,0,0,   playcodmobile   aid those that have fallen and fight for the empire  greatest empire draw is live now head to the in game store to ,Neutral
271,1246455816552509445,"RT @BettyBRenders: 🦿…but never giving up

#Alex #AlexKeller #AlexMW2 #MW2 #MWII #CallofDutyModernWarfare2 #CallofDuty https://t.co/f15lltBJ…",BettyBRenders,22,0,0,0,0,   bettybrenders   but never giving up alex  alexkeller  alexmw2  mw2  mwii  callofdutymodernwarfare2  callofduty  s t co f15lltbj ,Negative
272,876971624666365952,RT @CallofDuty: It's time to fight like a hero. Season 04 Reloaded drops July 12 in Call of Duty #Warzone and #MWII 👉 https://t.co/CMgkvPpR…,CallofDuty,1166,0,0,0,0,   callofduty  it s time to fight like a hero  season 04 reloaded drops july 12 in call of duty  warzone and  mwii    s t co cmgkvppr ,Neutral
273,1459632196361371656,RT @661ave: #Ghost #SimonGhostRiley #CallOfDuty #MWII #MW2 https://t.co/9FXEq9ZwyS,661ave,407,0,0,0,0,   661ave   ghost  simonghostriley  callofduty  mwii  mw2  s t co 9fxeq9zwys,Neutral
274,1455671807525232648,"Microsoft CHAD👌 . Espero que limpiéis Cod de Hackers , Camperos y Pay to win.  #Microsoft #Activision #CallofDuty #hackers #camper #MW2 #MWII https://t.co/nftJ50qayy",**this tweet had been deleted or hidden**,0,0,0,0,0,microsoft chad    espero que limpi is cod de hackers   camperos y pay to win    microsoft  activision  callofduty  hackers  camper  mw2  mwii  s t co nftj50qayy,Neutral
275,1333887587812044800,RT @CODLeague: 7️⃣ minutes of straight @HyDrAnml highlights from #CDL2023 🎞️ https://t.co/PB2LLznAFf,CODLeague,94,0,0,0,0,   codleague  7  minutes of straight  hydranml highlights from  cdl2023    s t co pb2llznaff,Neutral
276,2733333242,"RT @AmikoRoyAi: Preview of my drawing for @CoDFanZine 🥰

#callofduty #MWII #CoDZineSneakPeak https://t.co/8qUEEedigb",AmikoRoyAi,223,0,0,0,0,   amikoroyai  preview of my drawing for  codfanzine  callofduty  mwii  codzinesneakpeak  s t co 8queeedigb,Neutral
277,2196874154,"@Lincoln39394852 @HayashiXPG @FunkyBlackCat A própria Activision já disse que nada vai acontecer ao COD Mobile, eles até mesmo fizeram um tweet no Twitter oficial na época quando a Microsoft falou sobre isso. Inclusive até a própria Microsoft depois de retratou sobre.
https://t.co/NVlwOhPsPD",Lincoln39394852,0,1,4,0,0, lincoln39394852  hayashixpg  funkyblackcat a pr pria activision j  disse que nada vai acontecer ao cod mobile  eles at  mesmo fizeram um tweet no twitter oficial na  poca quando a microsoft falou sobre isso  inclusive at  a pr pria microsoft depois de retratou sobre  s t co nvlwohpspd,Negative
278,1246455816552509445,"RT @loneghostwolf88: Soap - Red team 
#MWII #CodSoap #CallofDuty #3DRender https://t.co/UHcYWD3c6e",loneghostwolf88,121,0,0,0,0,   loneghostwolf88  soap   red team  mwii  codsoap  callofduty  3drender  s t co uhcywd3c6e,Neutral
279,944774085460086784,"RT @a_secret_mf: did some more thinking😈(intersex Soap, pregnancy)

tags: #soapghost #cod #CallofDuty #MW2 #LGBTQ #fic

Okay so, secondary…",a_secret_mf,59,0,0,0,0,   a secret mf  did some more thinking intersex soap  pregnancy tags   soapghost  cod  callofduty  mw2  lgbtq  fic okay so  secondary ,Neutral
280,65890357,"Seven punch kills 🤣

#cod #codwarzone2 #warzone2 #CallofDuty #CallofDutyWarzone https://t.co/y2hWd3ouRQ",**this tweet had been deleted or hidden**,0,0,0,0,0,seven punch kills  cod  codwarzone2  warzone2  callofduty  callofdutywarzone  s t co y2hwd3ourq,Neutral
281,898850514812768258,Echa un vistazo a mis estadísticas semanales en #CallofDuty #MWII 💪 https://t.co/kNCmwiqFt0,**this tweet had been deleted or hidden**,0,0,0,0,0,echa un vistazo a mis estad sticas semanales en  callofduty  mwii    s t co kncmwiqft0,Negative
282,1326522711766671362,"RT @AmikoRoyAi: Preview of my drawing for @CoDFanZine 🥰

#callofduty #MWII #CoDZineSneakPeak https://t.co/8qUEEedigb",AmikoRoyAi,223,0,0,0,0,   amikoroyai  preview of my drawing for  codfanzine  callofduty  mwii  codzinesneakpeak  s t co 8queeedigb,Neutral
283,1243350528530083840,"RT @loneghostwolf88: Soap - Red team 
#MWII #CodSoap #CallofDuty #3DRender https://t.co/UHcYWD3c6e",loneghostwolf88,121,0,0,0,0,   loneghostwolf88  soap   red team  mwii  codsoap  callofduty  3drender  s t co uhcywd3c6e,Neutral
284,1628300787150467073,A Estratégia Infalível - Call of Duty: Warzone 2.0 https://t.co/t4SeDTgv2b #warzone #callofduty #warzone2 https://t.co/VNO93YRckG,**this tweet had been deleted or hidden**,0,0,0,0,0,a estrat gia infal vel   call of duty  warzone 2 0  s t co t4sedtgv2b  warzone  callofduty  warzone2  s t co vno93yrckg,Neutral
285,1291987398717390848,"RT @AmikoRoyAi: Preview of my drawing for @CoDFanZine 🥰

#callofduty #MWII #CoDZineSneakPeak https://t.co/8qUEEedigb",AmikoRoyAi,223,0,0,0,0,   amikoroyai  preview of my drawing for  codfanzine  callofduty  mwii  codzinesneakpeak  s t co 8queeedigb,Neutral
286,1456711164612825097,"You Just Had to Be There @CallofDuty @CallofDutyUK
#TwitchStreamer #Twitch #Affiliate #Streamer #GG
#CallofDuty #ModernWarfare2 #ModernWarfare3 #W
#BackInTheDay #GoodTimes #STREAMING #Gaming
#COD #FPS #FirstPersonShooter #Live #MW2 #MW3 https://t.co/AKNDDGjrVK",CallofDuty,0,0,0,0,0,you just had to be there  callofduty  callofdutyuk twitchstreamer  twitch  affiliate  streamer  gg callofduty  modernwarfare2  modernwarfare3  w backintheday  goodtimes  streaming  gaming cod  fps  firstpersonshooter  live  mw2  mw3  s t co aknddgjrvk,Irrelevant
287,1525096963682799617,"RT @loneghostwolf88: Soap - Red team 
#MWII #CodSoap #CallofDuty #3DRender https://t.co/UHcYWD3c6e",loneghostwolf88,121,0,0,0,0,   loneghostwolf88  soap   red team  mwii  codsoap  callofduty  3drender  s t co uhcywd3c6e,Neutral
288,1512158323864338436,"RT @aphasia4fog: Idk, did he really use a T-shirt as a mask?
#König
#MWII 
#CallofDuty https://t.co/4Yv9JGtNal",aphasia4fog,109,0,0,0,0,   aphasia4fog  idk  did he really use a t shi  as a mask k nig mwii  callofduty  s t co 4yv9jgtnal,Neutral
289,2707452810,"@Fuck_its_J No y yo porque leí que estaba buena, y porque a mi si me gustó la campaña del 2019 y el cold war. Pero Vanguard y MWII me parecen TAAN malas... tienen algunas misiones buenas, pero no lo vale el resto de gameplay.",Fuck_its_J,0,1,0,0,0, fuck its j no y yo porque le  que estaba buena  y porque a mi si me gust  la campa a del 2019 y el cold war  pero vanguard y mwii me parecen taan malas  tienen algunas misiones buenas  pero no lo vale el resto de gameplay ,Negative
290,1512158323864338436,"RT @yumecore: Lt. // focus
#CallofDuty #MWII #SimonGhostRiley https://t.co/C97Os6Os8L",yumecore,93,0,0,0,0,   yumecore  lt    focus callofduty  mwii  simonghostriley  s t co c97os6os8l,Neutral
291,777954747177369600,Call Of Duty Warzone 2 “Solo cruiser drives straight into bullet “😂💀 #wa... https://t.co/4UldBcZz5c via @YouTube #ActivisionBlizzard  #cod #MW2 #action #BreakingNews #CallofDuty,YouTube,0,0,0,0,0,call of duty warzone 2  solo cruiser drives straight into bullet    wa   s t co 4uldbczz5c via  youtube  activisionblizzard   cod  mw2  action  breakingnews  callofduty,Neutral
292,1325675777350897665,"RT @azucarera_art: of all the people to fall for... smh 😔

#CallofDuty #MW2 #ModernWarfare2 #FarahKarim #AlexKeller #faralex https://t.co/j…",azucarera_art,503,0,0,0,0,   azucarera a   of all the people to fall for  smh  callofduty  mw2  modernwarfare2  farahkarim  alexkeller  faralex  s t co j ,Negative
293,1640130348473372673,"Victoria en Warzone con 18 kills. [Parte 2] 
#CallOfDuty #CallOfDutyWarzone #Warzone #Warzone2 #ModernWarfare2 https://t.co/HwxVTc8WLT",**this tweet had been deleted or hidden**,0,0,0,0,0,victoria en warzone con 18 kills   pa e 2   callofduty  callofdutywarzone  warzone  warzone2  modernwarfare2  s t co hwxvtc8wlt,Neutral
294,1512743231922253828,"RT @AmikoRoyAi: Preview of my drawing for @CoDFanZine 🥰

#callofduty #MWII #CoDZineSneakPeak https://t.co/8qUEEedigb",AmikoRoyAi,223,0,0,0,0,   amikoroyai  preview of my drawing for  codfanzine  callofduty  mwii  codzinesneakpeak  s t co 8queeedigb,Neutral
295,1587208279058522112,"RT @AmikoRoyAi: Preview of my drawing for @CoDFanZine 🥰

#callofduty #MWII #CoDZineSneakPeak https://t.co/8qUEEedigb",AmikoRoyAi,223,0,0,0,0,   amikoroyai  preview of my drawing for  codfanzine  callofduty  mwii  codzinesneakpeak  s t co 8queeedigb,Neutral
296,1644469377331232768,"RT @BettyBRenders: 🦿…but never giving up

#Alex #AlexKeller #AlexMW2 #MW2 #MWII #CallofDutyModernWarfare2 #CallofDuty https://t.co/f15lltBJ…",BettyBRenders,22,0,0,0,0,   bettybrenders   but never giving up alex  alexkeller  alexmw2  mw2  mwii  callofdutymodernwarfare2  callofduty  s t co f15lltbj ,Negative
297,2721954004,"https://t.co/EXIcYm8MKt #live #TwitchStreamers #smallstreamers #SmallStreamersConnectRT #SmallStreamerCommunity #rt
#CallofDuty #Callofdutymobile #MW2 #news #FaZe",**this tweet had been deleted or hidden**,0,0,0,0,0, s t co exicym8mkt  live  twitchstreamers  smallstreamers  smallstreamersconnect   smallstreamercommunity    callofduty  callofdutymobile  mw2  news  faze,Neutral
298,1495572326687019009,"RT @loneghostwolf88: 7th entry of the beach boy series - Alejandro Vargas ☀️📷  🏝️
#alejandrovargas #CoDAlejandro #CallofDuty #3DRender #MWI…",loneghostwolf88,235,0,0,0,0,   loneghostwolf88  7th entry of the beach boy series   alejandro vargas     alejandrovargas  codalejandro  callofduty  3drender  mwi ,Neutral
299,822059603189989376,"@OpTicTexas MW2.

MW3 is honestly bad, every good thing about MW2 was taken away with MW3. Oversized maps, slow gameplay. Shit, MW3 is just a Ghosts beta idc",OpTicTexas,0,0,2,0,0, optictexas mw2 mw3 is honestly bad  every good thing about mw2 was taken away with mw3  oversized maps  slow gameplay  shit  mw3 is just a ghosts beta idc,Negative
