,author_id,text,username,retweet,reply,like,quote,bookmark,lower,sentiment
0,3315881306,No way !!!!! #Ashikaisland #Vondel #Cod #Callofduty #Mw2 #Warzone2 #Contentcreator #Callofduty #Tiktok #Youtube https://t.co/E3XVLl8JLh,**this tweet had been deleted or hidden**,0,0,2,0,0,no way    ashikaisland  vondel  cod  callofduty  mw2  warzone2  contentcreator  callofduty  tiktok  youtube  s t co e3xvll8jlh,Negative
1,1464036197634773006,"RT @BettyBRenders: 👑 Such a mess, Babyboy. 😌

#König #Koenig #KönigMW2 #MW2 #MWII #CallofDutyModernWarfare2 #CallofDuty https://t.co/aO4AhU…",BettyBRenders,426,0,0,0,0,   bettybrenders    such a mess  babyboy   k nig  koenig  k nigmw2  mw2  mwii  callofdutymodernwarfare2  callofduty  s t co ao4ahu ,Negative
2,1259103831302066176,@IPROZY1 @PlayCODMobile I just got brain damage 😂,IPROZY1,0,0,1,0,0, iprozy1  playcodmobile i just got brain damage  ,Neutral
3,1070180019442470912,RT @HotSatans: request number uno aka König edging dONE 🫡 #nsfw #König #CallofDuty #MW2 #Konigmw2 https://t.co/J0Nw2iGNVe,HotSatans,1640,0,0,0,0,   hotsatans  request number uno aka k nig edging done    nsfw  k nig  callofduty  mw2  konigmw2  s t co j0nw2ignve,Positive
4,1678301010308268032,@n8theknight Sunday streaming with the boys #Warzone2 #CallOfDuty #resurgence #asone https://t.co/vHO0ylyVlE,n8theknight,0,0,2,0,0, n8theknight sunday streaming with the boys  warzone2  callofduty  resurgence  asone  s t co vho0ylyvle,Positive
5,1573633579623804928,"RT @yuntungchen0929: What are you doing?
@KimMazyckCos 

#CallofDuty #Callofdutymobile #ModernWarfare2 #MWII #GhostSoap #soapghost https://…",yuntungchen0929,31,0,0,0,0,   yuntungchen0929  what are you doing kimmazyckcos  callofduty  callofdutymobile  modernwarfare2  mwii  ghostsoap  soapghost  s ,Negative
6,1535816245358268416,"@PlayCODMobile despite me not owning the nee mythical operator templar ,I would still like to know why the decision to reduce the modified left arm size to a twig? It looks very weird and seems to be a stupid decision on you part,just make the ame same size as the right arm",PlayCODMobile,0,0,0,0,0, playcodmobile despite me not owning the nee mythical operator templar  i would still like to know why the decision to reduce the modified left arm size to a twig  it looks very weird and seems to be a stupid decision on you pa  just make the ame same size as the right arm,Negative
7,1642702389831516167,"RT @naruysae: Ghost 💀🔪  — Commission for Lu
#simonghostriley #mw2 #callofduty https://t.co/imdnST8tkA",naruysae,233,0,0,0,0,   naruysae  ghost      commission for lu simonghostriley  mw2  callofduty  s t co imdnst8tka,Neutral
8,3262657801,"RT @AmikoRoyAi: Safe with you

09 #ghostsoap #soapghost #callofduty #MWII https://t.co/wkFuP44Iul",AmikoRoyAi,1259,0,0,0,0,   amikoroyai  safe with you 09  ghostsoap  soapghost  callofduty  mwii  s t co wkfup44iul,Negative
9,1559243410321670144,RT @Lictor_GD: #укррайт #укрфанфікшн #укрслеш #SoapGhost #GhostSoap #soapmactavish #SimonGhostRiley #ghostmw2 #soapmw2 #CallOfDuty #MW2 @uk…,Lictor_GD,4,0,0,0,0,   lictor gd         soapghost  ghostsoap  soapmactavish  simonghostriley  ghostmw2  soapmw2  callofduty  mw2  uk ,Neutral
10,1573633579623804928,"RT @AmikoRoyAi: So Ghost new outfit huh😩

#ghostsoap #soapghost #mwii #callofduty https://t.co/vymDc1spfC",AmikoRoyAi,662,0,0,0,0,   amikoroyai  so ghost new outfit huh ghostsoap  soapghost  mwii  callofduty  s t co vymdc1spfc,Neutral
11,1456682221239218181,"#укррайт #укрфанфікшн #укрслеш #SoapGhost #GhostSoap #soapmactavish #SimonGhostRiley #ghostmw2 #soapmw2 #CallOfDuty #MW2 @ukrfanficshn @ua_slash

Нова місія підрозділу відбувається на карнавалі на честь мексиканського Дня мертвих, і Привида накриває спогадами, тому що люди ⬇️ https://t.co/UZf6sEWEGm",ukrfanficshn,4,1,29,1,0,       soapghost  ghostsoap  soapmactavish  simonghostriley  ghostmw2  soapmw2  callofduty  mw2  ukrfanficshn  ua slash                                       s t co uzf6sewegm,Neutral
12,1004315193474764805,"RT @AmikoRoyAi: Safe with you

09 #ghostsoap #soapghost #callofduty #MWII https://t.co/wkFuP44Iul",AmikoRoyAi,1259,0,0,0,0,   amikoroyai  safe with you 09  ghostsoap  soapghost  callofduty  mwii  s t co wkfup44iul,Negative
13,1273298737809330177,"RT @AmikoRoyAi: Safe with you

09 #ghostsoap #soapghost #callofduty #MWII https://t.co/wkFuP44Iul",AmikoRoyAi,1259,0,0,0,0,   amikoroyai  safe with you 09  ghostsoap  soapghost  callofduty  mwii  s t co wkfup44iul,Negative
14,1454191979210940417,"RT @alexgscod: Lifeguard Soap! 🧼☀️⛱️
I hope Ghost is drowning and needs mouth-to-mouth resuscitation 😩🛟
(NSFW+variants on patreon)

#CallOf…",alexgscod,211,0,0,0,0,   alexgscod  lifeguard soap   i hope ghost is drowning and needs mouth to mouth resuscitation  nsfw variants on patreon callof ,Neutral
15,1427430673481011200,"#mw2
本日のdmz成果

ホステージレスキュー
カーゴ輸送を無事クリア",**this tweet had been deleted or hidden**,0,1,3,0,0, mw2 dmz ,Positive
16,1349797582977921026,"RT @PlayCODMobile: Guard the fortress and push the enemies away 🏰

⚔️ Greatest Empire Draw goes live tomorrow at 5PM PT! https://t.co/SjVCg…",PlayCODMobile,27,0,0,0,0,   playcodmobile  guard the fo ress and push the enemies away   greatest empire draw goes live tomorrow at 5pm pt   s t co sjvcg ,Neutral
17,1495989418523381763,"RT @AmikoRoyAi: I love the hc that Ghost is always cold and Soap is a living furnace 🥺

#soapghost #ghostsoap #MWII #callofduty https://t.c…",AmikoRoyAi,1384,0,0,0,0,   amikoroyai  i love the hc that ghost is always cold and soap is a living furnace  soapghost  ghostsoap  mwii  callofduty  s t c ,Positive
18,1454191979210940417,"RT @661ave: 141! ♥  #MWII #MW2 #CallofDuty 
#CaptainPrice #SimonGhostRiley #JohnSoapMactavish #KyleGazGarrick https://t.co/BTni156iIX",661ave,701,0,0,0,0,   661ave  141      mwii  mw2  callofduty  captainprice  simonghostriley  johnsoapmactavish  kylegazgarrick  s t co btni156iix,Neutral
19,1506279121634144257,@IPROZY1 @PlayCODMobile Holy shit that sounds awful💀,IPROZY1,0,0,2,0,0, iprozy1  playcodmobile holy shit that sounds awful ,Negative
20,1131904177301610496,@PlayCODMobile @PlayCODMobile create a BR map without classes,PlayCODMobile,0,0,0,0,0, playcodmobile  playcodmobile create a br map without classes,Negative
21,1456496894222340103,"RT @naruysae: Ghost 💀🔪  — Commission for Lu
#simonghostriley #mw2 #callofduty https://t.co/imdnST8tkA",naruysae,233,0,0,0,0,   naruysae  ghost      commission for lu simonghostriley  mw2  callofduty  s t co imdnst8tka,Neutral
22,1186119574669942784,"RT @naruysae: Ghost 💀🔪  — Commission for Lu
#simonghostriley #mw2 #callofduty https://t.co/imdnST8tkA",naruysae,233,0,0,0,0,   naruysae  ghost      commission for lu simonghostriley  mw2  callofduty  s t co imdnst8tka,Neutral
23,1258019956265848833,"RT @naruysae: Ghost 💀🔪  — Commission for Lu
#simonghostriley #mw2 #callofduty https://t.co/imdnST8tkA",naruysae,233,0,0,0,0,   naruysae  ghost      commission for lu simonghostriley  mw2  callofduty  s t co imdnst8tka,Neutral
24,1575762163561508864,"@Huqum2 @PlayCODMobile I deleted, i need someone to check mine
ill give uid :)
do the needful",Huqum2,0,2,2,0,0, huqum2  playcodmobile i deleted  i need someone to check mine ill give uid  do the needful,Negative
25,1551733148353970178,RT @skeletib: Ghost contemplating life while König's feeling it [ears &amp; tail made by me &amp; for sale] #König #ghostmw2 #CallofDuty #MWII #MW2…,skeletib,9,0,0,0,0,   skeletib  ghost contemplating life while k nig s feeling it  ears  amp  tail made by me  amp  for sale   k nig  ghostmw2  callofduty  mwii  mw2 ,Neutral
26,1363110887175847942,"@PlayCODMobile They are used to cheat
Need delete these accounts now in CoD mobile
#CoDMobile https://t.co/dT7ICJDyiu",PlayCODMobile,1,0,0,0,0, playcodmobile they are used to cheat need delete these accounts now in cod mobile codmobile  s t co dt7icjdyiu,Negative
27,1259103831302066176,"RT @ChuckysCarnage: The upcoming NEW Mythic Taq 56 in #CODM it sets your enemy’s body and soul on fire, the draw got 3 Mythic guns, AR (ISO…",ChuckysCarnage,2,0,0,0,0,   chuckyscarnage  the upcoming new mythic taq 56 in  codm it sets your enemy s body and soul on fire  the draw got 3 mythic guns  ar  iso ,Neutral
28,1057910708543737857,"RT @AmikoRoyAi: Safe with you

09 #ghostsoap #soapghost #callofduty #MWII https://t.co/wkFuP44Iul",AmikoRoyAi,1259,0,0,0,0,   amikoroyai  safe with you 09  ghostsoap  soapghost  callofduty  mwii  s t co wkfup44iul,Negative
29,1071978665020395520,"RT @AmikoRoyAi: Safe with you

09 #ghostsoap #soapghost #callofduty #MWII https://t.co/wkFuP44Iul",AmikoRoyAi,1259,0,0,0,0,   amikoroyai  safe with you 09  ghostsoap  soapghost  callofduty  mwii  s t co wkfup44iul,Negative
30,469509775,"RT @AmikoRoyAi: Safe with you

09 #ghostsoap #soapghost #callofduty #MWII https://t.co/wkFuP44Iul",AmikoRoyAi,1259,0,0,0,0,   amikoroyai  safe with you 09  ghostsoap  soapghost  callofduty  mwii  s t co wkfup44iul,Negative
31,1262686629451362306,"RT @AmikoRoyAi: Safe with you

09 #ghostsoap #soapghost #callofduty #MWII https://t.co/wkFuP44Iul",AmikoRoyAi,1259,0,0,0,0,   amikoroyai  safe with you 09  ghostsoap  soapghost  callofduty  mwii  s t co wkfup44iul,Negative
32,1613887212608966656,"RT @AmikoRoyAi: Safe with you

09 #ghostsoap #soapghost #callofduty #MWII https://t.co/wkFuP44Iul",AmikoRoyAi,1259,0,0,0,0,   amikoroyai  safe with you 09  ghostsoap  soapghost  callofduty  mwii  s t co wkfup44iul,Negative
33,1657959608374403074,"💕 #callofduty #Warcraft #game #MWII #BlackOpsColdWar #IWD2023  
Original: iMykka https://t.co/gkLzEAqptO",**this tweet had been deleted or hidden**,0,0,4,0,0,   callofduty  warcraft  game  mwii  blackopscoldwar  iwd2023   original  imykka  s t co gklzeaqpto,Neutral
34,320690024,"ノーアタ入手してその場でカスタムしたFENNEC４５。
#MW2 
#DMZ https://t.co/kz3UC2J2fE",**this tweet had been deleted or hidden**,0,0,0,0,0, fennec mw2  dmz  s t co kz3uc2j2fe,Neutral
35,1457486902496428033,"RT @AmikoRoyAi: Safe with you

09 #ghostsoap #soapghost #callofduty #MWII https://t.co/wkFuP44Iul",AmikoRoyAi,1259,0,0,0,0,   amikoroyai  safe with you 09  ghostsoap  soapghost  callofduty  mwii  s t co wkfup44iul,Negative
36,1673596067496198144,"RT @BettyBRenders: Hola Papi 😏

#Alejandro #alejandrovargas #ElPapi #AlejandroMW2 #MW2 #MWII #CallofDutyModernWarfare2 #CallofDuty https://…",BettyBRenders,155,0,0,0,0,   bettybrenders  hola papi  alejandro  alejandrovargas  elpapi  alejandromw2  mw2  mwii  callofdutymodernwarfare2  callofduty  s ,Negative
37,1057910708543737857,"RT @artimaaaeus: someone on tumblr sent me an ask and hc'ed that if non-traumatized ghost was maskless but fully-clothed, then masked ghost…",artimaaaeus,71,0,0,0,0,   a imaaaeus  someone on tumblr sent me an ask and hc ed that if non traumatized ghost was maskless but fully clothed  then masked ghost ,Neutral
38,1632933042921824256,"RT @AmikoRoyAi: Safe with you

09 #ghostsoap #soapghost #callofduty #MWII https://t.co/wkFuP44Iul",AmikoRoyAi,1259,0,0,0,0,   amikoroyai  safe with you 09  ghostsoap  soapghost  callofduty  mwii  s t co wkfup44iul,Negative
39,1611272931362963456,"RT @BettyBRenders: 👑 Such a mess, Babyboy. 😌

#König #Koenig #KönigMW2 #MW2 #MWII #CallofDutyModernWarfare2 #CallofDuty https://t.co/aO4AhU…",BettyBRenders,426,0,0,0,0,   bettybrenders    such a mess  babyboy   k nig  koenig  k nigmw2  mw2  mwii  callofdutymodernwarfare2  callofduty  s t co ao4ahu ,Negative
40,878717129842970624,"RT @AmikoRoyAi: Safe with you

09 #ghostsoap #soapghost #callofduty #MWII https://t.co/wkFuP44Iul",AmikoRoyAi,1259,0,0,0,0,   amikoroyai  safe with you 09  ghostsoap  soapghost  callofduty  mwii  s t co wkfup44iul,Negative
41,1629800350252417024,"RT @naruysae: Ghost 💀🔪  — Commission for Lu
#simonghostriley #mw2 #callofduty https://t.co/imdnST8tkA",naruysae,233,0,0,0,0,   naruysae  ghost      commission for lu simonghostriley  mw2  callofduty  s t co imdnst8tka,Neutral
42,1231517589853134848,"RT @AmikoRoyAi: I love the hc that Ghost is always cold and Soap is a living furnace 🥺

#soapghost #ghostsoap #MWII #callofduty https://t.c…",AmikoRoyAi,1384,0,0,0,0,   amikoroyai  i love the hc that ghost is always cold and soap is a living furnace  soapghost  ghostsoap  mwii  callofduty  s t c ,Positive
43,1552673771424649217,@Huqum2 @PlayCODMobile I have 75k kills I started playing codm 2 years ago(not a og)🫠🫠🫠,Huqum2,0,1,1,0,0, huqum2  playcodmobile i have 75k kills i sta ed playing codm 2 years ago not a og ,Positive
44,882606218321199104,"RT @AmikoRoyAi: Safe with you

09 #ghostsoap #soapghost #callofduty #MWII https://t.co/wkFuP44Iul",AmikoRoyAi,1259,0,0,0,0,   amikoroyai  safe with you 09  ghostsoap  soapghost  callofduty  mwii  s t co wkfup44iul,Negative
45,1425679040598454274,"RT @AmikoRoyAi: Safe with you

09 #ghostsoap #soapghost #callofduty #MWII https://t.co/wkFuP44Iul",AmikoRoyAi,1259,0,0,0,0,   amikoroyai  safe with you 09  ghostsoap  soapghost  callofduty  mwii  s t co wkfup44iul,Negative
46,1158513011956551683,"RT @naruysae: Ghost 💀🔪  — Commission for Lu
#simonghostriley #mw2 #callofduty https://t.co/imdnST8tkA",naruysae,233,0,0,0,0,   naruysae  ghost      commission for lu simonghostriley  mw2  callofduty  s t co imdnst8tka,Neutral
47,1478319900108079109,"You think they like sharing? 
#MW2 #MWII #GhostSoap #SoapGhost #CallOfDuty #SimonGhostRiley #JohnSoapMactavish https://t.co/YcWKssGVCx",**this tweet had been deleted or hidden**,0,0,17,0,0,you think they like sharing   mw2  mwii  ghostsoap  soapghost  callofduty  simonghostriley  johnsoapmactavish  s t co ycwkssgvcx,Negative
48,1036243287147986945,RT @CallofDuty: 2XP is now live for 24 hours in Call of Duty #Warzone and #MWII 🔥🔥 https://t.co/4yFU9rgfxN,CallofDuty,119,0,0,0,0,   callofduty  2xp is now live for 24 hours in call of duty  warzone and  mwii    s t co 4yfu9rgfxn,Neutral
49,1333234688752840704,@BigtruzzzSzn @PlayCODMobile You have to wait till the tomorrow,BigtruzzzSzn,0,0,0,0,0, bigtruzzzszn  playcodmobile you have to wait till the tomorrow,Positive
50,1625680400,"RT @CallofDuty: SEASON 04 IS HERE. Vondel, increased health in Warzone, new MP maps, Battle Pass and so much more 🔥 

Stand above the rest…",CallofDuty,321,0,0,0,0,   callofduty  season 04 is here  vondel  increased health in warzone  new mp maps  battle pass and so much more    stand above the rest ,Positive
51,1549343204927229952,"【COD MW2】ヘリの一撃は何より怖い…

#cod #mw2 #dmz #アルマズラ #スナイパーJOJO https://t.co/xBmoYLUQO7",**this tweet had been deleted or hidden**,0,0,6,0,0, cod mw2 cod  mw2  dmz    jojo  s t co xbmoyluqo7,Neutral
52,1579363703102722048,"Warzone mobile (60 FPS) IPHONE XR ASIA GAMEPLAY - INTENSE MATCH….⬇️

Link -https://t.co/JJErNgB6QO

#warzonemobile #Warzone2 https://t.co/iDGtkYV2Ln",**this tweet had been deleted or hidden**,0,0,1,0,0,warzone mobile  60 fps  iphone xr asia gameplay   intense match link   s t co jjerngb6qo warzonemobile  warzone2  s t co idgtkyv2ln,Negative
53,4816394819,"RT @Stormislivee: READING EVERY COMMENT | COME HANG OUT!! | FG 24/75       

@RABIDPANDAGANG_

https://t.co/g3yp3KQ2st 

#KICKSTREAMERS #KI…",Stormislivee,1,0,0,0,0,   stormislivee  reading every comment   come hang out    fg 24 75        rabidpandagang  s t co g3yp3kq2st  kickstreamers  ki ,Neutral
54,21617664,"RT @artimaaaeus: someone on tumblr sent me an ask and hc'ed that if non-traumatized ghost was maskless but fully-clothed, then masked ghost…",artimaaaeus,71,0,0,0,0,   a imaaaeus  someone on tumblr sent me an ask and hc ed that if non traumatized ghost was maskless but fully clothed  then masked ghost ,Neutral
55,704583568316633088,"RT @tobitobsn88: Hi ihr Raketen, 
bin wieder live für euch auf twitch!! Schaut gerne vorbei!
https://t.co/9ujdyMZBCa
#twitchDE #twitchtv #t…",tobitobsn88,1,0,0,0,0,   tobitobsn88  hi ihr raketen   bin wieder live f r euch auf twitch  schaut gerne vorbei  s t co 9ujdymzbca twitchde  twitchtv  t ,Neutral
56,1330574183101849601,"RT @AmikoRoyAi: Safe with you

09 #ghostsoap #soapghost #callofduty #MWII https://t.co/wkFuP44Iul",AmikoRoyAi,1259,0,0,0,0,   amikoroyai  safe with you 09  ghostsoap  soapghost  callofduty  mwii  s t co wkfup44iul,Negative
57,1211334425771819008,"RT @_Eidetic_: Never said Simon was a good flirt 

#ghostcosplay #simonghostriley #simonriley #simonrileyghost #modernwarfare #modernwarfar…",_Eidetic_,4,0,0,0,0,   eidetic  never said simon was a good fli   ghostcosplay  simonghostriley  simonriley  simonrileyghost  modernwarfare  modernwarfar ,Positive
58,1532385930862010368,"Hi ihr Raketen, 
bin wieder live für euch auf twitch!! Schaut gerne vorbei!
https://t.co/9ujdyMZBCa
#twitchDE #twitchtv #twitchstreamer #twitchaffiliate #twitchmoments #smallstreamer #twitchgermany #callofduty #community #mw2 #twitchclips",**this tweet had been deleted or hidden**,1,0,2,0,0,hi ihr raketen   bin wieder live f r euch auf twitch  schaut gerne vorbei  s t co 9ujdymzbca twitchde  twitchtv  twitchstreamer  twitchaffiliate  twitchmoments  smallstreamer  twitchgermany  callofduty  community  mw2  twitchclips,Irrelevant
59,1310709872275709958,"RT @yumecore: Ghost's legs appreciation post :3
#CallofDuty #MWII #SimonGhostRiley https://t.co/wPXDDEslZa",yumecore,419,0,0,0,0,   yumecore  ghost s legs appreciation post  3 callofduty  mwii  simonghostriley  s t co wpxddeslza,Neutral
60,846038926569754624,"RT @naruysae: Ghost 💀🔪  — Commission for Lu
#simonghostriley #mw2 #callofduty https://t.co/imdnST8tkA",naruysae,233,0,0,0,0,   naruysae  ghost      commission for lu simonghostriley  mw2  callofduty  s t co imdnst8tka,Neutral
61,1262068804953288709,"It's time... to unleash a new #MWII &amp; #Warzone 17th birthday operator in the battlefield.

@CallofDuty https://t.co/8gXeWBhdmo",CallofDuty,0,0,3,0,0,it s time  to unleash a new  mwii  amp   warzone 17th bi hday operator in the battlefield callofduty  s t co 8gxewbhdmo,Positive
62,1101937412064854017,"RT @AmikoRoyAi: Safe with you

09 #ghostsoap #soapghost #callofduty #MWII https://t.co/wkFuP44Iul",AmikoRoyAi,1259,0,0,0,0,   amikoroyai  safe with you 09  ghostsoap  soapghost  callofduty  mwii  s t co wkfup44iul,Negative
63,1083501554877923328,"RT @AmikoRoyAi: Safe with you

09 #ghostsoap #soapghost #callofduty #MWII https://t.co/wkFuP44Iul",AmikoRoyAi,1259,0,0,0,0,   amikoroyai  safe with you 09  ghostsoap  soapghost  callofduty  mwii  s t co wkfup44iul,Negative
64,755614008107859968,"RT @artimaaaeus: someone on tumblr sent me an ask and hc'ed that if non-traumatized ghost was maskless but fully-clothed, then masked ghost…",artimaaaeus,71,0,0,0,0,   a imaaaeus  someone on tumblr sent me an ask and hc ed that if non traumatized ghost was maskless but fully clothed  then masked ghost ,Neutral
65,1247332080452866048,"RT @remix3s: 👻👻👻

#Ghost #SimonGhostRiley #mw2 #CallofDuty https://t.co/Dc81lhF0YX",remix3s,354,0,0,0,0,   remix3s   ghost  simonghostriley  mw2  callofduty  s t co dc81lhf0yx,Neutral
66,1268069114,"RT @AmikoRoyAi: Safe with you

09 #ghostsoap #soapghost #callofduty #MWII https://t.co/wkFuP44Iul",AmikoRoyAi,1259,0,0,0,0,   amikoroyai  safe with you 09  ghostsoap  soapghost  callofduty  mwii  s t co wkfup44iul,Negative
67,459249257,"RT @AmikoRoyAi: Safe with you

09 #ghostsoap #soapghost #callofduty #MWII https://t.co/wkFuP44Iul",AmikoRoyAi,1259,0,0,0,0,   amikoroyai  safe with you 09  ghostsoap  soapghost  callofduty  mwii  s t co wkfup44iul,Negative
68,1265125228402937856,"Is it a bug ?? Showing total 593 kills ? We need 600 kills to unlock full sand camo and I unlocked Gold means I should have more than 600 kills in total .

It's showing 593? @PlayCODMobile 
@PlayCODMobile 

@EVILXJUG 
@Cato_0001 
@IPROZY1 
@Iskeone214 https://t.co/fYqkBBI8nR",PlayCODMobile,0,2,5,0,0,is it a bug   showing total 593 kills   we need 600 kills to unlock full sand camo and i unlocked gold means i should have more than 600 kills in total  it s showing 593   playcodmobile  playcodmobile  evilxjug  cato 0001  iprozy1  iskeone214  s t co fyqkbbi8nr,Neutral
69,1211334425771819008,"RT @AmikoRoyAi: So Ghost new outfit huh😩

#ghostsoap #soapghost #mwii #callofduty https://t.co/vymDc1spfC",AmikoRoyAi,662,0,0,0,0,   amikoroyai  so ghost new outfit huh ghostsoap  soapghost  mwii  callofduty  s t co vymdc1spfc,Neutral
70,1619205241185996800,"RT @AmikoRoyAi: Safe with you

09 #ghostsoap #soapghost #callofduty #MWII https://t.co/wkFuP44Iul",AmikoRoyAi,1259,0,0,0,0,   amikoroyai  safe with you 09  ghostsoap  soapghost  callofduty  mwii  s t co wkfup44iul,Negative
71,890728144772182016,"RT @naruysae: Ghost 💀🔪  — Commission for Lu
#simonghostriley #mw2 #callofduty https://t.co/imdnST8tkA",naruysae,233,0,0,0,0,   naruysae  ghost      commission for lu simonghostriley  mw2  callofduty  s t co imdnst8tka,Neutral
72,704583568316633088,"RT @JaredMcdaniel93: Slicin’ and dicin’ baby! Always a damn good time on stream! More clips are on my Twitch, and I’m halfway to my 50 foll…",JaredMcdaniel93,4,0,0,0,0,   jaredmcdaniel93  slicin  and dicin  baby  always a damn good time on stream  more clips are on my twitch  and i m halfway to my 50 foll ,Positive
73,715492170392846336,"RT @JaredMcdaniel93: Slicin’ and dicin’ baby! Always a damn good time on stream! More clips are on my Twitch, and I’m halfway to my 50 foll…",JaredMcdaniel93,4,0,0,0,0,   jaredmcdaniel93  slicin  and dicin  baby  always a damn good time on stream  more clips are on my twitch  and i m halfway to my 50 foll ,Positive
74,1275936344091406336,"Slicin’ and dicin’ baby! Always a damn good time on stream! More clips are on my Twitch, and I’m halfway to my 50 follower goal to do a 24 hour stream! So hit me with that follow 🙏🏻 @BlazedRTs @Retweelgend @MighmaMob #gamingclips #Warzone2 #twitchstreamer #CallofDuty #Warzone https://t.co/EQyOJQtKoL",BlazedRTs,4,0,3,0,0,slicin  and dicin  baby  always a damn good time on stream  more clips are on my twitch  and i m halfway to my 50 follower goal to do a 24 hour stream  so hit me with that follow    blazed s  retweelgend  mighmamob  gamingclips  warzone2  twitchstreamer  callofduty  warzone  s t co eqyojqtkol,Irrelevant
75,1410750950604673028,"RT @AmikoRoyAi: Safe with you

09 #ghostsoap #soapghost #callofduty #MWII https://t.co/wkFuP44Iul",AmikoRoyAi,1259,0,0,0,0,   amikoroyai  safe with you 09  ghostsoap  soapghost  callofduty  mwii  s t co wkfup44iul,Negative
76,1333234688752840704,@ChuckysCarnage @ArbiterYT @PlayCODMobile Seems P2L,ChuckysCarnage,0,0,1,0,0, chuckyscarnage  arbiteryt  playcodmobile seems p2l,Negative
77,1399242309154136064,"@_Meta_Ph3nom_ @FaZeScope @lVlitts Don’t get me wrong, I loved cod 4 and mw2, but Halo 3 was truly special. Armor customization, good gameplay, forge, fantastic matchmaking system, file share, progression, co op campaign etc.",_Meta_Ph3nom_,0,0,3,0,0, meta ph3nom   fazescope  lvlitts don t get me wrong  i loved cod 4 and mw2  but halo 3 was truly special  armor customization  good gameplay  forge  fantastic matchmaking system  file share  progression  co op campaign etc ,Positive
78,704583568316633088,"RT @JaredMcdaniel93: Always having fun, and always catching some 🏆s. BTW, I can’t stand riot shielders 😂 Check out my twitch for more clips…",JaredMcdaniel93,3,0,0,0,0,   jaredmcdaniel93  always having fun  and always catching some  s  btw  i can t stand riot shielders   check out my twitch for more clips ,Neutral
79,847197142255067138,"RT @AmikoRoyAi: Safe with you

09 #ghostsoap #soapghost #callofduty #MWII https://t.co/wkFuP44Iul",AmikoRoyAi,1259,0,0,0,0,   amikoroyai  safe with you 09  ghostsoap  soapghost  callofduty  mwii  s t co wkfup44iul,Negative
80,3883183793,"RT @AmikoRoyAi: Safe with you

09 #ghostsoap #soapghost #callofduty #MWII https://t.co/wkFuP44Iul",AmikoRoyAi,1259,0,0,0,0,   amikoroyai  safe with you 09  ghostsoap  soapghost  callofduty  mwii  s t co wkfup44iul,Negative
81,715492170392846336,"RT @JaredMcdaniel93: Always having fun, and always catching some 🏆s. BTW, I can’t stand riot shielders 😂 Check out my twitch for more clips…",JaredMcdaniel93,3,0,0,0,0,   jaredmcdaniel93  always having fun  and always catching some  s  btw  i can t stand riot shielders   check out my twitch for more clips ,Neutral
82,1247332080452866048,"RT @yumecore: #CallofDuty #MWII #MW2 #SimonGhostRiley
Full shots below  1/2
POV↓  (I'm smol like that :3) https://t.co/WLjLK4214R",yumecore,104,0,0,0,0,   yumecore   callofduty  mwii  mw2  simonghostriley full shots below  1 2 pov    i m smol like that  3   s t co wljlk4214r,Neutral
83,1275936344091406336,"Always having fun, and always catching some 🏆s. BTW, I can’t stand riot shielders 😂 Check out my twitch for more clips and hit me with a follow if you’d like 🙏🏻 @BlazedRTs @MighmaMob @Retweelgend #gamingclips #gamingcommunity #Warzone2 #Warzone #twitchstreamer #CallofDuty https://t.co/OSBJM2OmFs",BlazedRTs,3,0,3,0,0,always having fun  and always catching some  s  btw  i can t stand riot shielders   check out my twitch for more clips and hit me with a follow if you d like    blazed s  mighmamob  retweelgend  gamingclips  gamingcommunity  warzone2  warzone  twitchstreamer  callofduty  s t co osbjm2omfs,Irrelevant
84,1265125228402937856,"RT @PlayCODMobile: When one enemy team isn’t enough, add another ✚

📲Hop into the new 4v4v4 Arena Mode tomorrow! https://t.co/EmwWXXqeFQ",PlayCODMobile,44,0,0,0,0,   playcodmobile  when one enemy team isn t enough  add another  hop into the new 4v4v4 arena mode tomorrow   s t co emwwxxqefq,Neutral
85,1495840064844226562,"RT @AmikoRoyAi: Safe with you

09 #ghostsoap #soapghost #callofduty #MWII https://t.co/wkFuP44Iul",AmikoRoyAi,1259,0,0,0,0,   amikoroyai  safe with you 09  ghostsoap  soapghost  callofduty  mwii  s t co wkfup44iul,Negative
86,1261151406439817219,"READING EVERY COMMENT | COME HANG OUT!! | FG 24/75       

@RABIDPANDAGANG_

https://t.co/g3yp3KQ2st 

#KICKSTREAMERS #KICKSTREAMS #WARZONE2 #CALLOFDUTY #LIVESTREAMS #LIVENOW #VIRAL #SUPPORTSMALLSTREAMERS",RabidPandaGang_,1,0,3,0,0,reading every comment   come hang out    fg 24 75        rabidpandagang  s t co g3yp3kq2st  kickstreamers  kickstreams  warzone2  callofduty  livestreams  livenow  viral  suppo smallstreamers,Neutral
87,1265125228402937856,"RT @PlayCODMobile: Guard the fortress and push the enemies away 🏰

⚔️ Greatest Empire Draw goes live tomorrow at 5PM PT! https://t.co/SjVCg…",PlayCODMobile,27,0,0,0,0,   playcodmobile  guard the fo ress and push the enemies away   greatest empire draw goes live tomorrow at 5pm pt   s t co sjvcg ,Neutral
88,704583568316633088,RT @Bad6Gaming: Last seconds. #vondel #WARZONE #streamer #twitch #gamer #gaming #twitchstreamer #ps #youtube #streaming #stream #videogames…,Bad6Gaming,4,0,0,0,0,   bad6gaming  last seconds   vondel  warzone  streamer  twitch  gamer  gaming  twitchstreamer  ps  youtube  streaming  stream  videogames ,Irrelevant
89,1382355455549259778,RT @Bad6Gaming: Last seconds. #vondel #WARZONE #streamer #twitch #gamer #gaming #twitchstreamer #ps #youtube #streaming #stream #videogames…,Bad6Gaming,4,0,0,0,0,   bad6gaming  last seconds   vondel  warzone  streamer  twitch  gamer  gaming  twitchstreamer  ps  youtube  streaming  stream  videogames ,Irrelevant
90,1493370268294680577,"RT @AmikoRoyAi: I love the hc that Ghost is always cold and Soap is a living furnace 🥺

#soapghost #ghostsoap #MWII #callofduty https://t.c…",AmikoRoyAi,1384,0,0,0,0,   amikoroyai  i love the hc that ghost is always cold and soap is a living furnace  soapghost  ghostsoap  mwii  callofduty  s t c ,Positive
91,4816394819,"RT @xFrio_: Blocked

#MW2 #eSports #CallofDuty #gamingpc #RICOCHET #twitchstreamer #twitchaffiliate #Competition #gaming #SCRIMFINDER #CODF…",xFrio_,1,0,0,0,0,   xfrio  blocked mw2  espo s  callofduty  gamingpc  ricochet  twitchstreamer  twitchaffiliate  competition  gaming  scrimfinder  codf ,Neutral
92,4816394819,"RT @xFrio_: Staying on a swivel

#MW2 #eSports #CallofDuty #gamingpc #RICOCHET #twitchstreamer #twitchaffiliate #Competition #gaming #SCRIM…",xFrio_,1,0,0,0,0,   xfrio  staying on a swivel mw2  espo s  callofduty  gamingpc  ricochet  twitchstreamer  twitchaffiliate  competition  gaming  scrim ,Neutral
93,1065618273985806336,RT @Lictor_GD: #укррайт #укрфанфікшн #укрслеш #SoapGhost #GhostSoap #soapmactavish #SimonGhostRiley #ghostmw2 #soapmw2 #CallOfDuty #MW2 @uk…,Lictor_GD,7,0,0,0,0,   lictor gd         soapghost  ghostsoap  soapmactavish  simonghostriley  ghostmw2  soapmw2  callofduty  mw2  uk ,Neutral
94,1673394404931796997,RT @cxsmichirai: @RavenSoftware @InfinityWard @Activision you really really need to fix ranked play on MW2 it's ridiculous we play against…,cxsmichirai,1,0,0,0,0,   cxsmichirai   ravensoftware  infinityward  activision you really really need to fix ranked play on mw2 it s ridiculous we play against ,Negative
95,1645370110910287874,"RT @AmikoRoyAi: Safe with you

09 #ghostsoap #soapghost #callofduty #MWII https://t.co/wkFuP44Iul",AmikoRoyAi,1259,0,0,0,0,   amikoroyai  safe with you 09  ghostsoap  soapghost  callofduty  mwii  s t co wkfup44iul,Negative
96,1518542978016583682,"RT @AmikoRoyAi: Safe with you

09 #ghostsoap #soapghost #callofduty #MWII https://t.co/wkFuP44Iul",AmikoRoyAi,1259,0,0,0,0,   amikoroyai  safe with you 09  ghostsoap  soapghost  callofduty  mwii  s t co wkfup44iul,Negative
97,2494099076,"Hey @CallofDuty, your game is a joke, I JUST got un-shadow banned, and I'm back into shadow ban lobbies, you just checked my account, I play your game daily, I (used to) stream your game daily, and this is the shit your game does...

#MWII",CallofDuty,1,7,3,1,0,hey  callofduty  your game is a joke  i just got un shadow banned  and i m back into shadow ban lobbies  you just checked my account  i play your game daily  i  used to  stream your game daily  and this is the shit your game does mwii,Negative
98,1646431125663805440,"RT @PlayCODMobile: When one enemy team isn’t enough, add another ✚

📲Hop into the new 4v4v4 Arena Mode tomorrow! https://t.co/EmwWXXqeFQ",PlayCODMobile,44,0,0,0,0,   playcodmobile  when one enemy team isn t enough  add another  hop into the new 4v4v4 arena mode tomorrow   s t co emwwxxqefq,Neutral
99,4883418989,"RT @AmikoRoyAi: Safe with you

09 #ghostsoap #soapghost #callofduty #MWII https://t.co/wkFuP44Iul",AmikoRoyAi,1259,0,0,0,0,   amikoroyai  safe with you 09  ghostsoap  soapghost  callofduty  mwii  s t co wkfup44iul,Negative
100,1044458280708239361,"RT @CallofVines: Top ten anime betrayals 

#CoDMW2 #CallofDuty #MWII
#GhostMW2 #SimonRiley #RoachCoD #GarySanderson #GeneralSheperd #Sheper…",CallofVines,15,0,0,0,0,   callofvines  top ten anime betrayals  codmw2  callofduty  mwii ghostmw2  simonriley  roachcod  garysanderson  generalsheperd  sheper ,Positive
101,1069761984768303105,"RT @Hopefulonion: Very important tutorial ‼️
#mw2 #callofduty #ghostsoap #soapghost https://t.co/F9bkWPB4sf",Hopefulonion,539,0,0,0,0,   hopefulonion  very impo ant tutorial  mw2  callofduty  ghostsoap  soapghost  s t co f9bkwpb4sf,Neutral
102,1562879200272338944,RT @yumecore: #CallofDuty #MWII #MW2 #SimonGhostRiley https://t.co/edOGtlmw5J,yumecore,68,0,0,0,0,   yumecore   callofduty  mwii  mw2  simonghostriley  s t co edogtlmw5j,Neutral
103,1899218611,"RT @Hopefulonion: Very important tutorial ‼️
#mw2 #callofduty #ghostsoap #soapghost https://t.co/F9bkWPB4sf",Hopefulonion,539,0,0,0,0,   hopefulonion  very impo ant tutorial  mw2  callofduty  ghostsoap  soapghost  s t co f9bkwpb4sf,Neutral
104,2548619526,"RT @AmikoRoyAi: Safe with you

09 #ghostsoap #soapghost #callofduty #MWII https://t.co/wkFuP44Iul",AmikoRoyAi,1259,0,0,0,0,   amikoroyai  safe with you 09  ghostsoap  soapghost  callofduty  mwii  s t co wkfup44iul,Negative
105,420573238,Hell no. Take that shit to Fortnight. #Warzone2 @CallofDuty https://t.co/SL7sgoFgjq,CallofDuty,0,0,0,0,0,hell no  take that shit to fo night   warzone2  callofduty  s t co sl7sgofgjq,Negative
106,3913387876,"@Dabsyboi @TheCringeMan69 @ih4seeb @TheBoysTV @CallofDuty I just think BR is getting stale, mw2 game is good but the map rotation sucks, wish I could vote other maps. DMZ is my go to right now.",Dabsyboi,0,1,1,0,0, dabsyboi  thecringeman69  ih4seeb  theboystv  callofduty i just think br is getting stale  mw2 game is good but the map rotation sucks  wish i could vote other maps  dmz is my go to right now ,Negative
107,542950447,RT @chainer2111: Got Em #MW2 #CallofDuty #ModernWarfareII https://t.co/0OGyFi8QMR,chainer2111,1,0,0,0,0,   chainer2111  got em  mw2  callofduty  modernwarfareii  s t co 0ogyfi8qmr,Neutral
108,1505507312647106574,"RT @Hopefulonion: Very important tutorial ‼️
#mw2 #callofduty #ghostsoap #soapghost https://t.co/F9bkWPB4sf",Hopefulonion,539,0,0,0,0,   hopefulonion  very impo ant tutorial  mw2  callofduty  ghostsoap  soapghost  s t co f9bkwpb4sf,Neutral
109,2733333242,RT @yumecore: #CallofDuty #MWII #MW2 #SimonGhostRiley https://t.co/edOGtlmw5J,yumecore,68,0,0,0,0,   yumecore   callofduty  mwii  mw2  simonghostriley  s t co edogtlmw5j,Neutral
110,1477465388212445184,"RT @Hopefulonion: Very important tutorial ‼️
#mw2 #callofduty #ghostsoap #soapghost https://t.co/F9bkWPB4sf",Hopefulonion,539,0,0,0,0,   hopefulonion  very impo ant tutorial  mw2  callofduty  ghostsoap  soapghost  s t co f9bkwpb4sf,Neutral
111,3301342864,@PrestigeIsKey Not me really idk I’m always just told to scan a QR code with the news and I just play I also follow the infinity mw2 issues account so I see all the new updates and bug fixes I think you only see bundles because that’s what you focus on,PrestigeIsKey,0,1,0,0,0, prestigeiskey not me really idk i m always just told to scan a qr code with the news and i just play i also follow the infinity mw2 issues account so i see all the new updates and bug fixes i think you only see bundles because that s what you focus on,Negative
112,1402688449346510850,"RT @naruysae: Ghost 💀🔪  — Commission for Lu
#simonghostriley #mw2 #callofduty https://t.co/imdnST8tkA",naruysae,233,0,0,0,0,   naruysae  ghost      commission for lu simonghostriley  mw2  callofduty  s t co imdnst8tka,Neutral
113,1572952583509053442,"MOON MAN!  #CallofDuty #Warzone #Warzone2 #CallofDuty2023 @EnduranceTweets 

https://t.co/hpXvMYhGoz https://t.co/5tvSkb7VHS",EnduranceTweets,2,0,4,0,0,moon man    callofduty  warzone  warzone2  callofduty2023  endurancetweets   s t co hpxvmyhgoz  s t co 5tvskb7vhs,Neutral
114,1510676831548194820,"RT @witchmeetsevil: ""easy, easy,
pull out your heart to make the
being alone
easy""

#CoDMW2 #CallofDuty #soapghost #MWII #MW2 
reinterpreta…",witchmeetsevil,1422,0,0,0,0,   witchmeetsevil   easy  easy pull out your hea  to make the being alone easy codmw2  callofduty  soapghost  mwii  mw2  reinterpreta ,Negative
115,1674425587002380291,"Stay tuned 

https://t.co/qsDfQ0bgEt
#CallofDuty  #YouTube #MW2 https://t.co/Kayo31myrC",**this tweet had been deleted or hidden**,0,0,0,0,0,stay tuned   s t co qsdfq0bget callofduty   youtube  mw2  s t co kayo31myrc,Neutral
116,1211334425771819008,"RT @Hopefulonion: Very important tutorial ‼️
#mw2 #callofduty #ghostsoap #soapghost https://t.co/F9bkWPB4sf",Hopefulonion,539,0,0,0,0,   hopefulonion  very impo ant tutorial  mw2  callofduty  ghostsoap  soapghost  s t co f9bkwpb4sf,Neutral
117,104046980,"RT @Hopefulonion: Very important tutorial ‼️
#mw2 #callofduty #ghostsoap #soapghost https://t.co/F9bkWPB4sf",Hopefulonion,539,0,0,0,0,   hopefulonion  very impo ant tutorial  mw2  callofduty  ghostsoap  soapghost  s t co f9bkwpb4sf,Neutral
118,1665455923005988876,"RT @Hopefulonion: Very important tutorial ‼️
#mw2 #callofduty #ghostsoap #soapghost https://t.co/F9bkWPB4sf",Hopefulonion,539,0,0,0,0,   hopefulonion  very impo ant tutorial  mw2  callofduty  ghostsoap  soapghost  s t co f9bkwpb4sf,Neutral
119,1530939809790713857,"RT @BettyBRenders: 👑 Such a mess, Babyboy. 😌

#König #Koenig #KönigMW2 #MW2 #MWII #CallofDutyModernWarfare2 #CallofDuty https://t.co/aO4AhU…",BettyBRenders,426,0,0,0,0,   bettybrenders    such a mess  babyboy   k nig  koenig  k nigmw2  mw2  mwii  callofdutymodernwarfare2  callofduty  s t co ao4ahu ,Negative
120,1402431212791250946,"RT @Hopefulonion: Very important tutorial ‼️
#mw2 #callofduty #ghostsoap #soapghost https://t.co/F9bkWPB4sf",Hopefulonion,539,0,0,0,0,   hopefulonion  very impo ant tutorial  mw2  callofduty  ghostsoap  soapghost  s t co f9bkwpb4sf,Neutral
121,1327934446855569409,"RT @Hopefulonion: Very important tutorial ‼️
#mw2 #callofduty #ghostsoap #soapghost https://t.co/F9bkWPB4sf",Hopefulonion,539,0,0,0,0,   hopefulonion  very impo ant tutorial  mw2  callofduty  ghostsoap  soapghost  s t co f9bkwpb4sf,Neutral
122,1441174708930576386,#CallofDuty #MWII #MW2 #SimonGhostRiley https://t.co/edOGtlmw5J,**this tweet had been deleted or hidden**,68,1,1068,5,23, callofduty  mwii  mw2  simonghostriley  s t co edogtlmw5j,Neutral
123,1660279605700198401,"RT @CallofDuty: SEASON 04 IS HERE. Vondel, increased health in Warzone, new MP maps, Battle Pass and so much more 🔥 

Stand above the rest…",CallofDuty,321,0,0,0,0,   callofduty  season 04 is here  vondel  increased health in warzone  new mp maps  battle pass and so much more    stand above the rest ,Positive
124,1429984592015106051,"RT @Hopefulonion: Very important tutorial ‼️
#mw2 #callofduty #ghostsoap #soapghost https://t.co/F9bkWPB4sf",Hopefulonion,539,0,0,0,0,   hopefulonion  very impo ant tutorial  mw2  callofduty  ghostsoap  soapghost  s t co f9bkwpb4sf,Neutral
125,777839598458118145,【リスナー参加型】談合とかチーターが蔓延るゲームをします【COD MW2　DMZ】 https://t.co/Lwx4BpKRG1 @YouTubeより,YouTube,0,0,0,0,0, cod mw2 dmz   s t co lwx4bpkrg1  youtube ,Neutral
126,1114930702368141312,【リスナー参加型】談合とかチーターが蔓延るゲームをします【COD MW2　DMZ】 https://t.co/Z7d8jWM1pb @YouTubeより,YouTube,0,0,0,0,0, cod mw2 dmz   s t co z7d8jwm1pb  youtube ,Neutral
127,1218468948972331013,Liebes @ATVIAssist @Activision und @CallofDutyDE ich fühle mich gemobbt. Ich will eine Schweizerflagge bei Cod MW2!!!! Jedes kack Land gibts nur Schweiz nicht. Bitte. Danke,ATVIAssist,0,7,2,1,0,liebes  atviassist  activision und  callofdutyde ich f hle mich gemobbt  ich will eine schweizerflagge bei cod mw2  jedes kack land gibts nur schweiz nicht  bitte  danke,Negative
128,1189031555265683456,"RT @Hopefulonion: Very important tutorial ‼️
#mw2 #callofduty #ghostsoap #soapghost https://t.co/F9bkWPB4sf",Hopefulonion,539,0,0,0,0,   hopefulonion  very impo ant tutorial  mw2  callofduty  ghostsoap  soapghost  s t co f9bkwpb4sf,Neutral
129,1409445166893600769,"RT @Hopefulonion: Very important tutorial ‼️
#mw2 #callofduty #ghostsoap #soapghost https://t.co/F9bkWPB4sf",Hopefulonion,539,0,0,0,0,   hopefulonion  very impo ant tutorial  mw2  callofduty  ghostsoap  soapghost  s t co f9bkwpb4sf,Neutral
130,1336072713262272518,"RT @Hopefulonion: Very important tutorial ‼️
#mw2 #callofduty #ghostsoap #soapghost https://t.co/F9bkWPB4sf",Hopefulonion,539,0,0,0,0,   hopefulonion  very impo ant tutorial  mw2  callofduty  ghostsoap  soapghost  s t co f9bkwpb4sf,Neutral
131,2369825617,"RT @naruysae: Ghost 💀🔪  — Commission for Lu
#simonghostriley #mw2 #callofduty https://t.co/imdnST8tkA",naruysae,233,0,0,0,0,   naruysae  ghost      commission for lu simonghostriley  mw2  callofduty  s t co imdnst8tka,Neutral
132,1617370586157666315,"RT @Totsukiz: The 🌎 will know 
#mw2 #CallofDuty https://t.co/QCEBLRs54X",Totsukiz,2,0,0,0,0,   totsukiz  the   will know  mw2  callofduty  s t co qceblrs54x,Positive
133,1510199436420567042,"RT @661ave: 141! ♥  #MWII #MW2 #CallofDuty 
#CaptainPrice #SimonGhostRiley #JohnSoapMactavish #KyleGazGarrick https://t.co/BTni156iIX",661ave,701,0,0,0,0,   661ave  141      mwii  mw2  callofduty  captainprice  simonghostriley  johnsoapmactavish  kylegazgarrick  s t co btni156iix,Neutral
134,2570153485,"RT @Hopefulonion: Very important tutorial ‼️
#mw2 #callofduty #ghostsoap #soapghost https://t.co/F9bkWPB4sf",Hopefulonion,539,0,0,0,0,   hopefulonion  very impo ant tutorial  mw2  callofduty  ghostsoap  soapghost  s t co f9bkwpb4sf,Neutral
135,1052904336773255169,"The 🌎 will know 
#mw2 #CallofDuty https://t.co/QCEBLRs54X",**this tweet had been deleted or hidden**,2,0,3,0,0,the   will know  mw2  callofduty  s t co qceblrs54x,Positive
136,432701027,"RT @Hopefulonion: Very important tutorial ‼️
#mw2 #callofduty #ghostsoap #soapghost https://t.co/F9bkWPB4sf",Hopefulonion,539,0,0,0,0,   hopefulonion  very impo ant tutorial  mw2  callofduty  ghostsoap  soapghost  s t co f9bkwpb4sf,Neutral
137,1005115280576610304,"RT @naruysae: Ghost 💀🔪  — Commission for Lu
#simonghostriley #mw2 #callofduty https://t.co/imdnST8tkA",naruysae,233,0,0,0,0,   naruysae  ghost      commission for lu simonghostriley  mw2  callofduty  s t co imdnst8tka,Neutral
138,1092608543369371648,"RT @Hopefulonion: Very important tutorial ‼️
#mw2 #callofduty #ghostsoap #soapghost https://t.co/F9bkWPB4sf",Hopefulonion,539,0,0,0,0,   hopefulonion  very impo ant tutorial  mw2  callofduty  ghostsoap  soapghost  s t co f9bkwpb4sf,Neutral
139,745196836940582916,"RT @Hopefulonion: Very important tutorial ‼️
#mw2 #callofduty #ghostsoap #soapghost https://t.co/F9bkWPB4sf",Hopefulonion,539,0,0,0,0,   hopefulonion  very impo ant tutorial  mw2  callofduty  ghostsoap  soapghost  s t co f9bkwpb4sf,Neutral
140,171697706,Seriously how does a Baton kill someone in 2 fucking hits in @CallofDuty MW2 when you can empty half a clip into someone and nothing. Some of these melee weapons are fucking dumb #CallofDuty,CallofDuty,0,0,0,0,0,seriously how does a baton kill someone in 2 fucking hits in  callofduty mw2 when you can empty half a clip into someone and nothing  some of these melee weapons are fucking dumb  callofduty,Irrelevant
141,1375862293947375619,"RT @661ave: #CallofDuty #MWII #König #Konig 
Inspired by @Tava_tavatic drawing!♥ https://t.co/IVL9kvL9rh",661ave,211,0,0,0,0,   661ave   callofduty  mwii  k nig  konig  inspired by  tava tavatic drawing   s t co ivl9kvl9rh,Neutral
142,1235828147800571906,"RT @Hopefulonion: Very important tutorial ‼️
#mw2 #callofduty #ghostsoap #soapghost https://t.co/F9bkWPB4sf",Hopefulonion,539,0,0,0,0,   hopefulonion  very impo ant tutorial  mw2  callofduty  ghostsoap  soapghost  s t co f9bkwpb4sf,Neutral
143,1639076184679133184,"RT @yumecore: Lt. Riley
#CallofDuty #MWII #MW2 #SimonGhostRiley https://t.co/FzwHF7U9rt",yumecore,49,0,0,0,0,   yumecore  lt  riley callofduty  mwii  mw2  simonghostriley  s t co fzwhf7u9 ,Neutral
144,1461116373300568068,"RT @Hopefulonion: Very important tutorial ‼️
#mw2 #callofduty #ghostsoap #soapghost https://t.co/F9bkWPB4sf",Hopefulonion,539,0,0,0,0,   hopefulonion  very impo ant tutorial  mw2  callofduty  ghostsoap  soapghost  s t co f9bkwpb4sf,Neutral
145,1480928012866670599,"RT @Hopefulonion: Very important tutorial ‼️
#mw2 #callofduty #ghostsoap #soapghost https://t.co/F9bkWPB4sf",Hopefulonion,539,0,0,0,0,   hopefulonion  very impo ant tutorial  mw2  callofduty  ghostsoap  soapghost  s t co f9bkwpb4sf,Neutral
146,19997877,"RT @Hopefulonion: Very important tutorial ‼️
#mw2 #callofduty #ghostsoap #soapghost https://t.co/F9bkWPB4sf",Hopefulonion,539,0,0,0,0,   hopefulonion  very impo ant tutorial  mw2  callofduty  ghostsoap  soapghost  s t co f9bkwpb4sf,Neutral
147,1291764542284763136,"RT @aphasia4fog: Idk, did he really use a T-shirt as a mask?
#König
#MWII 
#CallofDuty https://t.co/4Yv9JGtNal",aphasia4fog,108,0,0,0,0,   aphasia4fog  idk  did he really use a t shi  as a mask k nig mwii  callofduty  s t co 4yv9jgtnal,Neutral
148,1347286009541750788,"RT @Hopefulonion: Very important tutorial ‼️
#mw2 #callofduty #ghostsoap #soapghost https://t.co/F9bkWPB4sf",Hopefulonion,539,0,0,0,0,   hopefulonion  very impo ant tutorial  mw2  callofduty  ghostsoap  soapghost  s t co f9bkwpb4sf,Neutral
149,1316433049098350593,"RT @Hopefulonion: Very important tutorial ‼️
#mw2 #callofduty #ghostsoap #soapghost https://t.co/F9bkWPB4sf",Hopefulonion,539,0,0,0,0,   hopefulonion  very impo ant tutorial  mw2  callofduty  ghostsoap  soapghost  s t co f9bkwpb4sf,Neutral
150,824594177161916418,"New video today on YouTube at 1pm EST/12pm CT/10am PT✅ Make sure you dont miss it! 🙌 
#yt #video #gaming #mw2 #CallofDuty 

📺-  https://t.co/RTzAjbwKtS https://t.co/tjdilUP0bL",**this tweet had been deleted or hidden**,0,0,0,0,0,new video today on youtube at 1pm est 12pm ct 10am pt  make sure you dont miss it     yt  video  gaming  mw2  callofduty     s t co  zajbwkts  s t co tjdilup0bl,Neutral
151,1042388458772283392,"RT @Hopefulonion: Very important tutorial ‼️
#mw2 #callofduty #ghostsoap #soapghost https://t.co/F9bkWPB4sf",Hopefulonion,539,0,0,0,0,   hopefulonion  very impo ant tutorial  mw2  callofduty  ghostsoap  soapghost  s t co f9bkwpb4sf,Neutral
152,1117327341305225217,"RT @Hopefulonion: Very important tutorial ‼️
#mw2 #callofduty #ghostsoap #soapghost https://t.co/F9bkWPB4sf",Hopefulonion,539,0,0,0,0,   hopefulonion  very impo ant tutorial  mw2  callofduty  ghostsoap  soapghost  s t co f9bkwpb4sf,Neutral
153,2733333242,"RT @Hopefulonion: Very important tutorial ‼️
#mw2 #callofduty #ghostsoap #soapghost https://t.co/F9bkWPB4sf",Hopefulonion,539,0,0,0,0,   hopefulonion  very impo ant tutorial  mw2  callofduty  ghostsoap  soapghost  s t co f9bkwpb4sf,Neutral
154,933263122286051328,"RT @AmikoRoyAi: I love the hc that Ghost is always cold and Soap is a living furnace 🥺

#soapghost #ghostsoap #MWII #callofduty https://t.c…",AmikoRoyAi,1384,0,0,0,0,   amikoroyai  i love the hc that ghost is always cold and soap is a living furnace  soapghost  ghostsoap  mwii  callofduty  s t c ,Positive
155,1514268684105170951,"We keep on Nuking in Season 4 of COD Warzone 2, that's the 4th NUKE challenge completed in S4! If you want to go for a 5-winstreak and need help or want to hit your nuke contract with solid players, hit us up! #nukechallenge #championsquest #warzone2 #callofduty #takamuratv https://t.co/4Cc7F7jVJC",**this tweet had been deleted or hidden**,1,0,2,0,0,we keep on nuking in season 4 of cod warzone 2  that s the 4th nuke challenge completed in s4  if you want to go for a 5 winstreak and need help or want to hit your nuke contract with solid players  hit us up   nukechallenge  championsquest  warzone2  callofduty  takamuratv  s t co 4cc7f7jvjc,Neutral
156,1553876832205918208,"@CoDMobileSports @RealBobbyPlays @IHOLDSHIFT @beefmum @GlitterXplosion . Hey, tell the community something... do you shut down your production of home streaming to the viewership when it's raining on your house/apt? (Rhetorical, obvi). Smh. Big L @PlayCODMobile",CoDMobileSports,0,0,1,0,0, codmobilespo s  realbobbyplays  iholdshift  beefmum  glitterxplosion   hey  tell the community something  do you shut down your production of home streaming to the viewership when it s raining on your house apt   rhetorical  obvi  smh  big l  playcodmobile,Negative
157,19757511,"RT @AmikoRoyAi: Safe with you

09 #ghostsoap #soapghost #callofduty #MWII https://t.co/wkFuP44Iul",AmikoRoyAi,1259,0,0,0,0,   amikoroyai  safe with you 09  ghostsoap  soapghost  callofduty  mwii  s t co wkfup44iul,Negative
158,1355731411,RT @bigbubbajake: I GOT REPORTED FOR THIS AIM IN RANKED 😂 #mwii #mw2 #modernwarfare2 #callofduty https://t.co/K3BPhlAMNh,bigbubbajake,3,0,0,0,0,   bigbubbajake  i got repo ed for this aim in ranked    mwii  mw2  modernwarfare2  callofduty  s t co k3bphlamnh,Neutral
159,1253160205279346688,"RT @Hopefulonion: Very important tutorial ‼️
#mw2 #callofduty #ghostsoap #soapghost https://t.co/F9bkWPB4sf",Hopefulonion,539,0,0,0,0,   hopefulonion  very impo ant tutorial  mw2  callofduty  ghostsoap  soapghost  s t co f9bkwpb4sf,Neutral
160,1413849020217372676,"RT @Hopefulonion: Very important tutorial ‼️
#mw2 #callofduty #ghostsoap #soapghost https://t.co/F9bkWPB4sf",Hopefulonion,539,0,0,0,0,   hopefulonion  very impo ant tutorial  mw2  callofduty  ghostsoap  soapghost  s t co f9bkwpb4sf,Neutral
161,1223683053396144129,"RT @TheLord_G3: Somebody made plans for later....

Check me on https://t.co/ZUZjwlVn6K and https://t.co/OgP4arks2S

#DMZ #gaming #warzone #…",TheLord_G3,1,0,0,0,0,   thelord g3  somebody made plans for later check me on  s t co zuzjwlvn6k and  s t co ogp4arks2s dmz  gaming  warzone  ,Neutral
162,963555544819789826,"RT @Hopefulonion: Very important tutorial ‼️
#mw2 #callofduty #ghostsoap #soapghost https://t.co/F9bkWPB4sf",Hopefulonion,539,0,0,0,0,   hopefulonion  very impo ant tutorial  mw2  callofduty  ghostsoap  soapghost  s t co f9bkwpb4sf,Neutral
163,1657603883806474240,RT @Veradia_: FINALLY DREW PRICEE 🧡 #CallofDuty #MW2 https://t.co/HnvinBn6Ot,Veradia_,307,0,0,0,0,   veradia  finally drew pricee    callofduty  mw2  s t co hnvinbn6ot,Positive
164,1531226814974423040,"RT @Hopefulonion: Very important tutorial ‼️
#mw2 #callofduty #ghostsoap #soapghost https://t.co/F9bkWPB4sf",Hopefulonion,539,0,0,0,0,   hopefulonion  very impo ant tutorial  mw2  callofduty  ghostsoap  soapghost  s t co f9bkwpb4sf,Neutral
165,1044458280708239361,"RT @artimaaaeus: someone on tumblr sent me an ask and hc'ed that if non-traumatized ghost was maskless but fully-clothed, then masked ghost…",artimaaaeus,71,0,0,0,0,   a imaaaeus  someone on tumblr sent me an ask and hc ed that if non traumatized ghost was maskless but fully clothed  then masked ghost ,Neutral
166,4883418989,"RT @Hopefulonion: Very important tutorial ‼️
#mw2 #callofduty #ghostsoap #soapghost https://t.co/F9bkWPB4sf",Hopefulonion,539,0,0,0,0,   hopefulonion  very impo ant tutorial  mw2  callofduty  ghostsoap  soapghost  s t co f9bkwpb4sf,Neutral
167,855577569051201537,Warzone 2.0 Gameplay #growth #foryou #gaming #callofduty #warzone2 #fyp ... https://t.co/Ccja3kcKzx via @YouTube,YouTube,0,0,0,1,0,warzone 2 0 gameplay  growth  foryou  gaming  callofduty  warzone2  fyp    s t co ccja3kckzx via  youtube,Neutral
168,1651716355010478080,"#COD MW2

気持はふうせんさんとまるなるさんで
DMZ🐈‍⬛🐦🐗
たくさん笑わせてもらいました♪
明日も頑張ろー♪
アシカのお酒おしまい♪ https://t.co/bFRBFar5wl",**this tweet had been deleted or hidden**,1,0,3,0,0, cod mw2 dmz   s t co bfrbfar5wl,Neutral
169,877244463772512256,"RT @Hopefulonion: Very important tutorial ‼️
#mw2 #callofduty #ghostsoap #soapghost https://t.co/F9bkWPB4sf",Hopefulonion,539,0,0,0,0,   hopefulonion  very impo ant tutorial  mw2  callofduty  ghostsoap  soapghost  s t co f9bkwpb4sf,Neutral
170,1646191911244374016,"RT @Hopefulonion: Very important tutorial ‼️
#mw2 #callofduty #ghostsoap #soapghost https://t.co/F9bkWPB4sf",Hopefulonion,539,0,0,0,0,   hopefulonion  very impo ant tutorial  mw2  callofduty  ghostsoap  soapghost  s t co f9bkwpb4sf,Neutral
171,1669188541702868992,RT @ToxicRoxic: pov the thorn bush is a lot sharper than u thought #König #CallofDuty #MW2 https://t.co/HABaMe2CUx,ToxicRoxic,633,0,0,0,0,   toxicroxic  pov the thorn bush is a lot sharper than u thought  k nig  callofduty  mw2  s t co habame2cux,Neutral
172,855577569051201537,Warzone what happen #growth #foryou #gaming #callofduty #fyp #warzone2 #... https://t.co/Pec5uH862J via @YouTube,YouTube,0,0,0,0,0,warzone what happen  growth  foryou  gaming  callofduty  fyp  warzone2    s t co pec5uh862j via  youtube,Neutral
173,1636931567942778884,"RT @Hopefulonion: Very important tutorial ‼️
#mw2 #callofduty #ghostsoap #soapghost https://t.co/F9bkWPB4sf",Hopefulonion,539,0,0,0,0,   hopefulonion  very impo ant tutorial  mw2  callofduty  ghostsoap  soapghost  s t co f9bkwpb4sf,Neutral
174,588474566,"RT @Hopefulonion: Very important tutorial ‼️
#mw2 #callofduty #ghostsoap #soapghost https://t.co/F9bkWPB4sf",Hopefulonion,539,0,0,0,0,   hopefulonion  very impo ant tutorial  mw2  callofduty  ghostsoap  soapghost  s t co f9bkwpb4sf,Neutral
175,717103544,"RT @AmikoRoyAi: Safe with you

09 #ghostsoap #soapghost #callofduty #MWII https://t.co/wkFuP44Iul",AmikoRoyAi,1259,0,0,0,0,   amikoroyai  safe with you 09  ghostsoap  soapghost  callofduty  mwii  s t co wkfup44iul,Negative
176,1639041902912602112,"🚨Breaking

Homelander, starlight y Black Noir. Personajes de la aclamada serie #TheBoys han sido adicionados como skins a la tienda de #CallofDuty #MWII https://t.co/0KM35RXjTL",**this tweet had been deleted or hidden**,0,0,1,0,0, breaking homelander  starlight y black noir  personajes de la aclamada serie  theboys han sido adicionados como skins a la tienda de  callofduty  mwii  s t co 0km35rxjtl,Neutral
177,750488210254561280,"RT @Hopefulonion: Very important tutorial ‼️
#mw2 #callofduty #ghostsoap #soapghost https://t.co/F9bkWPB4sf",Hopefulonion,539,0,0,0,0,   hopefulonion  very impo ant tutorial  mw2  callofduty  ghostsoap  soapghost  s t co f9bkwpb4sf,Neutral
178,4324114937,"RT @AmikoRoyAi: Safe with you

09 #ghostsoap #soapghost #callofduty #MWII https://t.co/wkFuP44Iul",AmikoRoyAi,1259,0,0,0,0,   amikoroyai  safe with you 09  ghostsoap  soapghost  callofduty  mwii  s t co wkfup44iul,Negative
179,3425308787,"RT @Hopefulonion: Very important tutorial ‼️
#mw2 #callofduty #ghostsoap #soapghost https://t.co/F9bkWPB4sf",Hopefulonion,539,0,0,0,0,   hopefulonion  very impo ant tutorial  mw2  callofduty  ghostsoap  soapghost  s t co f9bkwpb4sf,Neutral
180,813811887544664066,"RT @Hopefulonion: Very important tutorial ‼️
#mw2 #callofduty #ghostsoap #soapghost https://t.co/F9bkWPB4sf",Hopefulonion,539,0,0,0,0,   hopefulonion  very impo ant tutorial  mw2  callofduty  ghostsoap  soapghost  s t co f9bkwpb4sf,Neutral
181,1455466910355705858,"Here is A better In Game Look At The Boys X Call Of duty Collab Operator bundles Wich Will Be Added On July 12.🔥

#TheBoys | #CallofDuty 
#ModernWarfare2 #ModernWarfareII 
#MWII #MW2 
#CallofDutyModernWarfare2 
#CallofDutyModernWarfareII 
#Warzone2 #Warzone https://t.co/bRZ5sfIm93",**this tweet had been deleted or hidden**,0,0,0,0,0,here is a better in game look at the boys x call of duty collab operator bundles wich will be added on july 12 theboys    callofduty  modernwarfare2  modernwarfareii  mwii  mw2  callofdutymodernwarfare2  callofdutymodernwarfareii  warzone2  warzone  s t co brz5sfim93,Neutral
182,3194686652,"RT @Hopefulonion: Very important tutorial ‼️
#mw2 #callofduty #ghostsoap #soapghost https://t.co/F9bkWPB4sf",Hopefulonion,539,0,0,0,0,   hopefulonion  very impo ant tutorial  mw2  callofduty  ghostsoap  soapghost  s t co f9bkwpb4sf,Neutral
183,57710849,"WARZONE 2 VONDEL Solo #Gameplay - 14 Kills with META Guns (#NoCommentary)

https://t.co/gWcuqt1LAm

#cod #lordZidaner #pcgaming #gaming #gamers #gamer #MW2 #MWII #CODMWII #CallofDuty #Warzone2 #games #gameplays #BattleRoyale #VONDEL #warzone",**this tweet had been deleted or hidden**,0,1,1,0,0,warzone 2 vondel solo  gameplay   14 kills with meta guns  nocommentary  s t co gwcuqt1lam cod  lordzidaner  pcgaming  gaming  gamers  gamer  mw2  mwii  codmwii  callofduty  warzone2  games  gameplays  battleroyale  vondel  warzone,Neutral
184,1231517589853134848,"RT @Hopefulonion: Very important tutorial ‼️
#mw2 #callofduty #ghostsoap #soapghost https://t.co/F9bkWPB4sf",Hopefulonion,539,0,0,0,0,   hopefulonion  very impo ant tutorial  mw2  callofduty  ghostsoap  soapghost  s t co f9bkwpb4sf,Neutral
185,1517265740826558466,"Neues #CallofDuty #RankedPlay Video auf meinem Kanal:

https://t.co/DySUI9u8LJ

#MW2 #MWII #ModernWarfare2 #ModernWarfareII #Gameplay #PS5",**this tweet had been deleted or hidden**,0,0,1,0,0,neues  callofduty  rankedplay video auf meinem kanal  s t co dysui9u8lj mw2  mwii  modernwarfare2  modernwarfareii  gameplay  ps5,Neutral
186,1620759260941651970,"RT @Min36690662: Part 2
König shows Horangi the cat he found.
[I thought it would be cute]
:)
#horangi #könig #Konigmw2 #horangimw2 #MW2 #M…",Min36690662,316,0,0,0,0,   min36690662  pa  2 k nig shows horangi the cat he found i thought it would be cute horangi  k nig  konigmw2  horangimw2  mw2  m ,Irrelevant
187,1562879200272338944,"RT @Hopefulonion: Very important tutorial ‼️
#mw2 #callofduty #ghostsoap #soapghost https://t.co/F9bkWPB4sf",Hopefulonion,539,0,0,0,0,   hopefulonion  very impo ant tutorial  mw2  callofduty  ghostsoap  soapghost  s t co f9bkwpb4sf,Neutral
188,1356010660962955264,#warzone2 #callofduty #modarnwarfare2 #cod #codclips #warzoneclips #mw2clips #foryoupage #foryou #fyp #pc #ps #xbox #twitch #viral #viralvideo #viraltiktok #instagram #love #CapCut https://t.co/JnFkediGVG,**this tweet had been deleted or hidden**,0,0,1,0,0, warzone2  callofduty  modarnwarfare2  cod  codclips  warzoneclips  mw2clips  foryoupage  foryou  fyp  pc  ps  xbox  twitch  viral  viralvideo  viraltiktok  instagram  love  capcut  s t co jnfkedigvg,Neutral
189,1620130220056403968,"RT @AmikoRoyAi: Safe with you

09 #ghostsoap #soapghost #callofduty #MWII https://t.co/wkFuP44Iul",AmikoRoyAi,1259,0,0,0,0,   amikoroyai  safe with you 09  ghostsoap  soapghost  callofduty  mwii  s t co wkfup44iul,Negative
190,284092127,"RT @Hopefulonion: Very important tutorial ‼️
#mw2 #callofduty #ghostsoap #soapghost https://t.co/F9bkWPB4sf",Hopefulonion,539,0,0,0,0,   hopefulonion  very impo ant tutorial  mw2  callofduty  ghostsoap  soapghost  s t co f9bkwpb4sf,Neutral
191,1636854622705926144,"RT @Hopefulonion: Very important tutorial ‼️
#mw2 #callofduty #ghostsoap #soapghost https://t.co/F9bkWPB4sf",Hopefulonion,539,0,0,0,0,   hopefulonion  very impo ant tutorial  mw2  callofduty  ghostsoap  soapghost  s t co f9bkwpb4sf,Neutral
192,984056647093022723,"RT @PlayCODMobile: When one enemy team isn’t enough, add another ✚

📲Hop into the new 4v4v4 Arena Mode tomorrow! https://t.co/EmwWXXqeFQ",PlayCODMobile,44,0,0,0,0,   playcodmobile  when one enemy team isn t enough  add another  hop into the new 4v4v4 arena mode tomorrow   s t co emwwxxqefq,Neutral
193,1642595725178556418,"RT @Hopefulonion: Very important tutorial ‼️
#mw2 #callofduty #ghostsoap #soapghost https://t.co/F9bkWPB4sf",Hopefulonion,539,0,0,0,0,   hopefulonion  very impo ant tutorial  mw2  callofduty  ghostsoap  soapghost  s t co f9bkwpb4sf,Neutral
194,1331725097850318856,"RT @Hopefulonion: Very important tutorial ‼️
#mw2 #callofduty #ghostsoap #soapghost https://t.co/F9bkWPB4sf",Hopefulonion,539,0,0,0,0,   hopefulonion  very impo ant tutorial  mw2  callofduty  ghostsoap  soapghost  s t co f9bkwpb4sf,Neutral
195,942456804256174081,"RT @Hopefulonion: Very important tutorial ‼️
#mw2 #callofduty #ghostsoap #soapghost https://t.co/F9bkWPB4sf",Hopefulonion,539,0,0,0,0,   hopefulonion  very impo ant tutorial  mw2  callofduty  ghostsoap  soapghost  s t co f9bkwpb4sf,Neutral
196,985046050946867200,"RT @naruysae: Ghost 💀🔪  — Commission for Lu
#simonghostriley #mw2 #callofduty https://t.co/imdnST8tkA",naruysae,233,0,0,0,0,   naruysae  ghost      commission for lu simonghostriley  mw2  callofduty  s t co imdnst8tka,Neutral
197,1471768883308773376,@DiscussingFilm I’d be excited of MW2 was better and Activision weren’t POS,DiscussingFilm,0,0,0,0,0, discussingfilm i d be excited of mw2 was better and activision weren t pos,Positive
198,913771083651788800,"RT @Hopefulonion: Very important tutorial ‼️
#mw2 #callofduty #ghostsoap #soapghost https://t.co/F9bkWPB4sf",Hopefulonion,539,0,0,0,0,   hopefulonion  very impo ant tutorial  mw2  callofduty  ghostsoap  soapghost  s t co f9bkwpb4sf,Neutral
199,1588961655366492160,@IPROZY1 @PlayCODMobile tf is that sound bug 💀,IPROZY1,0,0,1,0,0, iprozy1  playcodmobile tf is that sound bug  ,Negative
200,355649339,RT @CallofDuty: It's time to fight like a hero. Season 04 Reloaded drops July 12 in Call of Duty #Warzone and #MWII 👉 https://t.co/CMgkvPpR…,CallofDuty,1166,0,0,0,0,   callofduty  it s time to fight like a hero  season 04 reloaded drops july 12 in call of duty  warzone and  mwii    s t co cmgkvppr ,Neutral
201,355649339,"RT @CallofDuty: Gather your best Operators for some waterfront action 💦

Read more below about the 6v6 #MWII map Vondel Waterfront, the new…",CallofDuty,52,0,0,0,0,   callofduty  gather your best operators for some waterfront action  read more below about the 6v6  mwii map vondel waterfront  the new ,Positive
202,1631865130588991488,"RT @naruysae: Ghost 💀🔪  — Commission for Lu
#simonghostriley #mw2 #callofduty https://t.co/imdnST8tkA",naruysae,233,0,0,0,0,   naruysae  ghost      commission for lu simonghostriley  mw2  callofduty  s t co imdnst8tka,Neutral
203,1284026298159906817,RT @661ave: #Ghost #SimonGhostRiley #CallOfDuty #MWII #MW2 https://t.co/9FXEq9ZwyS,661ave,407,0,0,0,0,   661ave   ghost  simonghostriley  callofduty  mwii  mw2  s t co 9fxeq9zwys,Neutral
204,1660358226569834497,"I’m Zachary FREAKIN’ Muk!

#mw2 #warzone #warzone2 #meta #warzonemeta #modernwarfare2 #wz #wz2 #cod #callofduty #activision #resurgence #ashika #lachmannsub #mp5 #sethrollins #warzonebestclips #mw2clips #mwii #codmw2 #codwarzone #wztips #romanreigns #warzonefunny https://t.co/6XPWXlDDNI",**this tweet had been deleted or hidden**,1,1,1,0,0,i m zachary freakin  muk mw2  warzone  warzone2  meta  warzonemeta  modernwarfare2  wz  wz2  cod  callofduty  activision  resurgence  ashika  lachmannsub  mp5  sethrollins  warzonebestclips  mw2clips  mwii  codmw2  codwarzone  wztips  romanreigns  warzonefunny  s t co 6xpwxlddni,Positive
205,1341190608208211969,"RT @alexgscod: Thank you so much for 5k!!! 😊😭🙏
💀❤️🧼

#GhostSoap #SoapGhost #CallOfDuty #MWII https://t.co/3Wsq7SNXj5",alexgscod,792,0,0,0,0,   alexgscod  thank you so much for 5k   ghostsoap  soapghost  callofduty  mwii  s t co 3wsq7snxj5,Positive
206,1296153766023106563,"RT @alexgscod: Thank you so much for 5k!!! 😊😭🙏
💀❤️🧼

#GhostSoap #SoapGhost #CallOfDuty #MWII https://t.co/3Wsq7SNXj5",alexgscod,792,0,0,0,0,   alexgscod  thank you so much for 5k   ghostsoap  soapghost  callofduty  mwii  s t co 3wsq7snxj5,Positive
207,1677474222292054022,"@FabledOrion @PlayVALORANT It’s really frustrating how we get banned for no reason,i got banned  also didn’t let me make an appeal But thanks to this man #Cisco_techs on Instagram he got me unbanned successfully I recommend his good Job #MW2 #COD #CallofDuty #unbanned #Activision #Warzone",FabledOrion,0,0,0,0,0, fabledorion  playvalorant it s really frustrating how we get banned for no reason i got banned  also didn t let me make an appeal but thanks to this man  cisco techs on instagram he got me unbanned successfully i recommend his good job  mw2  cod  callofduty  unbanned  activision  warzone,Irrelevant
208,1095983118622715905,"RT @BettyBRenders: 🦿Broken…

#Alex #alexkeller #AlexMW2 #MW2 #MWII #CallofDutyModernWarfare2 #CallofDuty https://t.co/KVsDNZeil9",BettyBRenders,108,0,0,0,0,   bettybrenders   broken alex  alexkeller  alexmw2  mw2  mwii  callofdutymodernwarfare2  callofduty  s t co kvsdnzeil9,Negative
209,1045814830777622528,"公開マルチ終了のお知らせ
ま    た    お    前    か
#MW2 https://t.co/YdwfNcqoiM",**this tweet had been deleted or hidden**,0,0,0,0,0,                     mw2  s t co ydwfncqoim,Neutral
210,1619721033153662976,"RT @Hopefulonion: Very important tutorial ‼️
#mw2 #callofduty #ghostsoap #soapghost https://t.co/F9bkWPB4sf",Hopefulonion,539,0,0,0,0,   hopefulonion  very impo ant tutorial  mw2  callofduty  ghostsoap  soapghost  s t co f9bkwpb4sf,Neutral
211,811558235492716544,RT @CallofDuty: It's time to fight like a hero. Season 04 Reloaded drops July 12 in Call of Duty #Warzone and #MWII 👉 https://t.co/CMgkvPpR…,CallofDuty,1166,0,0,0,0,   callofduty  it s time to fight like a hero  season 04 reloaded drops july 12 in call of duty  warzone and  mwii    s t co cmgkvppr ,Neutral
212,1607359832117346305,"RT @BettyBRenders: 🦿Broken…

#Alex #alexkeller #AlexMW2 #MW2 #MWII #CallofDutyModernWarfare2 #CallofDuty https://t.co/KVsDNZeil9",BettyBRenders,108,0,0,0,0,   bettybrenders   broken alex  alexkeller  alexmw2  mw2  mwii  callofdutymodernwarfare2  callofduty  s t co kvsdnzeil9,Negative
213,1187071989636325379,"RT @Hopefulonion: Very important tutorial ‼️
#mw2 #callofduty #ghostsoap #soapghost https://t.co/F9bkWPB4sf",Hopefulonion,539,0,0,0,0,   hopefulonion  very impo ant tutorial  mw2  callofduty  ghostsoap  soapghost  s t co f9bkwpb4sf,Neutral
214,1471340102,"RT @alexgscod: Thank you so much for 5k!!! 😊😭🙏
💀❤️🧼

#GhostSoap #SoapGhost #CallOfDuty #MWII https://t.co/3Wsq7SNXj5",alexgscod,792,0,0,0,0,   alexgscod  thank you so much for 5k   ghostsoap  soapghost  callofduty  mwii  s t co 3wsq7snxj5,Positive
215,1619721033153662976,"RT @alexgscod: Thank you so much for 5k!!! 😊😭🙏
💀❤️🧼

#GhostSoap #SoapGhost #CallOfDuty #MWII https://t.co/3Wsq7SNXj5",alexgscod,792,0,0,0,0,   alexgscod  thank you so much for 5k   ghostsoap  soapghost  callofduty  mwii  s t co 3wsq7snxj5,Positive
216,3558766413,Call of Duty Mw2 Streamer Hit's Mid 720 Trickshot on Dude setting up but the reaction's were crazy 😱🤯#cod #gaming #anime #CallofDuty #ModernWarfare2 https://t.co/Vg4s3Q7owA,**this tweet had been deleted or hidden**,0,0,1,0,0,call of duty mw2 streamer hit s mid 720 trickshot on dude setting up but the reaction s were crazy  cod  gaming  anime  callofduty  modernwarfare2  s t co vg4s3q7owa,Neutral
217,1306591597484584962,"RT @Hopefulonion: Very important tutorial ‼️
#mw2 #callofduty #ghostsoap #soapghost https://t.co/F9bkWPB4sf",Hopefulonion,539,0,0,0,0,   hopefulonion  very impo ant tutorial  mw2  callofduty  ghostsoap  soapghost  s t co f9bkwpb4sf,Neutral
218,1677480861497737216,"@MrSyFi @LBDecoy @RavenSoftware @CallofDuty @JustTeddii @InfinityWard It’s really frustrating how we get banned for no reason,i got banned  also didn’t let me make an appeal But thanks to this man #Cisco_techs on Instagram he got me unbanned successfully I recommend his good Job #MW2 #COD #CallofDuty #unbanned #Activision #Warzone",MrSyFi,0,0,0,0,0, mrsyfi  lbdecoy  ravensoftware  callofduty  justteddii  infinityward it s really frustrating how we get banned for no reason i got banned  also didn t let me make an appeal but thanks to this man  cisco techs on instagram he got me unbanned successfully i recommend his good job  mw2  cod  callofduty  unbanned  activision  warzone,Irrelevant
219,1363110887175847942,"@PlayCODMobile They are used to cheat
Need delete these accounts now in CoD mobile
#CoDMobile https://t.co/OlNwKD7tIz",PlayCODMobile,0,0,0,0,0, playcodmobile they are used to cheat need delete these accounts now in cod mobile codmobile  s t co olnwkd7tiz,Negative
220,788162726925185024,"RT @Hopefulonion: Very important tutorial ‼️
#mw2 #callofduty #ghostsoap #soapghost https://t.co/F9bkWPB4sf",Hopefulonion,539,0,0,0,0,   hopefulonion  very impo ant tutorial  mw2  callofduty  ghostsoap  soapghost  s t co f9bkwpb4sf,Neutral
221,1203601670451666944,"RT @MW4ar: - نظرة على ماب Vondel Waterfront الجديد 6v6 راح يتوفر مع تحديث منتصف الموسم الرابع في 12 يوليو 🔥

#MWII 
 https://t.co/SeSIGchmRW",MW4ar,4,0,0,0,0,   mw4ar          vondel waterfront   6v6                 12    mwii    s t co sesigchmrw,Neutral
222,1282387407225184256,"RT @loneghostwolf88: 7th entry of the beach boy series - Alejandro Vargas ☀️📷  🏝️
#alejandrovargas #CoDAlejandro #CallofDuty #3DRender #MWI…",loneghostwolf88,235,0,0,0,0,   loneghostwolf88  7th entry of the beach boy series   alejandro vargas     alejandrovargas  codalejandro  callofduty  3drender  mwi ,Neutral
223,712222832,RT @661ave: #Ghost #SimonGhostRiley #CallOfDuty #MWII #MW2 https://t.co/9FXEq9ZwyS,661ave,407,0,0,0,0,   661ave   ghost  simonghostriley  callofduty  mwii  mw2  s t co 9fxeq9zwys,Neutral
224,773669539645095936,RT @CallofDuty: It's time to fight like a hero. Season 04 Reloaded drops July 12 in Call of Duty #Warzone and #MWII 👉 https://t.co/CMgkvPpR…,CallofDuty,1166,0,0,0,0,   callofduty  it s time to fight like a hero  season 04 reloaded drops july 12 in call of duty  warzone and  mwii    s t co cmgkvppr ,Neutral
225,1417998762082017280,"RT @alexgscod: Thank you so much for 5k!!! 😊😭🙏
💀❤️🧼

#GhostSoap #SoapGhost #CallOfDuty #MWII https://t.co/3Wsq7SNXj5",alexgscod,792,0,0,0,0,   alexgscod  thank you so much for 5k   ghostsoap  soapghost  callofduty  mwii  s t co 3wsq7snxj5,Positive
226,2328978614,RT @661ave: #Ghost #SimonGhostRiley #CallOfDuty #MWII #MW2 https://t.co/9FXEq9ZwyS,661ave,407,0,0,0,0,   661ave   ghost  simonghostriley  callofduty  mwii  mw2  s t co 9fxeq9zwys,Neutral
227,3773191154,RT @CallofDuty: It's time to fight like a hero. Season 04 Reloaded drops July 12 in Call of Duty #Warzone and #MWII 👉 https://t.co/CMgkvPpR…,CallofDuty,1166,0,0,0,0,   callofduty  it s time to fight like a hero  season 04 reloaded drops july 12 in call of duty  warzone and  mwii    s t co cmgkvppr ,Neutral
228,1660358226569834497,"RT @LSD_Cherry: WZ dub on Ashika Island! Almost choked it but then remembered I’m big brained 😎😂

#mw2 #warzone2 #modernwarfare2 #wz2 #cod…",LSD_Cherry,1,0,0,0,0,   lsd cherry  wz dub on ashika island  almost choked it but then remembered i m big brained  mw2  warzone2  modernwarfare2  wz2  cod ,Neutral
229,714439389548445697,RT @CallofDuty: It's time to fight like a hero. Season 04 Reloaded drops July 12 in Call of Duty #Warzone and #MWII 👉 https://t.co/CMgkvPpR…,CallofDuty,1166,0,0,0,0,   callofduty  it s time to fight like a hero  season 04 reloaded drops july 12 in call of duty  warzone and  mwii    s t co cmgkvppr ,Neutral
230,1397839108236533761,"RT @alexgscod: Thank you so much for 5k!!! 😊😭🙏
💀❤️🧼

#GhostSoap #SoapGhost #CallOfDuty #MWII https://t.co/3Wsq7SNXj5",alexgscod,792,0,0,0,0,   alexgscod  thank you so much for 5k   ghostsoap  soapghost  callofduty  mwii  s t co 3wsq7snxj5,Positive
231,1417998762082017280,"RT @artimaaaeus: simon w/o trauma is prolly very flirtatious
---
#CallofDuty #MWII #MW2 #Ghost https://t.co/CELOykoKiU",artimaaaeus,518,0,0,0,0,   a imaaaeus  simon w o trauma is prolly very fli atious callofduty  mwii  mw2  ghost  s t co celoykokiu,Neutral
232,844090471026692096,"RT @BettyBRenders: 🦿Broken…

#Alex #alexkeller #AlexMW2 #MW2 #MWII #CallofDutyModernWarfare2 #CallofDuty https://t.co/KVsDNZeil9",BettyBRenders,108,0,0,0,0,   bettybrenders   broken alex  alexkeller  alexmw2  mw2  mwii  callofdutymodernwarfare2  callofduty  s t co kvsdnzeil9,Negative
233,3035433907,RT @CallofDuty: It's time to fight like a hero. Season 04 Reloaded drops July 12 in Call of Duty #Warzone and #MWII 👉 https://t.co/CMgkvPpR…,CallofDuty,1166,0,0,0,0,   callofduty  it s time to fight like a hero  season 04 reloaded drops july 12 in call of duty  warzone and  mwii    s t co cmgkvppr ,Neutral
234,1008164159832199174,"RT @Min36690662: Part 2
König shows Horangi the cat he found.
[I thought it would be cute]
:)
#horangi #könig #Konigmw2 #horangimw2 #MW2 #M…",Min36690662,316,0,0,0,0,   min36690662  pa  2 k nig shows horangi the cat he found i thought it would be cute horangi  k nig  konigmw2  horangimw2  mw2  m ,Irrelevant
235,1326775500698738688,"RT @alexgscod: Thank you so much for 5k!!! 😊😭🙏
💀❤️🧼

#GhostSoap #SoapGhost #CallOfDuty #MWII https://t.co/3Wsq7SNXj5",alexgscod,792,0,0,0,0,   alexgscod  thank you so much for 5k   ghostsoap  soapghost  callofduty  mwii  s t co 3wsq7snxj5,Positive
236,1568110598050975750,"RT @alexgscod: Thank you so much for 5k!!! 😊😭🙏
💀❤️🧼

#GhostSoap #SoapGhost #CallOfDuty #MWII https://t.co/3Wsq7SNXj5",alexgscod,792,0,0,0,0,   alexgscod  thank you so much for 5k   ghostsoap  soapghost  callofduty  mwii  s t co 3wsq7snxj5,Positive
237,1343107878182412290,"RT @BettyBRenders: 🦿Broken…

#Alex #alexkeller #AlexMW2 #MW2 #MWII #CallofDutyModernWarfare2 #CallofDuty https://t.co/KVsDNZeil9",BettyBRenders,108,0,0,0,0,   bettybrenders   broken alex  alexkeller  alexmw2  mw2  mwii  callofdutymodernwarfare2  callofduty  s t co kvsdnzeil9,Negative
238,1590425082911866881,"RT @alexgscod: Thank you so much for 5k!!! 😊😭🙏
💀❤️🧼

#GhostSoap #SoapGhost #CallOfDuty #MWII https://t.co/3Wsq7SNXj5",alexgscod,792,0,0,0,0,   alexgscod  thank you so much for 5k   ghostsoap  soapghost  callofduty  mwii  s t co 3wsq7snxj5,Positive
239,1511702780175560705,"RT @alexgscod: Thank you so much for 5k!!! 😊😭🙏
💀❤️🧼

#GhostSoap #SoapGhost #CallOfDuty #MWII https://t.co/3Wsq7SNXj5",alexgscod,792,0,0,0,0,   alexgscod  thank you so much for 5k   ghostsoap  soapghost  callofduty  mwii  s t co 3wsq7snxj5,Positive
240,704583568316633088,"RT @CraftyReacts: 🟢 LIVE with the boyz 💪🏽

https://t.co/APBRbBSS5b

#CallofDuty #CallofDutyModernWarfare2 #ModernWarfareII #ModernWarfare2…",CraftyReacts,1,0,0,0,0,   craftyreacts    live with the boyz   s t co apbrbbss5b callofduty  callofdutymodernwarfare2  modernwarfareii  modernwarfare2 ,Neutral
241,34235457,Polyatomic grind and some other stuff #diablo4 #warzone2 #callofduty #modernwarfare2 #modernwarfareII https://t.co/y1lhwwvyGJ,**this tweet had been deleted or hidden**,0,0,0,0,0,polyatomic grind and some other stuff  diablo4  warzone2  callofduty  modernwarfare2  modernwarfareii  s t co y1lhwwvygj,Neutral
242,2150249967,"🟢 LIVE with the boyz 💪🏽

https://t.co/APBRbBSS5b

#CallofDuty #CallofDutyModernWarfare2 #ModernWarfareII #ModernWarfare2 #MW2 #MWII #KickAffiliate #kicklivestreaming #KickStreamer #kickstream #KickStreamers #smallstreamers #gaming #gamingcommunity #trending",**this tweet had been deleted or hidden**,1,0,0,0,0,  live with the boyz   s t co apbrbbss5b callofduty  callofdutymodernwarfare2  modernwarfareii  modernwarfare2  mw2  mwii  kickaffiliate  kicklivestreaming  kickstreamer  kickstream  kickstreamers  smallstreamers  gaming  gamingcommunity  trending,Neutral
243,956402256613552128,"『COD:MWⅡ』シーズン04リローデッド。オペレーター対スーパーヒーロー。The Boys特別限定バンドルが登場！
https://t.co/HihmurbRAv

#COD #コールオブデューティ #callofduty #CODMW2 #MW2 #CoDMWII #DMZ #warzone2 #シーズン4 #リローデッド #バンドル https://t.co/w9au7SsGDv",**this tweet had been deleted or hidden**,0,0,0,0,0, cod mw 04 the boys  s t co hihmurbrav cod    callofduty  codmw2  mw2  codmwii  dmz  warzone2  4      s t co w9au7ssgdv,Neutral
244,2390593164,"RT @alexgscod: Bubble bath 🖤💀🧼
#GhostSoap #SoapGhost 
#CallOfDuty #MW2 https://t.co/4pJNs1dxQq",alexgscod,281,0,0,0,0,   alexgscod  bubble bath  ghostsoap  soapghost  callofduty  mw2  s t co 4pjns1dxqq,Neutral
245,1070376427156054018,RT @661ave: #Ghost #SimonGhostRiley #CallOfDuty #MWII #MW2 https://t.co/9FXEq9ZwyS,661ave,407,0,0,0,0,   661ave   ghost  simonghostriley  callofduty  mwii  mw2  s t co 9fxeq9zwys,Neutral
246,1468804498617663488,RT @CallofDuty: It's time to fight like a hero. Season 04 Reloaded drops July 12 in Call of Duty #Warzone and #MWII 👉 https://t.co/CMgkvPpR…,CallofDuty,1166,0,0,0,0,   callofduty  it s time to fight like a hero  season 04 reloaded drops july 12 in call of duty  warzone and  mwii    s t co cmgkvppr ,Neutral
247,199633652,RT @CallofDuty: It's time to fight like a hero. Season 04 Reloaded drops July 12 in Call of Duty #Warzone and #MWII 👉 https://t.co/CMgkvPpR…,CallofDuty,1166,0,0,0,0,   callofduty  it s time to fight like a hero  season 04 reloaded drops july 12 in call of duty  warzone and  mwii    s t co cmgkvppr ,Neutral
248,1636214756833984513,"RT @Hopefulonion: Very important tutorial ‼️
#mw2 #callofduty #ghostsoap #soapghost https://t.co/F9bkWPB4sf",Hopefulonion,539,0,0,0,0,   hopefulonion  very impo ant tutorial  mw2  callofduty  ghostsoap  soapghost  s t co f9bkwpb4sf,Neutral
249,2783287969,"RT @loneghostwolf88: 7th entry of the beach boy series - Alejandro Vargas ☀️📷  🏝️
#alejandrovargas #CoDAlejandro #CallofDuty #3DRender #MWI…",loneghostwolf88,235,0,0,0,0,   loneghostwolf88  7th entry of the beach boy series   alejandro vargas     alejandrovargas  codalejandro  callofduty  3drender  mwi ,Neutral
250,1576752386290376704,RT @661ave: #Ghost #SimonGhostRiley #CallOfDuty #MWII #MW2 https://t.co/9FXEq9ZwyS,661ave,407,0,0,0,0,   661ave   ghost  simonghostriley  callofduty  mwii  mw2  s t co 9fxeq9zwys,Neutral
251,956402256613552128,"『COD:MWⅡ』シーズン04リローデッドの最新情報。レイドアトムグラッドの壮大な結末、新マップヴォンデルウォーターフロント、新武器「MXGuardian」7月13日配信！
https://t.co/bO7M8H8Okl

 #COD #コールオブデューティ #callofduty #CODMW2 #MW2 #CoDMWII #DMZ #warzone2 #シーズン4 #リローデッド https://t.co/RrnLnkE5q3",**this tweet had been deleted or hidden**,0,0,1,0,0, cod mw 04 mxguardian 7 13  s t co bo7m8h8okl   cod    callofduty  codmw2  mw2  codmwii  dmz  warzone2  4    s t co rrnlnke5q3,Neutral
252,2328978614,"RT @alexgscod: Thank you so much for 5k!!! 😊😭🙏
💀❤️🧼

#GhostSoap #SoapGhost #CallOfDuty #MWII https://t.co/3Wsq7SNXj5",alexgscod,792,0,0,0,0,   alexgscod  thank you so much for 5k   ghostsoap  soapghost  callofduty  mwii  s t co 3wsq7snxj5,Positive
253,2783287969,"RT @alexgscod: Thank you so much for 5k!!! 😊😭🙏
💀❤️🧼

#GhostSoap #SoapGhost #CallOfDuty #MWII https://t.co/3Wsq7SNXj5",alexgscod,792,0,0,0,0,   alexgscod  thank you so much for 5k   ghostsoap  soapghost  callofduty  mwii  s t co 3wsq7snxj5,Positive
254,1529684577878433796,RT @CallofDuty: It's time to fight like a hero. Season 04 Reloaded drops July 12 in Call of Duty #Warzone and #MWII 👉 https://t.co/CMgkvPpR…,CallofDuty,1166,0,0,0,0,   callofduty  it s time to fight like a hero  season 04 reloaded drops july 12 in call of duty  warzone and  mwii    s t co cmgkvppr ,Neutral
255,26422087,"RT @HomelessGurl: My latest video feat. the homie @suzayyy_m &amp; show it some love. She set me up with a crazy class to run 

https://t.co/t7…",HomelessGurl,6,0,0,0,0,   homelessgurl  my latest video feat  the homie  suzayyy m  amp  show it some love  she set me up with a crazy class to run   s t co t7 ,Irrelevant
256,2229051642,"RT @HomelessGurl: My latest video feat. the homie @suzayyy_m &amp; show it some love. She set me up with a crazy class to run 

https://t.co/t7…",HomelessGurl,6,0,0,0,0,   homelessgurl  my latest video feat  the homie  suzayyy m  amp  show it some love  she set me up with a crazy class to run   s t co t7 ,Irrelevant
257,40098994,RT @CallofDuty: It's time to fight like a hero. Season 04 Reloaded drops July 12 in Call of Duty #Warzone and #MWII 👉 https://t.co/CMgkvPpR…,CallofDuty,1166,0,0,0,0,   callofduty  it s time to fight like a hero  season 04 reloaded drops july 12 in call of duty  warzone and  mwii    s t co cmgkvppr ,Neutral
258,2390593164,"RT @alexgscod: Tight 😩💀🧼 ❤️

#GhostSoap #SoapGhost #CallOfDuty #MW2 #MWII #SoapMacTavish #SimonGhostRiley #JohnSoapMacTavish #SoapMW2 #Ghos…",alexgscod,146,0,0,0,0,   alexgscod  tight    ghostsoap  soapghost  callofduty  mw2  mwii  soapmactavish  simonghostriley  johnsoapmactavish  soapmw2  ghos ,Negative
259,1358437502671986689,"RT @alexgscod: Thank you so much for 5k!!! 😊😭🙏
💀❤️🧼

#GhostSoap #SoapGhost #CallOfDuty #MWII https://t.co/3Wsq7SNXj5",alexgscod,792,0,0,0,0,   alexgscod  thank you so much for 5k   ghostsoap  soapghost  callofduty  mwii  s t co 3wsq7snxj5,Positive
260,31882425,RT @CallofDuty: It's time to fight like a hero. Season 04 Reloaded drops July 12 in Call of Duty #Warzone and #MWII 👉 https://t.co/CMgkvPpR…,CallofDuty,1166,0,0,0,0,   callofduty  it s time to fight like a hero  season 04 reloaded drops july 12 in call of duty  warzone and  mwii    s t co cmgkvppr ,Neutral
261,1668091755734990849,"RT @loneghostwolf88: 7th entry of the beach boy series - Alejandro Vargas ☀️📷  🏝️
#alejandrovargas #CoDAlejandro #CallofDuty #3DRender #MWI…",loneghostwolf88,235,0,0,0,0,   loneghostwolf88  7th entry of the beach boy series   alejandro vargas     alejandrovargas  codalejandro  callofduty  3drender  mwi ,Neutral
262,3359698218,RT @CallofDuty: It's time to fight like a hero. Season 04 Reloaded drops July 12 in Call of Duty #Warzone and #MWII 👉 https://t.co/CMgkvPpR…,CallofDuty,1166,0,0,0,0,   callofduty  it s time to fight like a hero  season 04 reloaded drops july 12 in call of duty  warzone and  mwii    s t co cmgkvppr ,Neutral
263,1021169282665861121,@MozSouls @puritycpl @LogTman123 @KidDurantula @charlieINTEL Bc Jesus they wanna make their game so realistic now. I love infinity ward bc they made the original mw trilogy. But damn oh damn. They’ve been selling. I loved mw1 bc of the updates and the pandemic. But now is mw2 really the same bro?,MozSouls,0,0,1,0,0, mozsouls  puritycpl  logtman123  kiddurantula  charlieintel bc jesus they wanna make their game so realistic now  i love infinity ward bc they made the original mw trilogy  but damn oh damn  they ve been selling  i loved mw1 bc of the updates and the pandemic  but now is mw2 really the same bro ,Negative
264,1328589866892980226,"🚨STREAM ALERT🚨 
 I am live lesss gooo!
Ashika/vondel vibes
Playing @CallofDuty warzone🔥

Click the link⬇️
https://t.co/7QmRibiNmK

#CallofDuty #CallofDutyWarzone #warzone #Warzone2 #ModernWarfare2 #kickstream #KickStreamer #KickStreaming #KickAffiliate #PCGamer  #pcgaming https://t.co/uf4RqiOIfy",CallofDuty,0,0,3,1,0, stream ale     i am live lesss gooo ashika vondel vibes playing  callofduty warzone click the link  s t co 7qmribinmk callofduty  callofdutywarzone  warzone  warzone2  modernwarfare2  kickstream  kickstreamer  kickstreaming  kickaffiliate  pcgamer   pcgaming  s t co uf4rqioify,Neutral
265,1264076432122281985,"RT @SoulsPerception: Would you rather:   

▪️ Be given $1 𝐦𝐢𝐥𝐥𝐢𝐨𝐧 upfront 
𝗢𝗥 
▪️ $10 𝐦𝐢𝐥𝐥𝐢𝐨𝐧 if you can get at least 15 Kills in a @CODLea…",SoulsPerception,6,0,0,0,0,   soulsperception  would you rather      be given  1   upfront      10   if you can get at least 15 kills in a  codlea ,Neutral
266,1426603501195517956,RT @CallofDuty: It's time to fight like a hero. Season 04 Reloaded drops July 12 in Call of Duty #Warzone and #MWII 👉 https://t.co/CMgkvPpR…,CallofDuty,1166,0,0,0,0,   callofduty  it s time to fight like a hero  season 04 reloaded drops july 12 in call of duty  warzone and  mwii    s t co cmgkvppr ,Neutral
267,1521417890448420865,"RT @Hopefulonion: Very important tutorial ‼️
#mw2 #callofduty #ghostsoap #soapghost https://t.co/F9bkWPB4sf",Hopefulonion,539,0,0,0,0,   hopefulonion  very impo ant tutorial  mw2  callofduty  ghostsoap  soapghost  s t co f9bkwpb4sf,Neutral
268,249991881,"RT @puchipurin: 【MW2 シーズン4.5最新情報】

マルチの新マップ「ウォーターフロント」

#Warzone2
#MW2
#CoD

 https://t.co/g3HqxtKbxr",puchipurin,12,0,0,0,0,   puchipurin   mw2  4 5 warzone2 mw2 cod   s t co g3hqxtkbxr,Neutral
269,1289341588800442368,Check out my weekly stats in #CallofDuty #MWII 💪 https://t.co/BWtNoB6ll1,**this tweet had been deleted or hidden**,0,0,0,0,0,check out my weekly stats in  callofduty  mwii    s t co bwtnob6ll1,Neutral
270,1631240838431817730,"RT @HellishDraws: After 22 hours.. My commission for @vedettare based off of their fic Exfil is DONE HEHEHEH *barking*
#GhostSoap #CallOfDu…",HellishDraws,276,0,0,0,0,   hellishdraws  after 22 hours  my commission for  vedettare based off of their fic exfil is done heheheh  barking ghostsoap  callofdu ,Neutral
271,72499058,RT @CallofDuty: It's time to fight like a hero. Season 04 Reloaded drops July 12 in Call of Duty #Warzone and #MWII 👉 https://t.co/CMgkvPpR…,CallofDuty,1166,0,0,0,0,   callofduty  it s time to fight like a hero  season 04 reloaded drops july 12 in call of duty  warzone and  mwii    s t co cmgkvppr ,Neutral
272,1084116944708497408,RT @CallofDuty: It's time to fight like a hero. Season 04 Reloaded drops July 12 in Call of Duty #Warzone and #MWII 👉 https://t.co/CMgkvPpR…,CallofDuty,1166,0,0,0,0,   callofduty  it s time to fight like a hero  season 04 reloaded drops july 12 in call of duty  warzone and  mwii    s t co cmgkvppr ,Neutral
273,1576752386290376704,"RT @Hopefulonion: Very important tutorial ‼️
#mw2 #callofduty #ghostsoap #soapghost https://t.co/F9bkWPB4sf",Hopefulonion,539,0,0,0,0,   hopefulonion  very impo ant tutorial  mw2  callofduty  ghostsoap  soapghost  s t co f9bkwpb4sf,Neutral
274,1373994377245302784,"RT @BettyBRenders: 🦿Broken…

#Alex #alexkeller #AlexMW2 #MW2 #MWII #CallofDutyModernWarfare2 #CallofDuty https://t.co/KVsDNZeil9",BettyBRenders,108,0,0,0,0,   bettybrenders   broken alex  alexkeller  alexmw2  mw2  mwii  callofdutymodernwarfare2  callofduty  s t co kvsdnzeil9,Negative
275,1480978690649505792,RT @CallofDuty: It's time to fight like a hero. Season 04 Reloaded drops July 12 in Call of Duty #Warzone and #MWII 👉 https://t.co/CMgkvPpR…,CallofDuty,1166,0,0,0,0,   callofduty  it s time to fight like a hero  season 04 reloaded drops july 12 in call of duty  warzone and  mwii    s t co cmgkvppr ,Neutral
276,1069907243942916098,RT @CallofDuty: It's time to fight like a hero. Season 04 Reloaded drops July 12 in Call of Duty #Warzone and #MWII 👉 https://t.co/CMgkvPpR…,CallofDuty,1166,0,0,0,0,   callofduty  it s time to fight like a hero  season 04 reloaded drops july 12 in call of duty  warzone and  mwii    s t co cmgkvppr ,Neutral
277,1259195560826777601,RT @661ave: #Ghost #SimonGhostRiley #CallOfDuty #MWII #MW2 https://t.co/9FXEq9ZwyS,661ave,407,0,0,0,0,   661ave   ghost  simonghostriley  callofduty  mwii  mw2  s t co 9fxeq9zwys,Neutral
278,1491549006757085191,"RT @661ave: 141! ♥  #MWII #MW2 #CallofDuty 
#CaptainPrice #SimonGhostRiley #JohnSoapMactavish #KyleGazGarrick https://t.co/BTni156iIX",661ave,701,0,0,0,0,   661ave  141      mwii  mw2  callofduty  captainprice  simonghostriley  johnsoapmactavish  kylegazgarrick  s t co btni156iix,Neutral
279,770016884968288258,"RT @BettyBRenders: 🦿Broken…

#Alex #alexkeller #AlexMW2 #MW2 #MWII #CallofDutyModernWarfare2 #CallofDuty https://t.co/KVsDNZeil9",BettyBRenders,108,0,0,0,0,   bettybrenders   broken alex  alexkeller  alexmw2  mw2  mwii  callofdutymodernwarfare2  callofduty  s t co kvsdnzeil9,Negative
280,1429231230738862080,"RT @BettyBRenders: 🦿Broken…

#Alex #alexkeller #AlexMW2 #MW2 #MWII #CallofDutyModernWarfare2 #CallofDuty https://t.co/KVsDNZeil9",BettyBRenders,108,0,0,0,0,   bettybrenders   broken alex  alexkeller  alexmw2  mw2  mwii  callofdutymodernwarfare2  callofduty  s t co kvsdnzeil9,Negative
281,1370443157356224515,"RT @alexgscod: Thank you so much for 5k!!! 😊😭🙏
💀❤️🧼

#GhostSoap #SoapGhost #CallOfDuty #MWII https://t.co/3Wsq7SNXj5",alexgscod,792,0,0,0,0,   alexgscod  thank you so much for 5k   ghostsoap  soapghost  callofduty  mwii  s t co 3wsq7snxj5,Positive
282,916606831,"RT @Hopefulonion: Very important tutorial ‼️
#mw2 #callofduty #ghostsoap #soapghost https://t.co/F9bkWPB4sf",Hopefulonion,539,0,0,0,0,   hopefulonion  very impo ant tutorial  mw2  callofduty  ghostsoap  soapghost  s t co f9bkwpb4sf,Neutral
283,1429231230738862080,"RT @alexgscod: Thank you so much for 5k!!! 😊😭🙏
💀❤️🧼

#GhostSoap #SoapGhost #CallOfDuty #MWII https://t.co/3Wsq7SNXj5",alexgscod,792,0,0,0,0,   alexgscod  thank you so much for 5k   ghostsoap  soapghost  callofduty  mwii  s t co 3wsq7snxj5,Positive
284,1457673712216739840,RT @661ave: #Ghost #SimonGhostRiley #CallOfDuty #MWII #MW2 https://t.co/9FXEq9ZwyS,661ave,407,0,0,0,0,   661ave   ghost  simonghostriley  callofduty  mwii  mw2  s t co 9fxeq9zwys,Neutral
285,853690386,"RT @Hopefulonion: Very important tutorial ‼️
#mw2 #callofduty #ghostsoap #soapghost https://t.co/F9bkWPB4sf",Hopefulonion,539,0,0,0,0,   hopefulonion  very impo ant tutorial  mw2  callofduty  ghostsoap  soapghost  s t co f9bkwpb4sf,Neutral
286,3340983493,"RT @Hopefulonion: Very important tutorial ‼️
#mw2 #callofduty #ghostsoap #soapghost https://t.co/F9bkWPB4sf",Hopefulonion,539,0,0,0,0,   hopefulonion  very impo ant tutorial  mw2  callofduty  ghostsoap  soapghost  s t co f9bkwpb4sf,Neutral
287,1631240838431817730,RT @661ave: #Ghost #SimonGhostRiley #CallOfDuty #MWII #MW2 https://t.co/9FXEq9ZwyS,661ave,407,0,0,0,0,   661ave   ghost  simonghostriley  callofduty  mwii  mw2  s t co 9fxeq9zwys,Neutral
288,1631240838431817730,"RT @BettyBRenders: 🦿Broken…

#Alex #alexkeller #AlexMW2 #MW2 #MWII #CallofDutyModernWarfare2 #CallofDuty https://t.co/KVsDNZeil9",BettyBRenders,108,0,0,0,0,   bettybrenders   broken alex  alexkeller  alexmw2  mw2  mwii  callofdutymodernwarfare2  callofduty  s t co kvsdnzeil9,Negative
289,83934517,"RT @BettyBRenders: 🦿Broken…

#Alex #alexkeller #AlexMW2 #MW2 #MWII #CallofDutyModernWarfare2 #CallofDuty https://t.co/KVsDNZeil9",BettyBRenders,108,0,0,0,0,   bettybrenders   broken alex  alexkeller  alexmw2  mw2  mwii  callofdutymodernwarfare2  callofduty  s t co kvsdnzeil9,Negative
290,34235457,"Polyatomic #14 - M16

All done in the Hardcore playlist

#MWII   #ModernWarfare2       #MW2    #callofduty       #ModernWarfareII        #CallofDutyModernWarfareII https://t.co/T6eeSVjAYe",**this tweet had been deleted or hidden**,0,0,0,0,0,polyatomic  14   m16 all done in the hardcore playlist mwii    modernwarfare2        mw2     callofduty        modernwarfareii         callofdutymodernwarfareii  s t co t6eesvjaye,Positive
291,1488639840040198159,"Check out my new video where I turn Team Medic into team savior..

Please like and Subscribe

#DMZ #Warzone #Warzone2 #gaming #gameplay #medic #team

https://t.co/5eoQxEdUzD",**this tweet had been deleted or hidden**,0,0,0,0,0,check out my new video where i turn team medic into team savior please like and subscribe dmz  warzone  warzone2  gaming  gameplay  medic  team  s t co 5eoqxeduzd,Irrelevant
292,551505698,RT @CallofDuty: It's time to fight like a hero. Season 04 Reloaded drops July 12 in Call of Duty #Warzone and #MWII 👉 https://t.co/CMgkvPpR…,CallofDuty,1166,0,0,0,0,   callofduty  it s time to fight like a hero  season 04 reloaded drops july 12 in call of duty  warzone and  mwii    s t co cmgkvppr ,Neutral
293,956020279,RT @CallofDuty: It's time to fight like a hero. Season 04 Reloaded drops July 12 in Call of Duty #Warzone and #MWII 👉 https://t.co/CMgkvPpR…,CallofDuty,1166,0,0,0,0,   callofduty  it s time to fight like a hero  season 04 reloaded drops july 12 in call of duty  warzone and  mwii    s t co cmgkvppr ,Neutral
294,810679342627962880,"RT @BettyBRenders: 🦿Broken…

#Alex #alexkeller #AlexMW2 #MW2 #MWII #CallofDutyModernWarfare2 #CallofDuty https://t.co/KVsDNZeil9",BettyBRenders,108,0,0,0,0,   bettybrenders   broken alex  alexkeller  alexmw2  mw2  mwii  callofdutymodernwarfare2  callofduty  s t co kvsdnzeil9,Negative
295,2328978614,"RT @loneghostwolf88: 7th entry of the beach boy series - Alejandro Vargas ☀️📷  🏝️
#alejandrovargas #CoDAlejandro #CallofDuty #3DRender #MWI…",loneghostwolf88,235,0,0,0,0,   loneghostwolf88  7th entry of the beach boy series   alejandro vargas     alejandrovargas  codalejandro  callofduty  3drender  mwi ,Neutral
296,1493370268294680577,"RT @alexgscod: Thank you so much for 5k!!! 😊😭🙏
💀❤️🧼

#GhostSoap #SoapGhost #CallOfDuty #MWII https://t.co/3Wsq7SNXj5",alexgscod,792,0,0,0,0,   alexgscod  thank you so much for 5k   ghostsoap  soapghost  callofduty  mwii  s t co 3wsq7snxj5,Positive
297,1013969186383695872,"RT @Phixate: They Tried to SPAWN KILL Me in DMZ...
#DMZ #Warzone2

https://t.co/cyHo5N8Mqi https://t.co/eMIOe2aPFy",Phixate,2,0,0,0,0,   phixate  they tried to spawn kill me in dmz dmz  warzone2  s t co cyho5n8mqi  s t co emioe2apfy,Neutral
298,1480284877673189379,🚨Im LIVE NOW!!🚨| Come vibe with me on Vondel! https://t.co/yrRnk2Jfx6 | #Warzone2 #Warzone #CallofDuty #CallofDutyWarzone #MW2 #fps #gamingcommunity #twitchstreaming,**this tweet had been deleted or hidden**,1,0,2,0,0, im live now  come vibe with me on vondel   s t co yrrnk2jfx6    warzone2  warzone  callofduty  callofdutywarzone  mw2  fps  gamingcommunity  twitchstreaming,Neutral
299,1147443787427405824,"RT @loneghostwolf88: big boy got lost on the beach... 😎

#CallofDutyModernWarfare2 #CoDKönig   #CallofDuty  #3DRender #Rendering #Daz3D #MW…",loneghostwolf88,983,0,0,0,0,   loneghostwolf88  big boy got lost on the beach   callofdutymodernwarfare2  codk nig    callofduty   3drender  rendering  daz3d  mw ,Negative
