,text,author_id,username,retweet,reply,like,quote,bookmark,lower,sentiment
0,"RT @aphasia4fog: Idk, did he really use a T-shirt as a mask?
#König
#MWII 
#CallofDuty https://t.co/4Yv9JGtNal",3778905194,aphasia4fog,225,0,0,0,0,   aphasia4fog  idk  did he really use a t shi  as a mask k nig mwii  callofduty  s t co 4yv9jgtnal,Neutral
1,"RT @yorke1983: https://t.co/YMacMben9p

Tgis was a crazy push on the new Vondel resurgence map 
#Vondel #Warzone2 #CallofDuty 
@OwlRetweets…",286568055,yorke1983,3,0,0,0,0,   yorke1983   s t co ymacmben9p tgis was a crazy push on the new vondel resurgence map  vondel  warzone2  callofduty  owlretweets ,Positive
2,"RT @yorke1983: https://t.co/FJ9RzREUnB

A nice little drone bomb chase on Vondel #CallofDuty #Warzone2
#shortsvideo @OwlRetweets @OwlShare…",286568055,yorke1983,2,0,0,0,0,   yorke1983   s t co fj9rzreunb a nice little drone bomb chase on vondel  callofduty  warzone2 sho svideo  owlretweets  owlshare ,Positive
3,"RT @AmikoRoyAi: Portable heater

#ghostsoap #soapghost #MWII #callofduty https://t.co/N5zMoHWTaF",1462716365463162885,AmikoRoyAi,942,0,0,0,0,   amikoroyai  po able heater ghostsoap  soapghost  mwii  callofduty  s t co n5zmohwtaf,Negative
4,"RT @witchmeetsevil: valeria &amp; alejandro ❤️ 

#CoDMW2 #CallofDuty #valeriagarza #alejandovargas  #MWII #MW2 https://t.co/SGMS7b9wQa",1401603577643102209,witchmeetsevil,344,0,0,0,0,   witchmeetsevil  valeria  amp  alejandro    codmw2  callofduty  valeriagarza  alejandovargas   mwii  mw2  s t co sgms7b9wqa,Negative
5,"RT @AmikoRoyAi: Portable heater

#ghostsoap #soapghost #MWII #callofduty https://t.co/N5zMoHWTaF",795224821361586176,AmikoRoyAi,942,0,0,0,0,   amikoroyai  po able heater ghostsoap  soapghost  mwii  callofduty  s t co n5zmohwtaf,Negative
6,https://t.co/gME58ERh6F #dmz #mw2 #streamer #live,2542311512,**this tweet had been deleted or hidden**,3,0,4,0,0, s t co gme58erh6f  dmz  mw2  streamer  live,Neutral
7,"RT @_GamingTherapy: Temp V Powers go Hard!! 🔥🔥

#CallofDuty #Warzone #Warzone2 #CODTopPlays https://t.co/2WpcMuwbnN",1655243730675286017,_GamingTherapy,184,0,0,0,0,   gamingtherapy  temp v powers go hard   callofduty  warzone  warzone2  codtopplays  s t co 2wpcmuwbnn,Neutral
8,"RT @aphasia4fog: Idk, did he really use a T-shirt as a mask?
#König
#MWII 
#CallofDuty https://t.co/4Yv9JGtNal",963067370347511808,aphasia4fog,225,0,0,0,0,   aphasia4fog  idk  did he really use a t shi  as a mask k nig mwii  callofduty  s t co 4yv9jgtnal,Neutral
9,RT @hestax_: the smell of blood. #König #MW2 #callofduty https://t.co/8ZDBGPZDsp,392688332,hestax_,119,0,0,0,0,   hestax  the smell of blood   k nig  mw2  callofduty  s t co 8zdbgpzdsp,Positive
10,RT @661ave: #CallofDuty #MWII #Horangi https://t.co/ZXTfgJVWFV,1647961896790953984,661ave,354,0,0,0,0,   661ave   callofduty  mwii  horangi  s t co zxtfgjvwfv,Neutral
11,"RT @artimaaaeus: soap's nut bag reveal 🥜🥜🥜
---
#CallofDuty #MWII #MW2 https://t.co/52QAx2Jme6",795224821361586176,artimaaaeus,42,0,0,0,0,   a imaaaeus  soap s nut bag reveal  callofduty  mwii  mw2  s t co 52qax2jme6,Neutral
12,"RT @AmikoRoyAi: Portable heater

#ghostsoap #soapghost #MWII #callofduty https://t.co/N5zMoHWTaF",1448839220,AmikoRoyAi,942,0,0,0,0,   amikoroyai  po able heater ghostsoap  soapghost  mwii  callofduty  s t co n5zmohwtaf,Negative
13,"RT @Idk_ghosty: #rodolfoparra #CallofDuty #MW2 #MWII #AleRudy 

Give me some delicate and quite feminine Rodolfo who doesn't know what frag…",1470790439590633474,Idk_ghosty,12,0,0,0,0,   idk ghosty   rodolfoparra  callofduty  mw2  mwii  alerudy  give me some delicate and quite feminine rodolfo who doesn t know what frag ,Negative
14,RT @R3dEyeZ_J7: 🥇STREAMING NOW: Customs w Viewers! #twitch #FYP #Gaming #mw2 #streamers #kick #KickStreaming #CallofDuty #cod #gaming #L4D2…,1190416758492008449,R3dEyeZ_J7,3,0,0,0,0,   r3deyez j7   streaming now  customs w viewers   twitch  fyp  gaming  mw2  streamers  kick  kickstreaming  callofduty  cod  gaming  l4d2 ,Neutral
15,"RT @naruysae: Ghost 💀🔪  — Commission for Lu
#simonghostriley #mw2 #callofduty https://t.co/imdnST8tkA",1338957705348726784,naruysae,244,0,0,0,0,   naruysae  ghost      commission for lu simonghostriley  mw2  callofduty  s t co imdnst8tka,Neutral
16,"RT @xbruised_peachx: inspired by littlezeng on tumblr
#Konig #König #Konigmw2 #CallofDuty #MWII https://t.co/6vEYh0qmq1",1518542978016583682,xbruised_peachx,261,0,0,0,0,   xbruised peachx  inspired by littlezeng on tumblr konig  k nig  konigmw2  callofduty  mwii  s t co 6veyh0qmq1,Neutral
17,"#dmz #MW2 as a solo player I'm now fckd if killed. The players will now just loot and not revive player, pvp is out the window.",1410250548792733703,**this tweet had been deleted or hidden**,0,0,3,0,0, dmz  mw2 as a solo player i m now fckd if killed  the players will now just loot and not revive player  pvp is out the window ,Neutral
18,"RT @artimaaaeus: touch
---
#CallofDuty #MWII #MW2 #GhostSoap https://t.co/Ini1wUlSax",795224821361586176,artimaaaeus,411,0,0,0,0,   a imaaaeus  touch callofduty  mwii  mw2  ghostsoap  s t co ini1wulsax,Neutral
19,"RT @Cassiopeia_141: In a bit of a slump again so I’m experimenting with some old WIPS✨ 
#MW2 #MWII #ghostsoap #soapghost #codmw2 #ghostmw2…",1415509565899120641,Cassiopeia_141,66,0,0,0,0,   cassiopeia 141  in a bit of a slump again so i m experimenting with some old wips   mw2  mwii  ghostsoap  soapghost  codmw2  ghostmw2 ,Positive
20,RT @661ave: #CallofDuty #MWII #Horangi https://t.co/ZXTfgJVWFV,1636378993372049408,661ave,354,0,0,0,0,   661ave   callofduty  mwii  horangi  s t co zxtfgjvwfv,Neutral
21,"@CallofDuty and The Boys is the worst collaboration to date in FPS history. Super jumps, laser eyes, teleporting... I don't want to play a futuristic game #MW2",1164842092729815041,CallofDuty,0,0,1,0,0, callofduty and the boys is the worst collaboration to date in fps history  super jumps  laser eyes  telepo ing  i don t want to play a futuristic game  mw2,Negative
22,"RT @aphasia4fog: Idk, did he really use a T-shirt as a mask?
#König
#MWII 
#CallofDuty https://t.co/4Yv9JGtNal",1021383114604535811,aphasia4fog,225,0,0,0,0,   aphasia4fog  idk  did he really use a t shi  as a mask k nig mwii  callofduty  s t co 4yv9jgtnal,Neutral
23,"RT @Cassiopeia_141: In a bit of a slump again so I’m experimenting with some old WIPS✨ 
#MW2 #MWII #ghostsoap #soapghost #codmw2 #ghostmw2…",1235828147800571906,Cassiopeia_141,66,0,0,0,0,   cassiopeia 141  in a bit of a slump again so i m experimenting with some old wips   mw2  mwii  ghostsoap  soapghost  codmw2  ghostmw2 ,Positive
24,"RT @AmikoRoyAi: Portable heater

#ghostsoap #soapghost #MWII #callofduty https://t.co/N5zMoHWTaF",1086708750004748295,AmikoRoyAi,942,0,0,0,0,   amikoroyai  po able heater ghostsoap  soapghost  mwii  callofduty  s t co n5zmohwtaf,Negative
25,"RT @WarzoneTFN: Starlight, Homelander, and Black Noir are now available in MWII x Warzone! 

 https://t.co/x4ytSYrmS4",3242276362,WarzoneTFN,44,0,0,0,0,   warzonetfn  starlight  homelander  and black noir are now available in mwii x warzone     s t co x4ytsyrms4,Neutral
26,"RT @artimaaaeus: touch
---
#CallofDuty #MWII #MW2 #GhostSoap https://t.co/Ini1wUlSax",1556394012281552897,artimaaaeus,411,0,0,0,0,   a imaaaeus  touch callofduty  mwii  mw2  ghostsoap  s t co ini1wulsax,Neutral
27,"RT @PlayCODMobile: Don’t get seasick 🤢

👉 Check out the all new Ground War: Armada in the MP menu! https://t.co/4zCRVdZHVl",1611783040803508224,PlayCODMobile,29,0,0,0,0,   playcodmobile  don t get seasick   check out the all new ground war  armada in the mp menu   s t co 4zcrvdzhvl,Neutral
28,New Shotgun🤣 #CallofDuty #MWII #Warzone2 https://t.co/ygYwH9lrXp,906374487502934016,**this tweet had been deleted or hidden**,0,1,1,0,0,new shotgun   callofduty  mwii  warzone2  s t co ygywh9lrxp,Neutral
29,@PlayCODMobile 10/10 Game https://t.co/X6XHfXNdEG,1190848731395977222,PlayCODMobile,0,0,0,0,0, playcodmobile 10 10 game  s t co x6xhfxndeg,Neutral
30,"RT @alexgscod: Thank you so much for 5k!!! 😊😭🙏
💀❤️🧼

#GhostSoap #SoapGhost #CallOfDuty #MWII https://t.co/3Wsq7SNXj5",1123256541920940034,alexgscod,875,0,0,0,0,   alexgscod  thank you so much for 5k   ghostsoap  soapghost  callofduty  mwii  s t co 3wsq7snxj5,Positive
31,Yoo I heard that people were getting in lobbys they were true and it's my first time playing😭 #CallofDuty #mw2 https://t.co/kADn4LfrwM,1562766060771610625,**this tweet had been deleted or hidden**,0,0,0,0,0,yoo i heard that people were getting in lobbys they were true and it s my first time playing   callofduty  mw2  s t co kadn4lfrwm,Positive
32,"RT @Cassiopeia_141: In a bit of a slump again so I’m experimenting with some old WIPS✨ 
#MW2 #MWII #ghostsoap #soapghost #codmw2 #ghostmw2…",1623795760763662336,Cassiopeia_141,66,0,0,0,0,   cassiopeia 141  in a bit of a slump again so i m experimenting with some old wips   mw2  mwii  ghostsoap  soapghost  codmw2  ghostmw2 ,Positive
33,Check out my weekly stats in #CallofDuty #MWII 💪 https://t.co/83WGr2wxBn,1610804441426595840,**this tweet had been deleted or hidden**,0,0,0,0,0,check out my weekly stats in  callofduty  mwii    s t co 83wgr2wxbn,Neutral
34,"RT @aphasia4fog: Idk, did he really use a T-shirt as a mask?
#König
#MWII 
#CallofDuty https://t.co/4Yv9JGtNal",878283050907455488,aphasia4fog,225,0,0,0,0,   aphasia4fog  idk  did he really use a t shi  as a mask k nig mwii  callofduty  s t co 4yv9jgtnal,Neutral
35,RT @hestax_: the smell of blood. #König #MW2 #callofduty https://t.co/8ZDBGPZDsp,849165150116610048,hestax_,119,0,0,0,0,   hestax  the smell of blood   k nig  mw2  callofduty  s t co 8zdbgpzdsp,Positive
36,"@futiveslol this game was almost dead for me , But i played   2 or 3 time in week after this update i remove it and I said goodbye to all my good memories in Warzon #Warzone2 #CallofDutyModernWarfare2 #CallofDuty",965917892259741696,futiveslol,0,0,0,0,0, futiveslol this game was almost dead for me   but i played   2 or 3 time in week after this update i remove it and i said goodbye to all my good memories in warzon  warzone2  callofdutymodernwarfare2  callofduty,Positive
37,RT @hestax_: the smell of blood. #König #MW2 #callofduty https://t.co/8ZDBGPZDsp,1468446236,hestax_,119,0,0,0,0,   hestax  the smell of blood   k nig  mw2  callofduty  s t co 8zdbgpzdsp,Positive
38,"RT @Cassiopeia_141: In a bit of a slump again so I’m experimenting with some old WIPS✨ 
#MW2 #MWII #ghostsoap #soapghost #codmw2 #ghostmw2…",1084201718492086274,Cassiopeia_141,66,0,0,0,0,   cassiopeia 141  in a bit of a slump again so i m experimenting with some old wips   mw2  mwii  ghostsoap  soapghost  codmw2  ghostmw2 ,Positive
39,"RT @Cassiopeia_141: In a bit of a slump again so I’m experimenting with some old WIPS✨ 
#MW2 #MWII #ghostsoap #soapghost #codmw2 #ghostmw2…",1514527067647451136,Cassiopeia_141,66,0,0,0,0,   cassiopeia 141  in a bit of a slump again so i m experimenting with some old wips   mw2  mwii  ghostsoap  soapghost  codmw2  ghostmw2 ,Positive
40,"RT @loneghostwolf88: What happens in a locker room, stays in a locker room 
#MWII #CodSoap #CallofDuty #3DRender https://t.co/x9vbK97gRm",1611272931362963456,loneghostwolf88,373,0,0,0,0,   loneghostwolf88  what happens in a locker room  stays in a locker room  mwii  codsoap  callofduty  3drender  s t co x9vbk97grm,Neutral
41,"RT @alexgscod: Chilling bfs at the pool! 💀🧼☀️🌊
(nsfw variants on patreon)

#GhostSoap #SoapGhost #CallOfDuty #MWII #SimonGhostRiley #soapma…",1623795760763662336,alexgscod,169,0,0,0,0,   alexgscod  chilling bfs at the pool   nsfw variants on patreon ghostsoap  soapghost  callofduty  mwii  simonghostriley  soapma ,Negative
42,"RT @artimaaaeus: touch
---
#CallofDuty #MWII #MW2 #GhostSoap https://t.co/Ini1wUlSax",1205327275631226880,artimaaaeus,411,0,0,0,0,   a imaaaeus  touch callofduty  mwii  mw2  ghostsoap  s t co ini1wulsax,Neutral
43,"RT @AmikoRoyAi: Portable heater

#ghostsoap #soapghost #MWII #callofduty https://t.co/N5zMoHWTaF",1205327275631226880,AmikoRoyAi,942,0,0,0,0,   amikoroyai  po able heater ghostsoap  soapghost  mwii  callofduty  s t co n5zmohwtaf,Negative
44,"RT @loneghostwolf88: You! Me! ...NOW! 
#CallofDutyModernWarfare2 #CoDKönig #CallofDuty #3DRender #Rendering #Daz3D #MWII https://t.co/YVpMg…",1613950218936143872,loneghostwolf88,93,0,0,0,0,   loneghostwolf88  you  me   now   callofdutymodernwarfare2  codk nig  callofduty  3drender  rendering  daz3d  mwii  s t co yvpmg ,Negative
45,"RT @loneghostwolf88: Reaper of Hell💀
#CallofDutyModernWarfare2 #simonghostriley #CoDGhost #CallofDuty #3DRender #Rendering #Daz3D #MWII htt…",1613950218936143872,loneghostwolf88,131,0,0,0,0,   loneghostwolf88  reaper of hell callofdutymodernwarfare2  simonghostriley  codghost  callofduty  3drender  rendering  daz3d  mwii htt ,Negative
46,"RT @loneghostwolf88: Big boy 
#CallofDutyModernWarfare2 #CoDKönig #CallofDuty #3DRender #Rendering #Daz3D #MWII https://t.co/9hAaK5VnGI",1613950218936143872,loneghostwolf88,171,0,0,0,0,   loneghostwolf88  big boy  callofdutymodernwarfare2  codk nig  callofduty  3drender  rendering  daz3d  mwii  s t co 9haak5vngi,Neutral
47,RT @661ave: #CallofDuty #MWII #Horangi https://t.co/ZXTfgJVWFV,1633050714363805696,661ave,354,0,0,0,0,   661ave   callofduty  mwii  horangi  s t co zxtfgjvwfv,Neutral
48,"RT @Ya_Pal_Pebbles: Bring this back when? 

@PlayCODMobile https://t.co/urNUT1ZbZe",1608707504846036998,Ya_Pal_Pebbles,7,0,0,0,0,   ya pal pebbles  bring this back when   playcodmobile  s t co urnut1zbze,Neutral
49,"#укррайт #укрфанфікшн #укрслеш #SoapGhost #GhostSoap #soapmactavish #SimonGhostRiley #ghostmw2 #soapmw2 #CallOfDuty #MW2 @ukrfanficshn @ua_slash

Підрозділ отримує чергову місію надзвичайної важливості, і тепер це стосується не тільки США, а і Мексики. ⬇️ https://t.co/HWfc2fhpi9",1456682221239218181,ukrfanficshn,6,1,26,0,0,       soapghost  ghostsoap  soapmactavish  simonghostriley  ghostmw2  soapmw2  callofduty  mw2  ukrfanficshn  ua slash                                   s t co hwfc2fhpi9,Neutral
50,"RT @GucciBaynGaming: #livenow on #twitch 
#CallofDuty #MWII #ranked #grind #Wednesdayvibe #HumpDay #vibes #follow #like #retweet 

PLAT GRI…",1190416758492008449,GucciBaynGaming,1,0,0,0,0,   guccibayngaming   livenow on  twitch  callofduty  mwii  ranked  grind  wednesdayvibe  humpday  vibes  follow  like  retweet  plat gri ,Neutral
51,"RT @AmikoRoyAi: Portable heater

#ghostsoap #soapghost #MWII #callofduty https://t.co/N5zMoHWTaF",1671163755252830210,AmikoRoyAi,942,0,0,0,0,   amikoroyai  po able heater ghostsoap  soapghost  mwii  callofduty  s t co n5zmohwtaf,Negative
52,"RT @witchmeetsevil: just soft quiet kisses ❤️

#ghostsoap #ghoap #callofduty #CoD #MWII https://t.co/TfOi2Wy4fj",1514527067647451136,witchmeetsevil,858,0,0,0,0,   witchmeetsevil  just soft quiet kisses  ghostsoap  ghoap  callofduty  cod  mwii  s t co tfoi2wy4fj,Neutral
53,"RT @aphasia4fog: Idk, did he really use a T-shirt as a mask?
#König
#MWII 
#CallofDuty https://t.co/4Yv9JGtNal",1544387994471235587,aphasia4fog,225,0,0,0,0,   aphasia4fog  idk  did he really use a t shi  as a mask k nig mwii  callofduty  s t co 4yv9jgtnal,Neutral
54,Was soll denn bitte das neue Update für #Warzone2. Das ist ja so unfassbar schlecht und albern….thats it. Hat jemand geile Shooter im Angebot als Alternative? #CallofDuty #TheBoys #trash,1651845415602470915,**this tweet had been deleted or hidden**,0,1,0,0,0,was soll denn bitte das neue update f r  warzone2  das ist ja so unfassbar schlecht und albern thats it  hat jemand geile shooter im angebot als alternative   callofduty  theboys  trash,Negative
55,"RT @witchmeetsevil: valeria &amp; alejandro ❤️ 

#CoDMW2 #CallofDuty #valeriagarza #alejandovargas  #MWII #MW2 https://t.co/SGMS7b9wQa",1127152677706534913,witchmeetsevil,344,0,0,0,0,   witchmeetsevil  valeria  amp  alejandro    codmw2  callofduty  valeriagarza  alejandovargas   mwii  mw2  s t co sgms7b9wqa,Negative
56,"RT @aphasia4fog: Idk, did he really use a T-shirt as a mask?
#König
#MWII 
#CallofDuty https://t.co/4Yv9JGtNal",1566482150358011904,aphasia4fog,225,0,0,0,0,   aphasia4fog  idk  did he really use a t shi  as a mask k nig mwii  callofduty  s t co 4yv9jgtnal,Neutral
57,"RT @AmikoRoyAi: Portable heater

#ghostsoap #soapghost #MWII #callofduty https://t.co/N5zMoHWTaF",2793909346,AmikoRoyAi,942,0,0,0,0,   amikoroyai  po able heater ghostsoap  soapghost  mwii  callofduty  s t co n5zmohwtaf,Negative
58,@ori0n7 Oh shit. No. I got those from EA.  Nothing from steam but did download mw2 for DMZ but I'm having trouble connecting,290758606,ori0n7,0,0,1,0,0, ori0n7 oh shit  no  i got those from ea   nothing from steam but did download mw2 for dmz but i m having trouble connecting,Negative
59,"RT @xbruised_peachx: inspired by littlezeng on tumblr
#Konig #König #Konigmw2 #CallofDuty #MWII https://t.co/6vEYh0qmq1",1066161199065128960,xbruised_peachx,261,0,0,0,0,   xbruised peachx  inspired by littlezeng on tumblr konig  k nig  konigmw2  callofduty  mwii  s t co 6veyh0qmq1,Neutral
60,"RT @AmikoRoyAi: Portable heater

#ghostsoap #soapghost #MWII #callofduty https://t.co/N5zMoHWTaF",1498886913645858818,AmikoRoyAi,942,0,0,0,0,   amikoroyai  po able heater ghostsoap  soapghost  mwii  callofduty  s t co n5zmohwtaf,Negative
61,@elonmusk please buy @Activision they really fucked it up with these superpowers #Warzone2,995250345206042624,elonmusk,0,0,0,0,0, elonmusk please buy  activision they really fucked it up with these superpowers  warzone2,Negative
62,"RT @AmikoRoyAi: Portable heater

#ghostsoap #soapghost #MWII #callofduty https://t.co/N5zMoHWTaF",1079419026751799296,AmikoRoyAi,942,0,0,0,0,   amikoroyai  po able heater ghostsoap  soapghost  mwii  callofduty  s t co n5zmohwtaf,Negative
63,"RT @alexgscod: Chilling bfs at the pool! 💀🧼☀️🌊
(nsfw variants on patreon)

#GhostSoap #SoapGhost #CallOfDuty #MWII #SimonGhostRiley #soapma…",845199317669314560,alexgscod,169,0,0,0,0,   alexgscod  chilling bfs at the pool   nsfw variants on patreon ghostsoap  soapghost  callofduty  mwii  simonghostriley  soapma ,Negative
64,"RT @loneghostwolf88: What happens in a locker room, stays in a locker room 
#MWII #CodSoap #CallofDuty #3DRender https://t.co/x9vbK97gRm",2766732195,loneghostwolf88,373,0,0,0,0,   loneghostwolf88  what happens in a locker room  stays in a locker room  mwii  codsoap  callofduty  3drender  s t co x9vbk97grm,Neutral
65,@CallofDuty @InfinityWard @Treyarch yeah lets add a fire shotgun attachment to ranked on mw2. so i can get 1 shot by it every time. yall are clowns do something with your game. same mode every single game too get a variety 🚮,1525654319390937089,CallofDuty,0,0,1,0,0, callofduty  infinityward  treyarch yeah lets add a fire shotgun attachment to ranked on mw2  so i can get 1 shot by it every time  yall are clowns do something with your game  same mode every single game too get a variety  ,Negative
66,"RT @AmikoRoyAi: Portable heater

#ghostsoap #soapghost #MWII #callofduty https://t.co/N5zMoHWTaF",919265985680609281,AmikoRoyAi,942,0,0,0,0,   amikoroyai  po able heater ghostsoap  soapghost  mwii  callofduty  s t co n5zmohwtaf,Negative
67,"RT @AmikoRoyAi: Portable heater

#ghostsoap #soapghost #MWII #callofduty https://t.co/N5zMoHWTaF",1121806851509825537,AmikoRoyAi,942,0,0,0,0,   amikoroyai  po able heater ghostsoap  soapghost  mwii  callofduty  s t co n5zmohwtaf,Negative
68,RT @hestax_: the smell of blood. #König #MW2 #callofduty https://t.co/8ZDBGPZDsp,1470790439590633474,hestax_,119,0,0,0,0,   hestax  the smell of blood   k nig  mw2  callofduty  s t co 8zdbgpzdsp,Positive
69,@ElClaptain @CODUpdates When you realize you've been playing warzone/MWII/DMZ at 20 fps since day one because the tickrate of all cod servers is 20Hz your will mind blowing,959773148106412032,ElClaptain,0,0,1,0,0, elclaptain  codupdates when you realize you ve been playing warzone mwii dmz at 20 fps since day one because the tickrate of all cod servers is 20hz your will mind blowing,Irrelevant
70,"RT @AmikoRoyAi: Portable heater

#ghostsoap #soapghost #MWII #callofduty https://t.co/N5zMoHWTaF",1476582865081184264,AmikoRoyAi,942,0,0,0,0,   amikoroyai  po able heater ghostsoap  soapghost  mwii  callofduty  s t co n5zmohwtaf,Negative
71,RT @Silva_Knows: Is this like a old people thing!! Like wtf am I doing with my mouth when I’m playing lol #Warzone2 #CallofDuty #kick https…,258509941,Silva_Knows,1,0,0,0,0,   silva knows  is this like a old people thing  like wtf am i doing with my mouth when i m playing lol  warzone2  callofduty  kick  s ,Negative
72,@VishuCODMobile @PlayCODMobile @CODMobileIN @raiderCODM @Sathya_Grssn @BoomtheGrinder u've done it. congrats bro 🎉,3287109014,VishuCODMobile,0,1,2,0,0, vishucodmobile  playcodmobile  codmobilein  raidercodm  sathya grssn  boomthegrinder u ve done it  congrats bro  ,Positive
73,Season 04 Reloaded......is your best friend who thought it would be a good idea to take a bunch of random drugs and go do parkour on rooftops. @CallofDuty @InfinityWard Not only did you NOT give us Weapon Vaults and OG MW2 Maps. You took away a game (and maps) we fell in love… https://t.co/Rh2xPvdTrg https://t.co/F1dZh4b3Uf,1303351116688654337,CallofDuty,0,0,0,0,0,season 04 reloaded is your best friend who thought it would be a good idea to take a bunch of random drugs and go do parkour on rooftops   callofduty  infinityward not only did you not give us weapon vaults and og mw2 maps  you took away a game  and maps  we fell in love   s t co rh2xpvdtrg  s t co f1dzh4b3uf,Irrelevant
74,Season 04 Reloaded......is your best friend who thought it would be a good idea to take a bunch of random drugs and go do parkour on rooftops. @CallofDuty @InfinityWard Not only did you NOT give us Weapon Vaults and OG MW2 Maps. You took away a game (and maps) we fell in love… https://t.co/qhs5xZ9doh https://t.co/wJGVXLUbLT,1303351116688654337,CallofDuty,0,0,0,0,0,season 04 reloaded is your best friend who thought it would be a good idea to take a bunch of random drugs and go do parkour on rooftops   callofduty  infinityward not only did you not give us weapon vaults and og mw2 maps  you took away a game  and maps  we fell in love   s t co qhs5xz9doh  s t co wjgvxlublt,Irrelevant
75,"RT @AmikoRoyAi: Portable heater

#ghostsoap #soapghost #MWII #callofduty https://t.co/N5zMoHWTaF",1278053241293545475,AmikoRoyAi,942,0,0,0,0,   amikoroyai  po able heater ghostsoap  soapghost  mwii  callofduty  s t co n5zmohwtaf,Negative
76,"RT @AmikoRoyAi: Portable heater

#ghostsoap #soapghost #MWII #callofduty https://t.co/N5zMoHWTaF",1231999108619083776,AmikoRoyAi,942,0,0,0,0,   amikoroyai  po able heater ghostsoap  soapghost  mwii  callofduty  s t co n5zmohwtaf,Negative
77,"RT @AmikoRoyAi: Portable heater

#ghostsoap #soapghost #MWII #callofduty https://t.co/N5zMoHWTaF",1291027090918211584,AmikoRoyAi,942,0,0,0,0,   amikoroyai  po able heater ghostsoap  soapghost  mwii  callofduty  s t co n5zmohwtaf,Negative
78,"RT @AmikoRoyAi: Portable heater

#ghostsoap #soapghost #MWII #callofduty https://t.co/N5zMoHWTaF",1332502854,AmikoRoyAi,942,0,0,0,0,   amikoroyai  po able heater ghostsoap  soapghost  mwii  callofduty  s t co n5zmohwtaf,Negative
79,"RT @witchmeetsevil: just soft quiet kisses ❤️

#ghostsoap #ghoap #callofduty #CoD #MWII https://t.co/TfOi2Wy4fj",1104422662389014528,witchmeetsevil,858,0,0,0,0,   witchmeetsevil  just soft quiet kisses  ghostsoap  ghoap  callofduty  cod  mwii  s t co tfoi2wy4fj,Neutral
80,"RT @artimaaaeus: touch
---
#CallofDuty #MWII #MW2 #GhostSoap https://t.co/Ini1wUlSax",1411894840674115586,artimaaaeus,411,0,0,0,0,   a imaaaeus  touch callofduty  mwii  mw2  ghostsoap  s t co ini1wulsax,Neutral
81,@PlayCODMobile How do y’all feel about adding the grapple gun in mp as a lethal i feel like it would make it more fast pace,1327108476166938624,PlayCODMobile,0,0,0,0,0, playcodmobile how do y all feel about adding the grapple gun in mp as a lethal i feel like it would make it more fast pace,Positive
82,"@PlayCODMobile Hello, please open the servers of Iran and Pakistan. The ping is 90. I can't play at all. Please, this is the only game we have.🇮🇷🇮🇷 https://t.co/nDsspWwJiF",1613145257465577472,PlayCODMobile,0,0,3,0,0, playcodmobile hello  please open the servers of iran and pakistan  the ping is 90  i can t play at all  please  this is the only game we have   s t co ndsspwwjif,Negative
83,☢️ RANKEDS EN CONSOLA ☢️ | -6.69 KD | !comandos | NUEVO VIDEO | EMOTES NUEVOS DEL CANAL #warzone #callofduty #mw2 #xbox #twitch #rankeds https://t.co/SI34sgttYg,1498400989413625860,**this tweet had been deleted or hidden**,0,0,1,0,0,  rankeds en consola      6 69 kd    comandos   nuevo video   emotes nuevos del canal  warzone  callofduty  mw2  xbox  twitch  rankeds  s t co si34sgttyg,Neutral
84,"RT @xbruised_peachx: inspired by littlezeng on tumblr
#Konig #König #Konigmw2 #CallofDuty #MWII https://t.co/6vEYh0qmq1",1462808096611438594,xbruised_peachx,261,0,0,0,0,   xbruised peachx  inspired by littlezeng on tumblr konig  k nig  konigmw2  callofduty  mwii  s t co 6veyh0qmq1,Neutral
85,"@PlayCODMobile Hello, please open the servers of Iran and Pakistan. The ping is 90. I can't play at all. Please, this is the only game we have.🇮🇷🇮🇷 https://t.co/QdkXp7Mai5",1613145257465577472,PlayCODMobile,0,0,2,0,0, playcodmobile hello  please open the servers of iran and pakistan  the ping is 90  i can t play at all  please  this is the only game we have   s t co qdkxp7mai5,Negative
86,"RT @witchmeetsevil: just soft quiet kisses ❤️

#ghostsoap #ghoap #callofduty #CoD #MWII https://t.co/TfOi2Wy4fj",909495443335282688,witchmeetsevil,858,0,0,0,0,   witchmeetsevil  just soft quiet kisses  ghostsoap  ghoap  callofduty  cod  mwii  s t co tfoi2wy4fj,Neutral
87,"RT @witchmeetsevil: just soft quiet kisses ❤️

#ghostsoap #ghoap #callofduty #CoD #MWII https://t.co/TfOi2Wy4fj",1116440865415802888,witchmeetsevil,858,0,0,0,0,   witchmeetsevil  just soft quiet kisses  ghostsoap  ghoap  callofduty  cod  mwii  s t co tfoi2wy4fj,Neutral
88,"RT @witchmeetsevil: valeria &amp; alejandro ❤️ 

#CoDMW2 #CallofDuty #valeriagarza #alejandovargas  #MWII #MW2 https://t.co/SGMS7b9wQa",1116440865415802888,witchmeetsevil,344,0,0,0,0,   witchmeetsevil  valeria  amp  alejandro    codmw2  callofduty  valeriagarza  alejandovargas   mwii  mw2  s t co sgms7b9wqa,Negative
89,"RT @_GamingTherapy: Temp V Powers go Hard!! 🔥🔥

#CallofDuty #Warzone #Warzone2 #CODTopPlays https://t.co/2WpcMuwbnN",1357931320115044354,_GamingTherapy,184,0,0,0,0,   gamingtherapy  temp v powers go hard   callofduty  warzone  warzone2  codtopplays  s t co 2wpcmuwbnn,Neutral
90,"RT @AmikoRoyAi: Portable heater

#ghostsoap #soapghost #MWII #callofduty https://t.co/N5zMoHWTaF",1058351201832628224,AmikoRoyAi,942,0,0,0,0,   amikoroyai  po able heater ghostsoap  soapghost  mwii  callofduty  s t co n5zmohwtaf,Negative
91,"I'm Lost For Words... WHY @Activision??? 😩 🤦
#TwitchStreamer #Twitch #Affiliate #Streamer #GG
#CallofDuty #ModernWarfareII #ModernWarfare2
#COD #DMZ #ContentCreator #Streaming #MWII 
#LIVE #FunnyMoments #LOL #Pain #HateItHere #W
Check Out My Twitch at - https://t.co/75WycLlGo2 https://t.co/bZr4buJzUk",1456711164612825097,Activision,0,0,2,0,0,i m lost for words  why  activision     twitchstreamer  twitch  affiliate  streamer  gg callofduty  modernwarfareii  modernwarfare2 cod  dmz  contentcreator  streaming  mwii  live  funnymoments  lol  pain  hateithere  w check out my twitch at    s t co 75wycllgo2  s t co bzr4bujzuk,Neutral
92,"RT @AmikoRoyAi: Portable heater

#ghostsoap #soapghost #MWII #callofduty https://t.co/N5zMoHWTaF",979532181423849477,AmikoRoyAi,942,0,0,0,0,   amikoroyai  po able heater ghostsoap  soapghost  mwii  callofduty  s t co n5zmohwtaf,Negative
93,"RT @artimaaaeus: touch
---
#CallofDuty #MWII #MW2 #GhostSoap https://t.co/Ini1wUlSax",1657498594516033536,artimaaaeus,411,0,0,0,0,   a imaaaeus  touch callofduty  mwii  mw2  ghostsoap  s t co ini1wulsax,Neutral
94,@siscoconut @WashyToppy @PlayCODMobile @ESLCODM Garena still has shotguns to ruin Global with,3196391878,siscoconut,0,1,3,0,0, siscoconut  washytoppy  playcodmobile  eslcodm garena still has shotguns to ruin global with,Negative
95,"RT @AmikoRoyAi: Portable heater

#ghostsoap #soapghost #MWII #callofduty https://t.co/N5zMoHWTaF",1630334523345891332,AmikoRoyAi,942,0,0,0,0,   amikoroyai  po able heater ghostsoap  soapghost  mwii  callofduty  s t co n5zmohwtaf,Negative
96,"RT @artimaaaeus: touch
---
#CallofDuty #MWII #MW2 #GhostSoap https://t.co/Ini1wUlSax",1616826026541338624,artimaaaeus,411,0,0,0,0,   a imaaaeus  touch callofduty  mwii  mw2  ghostsoap  s t co ini1wulsax,Neutral
97,"In a bit of a slump again so I’m experimenting with some old WIPS✨ 
#MW2 #MWII #ghostsoap #soapghost #codmw2 #ghostmw2 #CallofDuty https://t.co/neWr8BfxeH",1275388275377598464,**this tweet had been deleted or hidden**,66,0,453,1,18,in a bit of a slump again so i m experimenting with some old wips   mw2  mwii  ghostsoap  soapghost  codmw2  ghostmw2  callofduty  s t co newr8bfxeh,Neutral
98,"RT @codontwt: Ghost can't have shit in this life istg

#CallofDuty 
#ModernWarfare2 
#ModernWarfareII 
#MW2 
#ghostmw2 
#ghostroach https:/…",1231999108619083776,codontwt,56,0,0,0,0,   codontwt  ghost can t have shit in this life istg callofduty  modernwarfare2  modernwarfareii  mw2  ghostmw2  ghostroach  s ,Negative
99,"RT @codontwt: Last gay tweet of 2022!! Happy new year guys &lt;33333

#CallofDuty 
#ModernWarfare2 
#ModernWarfareII 
#MW2
#SoapGhost
#GhostSo…",1231999108619083776,codontwt,27,0,0,0,0,   codontwt  last gay tweet of 2022  happy new year guys  lt 33333 callofduty  modernwarfare2  modernwarfareii  mw2 soapghost ghostso ,Positive
100,"RT @AmikoRoyAi: Portable heater

#ghostsoap #soapghost #MWII #callofduty https://t.co/N5zMoHWTaF",1577861346342965252,AmikoRoyAi,942,0,0,0,0,   amikoroyai  po able heater ghostsoap  soapghost  mwii  callofduty  s t co n5zmohwtaf,Negative
101,"DOMO IS LIVE!!!! https://t.co/1bwl3NkuPd

#Kick
@Retweelgend
@BlazedRTs
@sme_rt
@PromoteAMGamers
@rtsmallstreams
@SupStreamers
@daweaselbass
@StreamersRT1 @FRCretweets
#Warzoneclips #smallstreamers #SmallStreamersConnectRT #Activision #CallofDuty #Warzone2",879369645341503488,Retweelgend,0,0,0,0,0,domo is live   s t co 1bwl3nkupd kick retweelgend blazed s sme   promoteamgamers  smallstreams supstreamers daweaselbass streamers 1  frcretweets warzoneclips  smallstreamers  smallstreamersconnect   activision  callofduty  warzone2,Neutral
102,"RT @CODmwfeed: One #ModernWarfare2                #PS5 bundle to give away. To enter follow the steps below.💜

Follow+❤+♻️+Comment
#CallofD…",1678791162801319937,CODmwfeed,296,0,0,0,0,   codmwfeed  one  modernwarfare2   ps5 bundle to give away  to enter follow the steps below follow comment callofd ,Neutral
103,"RT @AmikoRoyAi: Portable heater

#ghostsoap #soapghost #MWII #callofduty https://t.co/N5zMoHWTaF",749056923429965824,AmikoRoyAi,942,0,0,0,0,   amikoroyai  po able heater ghostsoap  soapghost  mwii  callofduty  s t co n5zmohwtaf,Negative
104,"#LionHunterChannel #Warzone2 #CallOfDuty #season4reloaded 

The developers acted dishonestly towards those players who downloaded Warzone for free.
After the “Lockdown” mode was removed, it became very difficult for me, like others, to get this weapon.

Thank you for such an act. https://t.co/TGMupEloAZ",1465740516360966151,**this tweet had been deleted or hidden**,0,0,0,0,0, lionhunterchannel  warzone2  callofduty  season4reloaded  the developers acted dishonestly towards those players who downloaded warzone for free after the  lockdown  mode was removed  it became very difficult for me  like others  to get this weapon thank you for such an act   s t co tgmupeloaz,Irrelevant
105,"Some Warzone before #Exoprimal goes live.
Road to 500 subscribers.
#Warzone2 #DMZ #ressurgence #VondelLockdown #SeriesS #XboxShare

https://t.co/Z6bc0pNKs5",1485515860991262720,**this tweet had been deleted or hidden**,0,1,1,0,0,some warzone before  exoprimal goes live road to 500 subscribers warzone2  dmz  ressurgence  vondellockdown  seriess  xboxshare  s t co z6bc0pnks5,Neutral
106,"RT @GAMErHyNas: @Activision @PlayCODMobile @CODMobileIN According to you guys, you still run Codm BR even after the launch of Warzone mobil…",1567967373327765504,GAMErHyNas,3,0,0,0,0,   gamerhynas   activision  playcodmobile  codmobilein according to you guys  you still run codm br even after the launch of warzone mobil ,Negative
107,#callofduty #youtubeshorts #warzone2 https://t.co/prXdp3D3jQ via @YouTube #kickaffiliate #supportsmallstreamers #kick #smallstreamer #SupportSmallStreamers #apexlegend #Warzone #gamers #smallstreamers #VtubersEN #VTuberUprising #Vtuber #Vtuber素材 #VTuberAssets,1678574977329537031,YouTube,1,0,0,0,0, callofduty  youtubesho s  warzone2  s t co prxdp3d3jq via  youtube  kickaffiliate  suppo smallstreamers  kick  smallstreamer  suppo smallstreamers  apexlegend  warzone  gamers  smallstreamers  vtubersen  vtuberuprising  vtuber  vtuber   vtuberassets,Neutral
108,"RT @artimaaaeus: touch
---
#CallofDuty #MWII #MW2 #GhostSoap https://t.co/Ini1wUlSax",1632196319228968964,artimaaaeus,411,0,0,0,0,   a imaaaeus  touch callofduty  mwii  mw2  ghostsoap  s t co ini1wulsax,Neutral
109,"RT @AmikoRoyAi: Portable heater

#ghostsoap #soapghost #MWII #callofduty https://t.co/N5zMoHWTaF",1632196319228968964,AmikoRoyAi,942,0,0,0,0,   amikoroyai  po able heater ghostsoap  soapghost  mwii  callofduty  s t co n5zmohwtaf,Negative
110,"RT @CosmoPlayzGG: Season 6: Rust (2020) was peak @PlayCODMobile 
You can't convince me otherwise https://t.co/5lkNNRkzlG",1325627732093440000,CosmoPlayzGG,1,0,0,0,0,   cosmoplayzgg  season 6  rust  2020  was peak  playcodmobile  you can t convince me otherwise  s t co 5lknnrkzlg,Neutral
111,"RT @artimaaaeus: touch
---
#CallofDuty #MWII #MW2 #GhostSoap https://t.co/Ini1wUlSax",1660811795588874241,artimaaaeus,411,0,0,0,0,   a imaaaeus  touch callofduty  mwii  mw2  ghostsoap  s t co ini1wulsax,Neutral
112,@CosmoPlayzGG @PlayCODMobile Agreed,1325627732093440000,CosmoPlayzGG,0,0,1,0,0, cosmoplayzgg  playcodmobile agreed,Positive
113,"Call Of Duty MW2 2009 Lobbies are full #Xbox #CallofDuty #CallofDutyModernWarfare2 
https://t.co/yKGq7mrFhM",1670495633407463430,**this tweet had been deleted or hidden**,0,0,0,0,1,call of duty mw2 2009 lobbies are full  xbox  callofduty  callofdutymodernwarfare2   s t co ykgq7mrfhm,Negative
114,"RT @CODmwfeed: One #ModernWarfare2                #PS5 bundle to give away. To enter follow the steps below.💜

Follow+❤+♻️+Comment
#CallofD…",1362390159149391876,CODmwfeed,296,0,0,0,0,   codmwfeed  one  modernwarfare2   ps5 bundle to give away  to enter follow the steps below follow comment callofd ,Neutral
115,"One #ModernWarfare2                #PS5 bundle to give away. To enter follow the steps below.💜

Follow+❤+♻️+Comment
#CallofDuty             #MW2             #PakvsNz #ModernWarfareII             #MWII             #WarzoneReport #gaming #cryptocrash #gamer #CoDMW2 https://t.co/7ht5tFmRtm",1570202220288671747,**this tweet had been deleted or hidden**,296,263,333,4,1,one  modernwarfare2   ps5 bundle to give away  to enter follow the steps below follow comment callofduty   mw2   pakvsnz  modernwarfareii   mwii   warzonerepo   gaming  cryptocrash  gamer  codmw2  s t co 7ht5tfm m,Neutral
116,Super Pulo no Call of Duty Warzone 2.0 #warzone2 #callofduty #cod #callofdutyclips #warzone #warzoneclips #warzonebestclips #callofdutywarzone #superpulo https://t.co/yLb6XqvOZo,1545150902608269316,**this tweet had been deleted or hidden**,0,0,0,0,0,super pulo no call of duty warzone 2 0  warzone2  callofduty  cod  callofdutyclips  warzone  warzoneclips  warzonebestclips  callofdutywarzone  superpulo  s t co ylb6xqvozo,Negative
117,"RT @AmikoRoyAi: Portable heater

#ghostsoap #soapghost #MWII #callofduty https://t.co/N5zMoHWTaF",1660811795588874241,AmikoRoyAi,942,0,0,0,0,   amikoroyai  po able heater ghostsoap  soapghost  mwii  callofduty  s t co n5zmohwtaf,Negative
118,@novakell11 @PlayCODMobile kinda,1441327641697480706,novakell11,0,0,1,0,0, novakell11  playcodmobile kinda,Negative
119,"The new Vondel Waterfront Core
Multiplayer map is available now in
#MWII Season 04 Reloaded!

The #CODBlog details map tactics and tips for this Floating District of southwestern Vondel inspired map.

https://t.co/hW6koeFxV1 https://t.co/PuAmBIrvp2",2959045650,**this tweet had been deleted or hidden**,0,0,0,0,0,the new vondel waterfront core multiplayer map is available now in mwii season 04 reloaded the  codblog details map tactics and tips for this floating district of southwestern vondel inspired map  s t co hw6koefxv1  s t co puambirvp2,Neutral
120,"RT @ghostcod_mobile: *NEW* TOP 1 BEST FFAR-1 FOR SESSON 7 LEGENDARY NORECOIL - HIGH DAMAGE COD MOBILE! (COD MOBILE)
https://t.co/hQx99fyr17…",1579859156185628678,ghostcod_mobile,1,0,0,0,0,   ghostcod mobile   new  top 1 best ffar 1 for sesson 7 legendary norecoil   high damage cod mobile   cod mobile  s t co hqx99fyr17 ,Positive
121,"*NEW* TOP 1 BEST FFAR-1 FOR SESSON 7 LEGENDARY NORECOIL - HIGH DAMAGE COD MOBILE! (COD MOBILE)
https://t.co/hQx99fyr17

#CODm #CoDMobile #callofdutymobile #youtubegaming #twittergaming @YouTubeGaming @TwitterGaming @PlayCODMobile https://t.co/asKGBQHWTE",1565276552203743237,YouTubeGaming,1,0,1,0,0, new  top 1 best ffar 1 for sesson 7 legendary norecoil   high damage cod mobile   cod mobile  s t co hqx99fyr17 codm  codmobile  callofdutymobile  youtubegaming  twittergaming  youtubegaming  twittergaming  playcodmobile  s t co askgbqhwte,Neutral
122,@namishcodm @PlayCODMobile Oh. So it's mostly about the community and not what they had in store. That makes sense,1229146097588809728,namishcodm,0,1,1,0,0, namishcodm  playcodmobile oh  so it s mostly about the community and not what they had in store  that makes sense,Negative
123,"RT @Cassiopeia_141: In a bit of a slump again so I’m experimenting with some old WIPS✨ 
#MW2 #MWII #ghostsoap #soapghost #codmw2 #ghostmw2…",19997877,Cassiopeia_141,66,0,0,0,0,   cassiopeia 141  in a bit of a slump again so i m experimenting with some old wips   mw2  mwii  ghostsoap  soapghost  codmw2  ghostmw2 ,Positive
124,"RT @aphasia4fog: Idk, did he really use a T-shirt as a mask?
#König
#MWII 
#CallofDuty https://t.co/4Yv9JGtNal",1679143030459097089,aphasia4fog,225,0,0,0,0,   aphasia4fog  idk  did he really use a t shi  as a mask k nig mwii  callofduty  s t co 4yv9jgtnal,Neutral
125,"RT @_GamingTherapy: Temp V Powers go Hard!! 🔥🔥

#CallofDuty #Warzone #Warzone2 #CODTopPlays https://t.co/2WpcMuwbnN",1608317606523453440,_GamingTherapy,184,0,0,0,0,   gamingtherapy  temp v powers go hard   callofduty  warzone  warzone2  codtopplays  s t co 2wpcmuwbnn,Neutral
126,"@novakell11 @PlayCODMobile Season 1 was the release of the game, everything was fresh back then the whole community was lovely",1441327641697480706,novakell11,0,1,1,0,0, novakell11  playcodmobile season 1 was the release of the game  everything was fresh back then the whole community was lovely,Positive
127,RT @Jzambardino41: Who Wants my MP7 Class???🤯| Follow me on Twitch im Live Every Night! https://t.co/yrRnk2Jfx6 | #Warzone2 #Warzone #Callo…,1651648066041135117,Jzambardino41,9,0,0,0,0,   jzambardino41  who wants my mp7 class  follow me on twitch im live every night   s t co yrrnk2jfx6    warzone2  warzone  callo ,Irrelevant
128,"RT @AmikoRoyAi: Safe with you

09 #ghostsoap #soapghost #callofduty #MWII https://t.co/wkFuP44Iul",1086708750004748295,AmikoRoyAi,1285,0,0,0,0,   amikoroyai  safe with you 09  ghostsoap  soapghost  callofduty  mwii  s t co wkfup44iul,Negative
129,"RT @_GamingTherapy: Temp V Powers go Hard!! 🔥🔥

#CallofDuty #Warzone #Warzone2 #CODTopPlays https://t.co/2WpcMuwbnN",1338538216857735174,_GamingTherapy,184,0,0,0,0,   gamingtherapy  temp v powers go hard   callofduty  warzone  warzone2  codtopplays  s t co 2wpcmuwbnn,Neutral
130,"RT @DexertoIntelFR: Activision a récemment corrigé le matchmaking de Modern Warfare 2 (2009) sur Xbox 360, et les joueurs reviennent en mas…",4796515095,DexertoIntelFR,29,0,0,0,0,   dexe ointelfr  activision a r cemment corrig  le matchmaking de modern warfare 2  2009  sur xbox 360  et les joueurs reviennent en mas ,Negative
131,"RT @yumecore: Ah yes, swearing Ghost (♥ω♥*). And also let's not forget the times he got hurt/injured during the campaign, luckily not too s…",969550675448418304,yumecore,79,0,0,0,0,   yumecore  ah yes  swearing ghost   and also let s not forget the times he got hu  injured during the campaign  luckily not too s ,Irrelevant
132,"RT @_GamingTherapy: Temp V Powers go Hard!! 🔥🔥

#CallofDuty #Warzone #Warzone2 #CODTopPlays https://t.co/2WpcMuwbnN",1387084955436470275,_GamingTherapy,184,0,0,0,0,   gamingtherapy  temp v powers go hard   callofduty  warzone  warzone2  codtopplays  s t co 2wpcmuwbnn,Neutral
133,@hackt1v1st @webbygirl_ @PlayCODMobile 💀💀,1382678198786281474,hackt1v1st,0,0,2,0,0, hackt1v1st  webbygirl   playcodmobile  ,Positive
134,"RT @Cassiopeia_141: In a bit of a slump again so I’m experimenting with some old WIPS✨ 
#MW2 #MWII #ghostsoap #soapghost #codmw2 #ghostmw2…",777421118441345026,Cassiopeia_141,66,0,0,0,0,   cassiopeia 141  in a bit of a slump again so i m experimenting with some old wips   mw2  mwii  ghostsoap  soapghost  codmw2  ghostmw2 ,Positive
135,"DMZの変更点、聞きかじっただけだけど↓
#CoD #MW2 #DMZ https://t.co/hmgYU3dIdh",927413345979850752,**this tweet had been deleted or hidden**,0,0,5,0,0,dmz cod  mw2  dmz  s t co hmgyu3didh,Neutral
136,"RT @AmikoRoyAi: Portable heater

#ghostsoap #soapghost #MWII #callofduty https://t.co/N5zMoHWTaF",1467871486186819587,AmikoRoyAi,942,0,0,0,0,   amikoroyai  po able heater ghostsoap  soapghost  mwii  callofduty  s t co n5zmohwtaf,Negative
137,"Stars In The Roof  https://t.co/watAxB9AWW 

#activision #cod #mw2 #streamer",3418532776,**this tweet had been deleted or hidden**,0,0,0,0,0,stars in the roof   s t co wataxb9aww  activision  cod  mw2  streamer,Neutral
138,"@InfinityWard ""We want to raise the TTK, cos we realised its stupidly quick""

Also @InfinityWard ""Here's a fucking stupid shotgun 😀😀😀""

#ModernWarfare2 #MW2 #mw2022 #warzone #CallOfDuty #warzone2 #MWII #dmz",381143592,InfinityWard,0,0,0,0,0, infinityward  we want to raise the ttk  cos we realised its stupidly quick also  infinityward  here s a fucking stupid shotgun  modernwarfare2  mw2  mw2022  warzone  callofduty  warzone2  mwii  dmz,Positive
139,"RT @Annita1976: Trying out the new meta shotgun 😎
Stream bellow 👇🏾👇🏾👇🏾

https://t.co/9ytW9RbJhs

 #survivorGR #ashikaisland #Warzone2 #girl…",1352735701830393856,Annita1976,2,0,0,0,0,   annita1976  trying out the new meta shotgun  stream bellow   s t co 9ytw9rbjhs   survivorgr  ashikaisland  warzone2  girl ,Neutral
140,Alpha ghost checking omega soap is wearing his scent gland cover correctly before training #soapghost #ghostsoap #CallofDuty #MW2 #Ghoap https://t.co/yWayApnNNR,956494356562829313,**this tweet had been deleted or hidden**,1,0,27,0,0,alpha ghost checking omega soap is wearing his scent gland cover correctly before training  soapghost  ghostsoap  callofduty  mw2  ghoap  s t co ywayapnnnr,Neutral
141,@PlayCODMobile I wont draw again itseemsmy lackin that is low 🫡🫡🫡,1658429703353516035,PlayCODMobile,0,0,0,0,0, playcodmobile i wont draw again itseemsmy lackin that is low  ,Negative
142,"Good Job Activision Not Being Able To Move  https://t.co/VsNjBDxaoM 

#cod #mw2 #activision",3418532776,**this tweet had been deleted or hidden**,0,0,1,0,0,good job activision not being able to move   s t co vsnjbdxaom  cod  mw2  activision,Positive
143,"RT @alexgscod: Thank you so much for 5k!!! 😊😭🙏
💀❤️🧼

#GhostSoap #SoapGhost #CallOfDuty #MWII https://t.co/3Wsq7SNXj5",1666929792992641025,alexgscod,875,0,0,0,0,   alexgscod  thank you so much for 5k   ghostsoap  soapghost  callofduty  mwii  s t co 3wsq7snxj5,Positive
144,"RT @_GamingTherapy: Temp V Powers go Hard!! 🔥🔥

#CallofDuty #Warzone #Warzone2 #CODTopPlays https://t.co/2WpcMuwbnN",988805900914909184,_GamingTherapy,184,0,0,0,0,   gamingtherapy  temp v powers go hard   callofduty  warzone  warzone2  codtopplays  s t co 2wpcmuwbnn,Neutral
145,"Ok, I finally figured out, how to combine 2 versions in one) #CallofDuty #MWII #König #Konig #konigfanart #Konigmw2 https://t.co/jHuuSKoDSl",1384481239143522311,**this tweet had been deleted or hidden**,0,0,2,0,0,ok  i finally figured out  how to combine 2 versions in one   callofduty  mwii  k nig  konig  konigfana   konigmw2  s t co jhuuskodsl,Positive
146,"RT @AmikoRoyAi: Portable heater

#ghostsoap #soapghost #MWII #callofduty https://t.co/N5zMoHWTaF",1398268758045642757,AmikoRoyAi,942,0,0,0,0,   amikoroyai  po able heater ghostsoap  soapghost  mwii  callofduty  s t co n5zmohwtaf,Negative
147,"RT @DexertoIntelFR: Activision a récemment corrigé le matchmaking de Modern Warfare 2 (2009) sur Xbox 360, et les joueurs reviennent en mas…",362725483,DexertoIntelFR,29,0,0,0,0,   dexe ointelfr  activision a r cemment corrig  le matchmaking de modern warfare 2  2009  sur xbox 360  et les joueurs reviennent en mas ,Negative
148,"RT @diimawia: COD kisses for the boys 💋💕
#CallofDuty #MWII https://t.co/mRu8BYgDDU",1512337235349102601,diimawia,178,0,0,0,0,   diimawia  cod kisses for the boys  callofduty  mwii  s t co mru8bygddu,Neutral
149,"#CallofDuty #MW2 #COD
新しいSG解除&amp;Lv上げ終わり♪
これは強い…🫢
前作のJAK-12みたいです（笑）

FTAC Siege出たばかりの時に感じた、新鮮な感じで遊べました
トリガーハッピーができる武器、お祭りっぽい凸ができてイイなぁ✨

DMZでもbotすぐ倒せたので、探索のお供に良さそうです♪ https://t.co/iKeEtZO9W8",929291899403304961,**this tweet had been deleted or hidden**,0,0,10,0,0, callofduty  mw2  cod sg amp lv jak 12 ftac siege dmz bot   s t co ikeetzo9w8,Neutral
150,"RT @yumecore: Ah yes, swearing Ghost (♥ω♥*). And also let's not forget the times he got hurt/injured during the campaign, luckily not too s…",1441065101469966345,yumecore,79,0,0,0,0,   yumecore  ah yes  swearing ghost   and also let s not forget the times he got hu  injured during the campaign  luckily not too s ,Irrelevant
151,"Trying out the new meta shotgun 😎
Stream bellow 👇🏾👇🏾👇🏾

https://t.co/9ytW9RbJhs

 #survivorGR #ashikaisland #Warzone2 #girlpower #gamergirl #modernwarfare2 #callofduty #cod #vondelisland",286197865,**this tweet had been deleted or hidden**,2,0,2,0,0,trying out the new meta shotgun  stream bellow   s t co 9ytw9rbjhs   survivorgr  ashikaisland  warzone2  girlpower  gamergirl  modernwarfare2  callofduty  cod  vondelisland,Neutral
152,RT @__Unladylike__: Wiped the floor with 'em. They kept complaining lol. #CallofDuty #MWII #ranked https://t.co/KHPj0RKuL9,2815475161,__Unladylike__,1,0,0,0,0,   unladylike  wiped the floor with  em  they kept complaining lol   callofduty  mwii  ranked  s t co khpj0rkul9,Neutral
153,"RT @artimaaaeus: touch
---
#CallofDuty #MWII #MW2 #GhostSoap https://t.co/Ini1wUlSax",1182000233695387649,artimaaaeus,411,0,0,0,0,   a imaaaeus  touch callofduty  mwii  mw2  ghostsoap  s t co ini1wulsax,Neutral
154,"A Level of Petty that I’m Proud of! “Revenge is a dish best served cold”!#youtubeshorts #Chicago #CallofDuty #CallofDutyModernWarfare2 #Warzone2 #warzonemobile #cod #CoDMobile #modernwarfare #MW2 #twitchclips #tiktok #tiktokhotviral #TikTokviral #YouTube 

https://t.co/adVsCeiHOM",1047931451793182726,**this tweet had been deleted or hidden**,0,0,0,0,0,a level of petty that i m proud of   revenge is a dish best served cold youtubesho s  chicago  callofduty  callofdutymodernwarfare2  warzone2  warzonemobile  cod  codmobile  modernwarfare  mw2  twitchclips  tiktok  tiktokhotviral  tiktokviral  youtube   s t co advsceihom,Neutral
155,"RT @BettyBRenders: Like promised… a big, uncensored, needy boy 👑

#König #Koenig #KönigMW2 #MW2 #MWII #CallofDutyModernWarfare2 #CallofDuty…",1440051070143660034,BettyBRenders,437,0,0,0,0,   bettybrenders  like promised  a big  uncensored  needy boy  k nig  koenig  k nigmw2  mw2  mwii  callofdutymodernwarfare2  callofduty ,Positive
156,"RT @diimawia: COD kisses for the boys 💋💕
#CallofDuty #MWII https://t.co/mRu8BYgDDU",1491451641458954240,diimawia,178,0,0,0,0,   diimawia  cod kisses for the boys  callofduty  mwii  s t co mru8bygddu,Neutral
157,"RT @PlayCODMobile: Don’t get seasick 🤢

👉 Check out the all new Ground War: Armada in the MP menu! https://t.co/4zCRVdZHVl",1322124313462509569,PlayCODMobile,29,0,0,0,0,   playcodmobile  don t get seasick   check out the all new ground war  armada in the mp menu   s t co 4zcrvdzhvl,Neutral
158,RT @ImCampers: I don’t hack.. #aerovia #mw2 #callofduty #warzone https://t.co/ue7fDGKl1Y,1042095277858021378,ImCampers,2,0,0,0,0,   imcampers  i don t hack   aerovia  mw2  callofduty  warzone  s t co ue7fdgkl1y,Negative
159,"Don't ask me how I pulled that off lmao 

#mw2 #gameplay https://t.co/Q1FlqcU3cm",1568236255686676484,**this tweet had been deleted or hidden**,0,0,0,0,0,don t ask me how i pulled that off lmao  mw2  gameplay  s t co q1flqcu3cm,Negative
160,"RT @Cassiopeia_141: In a bit of a slump again so I’m experimenting with some old WIPS✨ 
#MW2 #MWII #ghostsoap #soapghost #codmw2 #ghostmw2…",76331713,Cassiopeia_141,66,0,0,0,0,   cassiopeia 141  in a bit of a slump again so i m experimenting with some old wips   mw2  mwii  ghostsoap  soapghost  codmw2  ghostmw2 ,Positive
161,RT @ImCampers: I don’t hack.. #aerovia #mw2 #callofduty #warzone https://t.co/ue7fDGKl1Y,1661197500957724674,ImCampers,2,0,0,0,0,   imcampers  i don t hack   aerovia  mw2  callofduty  warzone  s t co ue7fdgkl1y,Negative
162,I don’t hack.. #aerovia #mw2 #callofduty #warzone https://t.co/ue7fDGKl1Y,3139201303,**this tweet had been deleted or hidden**,2,1,1,0,1,i don t hack   aerovia  mw2  callofduty  warzone  s t co ue7fdgkl1y,Negative
163,"RT @xbruised_peachx: inspired by littlezeng on tumblr
#Konig #König #Konigmw2 #CallofDuty #MWII https://t.co/6vEYh0qmq1",1441065101469966345,xbruised_peachx,261,0,0,0,0,   xbruised peachx  inspired by littlezeng on tumblr konig  k nig  konigmw2  callofduty  mwii  s t co 6veyh0qmq1,Neutral
164,"RT @AmikoRoyAi: Portable heater

#ghostsoap #soapghost #MWII #callofduty https://t.co/N5zMoHWTaF",558967264,AmikoRoyAi,942,0,0,0,0,   amikoroyai  po able heater ghostsoap  soapghost  mwii  callofduty  s t co n5zmohwtaf,Negative
165,"RT @DexertoIntelFR: Activision a récemment corrigé le matchmaking de Modern Warfare 2 (2009) sur Xbox 360, et les joueurs reviennent en mas…",888152394,DexertoIntelFR,29,0,0,0,0,   dexe ointelfr  activision a r cemment corrig  le matchmaking de modern warfare 2  2009  sur xbox 360  et les joueurs reviennent en mas ,Negative
166,Holy crap season 4 reloaded is terrible. #DMZ #MW2 #Warzone2 @Activision @CallofDuty,2921876248,Activision,0,0,1,0,0,holy crap season 4 reloaded is terrible   dmz  mw2  warzone2  activision  callofduty,Negative
167,"RT @Cassiopeia_141: In a bit of a slump again so I’m experimenting with some old WIPS✨ 
#MW2 #MWII #ghostsoap #soapghost #codmw2 #ghostmw2…",1347954156531642373,Cassiopeia_141,66,0,0,0,0,   cassiopeia 141  in a bit of a slump again so i m experimenting with some old wips   mw2  mwii  ghostsoap  soapghost  codmw2  ghostmw2 ,Positive
168,@webbygirl_ @CosmoPlayzGG @PlayCODMobile The last line. 😂🤣👌,567183342,webbygirl_,0,1,1,0,0, webbygirl   cosmoplayzgg  playcodmobile the last line   ,Negative
169,Meat Ball 💥💥 🙈😂 #Warzone2 #CallofDuty #warzone 🤘 😎 🕹️ https://t.co/H4u0v6JipB,123639484,**this tweet had been deleted or hidden**,0,2,3,0,0,meat ball      warzone2  callofduty  warzone        s t co h4u0v6jipb,Neutral
170,"@CosmoPlayzGG @PlayCODMobile Fr 
The cordite is the proof",1452849017260363786,CosmoPlayzGG,0,0,1,0,0, cosmoplayzgg  playcodmobile fr  the cordite is the proof,Irrelevant
171,"RT @diimawia: COD kisses for the boys 💋💕
#CallofDuty #MWII https://t.co/mRu8BYgDDU",2723551382,diimawia,178,0,0,0,0,   diimawia  cod kisses for the boys  callofduty  mwii  s t co mru8bygddu,Neutral
172,RT @Vultchur: @cygnoux @PlayCODMobile make this a thing. If we are gonna have cluster Grenade in the near future season why not this?? Demo…,732143084020977664,Vultchur,1,0,0,0,0,   vultchur   cygnoux  playcodmobile make this a thing  if we are gonna have cluster grenade in the near future season why not this  demo ,Neutral
173,"RT @661ave: evening at a bar in Manchester
#Ghost #SimonGhostRiley #CallOfDuty #MWII #MW2 https://t.co/cWaVdj1Uep",1429300691852414984,661ave,370,0,0,0,0,   661ave  evening at a bar in manchester ghost  simonghostriley  callofduty  mwii  mw2  s t co cwavdj1uep,Neutral
174,"@CosmoPlayzGG @PlayCODMobile No cap… 

Back when random people could get leggys for $25 bundle but some had LDs ….

Yeah not gonna sell that as the best time imo to me 

Ily cosmo! Feel better",60169255,CosmoPlayzGG,0,1,6,0,0, cosmoplayzgg  playcodmobile no cap   back when random people could get leggys for  25 bundle but some had lds  yeah not gonna sell that as the best time imo to me  ily cosmo  feel better,Positive
175,"RT @xbruised_peachx: inspired by littlezeng on tumblr
#Konig #König #Konigmw2 #CallofDuty #MWII https://t.co/6vEYh0qmq1",1227679959524749312,xbruised_peachx,261,0,0,0,0,   xbruised peachx  inspired by littlezeng on tumblr konig  k nig  konigmw2  callofduty  mwii  s t co 6veyh0qmq1,Neutral
176,"RT @diimawia: COD kisses for the boys 💋💕
#CallofDuty #MWII https://t.co/mRu8BYgDDU",1324400669344739333,diimawia,178,0,0,0,0,   diimawia  cod kisses for the boys  callofduty  mwii  s t co mru8bygddu,Neutral
177,"RT @AmikoRoyAi: Portable heater

#ghostsoap #soapghost #MWII #callofduty https://t.co/N5zMoHWTaF",1074042489135337473,AmikoRoyAi,942,0,0,0,0,   amikoroyai  po able heater ghostsoap  soapghost  mwii  callofduty  s t co n5zmohwtaf,Negative
178,RT @Dougfunnnys: Dumbfounded! #CallofDuty #Warzone #MW2 #MW3 #CallofDutyWarzone @EnduranceTweets https://t.co/nGt7B847x7,374819085,Dougfunnnys,5,0,0,0,0,   dougfunnnys  dumbfounded   callofduty  warzone  mw2  mw3  callofdutywarzone  endurancetweets  s t co ngt7b847x7,Neutral
179,"RT @loneghostwolf88: What happens in a locker room, stays in a locker room 
#MWII #CodSoap #CallofDuty #3DRender https://t.co/x9vbK97gRm",1559845747901829121,loneghostwolf88,373,0,0,0,0,   loneghostwolf88  what happens in a locker room  stays in a locker room  mwii  codsoap  callofduty  3drender  s t co x9vbk97grm,Neutral
180,@webbygirl_ @PlayCODMobile 😭💀,1382678198786281474,webbygirl_,0,1,3,0,0, webbygirl   playcodmobile  ,Positive
181,"RT @xbruised_peachx: inspired by littlezeng on tumblr
#Konig #König #Konigmw2 #CallofDuty #MWII https://t.co/6vEYh0qmq1",731860206032977924,xbruised_peachx,261,0,0,0,0,   xbruised peachx  inspired by littlezeng on tumblr konig  k nig  konigmw2  callofduty  mwii  s t co 6veyh0qmq1,Neutral
182,"RT @AmikoRoyAi: Portable heater

#ghostsoap #soapghost #MWII #callofduty https://t.co/N5zMoHWTaF",1620130220056403968,AmikoRoyAi,942,0,0,0,0,   amikoroyai  po able heater ghostsoap  soapghost  mwii  callofduty  s t co n5zmohwtaf,Negative
183,"RT @AmikoRoyAi: Portable heater

#ghostsoap #soapghost #MWII #callofduty https://t.co/N5zMoHWTaF",731860206032977924,AmikoRoyAi,942,0,0,0,0,   amikoroyai  po able heater ghostsoap  soapghost  mwii  callofduty  s t co n5zmohwtaf,Negative
184,"RT @Cassiopeia_141: In a bit of a slump again so I’m experimenting with some old WIPS✨ 
#MW2 #MWII #ghostsoap #soapghost #codmw2 #ghostmw2…",1070376427156054018,Cassiopeia_141,66,0,0,0,0,   cassiopeia 141  in a bit of a slump again so i m experimenting with some old wips   mw2  mwii  ghostsoap  soapghost  codmw2  ghostmw2 ,Positive
185,@CosmoPlayzGG @PlayCODMobile Nah bro it was so ass I left completely and don’t own this bp,60169255,CosmoPlayzGG,0,2,4,0,0, cosmoplayzgg  playcodmobile nah bro it was so ass i left completely and don t own this bp,Negative
186,"RT @AmikoRoyAi: Portable heater

#ghostsoap #soapghost #MWII #callofduty https://t.co/N5zMoHWTaF",1423018426101030916,AmikoRoyAi,942,0,0,0,0,   amikoroyai  po able heater ghostsoap  soapghost  mwii  callofduty  s t co n5zmohwtaf,Negative
187,"スターライト可愛いー！🥰
武器スキンもイイ！
#TheBoys ❌ #CallofDuty
#DMZ #Warzone2 #MW2 https://t.co/MzhrW59oNq",122991583,**this tweet had been deleted or hidden**,4,0,8,1,0, theboys    callofduty dmz  warzone2  mw2  s t co mzhrw59onq,Neutral
188,"RT @yumecore: Ah yes, swearing Ghost (♥ω♥*). And also let's not forget the times he got hurt/injured during the campaign, luckily not too s…",1580805336876732417,yumecore,79,0,0,0,0,   yumecore  ah yes  swearing ghost   and also let s not forget the times he got hu  injured during the campaign  luckily not too s ,Irrelevant
189,"RT @AmikoRoyAi: Portable heater

#ghostsoap #soapghost #MWII #callofduty https://t.co/N5zMoHWTaF",4210084341,AmikoRoyAi,942,0,0,0,0,   amikoroyai  po able heater ghostsoap  soapghost  mwii  callofduty  s t co n5zmohwtaf,Negative
190,Team eliminated 🤓🤪 #Warzone #Warzone2 #CallofDuty 🤘 😎 🕹️ https://t.co/iRJd8XR62n,123639484,**this tweet had been deleted or hidden**,0,0,1,0,0,team eliminated    warzone  warzone2  callofduty        s t co irjd8xr62n,Irrelevant
191,"RT @xbruised_peachx: inspired by littlezeng on tumblr
#Konig #König #Konigmw2 #CallofDuty #MWII https://t.co/6vEYh0qmq1",1297864728572616704,xbruised_peachx,261,0,0,0,0,   xbruised peachx  inspired by littlezeng on tumblr konig  k nig  konigmw2  callofduty  mwii  s t co 6veyh0qmq1,Neutral
192,"RT @AmikoRoyAi: Portable heater

#ghostsoap #soapghost #MWII #callofduty https://t.co/N5zMoHWTaF",1559845747901829121,AmikoRoyAi,942,0,0,0,0,   amikoroyai  po able heater ghostsoap  soapghost  mwii  callofduty  s t co n5zmohwtaf,Negative
193,"RT @BIGROB_129: 🚨🚨NEW VIDEO🚨🚨

https://t.co/CvzIymb617
https://t.co/CvzIymb617
https://t.co/CvzIymb617

#CallofDuty #CallofDuty #CallofDuty…",363328714,BIGROB_129,7,0,0,0,0,   bigrob 129   new video  s t co cvziymb617  s t co cvziymb617  s t co cvziymb617 callofduty  callofduty  callofduty ,Neutral
194,"RT @artimaaaeus: touch
---
#CallofDuty #MWII #MW2 #GhostSoap https://t.co/Ini1wUlSax",1620130220056403968,artimaaaeus,411,0,0,0,0,   a imaaaeus  touch callofduty  mwii  mw2  ghostsoap  s t co ini1wulsax,Neutral
195,"RT @xbruised_peachx: inspired by littlezeng on tumblr
#Konig #König #Konigmw2 #CallofDuty #MWII https://t.co/6vEYh0qmq1",1532401025780527104,xbruised_peachx,261,0,0,0,0,   xbruised peachx  inspired by littlezeng on tumblr konig  k nig  konigmw2  callofduty  mwii  s t co 6veyh0qmq1,Neutral
196,"RT @AmikoRoyAi: Portable heater

#ghostsoap #soapghost #MWII #callofduty https://t.co/N5zMoHWTaF",861991905961312256,AmikoRoyAi,942,0,0,0,0,   amikoroyai  po able heater ghostsoap  soapghost  mwii  callofduty  s t co n5zmohwtaf,Negative
197,"RT @loneghostwolf88: What happens in a locker room, stays in a locker room 
#MWII #CodSoap #CallofDuty #3DRender https://t.co/x9vbK97gRm",1468044878353674241,loneghostwolf88,373,0,0,0,0,   loneghostwolf88  what happens in a locker room  stays in a locker room  mwii  codsoap  callofduty  3drender  s t co x9vbk97grm,Neutral
198,@namishcodm @PlayCODMobile How can the first season be peak? What did they do in sn 1 that they do now? I don't get it,1229146097588809728,namishcodm,0,1,1,0,0, namishcodm  playcodmobile how can the first season be peak  what did they do in sn 1 that they do now  i don t get it,Negative
199,"RT @AmikoRoyAi: Portable heater

#ghostsoap #soapghost #MWII #callofduty https://t.co/N5zMoHWTaF",361679882,AmikoRoyAi,942,0,0,0,0,   amikoroyai  po able heater ghostsoap  soapghost  mwii  callofduty  s t co n5zmohwtaf,Negative
200,RT @icedCoffee9731: Played mw2 for the first time In 14 years today. On the series s! #Xbox #ActivisionBlizzard  #MW2 #CallofDuty  #XboxSha…,1671958944195944451,icedCoffee9731,1,0,0,0,0,   icedcoffee9731  played mw2 for the first time in 14 years today  on the series s   xbox  activisionblizzard   mw2  callofduty   xboxsha ,Positive
201,"RT @CODmwfeed: One #ModernWarfare2                #PS5 bundle to give away. To enter follow the steps below.💜

Follow+❤+♻️+Comment
#CallofD…",1533423846291816448,CODmwfeed,296,0,0,0,0,   codmwfeed  one  modernwarfare2   ps5 bundle to give away  to enter follow the steps below follow comment callofd ,Neutral
202,"RT @CallofDuty: Mask on, run it back 💯

The Boys, Diabolical Camo Challenges, and Temp V drop in. Standard BR hits Vondel. Plus more Qualit…",189051927,CallofDuty,70,0,0,0,0,   callofduty  mask on  run it back  the boys  diabolical camo challenges  and temp v drop in  standard br hits vondel  plus more qualit ,Negative
203,"RT @CallofDuty: Take the fight to the canals and more 🏊‍♂️

Vondel Waterfront 24/7, Kill Streak Confirmed, and Deathmatch Domination plus m…",189051927,CallofDuty,54,0,0,0,0,   callofduty  take the fight to the canals and more  vondel waterfront 24 7  kill streak confirmed  and deathmatch domination plus m ,Neutral
204,RT @CallofDuty: It's time to fight like a hero. Season 04 Reloaded drops July 12 in Call of Duty #Warzone and #MWII 👉 https://t.co/CMgkvPpR…,189051927,CallofDuty,1219,0,0,0,0,   callofduty  it s time to fight like a hero  season 04 reloaded drops july 12 in call of duty  warzone and  mwii    s t co cmgkvppr ,Neutral
205,"RT @CODmwfeed: One #ModernWarfare2                #PS5 bundle to give away. To enter follow the steps below.💜

Follow+❤+♻️+Comment
#CallofD…",1370939868432363532,CODmwfeed,296,0,0,0,0,   codmwfeed  one  modernwarfare2   ps5 bundle to give away  to enter follow the steps below follow comment callofd ,Neutral
206,#CallofDuty #mw2,1386159251949867015,**this tweet had been deleted or hidden**,0,0,1,0,0, callofduty  mw2,Negative
207,RT @hazmat6135: i don't know if this will help but it might point the devs in the direction to figure out what they messed up @Activision #…,1175790101223358467,hazmat6135,42,0,0,0,0,   hazmat6135  i don t know if this will help but it might point the devs in the direction to figure out what they messed up  activision  ,Negative
208,"DMZのバウンティにボスの容姿が追加されてる😳

パイロって盾構えてドラゴンブレス乱射してくるから正直よく見えなかったけど、こんな感じなんやぁ😌

ってかボムメイカー軽装やなwそりゃすぐ倒せるわ😂

#MW2
#MWII
#DMZ https://t.co/WetIIUdWqr",411209906,**this tweet had been deleted or hidden**,1,0,2,0,0,dmz w mw2 mwii dmz  s t co wetiiudwqr,Neutral
209,"RT @loneghostwolf88: 8th entry of the beach boy series - Rodolfo 'Rudy' Parra ☀️🏝️ 
#rodolfoparra #CoDRudy #CallofDuty #3DRender #MWII http…",1318833978,loneghostwolf88,154,0,0,0,0,   loneghostwolf88  8th entry of the beach boy series   rodolfo  rudy  parra    rodolfoparra  codrudy  callofduty  3drender  mwii   ,Neutral
210,"RT @PlayboyBPAC: #UK #Canada #France #Germany #Australia #BlackTwitter 

#Activision is the same company charging 40 for a Remastered campa…",22957037,PlayboyBPAC,1,0,0,0,0,   playboybpac   uk  canada  france  germany  australia  blacktwitter  activision is the same company charging 40 for a remastered campa ,Negative
211,"#UK #Canada #France #Germany #Australia #BlackTwitter 

#Activision is the same company charging 40 for a Remastered campaign on #MW2

But the moment someone tried to remaster the MP it was a problem? The same MP folks been crying for 99YRS on. Die thanks. https://t.co/uzWHfXnTxn",22957037,**this tweet had been deleted or hidden**,1,0,0,0,0, uk  canada  france  germany  australia  blacktwitter  activision is the same company charging 40 for a remastered campaign on  mw2 but the moment someone tried to remaster the mp it was a problem  the same mp folks been crying for 99yrs on  die thanks   s t co uzwhfxntxn,Negative
212,Check out WARZONE NEEDS TO BE FIXED!! 🔥 #callofduty #warzone2 #ps5 #live #youtube #gaming https://t.co/8tT3ZNJlKS,1458849751126970369,**this tweet had been deleted or hidden**,0,0,2,0,0,check out warzone needs to be fixed     callofduty  warzone2  ps5  live  youtube  gaming  s t co 8tt3znjlks,Neutral
213,"RT @MonomMona: i love his new skin🙏🙏🙏

#König #CallofDuty #MW2 https://t.co/K8YvRYB7Vd",1337507752118280192,MonomMona,250,0,0,0,0,   monommona  i love his new skin k nig  callofduty  mw2  s t co k8yvryb7vd,Positive
214,Hi @CallofDuty @Activision @InfinityWard @RavenSoftware @CODUpdates would just like to report my Series X is still over heating and turning itself off whilst playing DMZ / MW2 / Warzone since the S4R update. Thanks!,1258466503030013952,CallofDuty,0,0,3,0,0,hi  callofduty  activision  infinityward  ravensoftware  codupdates would just like to repo  my series x is still over heating and turning itself off whilst playing dmz   mw2   warzone since the s4r update  thanks ,Positive
215,"RT @AmikoRoyAi: Portable heater

#ghostsoap #soapghost #MWII #callofduty https://t.co/N5zMoHWTaF",1482942835603161088,AmikoRoyAi,942,0,0,0,0,   amikoroyai  po able heater ghostsoap  soapghost  mwii  callofduty  s t co n5zmohwtaf,Negative
216,"RT @loneghostwolf88: 8th entry of the beach boy series - Rodolfo 'Rudy' Parra ☀️🏝️ 
#rodolfoparra #CoDRudy #CallofDuty #3DRender #MWII http…",1672972732366028802,loneghostwolf88,154,0,0,0,0,   loneghostwolf88  8th entry of the beach boy series   rodolfo  rudy  parra    rodolfoparra  codrudy  callofduty  3drender  mwii   ,Neutral
217,"RT @CODmwfeed: One #ModernWarfare2                #PS5 bundle to give away. To enter follow the steps below.💜

Follow+❤+♻️+Comment
#CallofD…",1625540180508655633,CODmwfeed,296,0,0,0,0,   codmwfeed  one  modernwarfare2   ps5 bundle to give away  to enter follow the steps below follow comment callofd ,Neutral
218,"RT @loneghostwolf88: ""Back off!"" 
#GhostSoap   #CallofDuty #3DRender  #MWII https://t.co/o6DEF9i0me",1340085845567660034,loneghostwolf88,325,0,0,0,0,   loneghostwolf88   back off   ghostsoap    callofduty  3drender   mwii  s t co o6def9i0me,Negative
219,"RT @TOLID_BIGPEACH: スターライト可愛いー！🥰
武器スキンもイイ！
#TheBoys ❌ #CallofDuty
#DMZ #Warzone2 #MW2 https://t.co/MzhrW59oNq",3514540333,TOLID_BIGPEACH,4,0,0,0,0,   tolid bigpeach   theboys    callofduty dmz  warzone2  mw2  s t co mzhrw59onq,Neutral
220,@CallofDuty @CODUpdates Bruh I WILL buy every bundle you've released on MW2 if you fix the shadow ban loop. I'm so done being shadow banned. Thanks,1669275100758278150,CallofDuty,0,12,9,0,0, callofduty  codupdates bruh i will buy every bundle you ve released on mw2 if you fix the shadow ban loop  i m so done being shadow banned  thanks,Positive
221,@blueandbluweter @PlayCODMobile Imagine we get an update that actually fixes the ranked gamemode 🙏,1556050073452220417,blueandbluweter,0,0,1,0,0, blueandbluweter  playcodmobile imagine we get an update that actually fixes the ranked gamemode  ,Neutral
222,"Modern Warfare 2 (2022). 
Got the worst maps in the series extremely limited amount of game modes 
worst UI in the series
gun progression is annoying
gun play is boring
Warzone/DMZ is trash
Campaign is extremely mid

Never played a game that frustrated me as much as MW2. https://t.co/BCqM72Y0Fn https://t.co/iVJFVoTX6I",919715099723513856,**this tweet had been deleted or hidden**,0,0,3,0,0,modern warfare 2  2022   got the worst maps in the series extremely limited amount of game modes  worst ui in the series gun progression is annoying gun play is boring warzone dmz is trash campaign is extremely mid never played a game that frustrated me as much as mw2   s t co bcqm72y0fn  s t co ivjfvotx6i,Negative
223,"RT @artimaaaeus: just gaz, checking you out 👁️👁️
---
#CallofDuty #MWII #MW2 #KyleGarrick #Gaz https://t.co/eG0zSCT0kb",1386779483198345220,artimaaaeus,311,0,0,0,0,   a imaaaeus  just gaz  checking you out  callofduty  mwii  mw2  kylegarrick  gaz  s t co eg0zsct0kb,Neutral
224,@ChainFeeds Bro MW2 current day is the worst cod literally from gameplay to stats it’s insane Ghosts was just slandered due to graphics and some gameplay mechanics maybe weapons that’s it,1329977207108886534,ChainFeeds,0,0,0,0,0, chainfeeds bro mw2 current day is the worst cod literally from gameplay to stats it s insane ghosts was just slandered due to graphics and some gameplay mechanics maybe weapons that s it,Negative
225,"RT @yumecore: Ah yes, swearing Ghost (♥ω♥*). And also let's not forget the times he got hurt/injured during the campaign, luckily not too s…",1649576604245295105,yumecore,79,0,0,0,0,   yumecore  ah yes  swearing ghost   and also let s not forget the times he got hu  injured during the campaign  luckily not too s ,Irrelevant
226,"RT @artimaaaeus: just gaz, checking you out 👁️👁️
---
#CallofDuty #MWII #MW2 #KyleGarrick #Gaz https://t.co/eG0zSCT0kb",1534305937627959296,artimaaaeus,311,0,0,0,0,   a imaaaeus  just gaz  checking you out  callofduty  mwii  mw2  kylegarrick  gaz  s t co eg0zsct0kb,Neutral
227,"RT @TOLID_BIGPEACH: スターライト可愛いー！🥰
武器スキンもイイ！
#TheBoys ❌ #CallofDuty
#DMZ #Warzone2 #MW2 https://t.co/MzhrW59oNq",122991583,TOLID_BIGPEACH,4,0,0,0,0,   tolid bigpeach   theboys    callofduty dmz  warzone2  mw2  s t co mzhrw59onq,Neutral
228,Big win for @Microsoft on obtaining @Activision but MWII is still broken and I refuse to get back involved,2217184639,Microsoft,0,0,0,0,0,big win for  microsoft on obtaining  activision but mwii is still broken and i refuse to get back involved,Negative
229,"RT @alexgscod: Chilling bfs at the pool! 💀🧼☀️🌊
(nsfw variants on patreon)

#GhostSoap #SoapGhost #CallOfDuty #MWII #SimonGhostRiley #soapma…",331538741,alexgscod,169,0,0,0,0,   alexgscod  chilling bfs at the pool   nsfw variants on patreon ghostsoap  soapghost  callofduty  mwii  simonghostriley  soapma ,Negative
230,"RT @loneghostwolf88: What happens in a locker room, stays in a locker room 
#MWII #CodSoap #CallofDuty #3DRender https://t.co/x9vbK97gRm",1596980613457879040,loneghostwolf88,373,0,0,0,0,   loneghostwolf88  what happens in a locker room  stays in a locker room  mwii  codsoap  callofduty  3drender  s t co x9vbk97grm,Neutral
231,"RT @loneghostwolf88: 8th entry of the beach boy series - Rodolfo 'Rudy' Parra ☀️🏝️ 
#rodolfoparra #CoDRudy #CallofDuty #3DRender #MWII http…",1461987428131082241,loneghostwolf88,154,0,0,0,0,   loneghostwolf88  8th entry of the beach boy series   rodolfo  rudy  parra    rodolfoparra  codrudy  callofduty  3drender  mwii   ,Neutral
232,"RT @artimaaaeus: just gaz, checking you out 👁️👁️
---
#CallofDuty #MWII #MW2 #KyleGarrick #Gaz https://t.co/eG0zSCT0kb",1670535195227832320,artimaaaeus,311,0,0,0,0,   a imaaaeus  just gaz  checking you out  callofduty  mwii  mw2  kylegarrick  gaz  s t co eg0zsct0kb,Neutral
233,"RT @artimaaaeus: just gaz, checking you out 👁️👁️
---
#CallofDuty #MWII #MW2 #KyleGarrick #Gaz https://t.co/eG0zSCT0kb",617771243,artimaaaeus,311,0,0,0,0,   a imaaaeus  just gaz  checking you out  callofduty  mwii  mw2  kylegarrick  gaz  s t co eg0zsct0kb,Neutral
234,"RT @AmikoRoyAi: Safe with you

09 #ghostsoap #soapghost #callofduty #MWII https://t.co/wkFuP44Iul",1642534124375224321,AmikoRoyAi,1285,0,0,0,0,   amikoroyai  safe with you 09  ghostsoap  soapghost  callofduty  mwii  s t co wkfup44iul,Negative
235,@CosmoPlayzGG @PlayCODMobile Common knowledge,1265529574840053784,CosmoPlayzGG,0,0,1,0,0, cosmoplayzgg  playcodmobile common knowledge,Negative
236,"わい「レッツ、コシチェイOK？」

自称台湾人「あ？」

わい「コシチェイ。オッケー？」

自称台湾人「んー？」

わい「こ、こしちぇい。」

自称台湾人「。。。」

わい「ピン立てよか。。」

自称台湾人「あー」

(T-T)発音が悪かったんですか。

#MW2
#DMZ",1253135831776129025,**this tweet had been deleted or hidden**,0,1,0,0,0, ok t t mw2 dmz,Negative
237,"RT @AmikoRoyAi: Portable heater

#ghostsoap #soapghost #MWII #callofduty https://t.co/N5zMoHWTaF",1642534124375224321,AmikoRoyAi,942,0,0,0,0,   amikoroyai  po able heater ghostsoap  soapghost  mwii  callofduty  s t co n5zmohwtaf,Negative
238,"RT @alexgscod: Thank you so much for 5k!!! 😊😭🙏
💀❤️🧼

#GhostSoap #SoapGhost #CallOfDuty #MWII https://t.co/3Wsq7SNXj5",1315310585148518401,alexgscod,875,0,0,0,0,   alexgscod  thank you so much for 5k   ghostsoap  soapghost  callofduty  mwii  s t co 3wsq7snxj5,Positive
239,"RT @loneghostwolf88: 8th entry of the beach boy series - Rodolfo 'Rudy' Parra ☀️🏝️ 
#rodolfoparra #CoDRudy #CallofDuty #3DRender #MWII http…",2328978614,loneghostwolf88,154,0,0,0,0,   loneghostwolf88  8th entry of the beach boy series   rodolfo  rudy  parra    rodolfoparra  codrudy  callofduty  3drender  mwii   ,Neutral
240,"Care for a ride?
#MW2 #MWII #GhostSoap #SoapGhost #CallOfDuty #SimonGhostRiley #JohnSoapMactavish https://t.co/OWswsRb1uE",1478319900108079109,**this tweet had been deleted or hidden**,0,0,0,0,0,care for a ride mw2  mwii  ghostsoap  soapghost  callofduty  simonghostriley  johnsoapmactavish  s t co owswsrb1ue,Neutral
241,"RT @loneghostwolf88: 8th entry of the beach boy series - Rodolfo 'Rudy' Parra ☀️🏝️ 
#rodolfoparra #CoDRudy #CallofDuty #3DRender #MWII http…",255137627,loneghostwolf88,154,0,0,0,0,   loneghostwolf88  8th entry of the beach boy series   rodolfo  rudy  parra    rodolfoparra  codrudy  callofduty  3drender  mwii   ,Neutral
242,"RT @loneghostwolf88: ""Back off!"" 
#GhostSoap   #CallofDuty #3DRender  #MWII https://t.co/o6DEF9i0me",1373396556838223876,loneghostwolf88,325,0,0,0,0,   loneghostwolf88   back off   ghostsoap    callofduty  3drender   mwii  s t co o6def9i0me,Negative
243,"RT @loneghostwolf88: ""Back off!"" 
#GhostSoap   #CallofDuty #3DRender  #MWII https://t.co/o6DEF9i0me",1310765827503747072,loneghostwolf88,325,0,0,0,0,   loneghostwolf88   back off   ghostsoap    callofduty  3drender   mwii  s t co o6def9i0me,Negative
244,"Live Now!!!!  #callofduty #warzonelive #battleroyale #Season4 #Vondel #live #stream #Battleroyal2 #mw2 #modernwarfare  #modernwarfare2 #campaign  #warzone #warzone2 #Playstation5 #PS5 #season4reloaded

https://t.co/jWttvJugMt https://t.co/8c3g4bcDJV",1622061990,**this tweet had been deleted or hidden**,0,0,1,0,0,live now    callofduty  warzonelive  battleroyale  season4  vondel  live  stream  battleroyal2  mw2  modernwarfare   modernwarfare2  campaign   warzone  warzone2  playstation5  ps5  season4reloaded  s t co jwttvjugmt  s t co 8c3g4bcdjv,Neutral
245,"RT @artimaaaeus: just gaz, checking you out 👁️👁️
---
#CallofDuty #MWII #MW2 #KyleGarrick #Gaz https://t.co/eG0zSCT0kb",1219821299767422976,artimaaaeus,311,0,0,0,0,   a imaaaeus  just gaz  checking you out  callofduty  mwii  mw2  kylegarrick  gaz  s t co eg0zsct0kb,Neutral
246,"Here's a thought for #cod #mw2 #warzone2 #activision: Test-run a patch before releasing it. The stuttering issue is so obvious, a monkey would have noticed it within seconds... 🙉🙊🙈",2348354263,**this tweet had been deleted or hidden**,0,0,1,0,0,here s a thought for  cod  mw2  warzone2  activision  test run a patch before releasing it  the stuttering issue is so obvious  a monkey would have noticed it within seconds   ,Negative
247,"RT @artimaaaeus: just gaz, checking you out 👁️👁️
---
#CallofDuty #MWII #MW2 #KyleGarrick #Gaz https://t.co/eG0zSCT0kb",1388649885432356867,artimaaaeus,311,0,0,0,0,   a imaaaeus  just gaz  checking you out  callofduty  mwii  mw2  kylegarrick  gaz  s t co eg0zsct0kb,Neutral
248,RT @hestax_: the smell of blood. #König #MW2 #callofduty https://t.co/8ZDBGPZDsp,361679882,hestax_,119,0,0,0,0,   hestax  the smell of blood   k nig  mw2  callofduty  s t co 8zdbgpzdsp,Positive
249,"RT @artimaaaeus: just gaz, checking you out 👁️👁️
---
#CallofDuty #MWII #MW2 #KyleGarrick #Gaz https://t.co/eG0zSCT0kb",2328978614,artimaaaeus,311,0,0,0,0,   a imaaaeus  just gaz  checking you out  callofduty  mwii  mw2  kylegarrick  gaz  s t co eg0zsct0kb,Neutral
250,"@PlayCODMobile @ATVIAssist I need one of y’all mother fuckers to take 10 fucking minutes to tell me why the fuck I’m getting shadow banned so fucking much. 
Shits old bro. 
The last 5 months. Once a fucking week I’m shadowed for days on end. 
I’ve spent a lot of money on this game. Support sucks!!",1153000469259833345,PlayCODMobile,0,0,0,0,0, playcodmobile  atviassist i need one of y all mother fuckers to take 10 fucking minutes to tell me why the fuck i m getting shadow banned so fucking much   shits old bro   the last 5 months  once a fucking week i m shadowed for days on end   i ve spent a lot of money on this game  suppo  sucks ,Negative
251,"RT @artimaaaeus: just gaz, checking you out 👁️👁️
---
#CallofDuty #MWII #MW2 #KyleGarrick #Gaz https://t.co/eG0zSCT0kb",816442102951399424,artimaaaeus,311,0,0,0,0,   a imaaaeus  just gaz  checking you out  callofduty  mwii  mw2  kylegarrick  gaz  s t co eg0zsct0kb,Neutral
252,"RT @artimaaaeus: just gaz, checking you out 👁️👁️
---
#CallofDuty #MWII #MW2 #KyleGarrick #Gaz https://t.co/eG0zSCT0kb",788162726925185024,artimaaaeus,311,0,0,0,0,   a imaaaeus  just gaz  checking you out  callofduty  mwii  mw2  kylegarrick  gaz  s t co eg0zsct0kb,Neutral
253,"Activision e Infinity Ward se utilizando do marketing ""falem bem ou falem mal mas falem de mim"" com essa shotgun nova, é simplesmente a coisa mais absurda da história da franquia, uma shotgun com alcance de fuzil e cadencia de SMG... Vou ficar bem longe do MWII por um tempo.",318749500,**this tweet had been deleted or hidden**,0,0,0,0,0,activision e infinity ward se utilizando do marketing  falem bem ou falem mal mas falem de mim  com essa shotgun nova    simplesmente a coisa mais absurda da hist ria da franquia  uma shotgun com alcance de fuzil e cadencia de smg  vou ficar bem longe do mwii por um tempo ,Neutral
254,"RT @loneghostwolf88: What happens in a locker room, stays in a locker room 
#MWII #CodSoap #CallofDuty #3DRender https://t.co/x9vbK97gRm",255137627,loneghostwolf88,373,0,0,0,0,   loneghostwolf88  what happens in a locker room  stays in a locker room  mwii  codsoap  callofduty  3drender  s t co x9vbk97grm,Neutral
255,"RT @loneghostwolf88: ""Back off!"" 
#GhostSoap   #CallofDuty #3DRender  #MWII https://t.co/o6DEF9i0me",2328978614,loneghostwolf88,325,0,0,0,0,   loneghostwolf88   back off   ghostsoap    callofduty  3drender   mwii  s t co o6def9i0me,Negative
256,Imagine we somehow get a @PlayCODMobile update which entirely upgrades the graphics.,1046773185813913601,PlayCODMobile,0,3,11,0,0,imagine we somehow get a  playcodmobile update which entirely upgrades the graphics ,Negative
257,"RT @loneghostwolf88: 8th entry of the beach boy series - Rodolfo 'Rudy' Parra ☀️🏝️ 
#rodolfoparra #CoDRudy #CallofDuty #3DRender #MWII http…",1645912886085025792,loneghostwolf88,154,0,0,0,0,   loneghostwolf88  8th entry of the beach boy series   rodolfo  rudy  parra    rodolfoparra  codrudy  callofduty  3drender  mwii   ,Neutral
258,"RT @makumakiti032: 【✅本日の最新動画💖📺YouTube限定👀】
DMZ!最新版!保証武器を密輸品にする方法💖クールタイム無効＋おまけ裏技😤

https://t.co/k6rZ1PlVWt

保障武器ってまだ増やせる方法あるのは知ってる？
さてTheBoys…",1596002626432221184,makumakiti032,4,0,0,0,0,   makumakiti032   youtube dmz  s t co k6rz1plvwt theboys ,Neutral
259,"RT @loneghostwolf88: ""Back off!"" 
#GhostSoap   #CallofDuty #3DRender  #MWII https://t.co/o6DEF9i0me",1648044243292770316,loneghostwolf88,325,0,0,0,0,   loneghostwolf88   back off   ghostsoap    callofduty  3drender   mwii  s t co o6def9i0me,Negative
260,"RT @artimaaaeus: just gaz, checking you out 👁️👁️
---
#CallofDuty #MWII #MW2 #KyleGarrick #Gaz https://t.co/eG0zSCT0kb",949507114401128448,artimaaaeus,311,0,0,0,0,   a imaaaeus  just gaz  checking you out  callofduty  mwii  mw2  kylegarrick  gaz  s t co eg0zsct0kb,Neutral
261,Warzone is officially trash. Bring on Mortal Kombat #Warzone2 #Warzone #MortalKombat1 #MortalKombat #CallofDuty,1134207211054555136,**this tweet had been deleted or hidden**,0,0,1,0,0,warzone is officially trash  bring on mo al kombat  warzone2  warzone  mo alkombat1  mo alkombat  callofduty,Negative
262,"フィム・G🧸/🧸🌸/🧸💜/🌺🐿️の投稿動画を楽しみましょう！#TikTok https://t.co/7Kq9HceIn8
cod mw2 dmzエンジョイ勢",1359569428329816066,**this tweet had been deleted or hidden**,0,0,0,0,0, g tiktok  s t co 7kq9hcein8 cod mw2 dmz ,Neutral
263,"RT @loneghostwolf88: ""Back off!"" 
#GhostSoap   #CallofDuty #3DRender  #MWII https://t.co/o6DEF9i0me",331538741,loneghostwolf88,325,0,0,0,0,   loneghostwolf88   back off   ghostsoap    callofduty  3drender   mwii  s t co o6def9i0me,Negative
264,"RT @loneghostwolf88: 8th entry of the beach boy series - Rodolfo 'Rudy' Parra ☀️🏝️ 
#rodolfoparra #CoDRudy #CallofDuty #3DRender #MWII http…",1246455816552509445,loneghostwolf88,154,0,0,0,0,   loneghostwolf88  8th entry of the beach boy series   rodolfo  rudy  parra    rodolfoparra  codrudy  callofduty  3drender  mwii   ,Neutral
265,"RT @loneghostwolf88: 8th entry of the beach boy series - Rodolfo 'Rudy' Parra ☀️🏝️ 
#rodolfoparra #CoDRudy #CallofDuty #3DRender #MWII http…",1429231230738862080,loneghostwolf88,154,0,0,0,0,   loneghostwolf88  8th entry of the beach boy series   rodolfo  rudy  parra    rodolfoparra  codrudy  callofduty  3drender  mwii   ,Neutral
266,"RT @artimaaaeus: just gaz, checking you out 👁️👁️
---
#CallofDuty #MWII #MW2 #KyleGarrick #Gaz https://t.co/eG0zSCT0kb",1402431212791250946,artimaaaeus,311,0,0,0,0,   a imaaaeus  just gaz  checking you out  callofduty  mwii  mw2  kylegarrick  gaz  s t co eg0zsct0kb,Neutral
267,"RT @loneghostwolf88: 8th entry of the beach boy series - Rodolfo 'Rudy' Parra ☀️🏝️ 
#rodolfoparra #CoDRudy #CallofDuty #3DRender #MWII http…",1069761984768303105,loneghostwolf88,154,0,0,0,0,   loneghostwolf88  8th entry of the beach boy series   rodolfo  rudy  parra    rodolfoparra  codrudy  callofduty  3drender  mwii   ,Neutral
268,"RT @loneghostwolf88: ""Back off!"" 
#GhostSoap   #CallofDuty #3DRender  #MWII https://t.co/o6DEF9i0me",1396668562610212866,loneghostwolf88,325,0,0,0,0,   loneghostwolf88   back off   ghostsoap    callofduty  3drender   mwii  s t co o6def9i0me,Negative
269,Best 🥷🏽 Without A Zen (Episode 3) SUBSCRIBE To Me On YouTube Now‼️”RedHandedTV” Like &amp; Comment Below! Follow All Socials &amp; Purchase MERCH https://t.co/LIHaXAwOtZ #callofduty #Warzone2 #modernwarfare2 #Gaming #CheckItOutGang #redhandedtv #linkinbio https://t.co/e7GyYOJ3Hq,1631442495358787585,**this tweet had been deleted or hidden**,0,0,1,0,0,best   without a zen  episode 3  subscribe to me on youtube now redhandedtv  like  amp  comment below  follow all socials  amp  purchase merch  s t co lihaxawotz  callofduty  warzone2  modernwarfare2  gaming  checkitoutgang  redhandedtv  linkinbio  s t co e7gyyoj3hq,Neutral
270,@Itsvinicio @MiguelCM1 @TD_Gio789 @TribeGaming @PlayCODMobile @ESLCODM :c,1315858154689888257,Itsvinicio,0,0,0,0,0, itsvinicio  miguelcm1  td gio789  tribegaming  playcodmobile  eslcodm  c,Neutral
271,"RT @loneghostwolf88: ""Back off!"" 
#GhostSoap   #CallofDuty #3DRender  #MWII https://t.co/o6DEF9i0me",1415879481378545665,loneghostwolf88,325,0,0,0,0,   loneghostwolf88   back off   ghostsoap    callofduty  3drender   mwii  s t co o6def9i0me,Negative
272,"RT @loneghostwolf88: 8th entry of the beach boy series - Rodolfo 'Rudy' Parra ☀️🏝️ 
#rodolfoparra #CoDRudy #CallofDuty #3DRender #MWII http…",1354257493879377923,loneghostwolf88,154,0,0,0,0,   loneghostwolf88  8th entry of the beach boy series   rodolfo  rudy  parra    rodolfoparra  codrudy  callofduty  3drender  mwii   ,Neutral
273,"Even though the gameplay remains incredibly fun, #CallOfDuty #COD is not in a good place for a lot of reasons. #VideoGames #CODMW2 #Warzone2

 https://t.co/uS8hn02zWo",723532208179404800,**this tweet had been deleted or hidden**,0,0,1,0,0,even though the gameplay remains incredibly fun   callofduty  cod is not in a good place for a lot of reasons   videogames  codmw2  warzone2   s t co us8hn02zwo,Positive
274,"RT @loneghostwolf88: ""Back off!"" 
#GhostSoap   #CallofDuty #3DRender  #MWII https://t.co/o6DEF9i0me",1437463053151338501,loneghostwolf88,325,0,0,0,0,   loneghostwolf88   back off   ghostsoap    callofduty  3drender   mwii  s t co o6def9i0me,Negative
275,@Rodri2410z @MiguelCM1 @TD_Gio789 @TribeGaming @PlayCODMobile @ESLCODM Es que ahora el miki te odia we :(,780180157982179329,Rodri2410z,0,1,1,0,0, rodri2410z  miguelcm1  td gio789  tribegaming  playcodmobile  eslcodm es que ahora el miki te odia we  ,Negative
276,"RT @artimaaaeus: just gaz, checking you out 👁️👁️
---
#CallofDuty #MWII #MW2 #KyleGarrick #Gaz https://t.co/eG0zSCT0kb",1412546766684266502,artimaaaeus,311,0,0,0,0,   a imaaaeus  just gaz  checking you out  callofduty  mwii  mw2  kylegarrick  gaz  s t co eg0zsct0kb,Neutral
277,"RT @artimaaaeus: just gaz, checking you out 👁️👁️
---
#CallofDuty #MWII #MW2 #KyleGarrick #Gaz https://t.co/eG0zSCT0kb",1220054389299318784,artimaaaeus,311,0,0,0,0,   a imaaaeus  just gaz  checking you out  callofduty  mwii  mw2  kylegarrick  gaz  s t co eg0zsct0kb,Neutral
278,RT @Jzambardino41: 🚨Im LIVE Now!🚨Not Sure What im Playing But Im LIVE LOL | Come through and chill with me! https://t.co/yrRnk2Jfx6 | #Warz…,1298166861469822976,Jzambardino41,3,0,0,0,0,   jzambardino41   im live now not sure what im playing but im live lol   come through and chill with me   s t co yrrnk2jfx6    warz ,Neutral
279,MW2ホームランダーかブラックノワールどっち買おうかな〜 https://t.co/GVvX2nK5EW,1639831535678541826,**this tweet had been deleted or hidden**,0,0,1,0,0,mw2   s t co gvvx2nk5ew,Neutral
280,@Itsvinicio @MiguelCM1 @TD_Gio789 @TribeGaming @PlayCODMobile @ESLCODM Wey no esperan no mames,1315858154689888257,Itsvinicio,0,1,1,0,0, itsvinicio  miguelcm1  td gio789  tribegaming  playcodmobile  eslcodm wey no esperan no mames,Negative
281,"RT @RippedMinds: 1v4 #RankedPlay SND! (my mic audio is muted in OBS for some reason but yeah man!) 
#EnduranceEsports | #CallofDuty | #MWII…",1298166861469822976,RippedMinds,6,0,0,0,0,   rippedminds  1v4  rankedplay snd   my mic audio is muted in obs for some reason but yeah man   enduranceespo s    callofduty    mwii ,Negative
282,"RT @witchmeetsevil: just soft quiet kisses ❤️

#ghostsoap #ghoap #callofduty #CoD #MWII https://t.co/TfOi2Wy4fj",229579575,witchmeetsevil,858,0,0,0,0,   witchmeetsevil  just soft quiet kisses  ghostsoap  ghoap  callofduty  cod  mwii  s t co tfoi2wy4fj,Neutral
283,"@Activision @Activision @InfinityWard
You are Scammers! 
Give my money back or unlock my account!

My account Warzone 2 MW2  was banned with no reason.

I didn't use any unauthorized software or any cheat programs. This is not fair! I paid money for this game and didn't break any rules!",1639180793971867648,Activision,0,10,9,9,0, activision  activision  infinityward you are scammers   give my money back or unlock my account my account warzone 2 mw2  was banned with no reason i didn t use any unauthorized software or any cheat programs  this is not fair  i paid money for this game and didn t break any rules ,Negative
284,"New Youtube Video!

https://t.co/QHnypI1pry

#CallofDuty #CallofDutyModernWarfare2 #ModernWarfare2 #Warzone2 #KickStreamer #KickStreaming #KickStream #YouTube https://t.co/OL0wLMeLUp",801713526905667584,**this tweet had been deleted or hidden**,0,0,1,0,0,new youtube video  s t co qhnypi1pry callofduty  callofdutymodernwarfare2  modernwarfare2  warzone2  kickstreamer  kickstreaming  kickstream  youtube  s t co ol0wlmelup,Neutral
285,@Activision if you hire me I will save MW2 I've played all the cods so I'm a good pick https://t.co/e1h9RryhdA,1596985667136937985,Activision,0,0,0,0,0, activision if you hire me i will save mw2 i ve played all the cods so i m a good pick  s t co e1h9rryhda,Positive
286,"RT @loneghostwolf88: ""Back off!"" 
#GhostSoap   #CallofDuty #3DRender  #MWII https://t.co/o6DEF9i0me",1654793609840058368,loneghostwolf88,325,0,0,0,0,   loneghostwolf88   back off   ghostsoap    callofduty  3drender   mwii  s t co o6def9i0me,Negative
287,Been playing OG MW2 and I couldn’t be happier. #CallofDuty #OGMW2,1667122114627764224,**this tweet had been deleted or hidden**,0,0,1,0,0,been playing og mw2 and i couldn t be happier   callofduty  ogmw2,Positive
288,"RT @loneghostwolf88: ""Back off!"" 
#GhostSoap   #CallofDuty #3DRender  #MWII https://t.co/o6DEF9i0me",1305905036661272576,loneghostwolf88,325,0,0,0,0,   loneghostwolf88   back off   ghostsoap    callofduty  3drender   mwii  s t co o6def9i0me,Negative
289,"RT @artimaaaeus: just gaz, checking you out 👁️👁️
---
#CallofDuty #MWII #MW2 #KyleGarrick #Gaz https://t.co/eG0zSCT0kb",913771083651788800,artimaaaeus,311,0,0,0,0,   a imaaaeus  just gaz  checking you out  callofduty  mwii  mw2  kylegarrick  gaz  s t co eg0zsct0kb,Neutral
290,"RT @PescaroDB: With the #CDL2023 Season in the rearview mirror, can we all agree that the Vaznev/TAQ-56 meta was the most boring we've had…",963661894325284864,PescaroDB,16,0,0,0,0,   pescarodb  with the  cdl2023 season in the rearview mirror  can we all agree that the vaznev taq 56 meta was the most boring we ve had ,Negative
291,"RT @artimaaaeus: just gaz, checking you out 👁️👁️
---
#CallofDuty #MWII #MW2 #KyleGarrick #Gaz https://t.co/eG0zSCT0kb",1416922100133105669,artimaaaeus,311,0,0,0,0,   a imaaaeus  just gaz  checking you out  callofduty  mwii  mw2  kylegarrick  gaz  s t co eg0zsct0kb,Neutral
292,"RT @SakeinsGaming: #Warzone2 PC players are having serious performance issues after this week’s update
https://t.co/ZZkNuwwIR9

#games #Gam…",1598751608237588491,SakeinsGaming,5,0,0,0,0,   sakeinsgaming   warzone2 pc players are having serious performance issues after this week s update  s t co zzknuwwir9 games  gam ,Neutral
293,"RT @artimaaaeus: just gaz, checking you out 👁️👁️
---
#CallofDuty #MWII #MW2 #KyleGarrick #Gaz https://t.co/eG0zSCT0kb",1628047161727279108,artimaaaeus,311,0,0,0,0,   a imaaaeus  just gaz  checking you out  callofduty  mwii  mw2  kylegarrick  gaz  s t co eg0zsct0kb,Neutral
294,"RT @CODmwfeed: One #ModernWarfare2                #PS5 bundle to give away. To enter follow the steps below.💜

Follow+❤+♻️+Comment
#CallofD…",1596983576796471298,CODmwfeed,296,0,0,0,0,   codmwfeed  one  modernwarfare2   ps5 bundle to give away  to enter follow the steps below follow comment callofd ,Neutral
295,"RT @artimaaaeus: just gaz, checking you out 👁️👁️
---
#CallofDuty #MWII #MW2 #KyleGarrick #Gaz https://t.co/eG0zSCT0kb",1677820716031385604,artimaaaeus,311,0,0,0,0,   a imaaaeus  just gaz  checking you out  callofduty  mwii  mw2  kylegarrick  gaz  s t co eg0zsct0kb,Neutral
296,"@ModernWarzone Taking into account all the shitty decisions from Activision recently (I could not fathom it would get to be as bad as this), MWII",1614413612696707072,ModernWarzone,0,0,0,0,0, modernwarzone taking into account all the shitty decisions from activision recently  i could not fathom it would get to be as bad as this  mwii,Negative
297,"RT @artimaaaeus: just gaz, checking you out 👁️👁️
---
#CallofDuty #MWII #MW2 #KyleGarrick #Gaz https://t.co/eG0zSCT0kb",1607156639207149568,artimaaaeus,311,0,0,0,0,   a imaaaeus  just gaz  checking you out  callofduty  mwii  mw2  kylegarrick  gaz  s t co eg0zsct0kb,Neutral
298,"3rd Person Swords flex 

#ShareFactoryStudio #PS5Share #callofdutymodernwarfare2 #codmw2 #MW2 #activision #Playstation #swords #Gaming #W #twitter https://t.co/9cedeoZiQp",1362499393975443456,**this tweet had been deleted or hidden**,0,0,1,0,0,3rd person swords flex  sharefactorystudio  ps5share  callofdutymodernwarfare2  codmw2  mw2  activision  playstation  swords  gaming  w  twitter  s t co 9cedeoziqp,Neutral
299,"RT @loneghostwolf88: ""Back off!"" 
#GhostSoap   #CallofDuty #3DRender  #MWII https://t.co/o6DEF9i0me",1429231230738862080,loneghostwolf88,325,0,0,0,0,   loneghostwolf88   back off   ghostsoap    callofduty  3drender   mwii  s t co o6def9i0me,Negative
