,author_id,text,username,retweet,reply,like,quote,bookmark,lower,sentiment
0,1604228586919133185,"RT @alexgscod: What LT sees 💀🖤🧼
(+nsfw variants on patreon)

#GhostSoap #SoapGhost #CallOfDuty #MW2 https://t.co/0KxKQEGblR",alexgscod,395,0,0,0,0,   alexgscod  what lt sees  nsfw variants on patreon ghostsoap  soapghost  callofduty  mw2  s t co 0kxkqegblr,Negative
1,1555927142571118594,"RT @BettyBRenders: 👑 Such a mess, Babyboy. 😌

#König #Koenig #KönigMW2 #MW2 #MWII #CallofDutyModernWarfare2 #CallofDuty https://t.co/aO4AhU…",BettyBRenders,452,0,0,0,0,   bettybrenders    such a mess  babyboy   k nig  koenig  k nigmw2  mw2  mwii  callofdutymodernwarfare2  callofduty  s t co ao4ahu ,Negative
2,1482723983720132609,RT @Lictor_GD: #укррайт #укрфанфікшн #укрслеш #SoapGhost #GhostSoap #soapmactavish #SimonGhostRiley #ghostmw2 #soapmw2 #CallOfDuty #MW2 @uk…,Lictor_GD,7,0,0,0,0,   lictor gd         soapghost  ghostsoap  soapmactavish  simonghostriley  ghostmw2  soapmw2  callofduty  mw2  uk ,Neutral
3,1217345485847121920,RT @BrevTk: Awareness got me accused smh #CDL2023 @CDCUpdate @CODLeague @OMiTGG @DecimateGG @ConvoyGamingPro @OfficiallyM7 @OfficialTeamWaR…,BrevTk,1,0,0,0,0,   brevtk  awareness got me accused smh  cdl2023  cdcupdate  codleague  omitgg  decimategg  convoygamingpro  officiallym7  officialteamwar ,Negative
4,1526421521304018945,"RT @nickjmartineau: What are Horangi stans called?

#horangi #callofduty #mw2",nickjmartineau,139,0,0,0,0,   nickjma ineau  what are horangi stans called horangi  callofduty  mw2,Negative
5,469509775,"RT @nickjmartineau: What are Horangi stans called?

#horangi #callofduty #mw2",nickjmartineau,139,0,0,0,0,   nickjma ineau  what are horangi stans called horangi  callofduty  mw2,Negative
6,1284001122122752000,"RT @loneghostwolf88: 7th entry of the beach boy series - Alejandro Vargas ☀️📷  🏝️
#alejandrovargas #CoDAlejandro #CallofDuty #3DRender #MWI…",loneghostwolf88,246,0,0,0,0,   loneghostwolf88  7th entry of the beach boy series   alejandro vargas     alejandrovargas  codalejandro  callofduty  3drender  mwi ,Neutral
7,1348598404750864390,"RT @yumecore: Lt. // focus
#CallofDuty #MWII #SimonGhostRiley https://t.co/C97Os6Os8L",yumecore,102,0,0,0,0,   yumecore  lt    focus callofduty  mwii  simonghostriley  s t co c97os6os8l,Neutral
8,1195060819031019520,"RT @CDLHypeSquad: To The CoD Community, Thanks For a Great Season. 

Coming Soon... 
#CDL2023 💛 https://t.co/23gzDzUNSt",CDLHypeSquad,25,0,0,0,0,   cdlhypesquad  to the cod community  thanks for a great season   coming soon   cdl2023    s t co 23gzdzunst,Positive
9,1612807321176141825,"RT @Hopefulonion: Very important tutorial ‼️
#mw2 #callofduty #ghostsoap #soapghost https://t.co/F9bkWPB4sf",Hopefulonion,552,0,0,0,0,   hopefulonion  very impo ant tutorial  mw2  callofduty  ghostsoap  soapghost  s t co f9bkwpb4sf,Neutral
10,1470272695220596738,@PlayCODMobile If I use express vpn in china to play codm global will I get banned?,PlayCODMobile,0,0,0,0,0, playcodmobile if i use express vpn in china to play codm global will i get banned ,Irrelevant
11,1341710940039860225,"RT @AmikoRoyAi: Preview of my drawing for @CoDFanZine 🥰

#callofduty #MWII #CoDZineSneakPeak https://t.co/8qUEEedigb",AmikoRoyAi,236,0,0,0,0,   amikoroyai  preview of my drawing for  codfanzine  callofduty  mwii  codzinesneakpeak  s t co 8queeedigb,Neutral
12,1304956607751577600,@TheCassiniJohn @PlayCODMobile John you're cool and all but this is just a png of nothing,TheCassiniJohn,0,0,0,0,0, thecassinijohn  playcodmobile john you re cool and all but this is just a png of nothing,Positive
13,3435035052,"動画の宣伝だよ(/・ω・)/

DMZのプロが作成したソロ専最強ARが強すぎる...あまり広めないで下さい【COD:MW2/最強武器】 https://t.co/cA5WTXtPS2 https://t.co/7UAUSNK0zc",**this tweet had been deleted or hidden**,1,0,20,0,0, dmz ar cod mw2   s t co ca5wtxtps2  s t co 7uausnk0zc,Neutral
14,1655762764772569088,RT @661ave: #JohnPrice #CaptainPrice #MWII #MW2 #CallofDuty https://t.co/sdOdCzsFZS,661ave,426,0,0,0,0,   661ave   johnprice  captainprice  mwii  mw2  callofduty  s t co sdodczsfzs,Neutral
15,128076753,"@PlayCODMobile Final Boss' Vibe, who's the winner? #templar https://t.co/7GM7T42urj",PlayCODMobile,0,0,0,0,0, playcodmobile final boss  vibe  who s the winner   templar  s t co 7gm7t42urj,Positive
16,1284001122122752000,"RT @yumecore: Lt. // focus
#CallofDuty #MWII #SimonGhostRiley https://t.co/C97Os6Os8L",yumecore,102,0,0,0,0,   yumecore  lt    focus callofduty  mwii  simonghostriley  s t co c97os6os8l,Neutral
17,1512468366027538438,RT @CallofDutyUK: It's time to fight like a hero. Season 04 Reloaded drops July 12 in Call of Duty #Warzone and #MWII 👉 https://t.co/EicHn4…,CallofDutyUK,37,0,0,0,0,   callofdutyuk  it s time to fight like a hero  season 04 reloaded drops july 12 in call of duty  warzone and  mwii    s t co eichn4 ,Irrelevant
18,1219175652013871104,Kefster is live on twitch!! don't miss it https://t.co/LU3uMLkvO5 #warzone #warzone2 #warzonenl #twitchstreamer #pro #nuke #cod #callofduty #bestplayer #smallstreamer #bigstreamer,**this tweet had been deleted or hidden**,0,0,0,0,0,kefster is live on twitch  don t miss it  s t co lu3umlkvo5  warzone  warzone2  warzonenl  twitchstreamer  pro  nuke  cod  callofduty  bestplayer  smallstreamer  bigstreamer,Neutral
19,1582875395849789440,@PAVEL_CODM @PlayCODMobile Do you understand that if Microsoft acquires Activision? CODM will be phased out for Warzone Mobile?,PAVEL_CODM,0,0,0,0,0, pavel codm  playcodmobile do you understand that if microsoft acquires activision  codm will be phased out for warzone mobile ,Negative
20,1615637256106135553,"RT @BettyBRenders: 🦿…but never giving up

#Alex #AlexKeller #AlexMW2 #MW2 #MWII #CallofDutyModernWarfare2 #CallofDuty https://t.co/f15lltBJ…",BettyBRenders,25,0,0,0,0,   bettybrenders   but never giving up alex  alexkeller  alexmw2  mw2  mwii  callofdutymodernwarfare2  callofduty  s t co f15lltbj ,Negative
21,31659483,"RT @Johnny_k1802: Hi everyone uploaded a new video using @BuffNerdGaming1 AKS-74U conversion
Hope you enjoy
https://t.co/AMFWE4tIm1
#Callof…",Johnny_k1802,2,0,0,0,0,   johnny k1802  hi everyone uploaded a new video using  buffnerdgaming1 aks 74u conversion hope you enjoy  s t co amfwe4tim1 callof ,Neutral
22,1671728773941821441,"RT @loneghostwolf88: Soap - Red team 
#MWII #CodSoap #CallofDuty #3DRender https://t.co/UHcYWD3c6e",loneghostwolf88,129,0,0,0,0,   loneghostwolf88  soap   red team  mwii  codsoap  callofduty  3drender  s t co uhcywd3c6e,Neutral
23,840235944,"RT @loneghostwolf88: Soap - Red team 
#MWII #CodSoap #CallofDuty #3DRender https://t.co/UHcYWD3c6e",loneghostwolf88,129,0,0,0,0,   loneghostwolf88  soap   red team  mwii  codsoap  callofduty  3drender  s t co uhcywd3c6e,Neutral
24,2723551382,"RT @loneghostwolf88: Soap - Red team 
#MWII #CodSoap #CallofDuty #3DRender https://t.co/UHcYWD3c6e",loneghostwolf88,129,0,0,0,0,   loneghostwolf88  soap   red team  mwii  codsoap  callofduty  3drender  s t co uhcywd3c6e,Neutral
25,254612355,"RT @ItzChazZ_: First rip on some quick play in about two months now 😅 #MW2 #CallofDuty 
•

Be sure to check out our Org’s sponsors, and use…",ItzChazZ_,3,0,0,0,0,   itzchazz  first rip on some quick play in about two months now    mw2  callofduty  be sure to check out our org s sponsors  and use ,Neutral
26,3728870584,New vid  #CallOfDuty #MW2 #Season4 #Warzone #TikTok https://t.co/D6M6wSW4Zo,**this tweet had been deleted or hidden**,0,0,1,0,0,new vid   callofduty  mw2  season4  warzone  tiktok  s t co d6m6wsw4zo,Neutral
27,2922673573,RT @UpperDeckEsprts: If you have collected all of the #CDL2023 Game Dated Moments cards and redeemed for the 6 Major Auto Achievement cards…,UpperDeckEsprts,1,0,0,0,0,   upperdeckesp s  if you have collected all of the  cdl2023 game dated moments cards and redeemed for the 6 major auto achievement cards ,Neutral
28,1600267983791837185,RT @simulacra098: Alejandro after Soap and Ghost broke him out of Shadow Company's captivity  #CallofDuty #MW2 https://t.co/W2CgllLDh1,simulacra098,289,0,0,0,0,   simulacra098  alejandro after soap and ghost broke him out of shadow company s captivity   callofduty  mw2  s t co w2cgllldh1,Negative
29,1481664871062196231,"RT @AmikoRoyAi: Preview of my drawing for @CoDFanZine 🥰

#callofduty #MWII #CoDZineSneakPeak https://t.co/8qUEEedigb",AmikoRoyAi,236,0,0,0,0,   amikoroyai  preview of my drawing for  codfanzine  callofduty  mwii  codzinesneakpeak  s t co 8queeedigb,Neutral
30,1528476509303762944,"RT @puchipurin: 見た目ヤバいの追加されるw

#Warzone2
#CoD

 https://t.co/3e9X3S5POw",puchipurin,43,0,0,0,0,   puchipurin   w warzone2 cod   s t co 3e9x3s5pow,Neutral
31,1470790439590633474,"RT @loneghostwolf88: Soap - Red team 
#MWII #CodSoap #CallofDuty #3DRender https://t.co/UHcYWD3c6e",loneghostwolf88,129,0,0,0,0,   loneghostwolf88  soap   red team  mwii  codsoap  callofduty  3drender  s t co uhcywd3c6e,Neutral
32,1540820089603252225,RT @Vefor_: uploaded the other day if you missed it. #montage #callofduty #blackopscoldwar #ModernWarfare2 #ModernWarfareII #MW2 #MWII #mod…,Vefor_,1,0,0,0,0,   vefor  uploaded the other day if you missed it   montage  callofduty  blackopscoldwar  modernwarfare2  modernwarfareii  mw2  mwii  mod ,Positive
33,1615637256106135553,"RT @BettyBRenders: 🦿Broken…

#Alex #alexkeller #AlexMW2 #MW2 #MWII #CallofDutyModernWarfare2 #CallofDuty https://t.co/KVsDNZeil9",BettyBRenders,112,0,0,0,0,   bettybrenders   broken alex  alexkeller  alexmw2  mw2  mwii  callofdutymodernwarfare2  callofduty  s t co kvsdnzeil9,Negative
34,1427430673481011200,"#MW2
DMZの民度が、よく分からん。

ケース1
SUVで任務先(潜水艦に追跡装置仕掛ける任務）に通りかかった俺氏、他チームに倒される。アル･マズラ

ケース2
偶々、敵Ｐと遭遇したけど至近距離で睨み合い（フレ送信済）してお互いに発砲無しで行きたい所に通り過ぎる。アシカ島 https://t.co/QDW9rDF8G8",**this tweet had been deleted or hidden**,0,2,7,0,0, mw2 dmz 1 suv 2   s t co qdw9rdf8g8,Neutral
35,218801591,"RT @puchipurin: 見た目ヤバいの追加されるw

#Warzone2
#CoD

 https://t.co/3e9X3S5POw",puchipurin,43,0,0,0,0,   puchipurin   w warzone2 cod   s t co 3e9x3s5pow,Neutral
36,1484741667601240069,Awareness got me accused smh #CDL2023 @CDCUpdate @CODLeague @OMiTGG @DecimateGG @ConvoyGamingPro @OfficiallyM7 @OfficialTeamWaR @OrbitGG @NrkAnarky https://t.co/JWTpip5FnO,CDCUpdate,1,0,5,0,0,awareness got me accused smh  cdl2023  cdcupdate  codleague  omitgg  decimategg  convoygamingpro  officiallym7  officialteamwar  orbitgg  nrkanarky  s t co jwtpip5fno,Neutral
37,1140406460129693697,"RT @aphasia4fog: Idk, did he really use a T-shirt as a mask?
#König
#MWII 
#CallofDuty https://t.co/4Yv9JGtNal",aphasia4fog,224,0,0,0,0,   aphasia4fog  idk  did he really use a t shi  as a mask k nig mwii  callofduty  s t co 4yv9jgtnal,Neutral
38,1340571337526415360,Me looking into the universe where Infinity Ward put Zombies to MWII instead of Special Ops https://t.co/XUIHZatuj5,**this tweet had been deleted or hidden**,0,1,0,0,0,me looking into the universe where infinity ward put zombies to mwii instead of special ops  s t co xuihzatuj5,Neutral
39,1514527067647451136,"RT @AmikoRoyAi: Preview of my drawing for @CoDFanZine 🥰

#callofduty #MWII #CoDZineSneakPeak https://t.co/8qUEEedigb",AmikoRoyAi,236,0,0,0,0,   amikoroyai  preview of my drawing for  codfanzine  callofduty  mwii  codzinesneakpeak  s t co 8queeedigb,Neutral
40,1557031269527060483,RT @Lictor_GD: #укррайт #укрфанфікшн #укрслеш #SoapGhost #GhostSoap #soapmactavish #SimonGhostRiley #ghostmw2 #soapmw2 #CallOfDuty #MW2 @uk…,Lictor_GD,7,0,0,0,0,   lictor gd         soapghost  ghostsoap  soapmactavish  simonghostriley  ghostmw2  soapmw2  callofduty  mw2  uk ,Neutral
41,744532960527867908,"RT @puchipurin: 見た目ヤバいの追加されるw

#Warzone2
#CoD

 https://t.co/3e9X3S5POw",puchipurin,43,0,0,0,0,   puchipurin   w warzone2 cod   s t co 3e9x3s5pow,Neutral
42,1586076198240911360,"RT @puchipurin: 見た目ヤバいの追加されるw

#Warzone2
#CoD

 https://t.co/3e9X3S5POw",puchipurin,43,0,0,0,0,   puchipurin   w warzone2 cod   s t co 3e9x3s5pow,Neutral
43,1532385930862010368,"Hi ihr Raketen, 
bin wieder live für euch auf twitch!! Schaut gerne vorbei!
https://t.co/9ujdyMZBCa
#twitchDE #twitchtv #twitchstreamer #twitchaffiliate #twitchmoments #smallstreamer #twitchgermany #callofduty #community #mw2 #twitchclips",**this tweet had been deleted or hidden**,0,0,2,0,0,hi ihr raketen   bin wieder live f r euch auf twitch  schaut gerne vorbei  s t co 9ujdymzbca twitchde  twitchtv  twitchstreamer  twitchaffiliate  twitchmoments  smallstreamer  twitchgermany  callofduty  community  mw2  twitchclips,Irrelevant
44,1002199082197307392,"I got called a cheater on MW2 for this gameplay , check it out ! #ModernWarfare2 #ModernWarfareII #MW2 https://t.co/R2ckVJqrfm",**this tweet had been deleted or hidden**,0,0,0,0,0,i got called a cheater on mw2 for this gameplay   check it out    modernwarfare2  modernwarfareii  mw2  s t co r2ckvjqrfm,Neutral
45,1498694497429069832,"@PlayCODMobile Dear call of duty mobile account, I have a question, do you think the Lk24 crimson royal box or lot will come back? https://t.co/lN16KiZdOL",PlayCODMobile,0,0,0,0,0, playcodmobile dear call of duty mobile account  i have a question  do you think the lk24 crimson royal box or lot will come back   s t co ln16kizdol,Negative
46,1470790439590633474,RT @661ave: #Ghost #SimonGhostRiley #CallOfDuty #MWII #MW2 https://t.co/9FXEq9ZwyS,661ave,427,0,0,0,0,   661ave   ghost  simonghostriley  callofduty  mwii  mw2  s t co 9fxeq9zwys,Neutral
47,1256484013952233472,@CallofDuty this a low blow 💀 @XboxP3 @InfinityWard @Treyarch @RavenSoftware @SHGames @CallofDuty @BeenoxCODPC @demonware @HighMoonStudios @ToysForBob @CODLeague @CallofDutyUK @kcaaj @JoeCecot @ElonMusk #Warzone #DMZ #MWII 💀 https://t.co/dmnocAfNVz,CallofDuty,0,2,0,1,0, callofduty this a low blow    xboxp3  infinityward  treyarch  ravensoftware  shgames  callofduty  beenoxcodpc  demonware  highmoonstudios  toysforbob  codleague  callofdutyuk  kcaaj  joececot  elonmusk  warzone  dmz  mwii    s t co dmnocafnvz,Negative
48,1671163755252830210,"RT @AmikoRoyAi: Preview of my drawing for @CoDFanZine 🥰

#callofduty #MWII #CoDZineSneakPeak https://t.co/8qUEEedigb",AmikoRoyAi,236,0,0,0,0,   amikoroyai  preview of my drawing for  codfanzine  callofduty  mwii  codzinesneakpeak  s t co 8queeedigb,Neutral
49,1470790439590633474,"RT @loneghostwolf88: 7th entry of the beach boy series - Alejandro Vargas ☀️📷  🏝️
#alejandrovargas #CoDAlejandro #CallofDuty #3DRender #MWI…",loneghostwolf88,246,0,0,0,0,   loneghostwolf88  7th entry of the beach boy series   alejandro vargas     alejandrovargas  codalejandro  callofduty  3drender  mwi ,Neutral
50,1203810420034809858,RT @Lictor_GD: #укррайт #укрфанфікшн #укрслеш #SoapGhost #GhostSoap #soapmactavish #SimonGhostRiley #ghostmw2 #soapmw2 #CallOfDuty #MW2 @uk…,Lictor_GD,7,0,0,0,0,   lictor gd         soapghost  ghostsoap  soapmactavish  simonghostriley  ghostmw2  soapmw2  callofduty  mw2  uk ,Neutral
51,1269680584407867392,"RT @colin_3dart: König - Smile

Inspired by @Tava_tavatic's work 😀

#Konig #callofduty #könig #CallofDutyModernWarfare2 #Warzone2 #mwii #Mo…",colin_3dart,234,0,0,0,0,   colin 3da   k nig   smile inspired by  tava tavatic s work  konig  callofduty  k nig  callofdutymodernwarfare2  warzone2  mwii  mo ,Positive
52,1660293391920291841,"RT @AmikoRoyAi: Safe with you

09 #ghostsoap #soapghost #callofduty #MWII https://t.co/wkFuP44Iul",AmikoRoyAi,1285,0,0,0,0,   amikoroyai  safe with you 09  ghostsoap  soapghost  callofduty  mwii  s t co wkfup44iul,Negative
53,1660293391920291841,"RT @AmikoRoyAi: Preview of my drawing for @CoDFanZine 🥰

#callofduty #MWII #CoDZineSneakPeak https://t.co/8qUEEedigb",AmikoRoyAi,236,0,0,0,0,   amikoroyai  preview of my drawing for  codfanzine  callofduty  mwii  codzinesneakpeak  s t co 8queeedigb,Neutral
54,1372502539476758529,"RT @codontwt: Even you now Farrah? 

#CallofDuty 
#ModernWarfare2 
#ModernWarfareII 
#MW2 
#FarAlex
#Farahmw
#Alexmw https://t.co/OjHtHmY5UI",codontwt,51,0,0,0,0,   codontwt  even you now farrah   callofduty  modernwarfare2  modernwarfareii  mw2  faralex farahmw alexmw  s t co ojhthmy5ui,Negative
55,1621032577367687171,"@GhostTw1tter @PlayCODMobile Activision is really bad, Microsoft should buy them soon.Then GARENA GLOBAL LET ALL SERVERS BECOME ONE https://t.co/0Q03hhS4iv",GhostTw1tter,0,1,0,0,0, ghosttw1tter  playcodmobile activision is really bad  microsoft should buy them soon then garena global let all servers become one  s t co 0q03hhs4iv,Negative
56,1507103401481490444,RT @Lictor_GD: #укррайт #укрфанфікшн #укрслеш #SoapGhost #GhostSoap #soapmactavish #SimonGhostRiley #ghostmw2 #soapmw2 #CallOfDuty #MW2 @uk…,Lictor_GD,7,0,0,0,0,   lictor gd         soapghost  ghostsoap  soapmactavish  simonghostriley  ghostmw2  soapmw2  callofduty  mw2  uk ,Neutral
57,1456682221239218181,"#укррайт #укрфанфікшн #укрслеш #SoapGhost #GhostSoap #soapmactavish #SimonGhostRiley #ghostmw2 #soapmw2 #CallOfDuty #MW2 @ukrfanficshn @ua_slash

Привид отримав несподівані гарні новини, і ввечері його чекає вечірка на його честь. Але спочатку у нього є набагато менш приємна ⬇️ https://t.co/2TdN4TH2iv",ukrfanficshn,7,1,24,0,2,       soapghost  ghostsoap  soapmactavish  simonghostriley  ghostmw2  soapmw2  callofduty  mw2  ukrfanficshn  ua slash                                             s t co 2tdn4th2iv,Neutral
58,1501281960680853510,Can’t be stopped #vondel #pinktape #gaming #mw2 #warzone #warzone2 #Ukraine #CallofDuty https://t.co/22l0apj2wM,**this tweet had been deleted or hidden**,0,0,1,0,0,can t be stopped  vondel  pinktape  gaming  mw2  warzone  warzone2  ukraine  callofduty  s t co 22l0apj2wm,Positive
59,804815831582568449,"RT @PlayCODMobile: Armada, but bigger. There’s more than meets the eye with Ground War: Armada! Live now in Season 6 🚢 https://t.co/bAfHHdE…",PlayCODMobile,31,0,0,0,0,   playcodmobile  armada  but bigger  there s more than meets the eye with ground war  armada  live now in season 6    s t co bafhhde ,Neutral
60,1042388458772283392,"RT @AmikoRoyAi: Preview of my drawing for @CoDFanZine 🥰

#callofduty #MWII #CoDZineSneakPeak https://t.co/8qUEEedigb",AmikoRoyAi,236,0,0,0,0,   amikoroyai  preview of my drawing for  codfanzine  callofduty  mwii  codzinesneakpeak  s t co 8queeedigb,Neutral
61,4816394819,"RT @kitxo3: LIVE https://t.co/2cvpBcfGt8
#CallofDutyWarzone #CallofDuty #MW2 #PvP #Multiplayer #FaZeUp #LiveStream #SmallStreamersConnect #…",kitxo3,1,0,0,0,0,   kitxo3  live  s t co 2cvpbcfgt8 callofdutywarzone  callofduty  mw2  pvp  multiplayer  fazeup  livestream  smallstreamersconnect  ,Neutral
62,1121441082,"RT @AmikoRoyAi: Preview of my drawing for @CoDFanZine 🥰

#callofduty #MWII #CoDZineSneakPeak https://t.co/8qUEEedigb",AmikoRoyAi,236,0,0,0,0,   amikoroyai  preview of my drawing for  codfanzine  callofduty  mwii  codzinesneakpeak  s t co 8queeedigb,Neutral
63,25574389,"#DMZ #Toxic #Toxicplayers #mw2 #warzone

https://t.co/qPiTouMXR5",**this tweet had been deleted or hidden**,0,0,0,0,0, dmz  toxic  toxicplayers  mw2  warzone  s t co qpitoumxr5,Negative
64,1648498549628477441,"RT @BettyBRenders: Like promised… a big, uncensored, needy boy 👑

#König #Koenig #KönigMW2 #MW2 #MWII #CallofDutyModernWarfare2 #CallofDuty…",BettyBRenders,437,0,0,0,0,   bettybrenders  like promised  a big  uncensored  needy boy  k nig  koenig  k nigmw2  mw2  mwii  callofdutymodernwarfare2  callofduty ,Positive
65,1498334158522826762,The FSS HURRICANE is so unbelievably TRASH its not even worth being a weapon! Multiple hit markers on headshot? TRASH! #MWII #CallofDuty #Warzone2,**this tweet had been deleted or hidden**,0,0,0,0,0,the fss hurricane is so unbelievably trash its not even wo h being a weapon  multiple hit markers on headshot  trash   mwii  callofduty  warzone2,Negative
66,1470790439590633474,"RT @Hopefulonion: Very important tutorial ‼️
#mw2 #callofduty #ghostsoap #soapghost https://t.co/F9bkWPB4sf",Hopefulonion,552,0,0,0,0,   hopefulonion  very impo ant tutorial  mw2  callofduty  ghostsoap  soapghost  s t co f9bkwpb4sf,Neutral
67,1379176569415983105,RT @661ave: #Ghost #SimonGhostRiley #CallOfDuty #MWII #MW2 https://t.co/9FXEq9ZwyS,661ave,427,0,0,0,0,   661ave   ghost  simonghostriley  callofduty  mwii  mw2  s t co 9fxeq9zwys,Neutral
68,363953532,@RageGamingAf @MobileMayhemGG @ESportsANews @PlayCODMobile @redmagicgaming @trovolive @jointribe_gg @RealBobbyPlays We got this 🙏🏽❤️,RageGamingAf,0,0,1,0,0, ragegamingaf  mobilemayhemgg  espo sanews  playcodmobile  redmagicgaming  trovolive  jointribe gg  realbobbyplays we got this  ,Irrelevant
69,3268976102,"RT @bue_june: #konighost #König #Konig #MW2 #CallofDuty
The sense of sight when playing with friends
😇😇😇😇😇 https://t.co/FYVb9ckdhX",bue_june,983,0,0,0,0,   bue june   konighost  k nig  konig  mw2  callofduty the sense of sight when playing with friends   s t co fyvb9ckdhx,Negative
70,1249155540376334338,"RT @yumecore: Lt. // focus
#CallofDuty #MWII #SimonGhostRiley https://t.co/C97Os6Os8L",yumecore,102,0,0,0,0,   yumecore  lt    focus callofduty  mwii  simonghostriley  s t co c97os6os8l,Neutral
71,1425299218269315079,"LIVE https://t.co/2cvpBcfGt8
#CallofDutyWarzone #CallofDuty #MW2 #PvP #Multiplayer #FaZeUp #LiveStream #SmallStreamersConnect #RebirthIsland #TwitchAffiliate #SupportSmallStreamers #TwitchStreamers @SmallStreamersR @Streamer_Boost @StreamBoosts @StreamersRT1",SmallStreamersR,1,0,1,0,0,live  s t co 2cvpbcfgt8 callofdutywarzone  callofduty  mw2  pvp  multiplayer  fazeup  livestream  smallstreamersconnect  rebi hisland  twitchaffiliate  suppo smallstreamers  twitchstreamers  smallstreamersr  streamer boost  streamboosts  streamers 1,Neutral
72,1597584191201619968,"RT @loneghostwolf88: Soap - Red team 
#MWII #CodSoap #CallofDuty #3DRender https://t.co/UHcYWD3c6e",loneghostwolf88,129,0,0,0,0,   loneghostwolf88  soap   red team  mwii  codsoap  callofduty  3drender  s t co uhcywd3c6e,Neutral
73,1618639305622142976,"@MldGhost if the quality of these games will drop nobody will fund your GP bs. They will try to get the money from you ans people like you. If PS users will stop buying the games, I can already see the increasing prices of Game Pass. This is what Activision did in MWII-",MldGhost,0,1,0,0,0, mldghost if the quality of these games will drop nobody will fund your gp bs  they will try to get the money from you ans people like you  if ps users will stop buying the games  i can already see the increasing prices of game pass  this is what activision did in mwii ,Negative
74,1193128618098135041,"RT @san_omiso: 戦友探しや情報交換などに使えるMW2ディスコ鯖を作っています。活動も活発なので興味がある方は是非とも参加してください！
#DMZ #DMZ募集 #MW2 #Warzone2 
https://t.co/svu31zgf6g",san_omiso,2,0,0,0,0,   san omiso   mw2 dmz  dmz   mw2  warzone2   s t co svu31zgf6g,Neutral
75,1217489875475275776,@RageGamingAf @MobileMayhemGG @ESportsANews @PlayCODMobile @redmagicgaming @trovolive @jointribe_gg @RealBobbyPlays ❤️,RageGamingAf,0,0,1,0,0, ragegamingaf  mobilemayhemgg  espo sanews  playcodmobile  redmagicgaming  trovolive  jointribe gg  realbobbyplays  ,Irrelevant
76,1612871267102728200,RT @6welfare9: Could these possibly turn into the new meta?!?!?!#viral #warzone #tiktok #CallofDuty  #meme #twitch #MW2  #SupportSmallStrea…,6welfare9,1,0,0,0,0,   6welfare9  could these possibly turn into the new meta viral  warzone  tiktok  callofduty   meme  twitch  mw2   suppo smallstrea ,Positive
77,1327196576360632320,"RT @PlayCODMobile: Armada, but bigger. There’s more than meets the eye with Ground War: Armada! Live now in Season 6 🚢 https://t.co/bAfHHdE…",PlayCODMobile,31,0,0,0,0,   playcodmobile  armada  but bigger  there s more than meets the eye with ground war  armada  live now in season 6    s t co bafhhde ,Neutral
78,1127642467065577472,"RT @yumecore: Lt. // focus
#CallofDuty #MWII #SimonGhostRiley https://t.co/C97Os6Os8L",yumecore,102,0,0,0,0,   yumecore  lt    focus callofduty  mwii  simonghostriley  s t co c97os6os8l,Neutral
79,1607649789470216194,"RT @yumecore: Lt. // focus
#CallofDuty #MWII #SimonGhostRiley https://t.co/C97Os6Os8L",yumecore,102,0,0,0,0,   yumecore  lt    focus callofduty  mwii  simonghostriley  s t co c97os6os8l,Neutral
80,989651941423661058,"Camping won't work against me.  Bots.  

#CallofDuty #Warzone2 #twitch https://t.co/daTUaoClyM",**this tweet had been deleted or hidden**,0,0,0,1,0,camping won t work against me   bots    callofduty  warzone2  twitch  s t co datuaoclym,Neutral
81,1084201718492086274,"RT @tim_hex: Fem!Ghost and Keegan🤭 

#SimonRiley #keeganpruss #MW2 #callofduty https://t.co/yirTbAC70t",tim_hex,61,0,0,0,0,   tim hex  fem ghost and keegan   simonriley  keeganpruss  mw2  callofduty  s t co yi bac70t,Neutral
82,1280425308521238530,"RT @DarianZIM: Please ban flash bangs 

@PlayCODMobile @ESLCODM 

The entire world would rejoice 🙏🏻",DarianZIM,8,0,0,0,0,   darianzim  please ban flash bangs  playcodmobile  eslcodm  the entire world would rejoice  ,Negative
83,956377540687429632,"RT @Dougfunnnys: Pistol PLAY! #CallofDuty #Warzone2 #MW3 #ModernWarfareIII #warzonemobile @EnduranceTweets 

https://t.co/u4Vi2yz9VP",Dougfunnnys,4,0,0,0,0,   dougfunnnys  pistol play   callofduty  warzone2  mw3  modernwarfareiii  warzonemobile  endurancetweets   s t co u4vi2yz9vp,Neutral
84,1487087808808615938,"凸砂っぽくなってきたあ🫰🏻
真似してみてね🫰🏻
#mw2 #ModernWarfare2 #mw2023 #CoD #CallofDuty #ShareFactoryStudio #PS5Share https://t.co/8iUx2XWjtJ",**this tweet had been deleted or hidden**,2,0,30,0,0, mw2  modernwarfare2  mw2023  cod  callofduty  sharefactorystudio  ps5share  s t co 8iux2xwjtj,Neutral
85,1142390783640817664,RT @HotSatans: bach for round 2 yeehaw ft. warm up request to get back on the horse 🤠🤘 i just kno it smells crazy in there☠️ #nsfw #ghostmw…,HotSatans,1391,0,0,0,0,   hotsatans  bach for round 2 yeehaw ft  warm up request to get back on the horse   i just kno it smells crazy in there   nsfw  ghostmw ,Irrelevant
86,1567584423348170752,"RT @tim_hex: Fem!Ghost and Keegan🤭 

#SimonRiley #keeganpruss #MW2 #callofduty https://t.co/yirTbAC70t",tim_hex,61,0,0,0,0,   tim hex  fem ghost and keegan   simonriley  keeganpruss  mw2  callofduty  s t co yi bac70t,Neutral
87,2721954605,RT @CallofDuty: It's time to fight like a hero. Season 04 Reloaded drops July 12 in Call of Duty #Warzone and #MWII 👉 https://t.co/CMgkvPpR…,CallofDuty,1219,0,0,0,0,   callofduty  it s time to fight like a hero  season 04 reloaded drops july 12 in call of duty  warzone and  mwii    s t co cmgkvppr ,Neutral
88,1005660369224962048,RT @ArduousShe: Ayo the shirts came in!!! #MW2 #CallofDuty #ModernWarfare2 #könig https://t.co/LCNxJfEImD,ArduousShe,2,0,0,0,0,   arduousshe  ayo the shi s came in   mw2  callofduty  modernwarfare2  k nig  s t co lcnxjfeimd,Negative
89,1497321395314900998,RT @CODLeague: 7️⃣ minutes of straight @HyDrAnml highlights from #CDL2023 🎞️ https://t.co/PB2LLznAFf,CODLeague,97,0,0,0,0,   codleague  7  minutes of straight  hydranml highlights from  cdl2023    s t co pb2llznaff,Neutral
90,735348413412315141,"RT @AmikoRoyAi: Preview of my drawing for @CoDFanZine 🥰

#callofduty #MWII #CoDZineSneakPeak https://t.co/8qUEEedigb",AmikoRoyAi,236,0,0,0,0,   amikoroyai  preview of my drawing for  codfanzine  callofduty  mwii  codzinesneakpeak  s t co 8queeedigb,Neutral
91,1594893139575115776,RT @661ave: #Ghost #SimonGhostRiley #CallOfDuty #MWII #MW2 https://t.co/9FXEq9ZwyS,661ave,427,0,0,0,0,   661ave   ghost  simonghostriley  callofduty  mwii  mw2  s t co 9fxeq9zwys,Neutral
92,1611790183438991362,RT @CallofDuty: It's time to fight like a hero. Season 04 Reloaded drops July 12 in Call of Duty #Warzone and #MWII 👉 https://t.co/CMgkvPpR…,CallofDuty,1219,0,0,0,0,   callofduty  it s time to fight like a hero  season 04 reloaded drops july 12 in call of duty  warzone and  mwii    s t co cmgkvppr ,Neutral
93,1671954001838096384,"RT @HellishDraws: Pride month may be over.. but that doesn’t stop me from feeding y’all trans Soap 
#GhostSoap #CallOfDuty #MW2 https://t.c…",HellishDraws,349,0,0,0,0,   hellishdraws  pride month may be over  but that doesn t stop me from feeding y all trans soap  ghostsoap  callofduty  mw2  s t c ,Negative
94,438950919,"なんかDMZは[1vs3,Solo]ってワードが検索に引っかかってるみたいだから、クリップ取りしてみるかー。
DMZよりwarzone2の1vs3の方が需要有りそうなのに、インプレ率低いの何でなんだ😵‍💫？",**this tweet had been deleted or hidden**,0,0,2,0,0, dmz 1vs3 solo dmz warzone2 1vs3 ,Negative
95,1069854076882497538,RT @HotSatans: bach for round 2 yeehaw ft. warm up request to get back on the horse 🤠🤘 i just kno it smells crazy in there☠️ #nsfw #ghostmw…,HotSatans,1391,0,0,0,0,   hotsatans  bach for round 2 yeehaw ft  warm up request to get back on the horse   i just kno it smells crazy in there   nsfw  ghostmw ,Irrelevant
96,1501281960680853510,Not even close to my prime #vondelpark #CallofDuty #mw2 #gaming #ps5share #NATOSummit #consolegaming https://t.co/MVePJifLRC,**this tweet had been deleted or hidden**,0,0,0,0,0,not even close to my prime  vondelpark  callofduty  mw2  gaming  ps5share  natosummit  consolegaming  s t co mvepjiflrc,Negative
97,856349294,"RT @puchipurin: 見た目ヤバいの追加されるw

#Warzone2
#CoD

 https://t.co/3e9X3S5POw",puchipurin,43,0,0,0,0,   puchipurin   w warzone2 cod   s t co 3e9x3s5pow,Neutral
98,1318533233697542147,RT @CallofDuty: It's time to fight like a hero. Season 04 Reloaded drops July 12 in Call of Duty #Warzone and #MWII 👉 https://t.co/CMgkvPpR…,CallofDuty,1219,0,0,0,0,   callofduty  it s time to fight like a hero  season 04 reloaded drops july 12 in call of duty  warzone and  mwii    s t co cmgkvppr ,Neutral
99,1260069440072241153,"RT @aphasia4fog: Idk, did he really use a T-shirt as a mask?
#König
#MWII 
#CallofDuty https://t.co/4Yv9JGtNal",aphasia4fog,224,0,0,0,0,   aphasia4fog  idk  did he really use a t shi  as a mask k nig mwii  callofduty  s t co 4yv9jgtnal,Neutral
100,1200040089750892544,@AyanGamerX @PlayCODMobile same to you,AyanGamerX,0,1,0,0,0, ayangamerx  playcodmobile same to you,Negative
101,4004268423,"RT @GreyFromYoutube: 🔴LIVE!
https://t.co/CeIzP3MuT4… 
#CallofDuty #MW2 https://t.co/CXOVJWwDGn",GreyFromYoutube,1,0,0,0,0,   greyfromyoutube   live  s t co ceizp3mut4   callofduty  mw2  s t co cxovjwwdgn,Neutral
102,1610456683146248194,"12 e Dezert, muito bom no modo Lockdown. 💪🏼😜 #CallofDuty #Warzone2 #fps https://t.co/xMie4dWbi0",**this tweet had been deleted or hidden**,0,1,1,0,0,12 e deze   muito bom no modo lockdown     callofduty  warzone2  fps  s t co xmie4dwbi0,Neutral
103,856693786046550016,live on twitch playing #callofduty RANKED vibing https://t.co/0GDQLJ9yv0 #twitch #smallstreamer #cod #mw2 #codupdate #codmw2 #warzone #chill #youtube #contentcreator,**this tweet had been deleted or hidden**,0,0,0,0,0,live on twitch playing  callofduty ranked vibing  s t co 0gdqlj9yv0  twitch  smallstreamer  cod  mw2  codupdate  codmw2  warzone  chill  youtube  contentcreator,Neutral
104,1582391425068515329,"RT @Ya_Pal_Pebbles: Bring this back when? 

@PlayCODMobile https://t.co/urNUT1ZbZe",Ya_Pal_Pebbles,7,0,0,0,0,   ya pal pebbles  bring this back when   playcodmobile  s t co urnut1zbze,Neutral
105,1288377279693783040,"RT @aphasia4fog: Idk, did he really use a T-shirt as a mask?
#König
#MWII 
#CallofDuty https://t.co/4Yv9JGtNal",aphasia4fog,224,0,0,0,0,   aphasia4fog  idk  did he really use a t shi  as a mask k nig mwii  callofduty  s t co 4yv9jgtnal,Neutral
106,1294330994821074952,"Disappointed with Call of Duty: Modern Warfare 2. While it had its moments, the game's unbalanced multiplayer and lackluster updates. #MW2 #GamingOpinions @CallofDuty @Activision",CallofDuty,0,2,0,0,0,disappointed with call of duty  modern warfare 2  while it had its moments  the game s unbalanced multiplayer and lackluster updates   mw2  gamingopinions  callofduty  activision,Neutral
107,1452980782528700419,"RT @yumecore: Lt. // focus
#CallofDuty #MWII #SimonGhostRiley https://t.co/C97Os6Os8L",yumecore,102,0,0,0,0,   yumecore  lt    focus callofduty  mwii  simonghostriley  s t co c97os6os8l,Neutral
108,1499014656853225477,"@PlayCODMobile I got hacked, lost 3years worth of grind, pls help!",PlayCODMobile,0,0,0,0,0, playcodmobile i got hacked  lost 3years wo h of grind  pls help ,Negative
109,914769691,"RT @aphasia4fog: Idk, did he really use a T-shirt as a mask?
#König
#MWII 
#CallofDuty https://t.co/4Yv9JGtNal",aphasia4fog,224,0,0,0,0,   aphasia4fog  idk  did he really use a t shi  as a mask k nig mwii  callofduty  s t co 4yv9jgtnal,Neutral
110,978404490784198657,KV Broadside is an issue in MWII and Im gonna be an issue for Infinity Ward if they keep doing this shit https://t.co/dMLBA9SaR6,**this tweet had been deleted or hidden**,0,0,0,0,0,kv broadside is an issue in mwii and im gonna be an issue for infinity ward if they keep doing this shit  s t co dmlba9sar6,Negative
111,1034079239870373895,"RT @puchipurin: 【Warzone2最新アプデ情報】

WarzoneでもDMZのように特殊アーマーがドロップするようになるみたいです！
(死ぬとドロップし、倒した人は拾える)

#Warzone2
#MW2
#CoD https://t.co/CT2bGifyrn",puchipurin,5,0,0,0,0,   puchipurin   warzone2 warzone dmz warzone2 mw2 cod  s t co ct2bgifyrn,Neutral
112,825990749485293569,"MW2久々～
CODはやっぱり砂が楽しい！！
#CallofDuty #MWII https://t.co/MwDParVzKo",**this tweet had been deleted or hidden**,0,0,5,0,0,mw2 cod callofduty  mwii  s t co mwdparvzko,Neutral
113,1533195834954743812,"RT @Rumfield_: *LIVE*

Warzone 2 games @KickStreaming @CallofDuty 

https://t.co/Oqmtv2k6r7

#CallofDuty #CallofDutyModernWarfare2 #Warzone…",Rumfield_,1,0,0,0,0,   rumfield   live warzone 2 games  kickstreaming  callofduty   s t co oqmtv2k6r7 callofduty  callofdutymodernwarfare2  warzone ,Neutral
114,2835237879,RT @CODLeague: 7️⃣ minutes of straight @HyDrAnml highlights from #CDL2023 🎞️ https://t.co/PB2LLznAFf,CODLeague,97,0,0,0,0,   codleague  7  minutes of straight  hydranml highlights from  cdl2023    s t co pb2llznaff,Neutral
115,2856778420,Live Call of Duty: Warzone Gameplay: The Boys are Back in Town https://t.co/Ur7RiOvGRO via @YouTube #CallofDuty #Warzone #Warzone2 with @FyrBorne,YouTube,1,0,1,0,0,live call of duty  warzone gameplay  the boys are back in town  s t co ur7riovgro via  youtube  callofduty  warzone  warzone2 with  fyrborne,Neutral
116,1271723940478509060,"RT @puchipurin: 【Warzone2最新アプデ情報】

WarzoneでもDMZのように特殊アーマーがドロップするようになるみたいです！
(死ぬとドロップし、倒した人は拾える)

#Warzone2
#MW2
#CoD https://t.co/CT2bGifyrn",puchipurin,5,0,0,0,0,   puchipurin   warzone2 warzone dmz warzone2 mw2 cod  s t co ct2bgifyrn,Neutral
117,1583838694892572675,"RT @alexgscod: Thank you so much for 5k!!! 😊😭🙏
💀❤️🧼

#GhostSoap #SoapGhost #CallOfDuty #MWII https://t.co/3Wsq7SNXj5",alexgscod,875,0,0,0,0,   alexgscod  thank you so much for 5k   ghostsoap  soapghost  callofduty  mwii  s t co 3wsq7snxj5,Positive
118,1046416209539944448,RT @CODLeague: 7️⃣ minutes of straight @HyDrAnml highlights from #CDL2023 🎞️ https://t.co/PB2LLznAFf,CODLeague,97,0,0,0,0,   codleague  7  minutes of straight  hydranml highlights from  cdl2023    s t co pb2llznaff,Neutral
119,1138596164314341376,"RT @aphasia4fog: Idk, did he really use a T-shirt as a mask?
#König
#MWII 
#CallofDuty https://t.co/4Yv9JGtNal",aphasia4fog,224,0,0,0,0,   aphasia4fog  idk  did he really use a t shi  as a mask k nig mwii  callofduty  s t co 4yv9jgtnal,Neutral
120,1148973293623549952,"Your eyes are not deceiving you. The worst map in Modern Warfare 2 is finally playable after 257 days 😱

📰 Here's how: https://t.co/Y3wFJhRYs6

#ModernWarfare2 #MW2
#COD #CallofDuty
#PS5 #Xbox https://t.co/pB2eh8BIHJ",**this tweet had been deleted or hidden**,0,0,0,0,0,your eyes are not deceiving you  the worst map in modern warfare 2 is finally playable after 257 days   here s how   s t co y3wfjhrys6 modernwarfare2  mw2 cod  callofduty ps5  xbox  s t co pb2eh8bihj,Neutral
121,1678574977329537031,#cod #hacker #gamer #streamer #kick #kickstreamer #follow #warzone2 #callofduty #drdisrespect #nickmercs #excision #Rumble  https://t.co/U5nznTllRC,**this tweet had been deleted or hidden**,0,0,0,0,0, cod  hacker  gamer  streamer  kick  kickstreamer  follow  warzone2  callofduty  drdisrespect  nickmercs  excision  rumble   s t co u5nzntllrc,Irrelevant
122,1678574977329537031,#cod #hacker #gamer #streamer #kick #kickstreamer #follow #warzone2 #callofduty #drdisrespect #nickmercs #excision https://t.co/U5nznTllRC,**this tweet had been deleted or hidden**,0,0,0,0,0, cod  hacker  gamer  streamer  kick  kickstreamer  follow  warzone2  callofduty  drdisrespect  nickmercs  excision  s t co u5nzntllrc,Irrelevant
123,1067373893436882949,"RT @AmikoRoyAi: Preview of my drawing for @CoDFanZine 🥰

#callofduty #MWII #CoDZineSneakPeak https://t.co/8qUEEedigb",AmikoRoyAi,236,0,0,0,0,   amikoroyai  preview of my drawing for  codfanzine  callofduty  mwii  codzinesneakpeak  s t co 8queeedigb,Neutral
124,833075325194084353,"🔴LIVE!
https://t.co/CeIzP3MuT4… 
#CallofDuty #MW2 https://t.co/CXOVJWwDGn",**this tweet had been deleted or hidden**,1,0,1,0,0, live  s t co ceizp3mut4   callofduty  mw2  s t co cxovjwwdgn,Neutral
125,1077990961118998529,"RT @puchipurin: 【Warzone2最新アプデ情報】

WarzoneでもDMZのように特殊アーマーがドロップするようになるみたいです！
(死ぬとドロップし、倒した人は拾える)

#Warzone2
#MW2
#CoD https://t.co/CT2bGifyrn",puchipurin,5,0,0,0,0,   puchipurin   warzone2 warzone dmz warzone2 mw2 cod  s t co ct2bgifyrn,Neutral
126,2547329126,"RT @aphasia4fog: Idk, did he really use a T-shirt as a mask?
#König
#MWII 
#CallofDuty https://t.co/4Yv9JGtNal",aphasia4fog,224,0,0,0,0,   aphasia4fog  idk  did he really use a t shi  as a mask k nig mwii  callofduty  s t co 4yv9jgtnal,Neutral
127,2547329126,"RT @Unholykazoo: POV: you stayed in that one bunker in DMZ too long
#konig #König #mw2 #digitalart #CallofDuty https://t.co/hACJvOcGlc",Unholykazoo,18,0,0,0,0,   unholykazoo  pov  you stayed in that one bunker in dmz too long konig  k nig  mw2  digitala   callofduty  s t co hacjvocglc,Negative
128,17551677,RT @CallofDuty: It's time to fight like a hero. Season 04 Reloaded drops July 12 in Call of Duty #Warzone and #MWII 👉 https://t.co/CMgkvPpR…,CallofDuty,1219,0,0,0,0,   callofduty  it s time to fight like a hero  season 04 reloaded drops july 12 in call of duty  warzone and  mwii    s t co cmgkvppr ,Neutral
129,1537447415552167941,"My Live stream tonight has gotten changed to the “Uninstall stream” Tune and learn how to uninstall this shit game so you can have better mood and happier play experiences elsewhere. 
#Callofduty #Activision #Cod #MW2 #Warzone2",**this tweet had been deleted or hidden**,0,0,0,0,0,my live stream tonight has gotten changed to the  uninstall stream  tune and learn how to uninstall this shit game so you can have better mood and happier play experiences elsewhere   callofduty  activision  cod  mw2  warzone2,Neutral
130,1512337235349102601,"RT @Willows_Peak: My part for an art trend on TikTok!
#CallofDuty #SimonRiley #MWII #MW2 https://t.co/Qb6hrh9sjy",Willows_Peak,21,0,0,0,0,   willows peak  my pa  for an a  trend on tiktok callofduty  simonriley  mwii  mw2  s t co qb6hrh9sjy,Neutral
131,1639076184679133184,"RT @loneghostwolf88: Soap - Red team 
#MWII #CodSoap #CallofDuty #3DRender https://t.co/UHcYWD3c6e",loneghostwolf88,130,0,0,0,0,   loneghostwolf88  soap   red team  mwii  codsoap  callofduty  3drender  s t co uhcywd3c6e,Neutral
132,2253509707,"RT @RushWinRed: 配信開始！
【CoD:DMZ】プレイヤーから逃げて脱出できるか！ヴォンデルの武器ケースを回収せよ!残り１個！『WinRed』『MW2』 https://t.co/qx1EBoOkgQ",RushWinRed,3,0,0,0,0,   rushwinred   cod dmz winred mw2   s t co qx1ebookgq,Neutral
133,1512337235349102601,RT @hestax_: the smell of blood. #König #MW2 #callofduty https://t.co/8ZDBGPZDsp,hestax_,119,0,0,0,0,   hestax  the smell of blood   k nig  mw2  callofduty  s t co 8zdbgpzdsp,Positive
134,268233943,"RT @Ya_Pal_Pebbles: Bring this back when? 

@PlayCODMobile https://t.co/urNUT1ZbZe",Ya_Pal_Pebbles,7,0,0,0,0,   ya pal pebbles  bring this back when   playcodmobile  s t co urnut1zbze,Neutral
135,268233943,@Ya_Pal_Pebbles @PlayCODMobile post more old videos like this of battle royale,Ya_Pal_Pebbles,0,0,0,0,0, ya pal pebbles  playcodmobile post more old videos like this of battle royale,Irrelevant
136,268233943,@Ya_Pal_Pebbles @PlayCODMobile either need to add toggle option between burst &amp; auto . or auto fire perk for burst weapons,Ya_Pal_Pebbles,0,0,1,0,0, ya pal pebbles  playcodmobile either need to add toggle option between burst  amp  auto   or auto fire perk for burst weapons,Negative
137,850351803153756160,"RT @ESPNozaX: It's good to be back. See you guys next week 

#SupportSmallStreamers #SupportAllStreamers #Warzone2 #WarzoneClips #CallOfDut…",ESPNozaX,3,0,0,0,0,   espnozax  it s good to be back  see you guys next week  suppo smallstreamers  suppo allstreamers  warzone2  warzoneclips  callofdut ,Positive
138,824318934690238464,"RT @InfoCoDES_: Notas del parche completas de la temporada 04 recargada en #MWII &amp; #Warzone ⬇️
https://t.co/FnJZww5Awv",InfoCoDES_,4,0,0,0,0,   infocodes  notas del parche completas de la temporada 04 recargada en  mwii  amp   warzone   s t co fnjzww5awv,Neutral
139,1082649499221311489,"RT @puchipurin: 見た目ヤバいの追加されるw

#Warzone2
#CoD

 https://t.co/3e9X3S5POw",puchipurin,43,0,0,0,0,   puchipurin   w warzone2 cod   s t co 3e9x3s5pow,Neutral
140,1557931247535501315,"RT @Ya_Pal_Pebbles: Bring this back when? 

@PlayCODMobile https://t.co/urNUT1ZbZe",Ya_Pal_Pebbles,7,0,0,0,0,   ya pal pebbles  bring this back when   playcodmobile  s t co urnut1zbze,Neutral
141,1447372252966756352,"How would CPT Price of @CallofDuty shave?
@WSP_shaving shave soap
@OneBladeShave Hybrid razor
@nakedarmor Scuttle lather bowl. 
#cptprice #mw2 #cod 
#asmr #asmrsounds #satisfying #shave #SOTD #wetshave
#shavetiktok #bobandelliothismustache https://t.co/mHvr7lcbkd",CallofDuty,0,0,5,0,0,how would cpt price of  callofduty shave wsp shaving shave soap onebladeshave hybrid razor nakedarmor scuttle lather bowl   cptprice  mw2  cod  asmr  asmrsounds  satisfying  shave  sotd  wetshave shavetiktok  bobandelliothismustache  s t co mhvr7lcbkd,Neutral
142,1456496894222340103,RT @hestax_: the smell of blood. #König #MW2 #callofduty https://t.co/8ZDBGPZDsp,hestax_,119,0,0,0,0,   hestax  the smell of blood   k nig  mw2  callofduty  s t co 8zdbgpzdsp,Positive
143,1668899806432079873,"RT @Coruja3571: GHOST (Actual MW2 Outfit)

#garrysmod #gmod #digitalart #art #3drender #artwork #sourceart #military #tactical #CallofDuty…",Coruja3571,43,0,0,0,0,   coruja3571  ghost  actual mw2 outfit garrysmod  gmod  digitala   a   3drender  a work  sourcea   military  tactical  callofduty ,Neutral
144,1673001131780472833,"@Ya_Pal_Pebbles @PlayCODMobile Currently one is ass IMO!?
CODM need Bring back the old Hs1216 animation!?",Ya_Pal_Pebbles,0,0,2,0,0, ya pal pebbles  playcodmobile currently one is ass imo codm need bring back the old hs1216 animation ,Negative
145,1668899806432079873,"RT @Coruja3571: Ghost (MW2 Inspired)

Since we just got some juicy MW2 arts released, it's only fair for me to make something inspired by t…",Coruja3571,240,0,0,0,0,   coruja3571  ghost  mw2 inspired since we just got some juicy mw2 a s released  it s only fair for me to make something inspired by t ,Positive
146,1189031555265683456,"RT @artimaaaeus: really quick 141 baby bois, but they’re filo hs students LMAO
—-
#CallofDuty #MWII #MW2 https://t.co/lDYtdF8k5W",artimaaaeus,46,0,0,0,0,   a imaaaeus  really quick 141 baby bois  but they re filo hs students lmao callofduty  mwii  mw2  s t co ldytdf8k5w,Negative
147,1152413715708469248,RT @hestax_: the smell of blood. #König #MW2 #callofduty https://t.co/8ZDBGPZDsp,hestax_,119,0,0,0,0,   hestax  the smell of blood   k nig  mw2  callofduty  s t co 8zdbgpzdsp,Positive
148,1604028294197923842,"RT @tim_hex: Fem!Ghost and Keegan🤭 

#SimonRiley #keeganpruss #MW2 #callofduty https://t.co/yirTbAC70t",tim_hex,61,0,0,0,0,   tim hex  fem ghost and keegan   simonriley  keeganpruss  mw2  callofduty  s t co yi bac70t,Neutral
149,1517937619358859267,"RT @yumecore: Lt. // focus
#CallofDuty #MWII #SimonGhostRiley https://t.co/C97Os6Os8L",yumecore,102,0,0,0,0,   yumecore  lt    focus callofduty  mwii  simonghostriley  s t co c97os6os8l,Neutral
150,1136188957367123969,@Ya_Pal_Pebbles @PlayCODMobile SO weird and the New upcoming is bad,Ya_Pal_Pebbles,0,0,0,0,0, ya pal pebbles  playcodmobile so weird and the new upcoming is bad,Negative
151,40053163,"RT @BulletSweats: Dear @Activision and @RavenSoftware 
Please make all squad sizes available on all maps, all the time.

Sincerely,
Everyon…",BulletSweats,1,0,0,0,0,   bulletsweats  dear  activision and  ravensoftware  please make all squad sizes available on all maps  all the time sincerely everyon ,Negative
152,1228720885546176512,u should nerf hover bike damage when it hit a player. just too overpowered @PlayCODMobile,PlayCODMobile,0,0,0,0,0,u should nerf hover bike damage when it hit a player  just too overpowered  playcodmobile,Negative
153,1475468609136824326,RT @vAndrewpr_: Don’t be like that team 🤫😎🤣 #Warzone2  #CallofDuty  #CoD  #ModernWarfareII https://t.co/Xtw7cSVYYT,vAndrewpr_,1,0,0,0,0,   vandrewpr  don t be like that team    warzone2   callofduty   cod   modernwarfareii  s t co xtw7csvyyt,Neutral
154,1517937619358859267,"RT @AmikoRoyAi: Preview of my drawing for @CoDFanZine 🥰

#callofduty #MWII #CoDZineSneakPeak https://t.co/8qUEEedigb",AmikoRoyAi,236,0,0,0,0,   amikoroyai  preview of my drawing for  codfanzine  callofduty  mwii  codzinesneakpeak  s t co 8queeedigb,Neutral
155,1675044358163415040,@CallofDuty I can’t wait to buy the new bundles ❤️ I saved up 100$ to buy all the new skins to support the studio and game 😘 can’t wait for MWII s5 and s6 and year 2.,CallofDuty,0,0,0,0,0, callofduty i can t wait to buy the new bundles   i saved up 100  to buy all the new skins to suppo  the studio and game   can t wait for mwii s5 and s6 and year 2 ,Positive
156,1639076184679133184,"RT @AmikoRoyAi: Preview of my drawing for @CoDFanZine 🥰

#callofduty #MWII #CoDZineSneakPeak https://t.co/8qUEEedigb",AmikoRoyAi,236,0,0,0,0,   amikoroyai  preview of my drawing for  codfanzine  callofduty  mwii  codzinesneakpeak  s t co 8queeedigb,Neutral
157,1214504106942795777,"RT @loneghostwolf88: Soap - Red team 
#MWII #CodSoap #CallofDuty #3DRender https://t.co/UHcYWD3c6e",loneghostwolf88,130,0,0,0,0,   loneghostwolf88  soap   red team  mwii  codsoap  callofduty  3drender  s t co uhcywd3c6e,Neutral
158,1357931320115044354,@Uziandothers @PlayCODMobile The current one is messed up,Uziandothers,0,1,1,0,0, uziandothers  playcodmobile the current one is messed up,Negative
159,1136188957367123969,@Ya_Pal_Pebbles @PlayCODMobile Better then current,Ya_Pal_Pebbles,0,1,0,0,0, ya pal pebbles  playcodmobile better then current,Irrelevant
160,1340571337526415360,@CallofDuty the boys collab is just underwhelming for players who mainly play MWII and not Warzone,CallofDuty,0,0,1,0,0, callofduty the boys collab is just underwhelming for players who mainly play mwii and not warzone,Negative
161,1258149849087778819,"RT @Willows_Peak: My part for an art trend on TikTok!
#CallofDuty #SimonRiley #MWII #MW2 https://t.co/Qb6hrh9sjy",Willows_Peak,21,0,0,0,0,   willows peak  my pa  for an a  trend on tiktok callofduty  simonriley  mwii  mw2  s t co qb6hrh9sjy,Neutral
162,233023141,"@Tyrone_9085 @stefd75 @klobrille Cod1 was pc only it got a port to consoles with mw2 hardened edition then eventually psn and xbla, finest hour was on ps2 Xbox and GameCube",Tyrone_9085,0,1,0,0,0, tyrone 9085  stefd75  klobrille cod1 was pc only it got a po  to consoles with mw2 hardened edition then eventually psn and xbla  finest hour was on ps2 xbox and gamecube,Neutral
163,1652792040017518595,@Ya_Pal_Pebbles @PlayCODMobile 🥵,Ya_Pal_Pebbles,0,0,0,0,0, ya pal pebbles  playcodmobile  ,Irrelevant
164,1385990668191997955,"RT @Idk_ghosty: #rodolfoparra #CallofDuty #MW2 #MWII #AleRudy 

Give me some delicate and quite feminine Rodolfo who doesn't know what frag…",Idk_ghosty,12,0,0,0,0,   idk ghosty   rodolfoparra  callofduty  mw2  mwii  alerudy  give me some delicate and quite feminine rodolfo who doesn t know what frag ,Negative
165,1220413113503305729,"RT @AmikoRoyAi: Preview of my drawing for @CoDFanZine 🥰

#callofduty #MWII #CoDZineSneakPeak https://t.co/8qUEEedigb",AmikoRoyAi,236,0,0,0,0,   amikoroyai  preview of my drawing for  codfanzine  callofduty  mwii  codzinesneakpeak  s t co 8queeedigb,Neutral
166,1496890326946099202,"Dear @Activision and @RavenSoftware 
Please make all squad sizes available on all maps, all the time.

Sincerely,
Everyone that plays #MW2 and #Warzone2 https://t.co/Tr0kkNMY0h",Activision,1,0,1,0,0,dear  activision and  ravensoftware  please make all squad sizes available on all maps  all the time sincerely everyone that plays  mw2 and  warzone2  s t co tr0kknmy0h,Negative
167,1586912327064064002,RT @JulianVentures: #MWII This shot gives me the impression that the game would be better if all players were lizard-men and ghouls who cou…,JulianVentures,1,0,0,0,0,   julianventures   mwii this shot gives me the impression that the game would be better if all players were lizard men and ghouls who cou ,Irrelevant
168,24866482,"Season 4 reloaded patch notes are live for MW2…new changes to DMZ squads coming 

https://t.co/6Ug0aDU3YS",**this tweet had been deleted or hidden**,0,0,0,0,0,season 4 reloaded patch notes are live for mw2 new changes to dmz squads coming   s t co 6ug0adu3ys,Neutral
169,1452980782528700419,"RT @loneghostwolf88: Soap - Red team 
#MWII #CodSoap #CallofDuty #3DRender https://t.co/UHcYWD3c6e",loneghostwolf88,130,0,0,0,0,   loneghostwolf88  soap   red team  mwii  codsoap  callofduty  3drender  s t co uhcywd3c6e,Neutral
170,1517682682016288770,"The new ""Plea &amp; Assimilation"" settings are interesting to say the least. I am liking the PVP hunt bounty tho. It'll help dismiss platoons hunting people down all game. Being a heavy solo player, I got tired of 6v1 in DMZ. 
#MW2 #DMZ #Warzone #patchnotes https://t.co/e0k9R0V3YL",**this tweet had been deleted or hidden**,0,0,1,0,0,the new  plea  amp  assimilation  settings are interesting to say the least  i am liking the pvp hunt bounty tho  it ll help dismiss platoons hunting people down all game  being a heavy solo player  i got tired of 6v1 in dmz   mw2  dmz  warzone  patchnotes  s t co e0k9r0v3yl,Positive
171,876619157898481664,sobre activision só sei q vão lançar o Black noir no mw2 e vai ser a mesma coisa que era a Rose no mw1. Foda einh,**this tweet had been deleted or hidden**,0,0,1,0,0,sobre activision s  sei q v o lan ar o black noir no mw2 e vai ser a mesma coisa que era a rose no mw1  foda einh,Neutral
172,1640714388805140481,"RT @puchipurin: 【Warzone2最新アプデ情報】

WarzoneでもDMZのように特殊アーマーがドロップするようになるみたいです！
(死ぬとドロップし、倒した人は拾える)

#Warzone2
#MW2
#CoD https://t.co/CT2bGifyrn",puchipurin,5,0,0,0,0,   puchipurin   warzone2 warzone dmz warzone2 mw2 cod  s t co ct2bgifyrn,Neutral
173,1639076184679133184,"RT @yumecore: Lt. // focus
#CallofDuty #MWII #SimonGhostRiley https://t.co/C97Os6Os8L",yumecore,102,0,0,0,0,   yumecore  lt    focus callofduty  mwii  simonghostriley  s t co c97os6os8l,Neutral
174,218799517,"MW:Ⅱは3D武器格闘アクションゲームだった...？
#CallofDuty #MWII #MW2 https://t.co/R2wdvmswa4",**this tweet had been deleted or hidden**,0,0,3,0,0,mw 3d callofduty  mwii  mw2  s t co r2wdvmswa4,Negative
175,611761159,"Alors je suis pas le plus grand fan des jeu de Treyarch (avant parce que Infinity Ward nous pond de la grosse merde maintenant)

Mais BO2 c’est pas TOP 3, c’est TOP 2 juste derrière MW3.
Suivi de BO1, MW2 et World at War https://t.co/OgQmfNgXdP",**this tweet had been deleted or hidden**,0,0,0,0,0,alors je suis pas le plus grand fan des jeu de treyarch  avant parce que infinity ward nous pond de la grosse merde maintenant mais bo2 c est pas top 3  c est top 2 juste derri re mw3 suivi de bo1  mw2 et world at war  s t co ogqmfngxdp,Neutral
176,1646642470610927616,"RT @Willows_Peak: My part for an art trend on TikTok!
#CallofDuty #SimonRiley #MWII #MW2 https://t.co/Qb6hrh9sjy",Willows_Peak,21,0,0,0,0,   willows peak  my pa  for an a  trend on tiktok callofduty  simonriley  mwii  mw2  s t co qb6hrh9sjy,Neutral
177,1647053260816101382,"RT @yumecore: Ghost's legs appreciation post :3
#CallofDuty #MWII #SimonGhostRiley https://t.co/wPXDDEslZa",yumecore,422,0,0,0,0,   yumecore  ghost s legs appreciation post  3 callofduty  mwii  simonghostriley  s t co wpxddeslza,Neutral
178,1289947193625911296,"【Warzone2最新アプデ情報】

WarzoneでもDMZのように特殊アーマーがドロップするようになるみたいです！
(死ぬとドロップし、倒した人は拾える)

#Warzone2
#MW2
#CoD https://t.co/CT2bGifyrn",**this tweet had been deleted or hidden**,5,1,35,0,0, warzone2 warzone dmz warzone2 mw2 cod  s t co ct2bgifyrn,Neutral
179,1416055392589815816,"RT @DarianZIM: Please ban flash bangs 

@PlayCODMobile @ESLCODM 

The entire world would rejoice 🙏🏻",DarianZIM,8,0,0,0,0,   darianzim  please ban flash bangs  playcodmobile  eslcodm  the entire world would rejoice  ,Negative
180,1553948750464356352,"RT @Ya_Pal_Pebbles: Bring this back when? 

@PlayCODMobile https://t.co/urNUT1ZbZe",Ya_Pal_Pebbles,7,0,0,0,0,   ya pal pebbles  bring this back when   playcodmobile  s t co urnut1zbze,Neutral
181,1639076184679133184,"RT @artimaaaeus: really quick 141 baby bois, but they’re filo hs students LMAO
—-
#CallofDuty #MWII #MW2 https://t.co/lDYtdF8k5W",artimaaaeus,46,0,0,0,0,   a imaaaeus  really quick 141 baby bois  but they re filo hs students lmao callofduty  mwii  mw2  s t co ldytdf8k5w,Negative
182,1357931320115044354,"Bring this back when? 

@PlayCODMobile https://t.co/urNUT1ZbZe",PlayCODMobile,7,16,87,0,3,bring this back when   playcodmobile  s t co urnut1zbze,Neutral
183,1537447415552167941,"Looks like Season 4 Reloaded is all FIXES, and Dumb content made for a kids shooter. I counted roughly 60 FIXES in patch notes. NONE footstep audio. There is nothing in this game that makes me want to play anymore. Yall have fun with it. @CallofDuty #CallofDuty #Cod #MW2",CallofDuty,0,0,1,0,0,looks like season 4 reloaded is all fixes  and dumb content made for a kids shooter  i counted roughly 60 fixes in patch notes  none footstep audio  there is nothing in this game that makes me want to play anymore  yall have fun with it   callofduty  callofduty  cod  mw2,Negative
184,1668899806432079873,"RT @lazaruskiller: decided to switch up the dynamic for once 🤭

🌿

#ghost #könig #simonriley #simonghostriley #konig #Koenigmw2 #ghostmw2 #…",lazaruskiller,108,0,0,0,0,   lazaruskiller  decided to switch up the dynamic for once  ghost  k nig  simonriley  simonghostriley  konig  koenigmw2  ghostmw2  ,Negative
185,1659481702555631617,"This has to be the biggest change in the update. 

Being able to revive enemies is huge, it will lead to more players on the map at the end of games, more potential for friendly interactions, could be really good. 

#dmz #warzone2 #callofduty https://t.co/6PN1DnV6Uq",**this tweet had been deleted or hidden**,0,1,0,0,0,this has to be the biggest change in the update   being able to revive enemies is huge  it will lead to more players on the map at the end of games  more potential for friendly interactions  could be really good   dmz  warzone2  callofduty  s t co 6pn1dnv6uq,Positive
186,1639553293528514561,RT @CallofDuty: It's time to fight like a hero. Season 04 Reloaded drops July 12 in Call of Duty #Warzone and #MWII 👉 https://t.co/CMgkvPpR…,CallofDuty,1219,0,0,0,0,   callofduty  it s time to fight like a hero  season 04 reloaded drops july 12 in call of duty  warzone and  mwii    s t co cmgkvppr ,Neutral
187,1221378777575374851,"RT @yumecore: Lt. // focus
#CallofDuty #MWII #SimonGhostRiley https://t.co/C97Os6Os8L",yumecore,102,0,0,0,0,   yumecore  lt    focus callofduty  mwii  simonghostriley  s t co c97os6os8l,Neutral
188,1569441205179633667,La stream è LIVE! Games con i followers https://t.co/DN83TNWzRq #callofduty #warzone2 #callofdutywarzone2 #gameplay #battleroyale #twitch #twitchstreamer #twitchclips #highlights #highlight #xbox #XboxSeriesX,**this tweet had been deleted or hidden**,0,0,1,0,0,la stream   live  games con i followers  s t co dn83tnwzrq  callofduty  warzone2  callofdutywarzone2  gameplay  battleroyale  twitch  twitchstreamer  twitchclips  highlights  highlight  xbox  xboxseriesx,Neutral
189,1172651214737149952,"[ INFO |  23.07.11 ]
• The Boys llega a Call of Duty esta semana  •

Artículo completo:

🧷 https://t.co/AXJt7246xX
#getnplayzone #videogames #games #PlayStation #Xbox #Nintendo #PC #TheBoys #CallOfDuty #Amazon #ModernWarfareII #Warzone2 https://t.co/3xaDPugmLg",**this tweet had been deleted or hidden**,0,0,0,0,0,  info    23 07 11   the boys llega a call of duty esta semana   a  culo completo   s t co axjt7246xx getnplayzone  videogames  games  playstation  xbox  nintendo  pc  theboys  callofduty  amazon  modernwarfareii  warzone2  s t co 3xadpugmlg,Neutral
190,1678869029929271299,RT @CallofDuty: It's time to fight like a hero. Season 04 Reloaded drops July 12 in Call of Duty #Warzone and #MWII 👉 https://t.co/CMgkvPpR…,CallofDuty,1219,0,0,0,0,   callofduty  it s time to fight like a hero  season 04 reloaded drops july 12 in call of duty  warzone and  mwii    s t co cmgkvppr ,Neutral
191,1659481702555631617,"Really? Are superpowers what DMZ needs?!

Hopefully just a daft gimmick. 

#dmz #warzone2 #callofduty https://t.co/SqnQwYHYEs",**this tweet had been deleted or hidden**,0,0,0,0,0,really  are superpowers what dmz needs hopefully just a daft gimmick   dmz  warzone2  callofduty  s t co sqnqwyhyes,Neutral
192,1659481702555631617,"Finally. Something to weaken the 6 man hunt squads. 

Only a deterrent, rather than eliminating the issue, but may encourage teams to go after them. 

Interesting to see how accurate the intel on their position will be 

#dmz #warzone2 #callofduty https://t.co/dEbmOlP2pI",**this tweet had been deleted or hidden**,0,0,0,0,0,finally  something to weaken the 6 man hunt squads   only a deterrent  rather than eliminating the issue  but may encourage teams to go after them   interesting to see how accurate the intel on their position will be  dmz  warzone2  callofduty  s t co debmolp2pi,Neutral
193,947512052293218309,"RT @CallofDuty: Gather your best Operators for some waterfront action 💦

Read more below about the 6v6 #MWII map Vondel Waterfront, the new…",CallofDuty,52,0,0,0,0,   callofduty  gather your best operators for some waterfront action  read more below about the 6v6  mwii map vondel waterfront  the new ,Positive
194,1666715522128580609,"RT @BettyBRenders: When you want to post and see #König D 1 C K but twitter says… noooooo! 🖕🏻

#Koenig #KönigMW2 #MW2 #WMII #CallofDutyMode…",BettyBRenders,317,0,0,0,0,   bettybrenders  when you want to post and see  k nig d 1 c k but twitter says  noooooo   koenig  k nigmw2  mw2  wmii  callofdutymode ,Negative
195,1095161955021537280,"Why they couldnt just tweak the design like swapping camos or changing the kit instead of throwing them away is just one of many bizarre takes Infinity Ward has taken with #MW2 

But tbh SAS milsims not coming into the game is fine to me since they dont look very unique like 2019 https://t.co/OuvVRwZMuf",**this tweet had been deleted or hidden**,0,1,31,0,0,why they couldnt just tweak the design like swapping camos or changing the kit instead of throwing them away is just one of many bizarre takes infinity ward has taken with  mw2  but tbh sas milsims not coming into the game is fine to me since they dont look very unique like 2019  s t co ouvvrwzmuf,Negative
196,1566960419125825539,RT @xinput_: Who's ready for Call of Duty Warzone 2 Season 4 Reloaded? Dropping today! #MWII #microsoft #Activision https://t.co/mhNIqyskzv,xinput_,1,0,0,0,0,   xinput  who s ready for call of duty warzone 2 season 4 reloaded  dropping today   mwii  microsoft  activision  s t co mhniqyskzv,Neutral
197,1666715522128580609,"RT @BettyBRenders: 👑 Such a mess, Babyboy. 😌

#König #Koenig #KönigMW2 #MW2 #MWII #CallofDutyModernWarfare2 #CallofDuty https://t.co/aO4AhU…",BettyBRenders,452,0,0,0,0,   bettybrenders    such a mess  babyboy   k nig  koenig  k nigmw2  mw2  mwii  callofdutymodernwarfare2  callofduty  s t co ao4ahu ,Negative
198,1486234372969799680,"RT @AmikoRoyAi: Portable heater

#ghostsoap #soapghost #MWII #callofduty https://t.co/N5zMoHWTaF",AmikoRoyAi,942,0,0,0,0,   amikoroyai  po able heater ghostsoap  soapghost  mwii  callofduty  s t co n5zmohwtaf,Negative
199,1493370268294680577,"RT @alexgscod: Chilling bfs at the pool! 💀🧼☀️🌊
(nsfw variants on patreon)

#GhostSoap #SoapGhost #CallOfDuty #MWII #SimonGhostRiley #soapma…",alexgscod,169,0,0,0,0,   alexgscod  chilling bfs at the pool   nsfw variants on patreon ghostsoap  soapghost  callofduty  mwii  simonghostriley  soapma ,Negative
200,1481561281572196355,"RT @AmikoRoyAi: Portable heater

#ghostsoap #soapghost #MWII #callofduty https://t.co/N5zMoHWTaF",AmikoRoyAi,942,0,0,0,0,   amikoroyai  po able heater ghostsoap  soapghost  mwii  callofduty  s t co n5zmohwtaf,Negative
201,1609578041738465280,"RT @AmikoRoyAi: Portable heater

#ghostsoap #soapghost #MWII #callofduty https://t.co/N5zMoHWTaF",AmikoRoyAi,942,0,0,0,0,   amikoroyai  po able heater ghostsoap  soapghost  mwii  callofduty  s t co n5zmohwtaf,Negative
202,1442437273216188418,"RT @CallofDuty: Take the fight to the canals and more 🏊‍♂️

Vondel Waterfront 24/7, Kill Streak Confirmed, and Deathmatch Domination plus m…",CallofDuty,54,0,0,0,0,   callofduty  take the fight to the canals and more  vondel waterfront 24 7  kill streak confirmed  and deathmatch domination plus m ,Neutral
203,1347287454928277506,"RT @artimaaaeus: touch
---
#CallofDuty #MWII #MW2 #GhostSoap https://t.co/Ini1wUlSax",artimaaaeus,411,0,0,0,0,   a imaaaeus  touch callofduty  mwii  mw2  ghostsoap  s t co ini1wulsax,Neutral
204,1481561281572196355,"RT @artimaaaeus: touch
---
#CallofDuty #MWII #MW2 #GhostSoap https://t.co/Ini1wUlSax",artimaaaeus,411,0,0,0,0,   a imaaaeus  touch callofduty  mwii  mw2  ghostsoap  s t co ini1wulsax,Neutral
205,1354366740382294016,"RT @AmikoRoyAi: Portable heater

#ghostsoap #soapghost #MWII #callofduty https://t.co/N5zMoHWTaF",AmikoRoyAi,942,0,0,0,0,   amikoroyai  po able heater ghostsoap  soapghost  mwii  callofduty  s t co n5zmohwtaf,Negative
206,1251206171618312193,Oi @CallofDuty  your game eats ass bro fix it. #warzone2 #theboys,CallofDuty,0,0,0,0,0,oi  callofduty  your game eats ass bro fix it   warzone2  theboys,Negative
207,3234184750,"RT @AmikoRoyAi: Portable heater

#ghostsoap #soapghost #MWII #callofduty https://t.co/N5zMoHWTaF",AmikoRoyAi,942,0,0,0,0,   amikoroyai  po able heater ghostsoap  soapghost  mwii  callofduty  s t co n5zmohwtaf,Negative
208,3234184750,"RT @artimaaaeus: touch
---
#CallofDuty #MWII #MW2 #GhostSoap https://t.co/Ini1wUlSax",artimaaaeus,411,0,0,0,0,   a imaaaeus  touch callofduty  mwii  mw2  ghostsoap  s t co ini1wulsax,Neutral
209,949932943102722048,"RT @loneghostwolf88: We know he's proud of his pecs 🤭❤️‍🔥
#CallofDutyModernWarfare2 #CodGhost #CodSoap #CallofDuty #3DRender #Rendering #MW…",loneghostwolf88,151,0,0,0,0,   loneghostwolf88  we know he s proud of his pecs  callofdutymodernwarfare2  codghost  codsoap  callofduty  3drender  rendering  mw ,Irrelevant
210,949932943102722048,"RT @loneghostwolf88: ""You got him, Lt."" 
#CallofDutyModernWarfare2 #CodGhost #CodSoap #CallofDuty #3DRender #Rendering #MWII https://t.co/g…",loneghostwolf88,109,0,0,0,0,   loneghostwolf88   you got him  lt   callofdutymodernwarfare2  codghost  codsoap  callofduty  3drender  rendering  mwii  s t co g ,Neutral
211,1435474008066121730,Modo camperos🤣 #Warzone #Warzone2 #CallofDuty #CallofDutyModernWarfare2 #CallofDutyModernWarfareII #CallofDutyBlackOpsColdWar https://t.co/dvaoGumfDr,**this tweet had been deleted or hidden**,0,0,2,0,0,modo camperos   warzone  warzone2  callofduty  callofdutymodernwarfare2  callofdutymodernwarfareii  callofdutyblackopscoldwar  s t co dvaogumfdr,Negative
212,949932943102722048,"RT @loneghostwolf88: Soap for the beach boy series 🧼☀️🏝️
#CallofDutyModernWarfare2 #CodGhost #CodSoap #CallofDuty #3DRender #Rendering #MWI…",loneghostwolf88,231,0,0,0,0,   loneghostwolf88  soap for the beach boy series  callofdutymodernwarfare2  codghost  codsoap  callofduty  3drender  rendering  mwi ,Negative
213,19757511,"RT @artimaaaeus: touch
---
#CallofDuty #MWII #MW2 #GhostSoap https://t.co/Ini1wUlSax",artimaaaeus,411,0,0,0,0,   a imaaaeus  touch callofduty  mwii  mw2  ghostsoap  s t co ini1wulsax,Neutral
214,1534305937627959296,"RT @AmikoRoyAi: Portable heater

#ghostsoap #soapghost #MWII #callofduty https://t.co/N5zMoHWTaF",AmikoRoyAi,942,0,0,0,0,   amikoroyai  po able heater ghostsoap  soapghost  mwii  callofduty  s t co n5zmohwtaf,Negative
215,2677513093,DMZ Death By Propeller #Warzone2 #callofduty #fyp #cod #funny #rebirthisland #warzone #warzoneclips #warzonefunnyclips #codwarzone #modernwarfare #gaming #streamer #twitch #joke #comedy #viral #caldera #battleroyale #fps #blackcreatives #blackcreator https://t.co/fpRKVJmrnh https://t.co/VDEuLm1Lnk,**this tweet had been deleted or hidden**,0,0,0,0,0,dmz death by propeller  warzone2  callofduty  fyp  cod  funny  rebi hisland  warzone  warzoneclips  warzonefunnyclips  codwarzone  modernwarfare  gaming  streamer  twitch  joke  comedy  viral  caldera  battleroyale  fps  blackcreatives  blackcreator  s t co fprkvjmrnh  s t co vdeulm1lnk,Neutral
216,1069761984768303105,"RT @michelekoi: Poor Ghost

#Ghost #SimonGhostRiley #SimonRiley #cod #mw2 #mwii #fanart #cat #kitty #kitten #CallofDuty #ModernWarfare2 #Mo…",michelekoi,16,0,0,0,0,   michelekoi  poor ghost ghost  simonghostriley  simonriley  cod  mw2  mwii  fana   cat  kitty  kitten  callofduty  modernwarfare2  mo ,Neutral
217,3223960740,"RT @AmikoRoyAi: Portable heater

#ghostsoap #soapghost #MWII #callofduty https://t.co/N5zMoHWTaF",AmikoRoyAi,942,0,0,0,0,   amikoroyai  po able heater ghostsoap  soapghost  mwii  callofduty  s t co n5zmohwtaf,Negative
218,1375061548436164616,@ArMeLiToOo @PlayCODMobile Ooh okay,ArMeLiToOo,0,0,0,0,0, armelitooo  playcodmobile ooh okay,Negative
219,617771243,"RT @michelekoi: Poor Ghost

#Ghost #SimonGhostRiley #SimonRiley #cod #mw2 #mwii #fanart #cat #kitty #kitten #CallofDuty #ModernWarfare2 #Mo…",michelekoi,16,0,0,0,0,   michelekoi  poor ghost ghost  simonghostriley  simonriley  cod  mw2  mwii  fana   cat  kitty  kitten  callofduty  modernwarfare2  mo ,Neutral
220,949932943102722048,"RT @loneghostwolf88: Detective Mactavish 
#MWII  #CodSoap #CallofDuty #3DRender https://t.co/QYUOhkFzgm",loneghostwolf88,236,0,0,0,0,   loneghostwolf88  detective mactavish  mwii   codsoap  callofduty  3drender  s t co qyuohkfzgm,Neutral
221,1349712630471032832,"RT @AmikoRoyAi: Portable heater

#ghostsoap #soapghost #MWII #callofduty https://t.co/N5zMoHWTaF",AmikoRoyAi,942,0,0,0,0,   amikoroyai  po able heater ghostsoap  soapghost  mwii  callofduty  s t co n5zmohwtaf,Negative
222,2545417406,LIVE NOW Heling in #DMZ Season 4 with Missions and Taking Out Platoon Squads #mw2 #modernwarfare2 https://t.co/7YejkrjOOX https://t.co/DYrWSDqtLS,**this tweet had been deleted or hidden**,0,0,0,0,0,live now heling in  dmz season 4 with missions and taking out platoon squads  mw2  modernwarfare2  s t co 7yejkrjoox  s t co dyrwsdqtls,Neutral
223,949932943102722048,"RT @loneghostwolf88: Alexa play Lady Gaga's - Alejandro 

Finally got my hands on Alejandro's model. Here a quick test render.

#alejandrov…",loneghostwolf88,74,0,0,0,0,   loneghostwolf88  alexa play lady gaga s   alejandro  finally got my hands on alejandro s model  here a quick test render alejandrov ,Positive
224,1320098179669315584,"RT @AmikoRoyAi: Portable heater

#ghostsoap #soapghost #MWII #callofduty https://t.co/N5zMoHWTaF",AmikoRoyAi,942,0,0,0,0,   amikoroyai  po able heater ghostsoap  soapghost  mwii  callofduty  s t co n5zmohwtaf,Negative
225,949932943102722048,"RT @loneghostwolf88: 6th entry of the beach boy series - Alex Keller ☀️📷 🏝️
#CallofDutyModernWarfare2 #CodAlexKeller #alexkeller #CallofDut…",loneghostwolf88,103,0,0,0,0,   loneghostwolf88  6th entry of the beach boy series   alex keller    callofdutymodernwarfare2  codalexkeller  alexkeller  callofdut ,Neutral
226,1509077111453401093,"RT @xbruised_peachx: inspired by littlezeng on tumblr
#Konig #König #Konigmw2 #CallofDuty #MWII https://t.co/6vEYh0qmq1",xbruised_peachx,261,0,0,0,0,   xbruised peachx  inspired by littlezeng on tumblr konig  k nig  konigmw2  callofduty  mwii  s t co 6veyh0qmq1,Neutral
227,1296339046503870464,"RT @AmikoRoyAi: Portable heater

#ghostsoap #soapghost #MWII #callofduty https://t.co/N5zMoHWTaF",AmikoRoyAi,942,0,0,0,0,   amikoroyai  po able heater ghostsoap  soapghost  mwii  callofduty  s t co n5zmohwtaf,Negative
228,949932943102722048,"RT @loneghostwolf88: 7th entry of the beach boy series - Alejandro Vargas ☀️📷  🏝️
#alejandrovargas #CoDAlejandro #CallofDuty #3DRender #MWI…",loneghostwolf88,246,0,0,0,0,   loneghostwolf88  7th entry of the beach boy series   alejandro vargas     alejandrovargas  codalejandro  callofduty  3drender  mwi ,Neutral
229,1283172381079502848,"Well... 

That was easy 😂🤣 New Jak-12?

#CallofDutyModernWarfare2 #CallofDutyWarzone #Warzone2 #Warzone #Warzoneclips #WarzoneSeason3 #CallofDutyModernWarfare #callofduty #ActivisionBlizzard #ModernWarfare2 #cod #MW2 https://t.co/ZVSu4j8Yhs",**this tweet had been deleted or hidden**,0,0,1,0,0,well   that was easy   new jak 12 callofdutymodernwarfare2  callofdutywarzone  warzone2  warzone  warzoneclips  warzoneseason3  callofdutymodernwarfare  callofduty  activisionblizzard  modernwarfare2  cod  mw2  s t co zvsu4j8yhs,Positive
230,375370036,"RT @artimaaaeus: touch
---
#CallofDuty #MWII #MW2 #GhostSoap https://t.co/Ini1wUlSax",artimaaaeus,411,0,0,0,0,   a imaaaeus  touch callofduty  mwii  mw2  ghostsoap  s t co ini1wulsax,Neutral
231,949932943102722048,"RT @loneghostwolf88: What happens in a locker room, stays in a locker room 
#MWII #CodSoap #CallofDuty #3DRender https://t.co/x9vbK97gRm",loneghostwolf88,373,0,0,0,0,   loneghostwolf88  what happens in a locker room  stays in a locker room  mwii  codsoap  callofduty  3drender  s t co x9vbk97grm,Neutral
232,963555544819789826,"RT @AmikoRoyAi: Portable heater

#ghostsoap #soapghost #MWII #callofduty https://t.co/N5zMoHWTaF",AmikoRoyAi,942,0,0,0,0,   amikoroyai  po able heater ghostsoap  soapghost  mwii  callofduty  s t co n5zmohwtaf,Negative
233,1334723112722632704,"I´m so f***ing done with #Warzone2 🤬🤬
This Update is just **** 🤬
@Activision thanks for taking my fun! 🤬

Will do Just Chatting, Reactions and Slots in the Future till I find something different and my PC Build will be ready",Activision,1,0,3,0,0,i m so f ing done with  warzone2  this update is just    activision thanks for taking my fun   will do just chatting  reactions and slots in the future till i find something different and my pc build will be ready,Positive
234,1190416758492008449,"RT @WarzoneTFN: Starlight, Homelander, and Black Noir are now available in MWII x Warzone! 

 https://t.co/x4ytSYrmS4",WarzoneTFN,44,0,0,0,0,   warzonetfn  starlight  homelander  and black noir are now available in mwii x warzone     s t co x4ytsyrms4,Neutral
235,1253135831776129025,"目からビーム出したらフレンド申請来るよ！

#MW2
#DMZ
#リローデッドとは。",**this tweet had been deleted or hidden**,0,0,0,0,0, mw2 dmz ,Positive
236,1262068804953288709,"I finally got &amp; unlocked the new MX Guardian shotgun in #MWII. Why? on last DMZ match, I stole it from an enemy player and stowed it in my backpack. 

Now, i don't have to worry about getting it free in the battle pass now. https://t.co/uyj4HnpfZq",**this tweet had been deleted or hidden**,1,0,2,0,0,i finally got  amp  unlocked the new mx guardian shotgun in  mwii  why  on last dmz match  i stole it from an enemy player and stowed it in my backpack   now  i don t have to worry about getting it free in the battle pass now   s t co uyj4hnpfzq,Irrelevant
237,1467771145017389056,"RT @loneghostwolf88: Just me appreciating his new model I'm using for my renders
#CoDMW2 #simonghostriley #CoDGhost #CallofDuty #3DRender…",loneghostwolf88,135,0,0,0,0,   loneghostwolf88  just me appreciating his new model i m using for my renders codmw2  simonghostriley  codghost  callofduty  3drender ,Positive
238,1467771145017389056,"RT @loneghostwolf88: 💀💞
#simonghostriley #CoDGhost #CallofDuty #3DRender  #MWII https://t.co/QsZDciE6lE",loneghostwolf88,113,0,0,0,0,   loneghostwolf88   simonghostriley  codghost  callofduty  3drender   mwii  s t co qszdcie6le,Neutral
239,1467771145017389056,RT @661ave: #Ghost #SimonGhostRiley #CallOfDuty #MWII #MW2 https://t.co/9FXEq9ZwyS,661ave,427,0,0,0,0,   661ave   ghost  simonghostriley  callofduty  mwii  mw2  s t co 9fxeq9zwys,Neutral
240,941937364464578560,RT @lilindermile: Oh god he’s grooving #simonghostriley #mw2 #callofduty #ghostsoap https://t.co/1JxMCvCSow,lilindermile,813,0,0,0,0,   lilindermile  oh god he s grooving  simonghostriley  mw2  callofduty  ghostsoap  s t co 1jxmcvcsow,Irrelevant
241,933263122286051328,"RT @AmikoRoyAi: Portable heater

#ghostsoap #soapghost #MWII #callofduty https://t.co/N5zMoHWTaF",AmikoRoyAi,942,0,0,0,0,   amikoroyai  po able heater ghostsoap  soapghost  mwii  callofduty  s t co n5zmohwtaf,Negative
242,1420475374853525504,"RT @aphasia4fog: Idk, did he really use a T-shirt as a mask?
#König
#MWII 
#CallofDuty https://t.co/4Yv9JGtNal",aphasia4fog,225,0,0,0,0,   aphasia4fog  idk  did he really use a t shi  as a mask k nig mwii  callofduty  s t co 4yv9jgtnal,Neutral
243,1614891986925887490,@charlieINTEL MW2's abysmal live service single handedly made me not give a shit about who gets to own Activision,charlieINTEL,0,0,0,0,0, charlieintel mw2 s abysmal live service single handedly made me not give a shit about who gets to own activision,Negative
244,777685447812218880,"RT @artimaaaeus: touch
---
#CallofDuty #MWII #MW2 #GhostSoap https://t.co/Ini1wUlSax",artimaaaeus,411,0,0,0,0,   a imaaaeus  touch callofduty  mwii  mw2  ghostsoap  s t co ini1wulsax,Neutral
245,1030212060255277056,"RT @AmikoRoyAi: I love the hc that Ghost is always cold and Soap is a living furnace 🥺

#soapghost #ghostsoap #MWII #callofduty https://t.c…",AmikoRoyAi,1393,0,0,0,0,   amikoroyai  i love the hc that ghost is always cold and soap is a living furnace  soapghost  ghostsoap  mwii  callofduty  s t c ,Positive
246,1437592012308553730,"RT @_GamingTherapy: Temp V Powers go Hard!! 🔥🔥

#CallofDuty #Warzone #Warzone2 #CODTopPlays https://t.co/2WpcMuwbnN",_GamingTherapy,184,0,0,0,0,   gamingtherapy  temp v powers go hard   callofduty  warzone  warzone2  codtopplays  s t co 2wpcmuwbnn,Neutral
247,1268666002969149440,"RT @_GamingTherapy: Temp V Powers go Hard!! 🔥🔥

#CallofDuty #Warzone #Warzone2 #CODTopPlays https://t.co/2WpcMuwbnN",_GamingTherapy,184,0,0,0,0,   gamingtherapy  temp v powers go hard   callofduty  warzone  warzone2  codtopplays  s t co 2wpcmuwbnn,Neutral
248,1030212060255277056,"RT @AmikoRoyAi: Portable heater

#ghostsoap #soapghost #MWII #callofduty https://t.co/N5zMoHWTaF",AmikoRoyAi,942,0,0,0,0,   amikoroyai  po able heater ghostsoap  soapghost  mwii  callofduty  s t co n5zmohwtaf,Negative
249,1380141943980756998,"RT @michelekoi: Poor Ghost

#Ghost #SimonGhostRiley #SimonRiley #cod #mw2 #mwii #fanart #cat #kitty #kitten #CallofDuty #ModernWarfare2 #Mo…",michelekoi,16,0,0,0,0,   michelekoi  poor ghost ghost  simonghostriley  simonriley  cod  mw2  mwii  fana   cat  kitty  kitten  callofduty  modernwarfare2  mo ,Neutral
250,728630953,"RT @_GamingTherapy: Temp V Powers go Hard!! 🔥🔥

#CallofDuty #Warzone #Warzone2 #CODTopPlays https://t.co/2WpcMuwbnN",_GamingTherapy,184,0,0,0,0,   gamingtherapy  temp v powers go hard   callofduty  warzone  warzone2  codtopplays  s t co 2wpcmuwbnn,Neutral
251,1488235334798303238,"RT @xbruised_peachx: inspired by littlezeng on tumblr
#Konig #König #Konigmw2 #CallofDuty #MWII https://t.co/6vEYh0qmq1",xbruised_peachx,261,0,0,0,0,   xbruised peachx  inspired by littlezeng on tumblr konig  k nig  konigmw2  callofduty  mwii  s t co 6veyh0qmq1,Neutral
252,1587208279058522112,"RT @michelekoi: Poor Ghost

#Ghost #SimonGhostRiley #SimonRiley #cod #mw2 #mwii #fanart #cat #kitty #kitten #CallofDuty #ModernWarfare2 #Mo…",michelekoi,16,0,0,0,0,   michelekoi  poor ghost ghost  simonghostriley  simonriley  cod  mw2  mwii  fana   cat  kitty  kitten  callofduty  modernwarfare2  mo ,Neutral
253,913442078088155142,"RT @AmikoRoyAi: Portable heater

#ghostsoap #soapghost #MWII #callofduty https://t.co/N5zMoHWTaF",AmikoRoyAi,942,0,0,0,0,   amikoroyai  po able heater ghostsoap  soapghost  mwii  callofduty  s t co n5zmohwtaf,Negative
254,941937364464578560,"RT @xbruised_peachx: inspired by littlezeng on tumblr
#Konig #König #Konigmw2 #CallofDuty #MWII https://t.co/6vEYh0qmq1",xbruised_peachx,261,0,0,0,0,   xbruised peachx  inspired by littlezeng on tumblr konig  k nig  konigmw2  callofduty  mwii  s t co 6veyh0qmq1,Neutral
255,732749402419417088,"RT @michelekoi: Poor Ghost

#Ghost #SimonGhostRiley #SimonRiley #cod #mw2 #mwii #fanart #cat #kitty #kitten #CallofDuty #ModernWarfare2 #Mo…",michelekoi,16,0,0,0,0,   michelekoi  poor ghost ghost  simonghostriley  simonriley  cod  mw2  mwii  fana   cat  kitty  kitten  callofduty  modernwarfare2  mo ,Neutral
256,1091831330567008262,RT @bigbubbajake: THERE IS NO WAY I DID THIS 😤 #mwii #mw2 #modernwarfare2 #callofduty https://t.co/rq4dNEtA3n,bigbubbajake,2,0,0,0,0,   bigbubbajake  there is no way i did this    mwii  mw2  modernwarfare2  callofduty  s t co rq4dneta3n,Neutral
257,714339759749922816,"RT @artimaaaeus: touch
---
#CallofDuty #MWII #MW2 #GhostSoap https://t.co/Ini1wUlSax",artimaaaeus,411,0,0,0,0,   a imaaaeus  touch callofduty  mwii  mw2  ghostsoap  s t co ini1wulsax,Neutral
258,1408062545945006083,"RT @AmikoRoyAi: Portable heater

#ghostsoap #soapghost #MWII #callofduty https://t.co/N5zMoHWTaF",AmikoRoyAi,942,0,0,0,0,   amikoroyai  po able heater ghostsoap  soapghost  mwii  callofduty  s t co n5zmohwtaf,Negative
259,1130967297533906944,"RT @naruysae: Ghost 💀🔪  — Commission for Lu
#simonghostriley #mw2 #callofduty https://t.co/imdnST8tkA",naruysae,244,0,0,0,0,   naruysae  ghost      commission for lu simonghostriley  mw2  callofduty  s t co imdnst8tka,Neutral
260,1071978665020395520,"RT @alexgscod: Chilling bfs at the pool! 💀🧼☀️🌊
(nsfw variants on patreon)

#GhostSoap #SoapGhost #CallOfDuty #MWII #SimonGhostRiley #soapma…",alexgscod,169,0,0,0,0,   alexgscod  chilling bfs at the pool   nsfw variants on patreon ghostsoap  soapghost  callofduty  mwii  simonghostriley  soapma ,Negative
261,1644148541571334152,RT @hazmat6135: i don't know if this will help but it might point the devs in the direction to figure out what they messed up @Activision #…,hazmat6135,42,0,0,0,0,   hazmat6135  i don t know if this will help but it might point the devs in the direction to figure out what they messed up  activision  ,Negative
262,1286047944236572673,"RT @PrimeVics: New STARLIGHT,Homelander,Black nior skin - $10 each✅📲

Half off retail!

#Warzone2 #unlockall #cod #CallofDuty https://t.co/…",PrimeVics,3,0,0,0,0,   primevics  new starlight homelander black nior skin    10 each half off retail warzone2  unlockall  cod  callofduty  s t co ,Neutral
263,1325139546846027782,"RT @alexgscod: 🧼 ""So ye DO believe in mi silly little dream of our happy ending after all, LT.""
💀 ""I do, Johnny.""
🥹🥹🥹🖤
#GhostSoap #SoapGhos…",alexgscod,432,0,0,0,0,   alexgscod     so ye do believe in mi silly little dream of our happy ending after all  lt   i do  johnny ghostsoap  soapghos ,Positive
264,2815454423,"RT @AmikoRoyAi: Portable heater

#ghostsoap #soapghost #MWII #callofduty https://t.co/N5zMoHWTaF",AmikoRoyAi,942,0,0,0,0,   amikoroyai  po able heater ghostsoap  soapghost  mwii  callofduty  s t co n5zmohwtaf,Negative
265,1597584191201619968,"RT @AmikoRoyAi: Portable heater

#ghostsoap #soapghost #MWII #callofduty https://t.co/N5zMoHWTaF",AmikoRoyAi,942,0,0,0,0,   amikoroyai  po able heater ghostsoap  soapghost  mwii  callofduty  s t co n5zmohwtaf,Negative
266,1597584191201619968,"RT @artimaaaeus: touch
---
#CallofDuty #MWII #MW2 #GhostSoap https://t.co/Ini1wUlSax",artimaaaeus,411,0,0,0,0,   a imaaaeus  touch callofduty  mwii  mw2  ghostsoap  s t co ini1wulsax,Neutral
267,617771243,"RT @AmikoRoyAi: Portable heater

#ghostsoap #soapghost #MWII #callofduty https://t.co/N5zMoHWTaF",AmikoRoyAi,942,0,0,0,0,   amikoroyai  po able heater ghostsoap  soapghost  mwii  callofduty  s t co n5zmohwtaf,Negative
268,1388649885432356867,"RT @artimaaaeus: touch
---
#CallofDuty #MWII #MW2 #GhostSoap https://t.co/Ini1wUlSax",artimaaaeus,411,0,0,0,0,   a imaaaeus  touch callofduty  mwii  mw2  ghostsoap  s t co ini1wulsax,Neutral
269,801713526905667584,wow @CallofDuty this new update for the super powers is absolute shit! Another shit update by a multi billion dollar company smh #CallofDuty #CallofDutyModernWarfare2 #Warzone2,CallofDuty,1,0,4,0,0,wow  callofduty this new update for the super powers is absolute shit  another shit update by a multi billion dollar company smh  callofduty  callofdutymodernwarfare2  warzone2,Negative
270,1630033745293062144,"RT @AmikoRoyAi: Portable heater

#ghostsoap #soapghost #MWII #callofduty https://t.co/N5zMoHWTaF",AmikoRoyAi,942,0,0,0,0,   amikoroyai  po able heater ghostsoap  soapghost  mwii  callofduty  s t co n5zmohwtaf,Negative
271,784581129974284290,"RT @AmikoRoyAi: Portable heater

#ghostsoap #soapghost #MWII #callofduty https://t.co/N5zMoHWTaF",AmikoRoyAi,942,0,0,0,0,   amikoroyai  po able heater ghostsoap  soapghost  mwii  callofduty  s t co n5zmohwtaf,Negative
272,1464201120264372225,"RT @artimaaaeus: touch
---
#CallofDuty #MWII #MW2 #GhostSoap https://t.co/Ini1wUlSax",artimaaaeus,411,0,0,0,0,   a imaaaeus  touch callofduty  mwii  mw2  ghostsoap  s t co ini1wulsax,Neutral
273,1464201120264372225,"RT @AmikoRoyAi: Portable heater

#ghostsoap #soapghost #MWII #callofduty https://t.co/N5zMoHWTaF",AmikoRoyAi,942,0,0,0,0,   amikoroyai  po able heater ghostsoap  soapghost  mwii  callofduty  s t co n5zmohwtaf,Negative
274,1074786938077368320,@CallofDuty why is this MW2 update so laggy and glitchy? Hasn’t ever been like this.,CallofDuty,0,0,2,0,0, callofduty why is this mw2 update so laggy and glitchy  hasn t ever been like this ,Negative
275,1249155540376334338,"RT @artimaaaeus: touch
---
#CallofDuty #MWII #MW2 #GhostSoap https://t.co/Ini1wUlSax",artimaaaeus,411,0,0,0,0,   a imaaaeus  touch callofduty  mwii  mw2  ghostsoap  s t co ini1wulsax,Neutral
276,2570153485,"RT @AmikoRoyAi: Portable heater

#ghostsoap #soapghost #MWII #callofduty https://t.co/N5zMoHWTaF",AmikoRoyAi,942,0,0,0,0,   amikoroyai  po able heater ghostsoap  soapghost  mwii  callofduty  s t co n5zmohwtaf,Negative
277,19757511,"RT @AmikoRoyAi: Portable heater

#ghostsoap #soapghost #MWII #callofduty https://t.co/N5zMoHWTaF",AmikoRoyAi,942,0,0,0,0,   amikoroyai  po able heater ghostsoap  soapghost  mwii  callofduty  s t co n5zmohwtaf,Negative
278,1341956984946483200,"RT @zNova902: Soooo the new @CallofDuty update is fuckin chalkeddd … can’t find any ground loot guns, ammo or money lmao @RavenSoftware 

#…",zNova902,1,0,0,0,0,   znova902  soooo the new  callofduty update is fuckin chalkeddd   can t find any ground loot guns  ammo or money lmao  ravensoftware  ,Negative
279,1238707299163619328,"RT @artimaaaeus: touch
---
#CallofDuty #MWII #MW2 #GhostSoap https://t.co/Ini1wUlSax",artimaaaeus,411,0,0,0,0,   a imaaaeus  touch callofduty  mwii  mw2  ghostsoap  s t co ini1wulsax,Neutral
280,841707250691514370,"RT @AmikoRoyAi: Portable heater

#ghostsoap #soapghost #MWII #callofduty https://t.co/N5zMoHWTaF",AmikoRoyAi,942,0,0,0,0,   amikoroyai  po able heater ghostsoap  soapghost  mwii  callofduty  s t co n5zmohwtaf,Negative
281,1238707299163619328,"RT @AmikoRoyAi: Portable heater

#ghostsoap #soapghost #MWII #callofduty https://t.co/N5zMoHWTaF",AmikoRoyAi,942,0,0,0,0,   amikoroyai  po able heater ghostsoap  soapghost  mwii  callofduty  s t co n5zmohwtaf,Negative
282,732749402419417088,"RT @AmikoRoyAi: Portable heater

#ghostsoap #soapghost #MWII #callofduty https://t.co/N5zMoHWTaF",AmikoRoyAi,942,0,0,0,0,   amikoroyai  po able heater ghostsoap  soapghost  mwii  callofduty  s t co n5zmohwtaf,Negative
283,1500115428638666752,"RT @AmikoRoyAi: Portable heater

#ghostsoap #soapghost #MWII #callofduty https://t.co/N5zMoHWTaF",AmikoRoyAi,942,0,0,0,0,   amikoroyai  po able heater ghostsoap  soapghost  mwii  callofduty  s t co n5zmohwtaf,Negative
284,1642708437917372416,"RT @artimaaaeus: touch
---
#CallofDuty #MWII #MW2 #GhostSoap https://t.co/Ini1wUlSax",artimaaaeus,411,0,0,0,0,   a imaaaeus  touch callofduty  mwii  mw2  ghostsoap  s t co ini1wulsax,Neutral
285,329162975,"I really like how you can put plates on the dummies in the firing range. Huge W. 

No Al Mazrah will piss some people off. 

Vondel BR is a W. 

#MW2 #CallofDuty #Warzone2",**this tweet had been deleted or hidden**,0,0,0,0,0,i really like how you can put plates on the dummies in the firing range  huge w   no al mazrah will piss some people off   vondel br is a w   mw2  callofduty  warzone2,Negative
286,1559634465865048064,"RT @LUTION_TOKEN: #LUTIONARMY our weekly #MW2 team death match will resume Tonight! 
#PSN N8KED_VIKING 
#ACTIVISION N8KED_VIKING #5053242…",LUTION_TOKEN,42,0,0,0,0,   lution token   lutionarmy our weekly  mw2 team death match will resume tonight   psn n8ked viking  activision n8ked viking  5053242 ,Neutral
287,1553712569478778881,"RT @loneghostwolf88: What happens in a locker room, stays in a locker room 
#MWII #CodSoap #CallofDuty #3DRender https://t.co/x9vbK97gRm",loneghostwolf88,373,0,0,0,0,   loneghostwolf88  what happens in a locker room  stays in a locker room  mwii  codsoap  callofduty  3drender  s t co x9vbk97grm,Neutral
288,3558766413,Call of Duty Mw2 Streamer Accused of Cheating After Insane Random Wall Bang In SND LOBBY! #cod #mw2 #warzone #gaming #CallofDuty #ModernWarfare2 https://t.co/Ifefvc8Asw,**this tweet had been deleted or hidden**,0,0,3,0,0,call of duty mw2 streamer accused of cheating after insane random wall bang in snd lobby   cod  mw2  warzone  gaming  callofduty  modernwarfare2  s t co ifefvc8asw,Neutral
289,781913539799818240,"RT @CallofDuty: Take the fight to the canals and more 🏊‍♂️

Vondel Waterfront 24/7, Kill Streak Confirmed, and Deathmatch Domination plus m…",CallofDuty,54,0,0,0,0,   callofduty  take the fight to the canals and more  vondel waterfront 24 7  kill streak confirmed  and deathmatch domination plus m ,Neutral
290,1070945960212291584,"RT @loneghostwolf88: What happens in a locker room, stays in a locker room 
#MWII #CodSoap #CallofDuty #3DRender https://t.co/x9vbK97gRm",loneghostwolf88,373,0,0,0,0,   loneghostwolf88  what happens in a locker room  stays in a locker room  mwii  codsoap  callofduty  3drender  s t co x9vbk97grm,Neutral
291,1568110598050975750,"RT @alexgscod: Chilling bfs at the pool! 💀🧼☀️🌊
(nsfw variants on patreon)

#GhostSoap #SoapGhost #CallOfDuty #MWII #SimonGhostRiley #soapma…",alexgscod,169,0,0,0,0,   alexgscod  chilling bfs at the pool   nsfw variants on patreon ghostsoap  soapghost  callofduty  mwii  simonghostriley  soapma ,Negative
292,1299782970056667136,"RT @loneghostwolf88: What happens in a locker room, stays in a locker room 
#MWII #CodSoap #CallofDuty #3DRender https://t.co/x9vbK97gRm",loneghostwolf88,373,0,0,0,0,   loneghostwolf88  what happens in a locker room  stays in a locker room  mwii  codsoap  callofduty  3drender  s t co x9vbk97grm,Neutral
293,913649558118215681,"RT @AmikoRoyAi: Portable heater

#ghostsoap #soapghost #MWII #callofduty https://t.co/N5zMoHWTaF",AmikoRoyAi,942,0,0,0,0,   amikoroyai  po able heater ghostsoap  soapghost  mwii  callofduty  s t co n5zmohwtaf,Negative
294,1568110598050975750,"RT @loneghostwolf88: What happens in a locker room, stays in a locker room 
#MWII #CodSoap #CallofDuty #3DRender https://t.co/x9vbK97gRm",loneghostwolf88,373,0,0,0,0,   loneghostwolf88  what happens in a locker room  stays in a locker room  mwii  codsoap  callofduty  3drender  s t co x9vbk97grm,Neutral
295,1610480427763916800,"RT @alexgscod: Thank you so much for 5k!!! 😊😭🙏
💀❤️🧼

#GhostSoap #SoapGhost #CallOfDuty #MWII https://t.co/3Wsq7SNXj5",alexgscod,875,0,0,0,0,   alexgscod  thank you so much for 5k   ghostsoap  soapghost  callofduty  mwii  s t co 3wsq7snxj5,Positive
296,1340694407205580801,"DMZアプデしたらめちゃくちゃカクつく😮‍💨
マルチは問題ないからアプデの問題？
#dmz #mw2",**this tweet had been deleted or hidden**,0,0,2,0,0,dmz dmz  mw2,Positive
297,1675536037236428801,"RT @artimaaaeus: just a valeria dood i painted the other night 🩸
---
#CallofDuty #MWII #MW2 #valeriagarza https://t.co/1sIwAqFdnb",artimaaaeus,58,0,0,0,0,   a imaaaeus  just a valeria dood i painted the other night  callofduty  mwii  mw2  valeriagarza  s t co 1siwaqfdnb,Positive
