username,avg_retweet,avg_like,total_retweet,total_like,follower,tweet_count,popularity_score,User details
MrTLexify,1324,0,82088,0,301050,15100,662,a streamer
AmikoRoyAi,908.8313609,0,307185,0,11529,33700,454.4156805,an artist
lilindermile,786.6231884,0,54277,0,6860,6681,393.3115942,an artist
Hopefulonion,539.3661972,0,38295,0,1809,31400,269.6830986,an artist
tb_png,529,0,24863,0,8182,1440,264.5,an artist
661ave,473.6369863,0,69151,0,12477,1555,236.8184932,an artist
CODLeague,419.825,0.1,16793,4,1361376,63500,209.9625,The official account of the Call of Duty League(CDL)
alexgscod,412.6834532,0,57363,0,7390,4154,206.3417266,a 3D artist
HellishDraws,343.9130435,0,15820,0,1505,225,171.9565218,an artist
artimaaaeus,340.2319588,0,66005,0,2140,3315,170.1159794,an artist
CallofDuty,317.0186916,0.542056075,67842,116,4665389,209700,158.7803738,the official CallofDuty Twitter account
BettyBRenders,272.3004695,0,58000,0,18586,2039,136.1502348,a 3D artist
CODmwfeed,235.2285714,0,8233,0,10547,1160,117.6142857,a fan Call of Duty:MWII information exchange website
lexiissgone,231.6216216,0,8570,0,674,258,115.8108108,an artist
loneghostwolf88,197.8141026,0,61718,0,14111,12500,98.9070513,a 3D artist
xbruised_peachx,177.3166667,0,10639,0,2946,1489,88.65833335,a 3D artist
yumecore,172.3536585,0,28266,0,886,57,86.17682925,an artist
PlayCODMobile,14.055,1.69,2811,338,527126,4372,7.8725,the offical account of Call of Duty: Mobile
Activision,13.43478261,0.934782609,618,43,2657837,3872,7.18478261,the publisher of CallofDuty:MWII (Company official account)
YouTube,0.109090909,0.509090909,6,28,78981930,55400,0.309090909,the official account of Youtube
